# rmse alpha/u,rmse phic/h,rmse h/r,spread alpha/u,spread phic/h,spread h/r
2.029324e-01,2.328321e-01,2.078461e-01,1.795250e-01,2.190449e-01,1.813643e-01
2.604591e-03,1.381961e-02,7.378447e-05,1.096393e-03,7.919101e-03,2.366270e-05
