# rmse alpha/u,rmse phic/h,rmse h/r,spread alpha/u,spread phic/h,spread h/r
2.029324e-01,2.328321e-01,2.078461e-01,1.795250e-01,2.190449e-01,1.813643e-01
9.408283e-04,5.983125e-03,6.990051e-05,8.355488e-04,6.475231e-03,2.386633e-05
