# rmse alpha/u,rmse phic/h,rmse h/r,spread alpha/u,spread phic/h,spread h/r
2.029324e-01,2.328321e-01,2.078461e-01,1.795250e-01,2.190449e-01,1.813643e-01
9.405492e-04,7.180615e-03,6.272601e-05,1.053466e-03,7.682154e-03,2.457256e-05
