# rmse alpha/u,rmse phic/h,rmse h/r,spread alpha/u,spread phic/h,spread h/r
1.589837e-01,3.127238e-01,4.072632e-01,1.354666e-01,2.169042e-01,1.474046e-01
4.569165e-03,3.422605e-02,3.962319e-05,3.257185e-03,2.681869e-02,4.347442e-05
