# rmse alpha/u,rmse phic/h,rmse h/r,spread alpha/u,spread phic/h,spread h/r
1.589837e-01,3.127238e-01,4.072632e-01,1.354666e-01,2.169042e-01,1.474046e-01
3.913883e-03,2.391051e-02,3.773398e-05,2.934670e-03,2.198339e-02,3.933494e-05
