# rmse alpha/u,rmse phic/h,rmse h/r,spread alpha/u,spread phic/h,spread h/r
1.589837e-01,3.127238e-01,4.072632e-01,1.354666e-01,2.169042e-01,1.474046e-01
3.990360e-03,2.593461e-02,3.828604e-05,3.386406e-03,2.563557e-02,3.840735e-05
