# rmse alpha/u,rmse phic/h,rmse h/r,spread alpha/u,spread phic/h,spread h/r
1.589837e-01,3.127238e-01,4.072632e-01,1.354666e-01,2.169042e-01,1.474046e-01
3.986618e-03,2.401636e-02,3.684087e-05,3.421826e-03,2.566696e-02,3.922400e-05
