# rmse alpha/u,rmse phic/h,rmse h/r,spread alpha/u,spread phic/h,spread h/r
7.517823e-03,1.308941e-03,1.666988e-02,1.317084e-01,6.317034e-02,8.742272e-02
8.693946e-04,6.893477e-03,2.512454e-05,8.690469e-04,7.013742e-03,5.201844e-05
