# rmse alpha/u,rmse phic/h,rmse h/r,spread alpha/u,spread phic/h,spread h/r
2.421984e-01,2.186669e-01,1.573083e-01,1.959109e-01,2.138964e-01,1.504426e-01
1.778429e-03,1.053156e-02,3.561395e-05,1.256964e-03,8.591341e-03,4.328907e-05
