# rmse alpha/u,rmse phic/h,rmse h/r,spread alpha/u,spread phic/h,spread h/r
2.421984e-01,2.186669e-01,1.573083e-01,1.959109e-01,2.138964e-01,1.504426e-01
1.518912e-03,1.280212e-02,4.064799e-05,1.186510e-03,8.578012e-03,4.427024e-05
