# rmse alpha/u,rmse phic/h,rmse h/r,spread alpha/u,spread phic/h,spread h/r
2.421984e-01,2.186669e-01,1.573083e-01,1.959109e-01,2.138964e-01,1.504426e-01
1.000315e-03,8.163406e-03,3.112066e-05,1.071505e-03,7.603014e-03,4.162008e-05
