# rmse alpha/u,rmse phic/h,rmse h/r,spread alpha/u,spread phic/h,spread h/r
2.421984e-01,2.186669e-01,1.573083e-01,1.959109e-01,2.138964e-01,1.504426e-01
1.783796e-03,1.186470e-02,3.038399e-05,1.217759e-03,8.726668e-03,4.128453e-05
