# rmse alpha/u,rmse phic/h,rmse h/r,spread alpha/u,spread phic/h,spread h/r
2.421984e-01,2.186669e-01,1.573083e-01,1.959109e-01,2.138964e-01,1.504426e-01
3.527267e-03,2.109976e-02,3.775981e-05,1.970210e-03,1.440049e-02,4.968806e-05
