# rmse alpha/u,rmse phic/h,rmse h/r,spread alpha/u,spread phic/h,spread h/r
2.421984e-01,2.186669e-01,1.573083e-01,1.959109e-01,2.138964e-01,1.504426e-01
4.382075e-03,2.473589e-02,5.164427e-05,2.112511e-03,1.466291e-02,4.653614e-05
