# rmse alpha/u,rmse phic/h,rmse h/r,spread alpha/u,spread phic/h,spread h/r
2.236663e-02,4.623831e-02,1.144693e-02,1.191514e-01,9.687831e-02,7.077754e-02
3.260764e-03,2.105001e-02,4.077408e-05,2.168313e-03,1.608551e-02,5.241199e-05
