# rmse alpha/u,rmse phic/h,rmse h/r,spread alpha/u,spread phic/h,spread h/r
2.236663e-02,4.623831e-02,1.144693e-02,1.191514e-01,9.687831e-02,7.077754e-02
2.804123e-03,1.714629e-02,6.699012e-05,2.216222e-03,1.589888e-02,5.594632e-05
