# rmse alpha/u,rmse phic/h,rmse h/r,spread alpha/u,spread phic/h,spread h/r
2.236663e-02,4.623831e-02,1.144693e-02,1.191514e-01,9.687831e-02,7.077754e-02
3.180121e-03,1.804179e-02,4.325411e-05,1.853606e-03,1.268861e-02,4.805168e-05
