# rmse alpha/u,rmse phic/h,rmse h/r,spread alpha/u,spread phic/h,spread h/r
2.236663e-02,4.623831e-02,1.144693e-02,1.191514e-01,9.687831e-02,7.077754e-02
3.236258e-03,1.863015e-02,4.461034e-05,2.110997e-03,1.452565e-02,5.080135e-05
