# rmse alpha/u,rmse phic/h,rmse h/r,spread alpha/u,spread phic/h,spread h/r
2.236663e-02,4.623831e-02,1.144693e-02,1.191514e-01,9.687831e-02,7.077754e-02
3.181061e-03,1.760955e-02,4.725799e-05,2.450915e-03,1.672515e-02,5.075586e-05
