# rmse alpha/u,rmse phic/h,rmse h/r,spread alpha/u,spread phic/h,spread h/r
2.236663e-02,4.623831e-02,1.144693e-02,1.191514e-01,9.687831e-02,7.077754e-02
4.600246e-03,2.924460e-02,6.095069e-05,2.287304e-03,1.543369e-02,5.225356e-05
