# rmse alpha/u,rmse phic/h,rmse h/r,spread alpha/u,spread phic/h,spread h/r
2.236663e-02,4.623831e-02,1.144693e-02,1.191514e-01,9.687831e-02,7.077754e-02
2.950406e-03,1.609386e-02,6.409662e-05,1.948761e-03,1.386105e-02,5.545414e-05
