# rmse alpha/u,rmse phic/h,rmse h/r,spread alpha/u,spread phic/h,spread h/r
1.564173e-01,2.134395e-01,2.188044e-01,1.490753e-01,1.934865e-01,1.543392e-01
8.298187e-04,6.596702e-03,2.022125e-05,8.392881e-04,6.721500e-03,5.345055e-05
