# rmse alpha/u,rmse phic/h,rmse h/r,spread alpha/u,spread phic/h,spread h/r
4.873575e-03,1.406409e-04,6.515525e-03,8.396405e-02,8.223147e-02,8.229382e-02
8.705924e-04,7.069273e-03,2.238134e-05,8.427749e-04,6.894602e-03,4.767219e-05
