# rmse alpha/u,rmse phic/h,rmse h/r,spread alpha/u,spread phic/h,spread h/r
4.873575e-03,1.406409e-04,6.515525e-03,8.396405e-02,8.223147e-02,8.229382e-02
8.589960e-04,6.842290e-03,2.253388e-05,8.565199e-04,6.850189e-03,4.822210e-05
