# rmse alpha/u,rmse phic/h,rmse h/r,spread alpha/u,spread phic/h,spread h/r
4.873575e-03,1.406409e-04,6.515525e-03,8.396405e-02,8.223147e-02,8.229382e-02
8.408638e-04,6.858137e-03,2.632247e-05,8.380317e-04,6.835495e-03,4.906874e-05
