# rmse alpha/u,rmse phic/h,rmse h/r,spread alpha/u,spread phic/h,spread h/r
4.873575e-03,1.406409e-04,6.515525e-03,8.396405e-02,8.223147e-02,8.229382e-02
8.961983e-04,7.602039e-03,2.987589e-05,8.746985e-04,7.099591e-03,5.161192e-05
