# rmse alpha/u,rmse phic/h,rmse h/r,spread alpha/u,spread phic/h,spread h/r
4.873575e-03,1.406409e-04,6.515525e-03,8.396405e-02,8.223147e-02,8.229382e-02
8.407223e-04,6.879406e-03,2.083585e-05,8.523273e-04,6.846719e-03,4.799924e-05
