# rmse alpha/u,rmse phic/h,rmse h/r,spread alpha/u,spread phic/h,spread h/r
4.873575e-03,1.406409e-04,6.515525e-03,8.396405e-02,8.223147e-02,8.229382e-02
8.011118e-04,6.091495e-03,2.125961e-05,8.020499e-04,6.324566e-03,4.579090e-05
