# rmse alpha/u,rmse phic/h,rmse h/r,spread alpha/u,spread phic/h,spread h/r
4.873575e-03,1.406409e-04,6.515525e-03,8.396405e-02,8.223147e-02,8.229382e-02
8.730928e-04,6.992371e-03,2.360428e-05,8.501352e-04,6.924314e-03,4.871205e-05
