# rmse alpha/u,rmse phic/h,rmse h/r,spread alpha/u,spread phic/h,spread h/r
8.401988e-03,8.076681e-02,8.615344e-02,1.733783e-01,2.202676e-01,2.133556e-01
3.370542e-03,2.019891e-02,6.396947e-05,2.178389e-03,1.408655e-02,4.762773e-05
