# rmse alpha/u,rmse phic/h,rmse h/r,spread alpha/u,spread phic/h,spread h/r
8.401988e-03,8.076681e-02,8.615344e-02,1.733783e-01,2.202676e-01,2.133556e-01
1.966763e-03,1.380266e-02,3.578059e-05,1.564569e-03,1.065493e-02,4.231199e-05
