# rmse alpha/u,rmse phic/h,rmse h/r,spread alpha/u,spread phic/h,spread h/r
8.401988e-03,8.076681e-02,8.615344e-02,1.733783e-01,2.202676e-01,2.133556e-01
1.466078e-03,1.232275e-02,4.347212e-05,1.487894e-03,1.068716e-02,4.329406e-05
