# rmse alpha/u,rmse phic/h,rmse h/r,spread alpha/u,spread phic/h,spread h/r
8.401988e-03,8.076681e-02,8.615344e-02,1.733783e-01,2.202676e-01,2.133556e-01
2.699434e-03,1.621750e-02,4.085270e-05,1.407665e-03,9.217176e-03,4.373698e-05
