# rmse alpha/u,rmse phic/h,rmse h/r,spread alpha/u,spread phic/h,spread h/r
8.401988e-03,8.076681e-02,8.615344e-02,1.733783e-01,2.202676e-01,2.133556e-01
3.882069e-03,2.330729e-02,4.327592e-05,1.595773e-03,1.068809e-02,4.662019e-05
