# rmse alpha/u,rmse phic/h,rmse h/r,spread alpha/u,spread phic/h,spread h/r
8.401988e-03,8.076681e-02,8.615344e-02,1.733783e-01,2.202676e-01,2.133556e-01
3.701856e-03,2.125052e-02,5.494464e-05,1.602675e-03,1.088053e-02,4.706576e-05
