# rmse alpha/u,rmse phic/h,rmse h/r,spread alpha/u,spread phic/h,spread h/r
3.429247e-01,2.171277e-01,2.375478e-01,1.387709e-01,2.166638e-01,1.639076e-01
1.819421e-03,1.140296e-02,3.423730e-05,1.448995e-03,1.086156e-02,2.980319e-05
