# rmse alpha/u,rmse phic/h,rmse h/r,spread alpha/u,spread phic/h,spread h/r
3.429247e-01,2.171277e-01,2.375478e-01,1.387709e-01,2.166638e-01,1.639076e-01
3.260685e-03,1.780398e-02,2.535725e-05,1.588223e-03,1.066671e-02,2.516849e-05
