# rmse alpha/u,rmse phic/h,rmse h/r,spread alpha/u,spread phic/h,spread h/r
3.429247e-01,2.171277e-01,2.375478e-01,1.387709e-01,2.166638e-01,1.639076e-01
1.894428e-03,1.103291e-02,2.793837e-05,1.510177e-03,1.042443e-02,2.201773e-05
