# rmse alpha/u,rmse phic/h,rmse h/r,spread alpha/u,spread phic/h,spread h/r
3.429247e-01,2.171277e-01,2.375478e-01,1.387709e-01,2.166638e-01,1.639076e-01
3.458059e-03,2.059154e-02,2.464213e-05,2.377781e-03,1.696297e-02,2.304800e-05
