# rmse alpha/u,rmse phic/h,rmse h/r,spread alpha/u,spread phic/h,spread h/r
1.865392e-01,3.162437e-01,2.659340e-01,1.463073e-01,1.947400e-01,1.931064e-01
1.062777e-03,7.873379e-03,2.450129e-05,8.148628e-04,6.384994e-03,4.855559e-05
