# rmse alpha/u,rmse phic/h,rmse h/r,spread alpha/u,spread phic/h,spread h/r
1.865392e-01,3.162437e-01,2.659340e-01,1.463073e-01,1.947400e-01,1.931064e-01
8.550943e-04,6.514352e-03,2.187375e-05,8.383923e-04,6.625745e-03,4.925716e-05
