# rmse alpha/u,rmse phic/h,rmse h/r,spread alpha/u,spread phic/h,spread h/r
1.865392e-01,3.162437e-01,2.659340e-01,1.463073e-01,1.947400e-01,1.931064e-01
8.445214e-04,6.488339e-03,2.437941e-05,8.211680e-04,6.302025e-03,4.855621e-05
