# rmse alpha/u,rmse phic/h,rmse h/r,spread alpha/u,spread phic/h,spread h/r
1.865392e-01,3.162437e-01,2.659340e-01,1.463073e-01,1.947400e-01,1.931064e-01
1.040524e-03,9.085016e-03,2.867875e-05,8.479829e-04,6.539892e-03,4.857792e-05
