# rmse alpha/u,rmse phic/h,rmse h/r,spread alpha/u,spread phic/h,spread h/r
1.865392e-01,3.162437e-01,2.659340e-01,1.463073e-01,1.947400e-01,1.931064e-01
1.018818e-03,9.343225e-03,3.397900e-05,8.730341e-04,6.949117e-03,5.045273e-05
