# rmse alpha/u,rmse phic/h,rmse h/r,spread alpha/u,spread phic/h,spread h/r
1.865392e-01,3.162437e-01,2.659340e-01,1.463073e-01,1.947400e-01,1.931064e-01
9.420641e-04,8.067370e-03,2.924135e-05,8.570941e-04,6.867215e-03,5.000774e-05
