# rmse alpha/u,rmse phic/h,rmse h/r,spread alpha/u,spread phic/h,spread h/r
3.259568e-02,1.566441e-02,3.967793e-02,1.633829e-01,2.359221e-01,1.343989e-01
7.990155e-04,6.342620e-03,2.377953e-05,8.088292e-04,6.374021e-03,4.050937e-05
