# rmse alpha/u,rmse phic/h,rmse h/r,spread alpha/u,spread phic/h,spread h/r
3.259568e-02,1.566441e-02,3.967793e-02,1.633829e-01,2.359221e-01,1.343989e-01
8.312406e-04,6.463557e-03,2.277383e-05,8.291928e-04,6.478161e-03,4.165464e-05
