# rmse alpha/u,rmse phic/h,rmse h/r,spread alpha/u,spread phic/h,spread h/r
3.259568e-02,1.566441e-02,3.967793e-02,1.633829e-01,2.359221e-01,1.343989e-01
9.384498e-04,7.080822e-03,2.756885e-05,8.663606e-04,6.905378e-03,4.311360e-05
