# rmse alpha/u,rmse phic/h,rmse h/r,spread alpha/u,spread phic/h,spread h/r
3.259568e-02,1.566441e-02,3.967793e-02,1.633829e-01,2.359221e-01,1.343989e-01
8.257729e-04,6.298350e-03,2.209958e-05,8.175380e-04,6.429070e-03,4.113092e-05
