# rmse alpha/u,rmse phic/h,rmse h/r,spread alpha/u,spread phic/h,spread h/r
3.259568e-02,1.566441e-02,3.967793e-02,1.633829e-01,2.359221e-01,1.343989e-01
8.291070e-04,6.547014e-03,2.264573e-05,8.401144e-04,6.684646e-03,4.143521e-05
