# rmse alpha/u,rmse phic/h,rmse h/r,spread alpha/u,spread phic/h,spread h/r
5.460531e-03,3.121697e-01,8.727635e-02,2.064906e-01,1.899857e-01,1.562718e-01
4.079369e-03,2.510942e-02,3.951837e-05,2.528873e-03,1.895013e-02,3.408713e-05
