# rmse alpha/u,rmse phic/h,rmse h/r,spread alpha/u,spread phic/h,spread h/r
5.460531e-03,3.121697e-01,8.727635e-02,2.064906e-01,1.899857e-01,1.562718e-01
3.241485e-03,1.920148e-02,3.283601e-05,2.879700e-03,2.031911e-02,3.361093e-05
