# rmse alpha/u,rmse phic/h,rmse h/r,spread alpha/u,spread phic/h,spread h/r
7.381022e-03,6.353717e-03,5.704372e-02,8.973845e-02,8.714470e-02,7.936275e-02
2.517767e-03,1.587134e-02,4.010293e-05,1.746363e-03,1.239907e-02,4.750931e-05
