# rmse alpha/u,rmse phic/h,rmse h/r,spread alpha/u,spread phic/h,spread h/r
7.381022e-03,6.353717e-03,5.704372e-02,8.973845e-02,8.714470e-02,7.936275e-02
3.116129e-03,2.158942e-02,4.406010e-05,2.052360e-03,1.421241e-02,5.173762e-05
