# rmse alpha/u,rmse phic/h,rmse h/r,spread alpha/u,spread phic/h,spread h/r
7.381022e-03,6.353717e-03,5.704372e-02,8.973845e-02,8.714470e-02,7.936275e-02
2.741182e-03,2.066660e-02,4.699945e-05,1.838759e-03,1.406400e-02,5.091335e-05
