# rmse alpha/u,rmse phic/h,rmse h/r,spread alpha/u,spread phic/h,spread h/r
7.381022e-03,6.353717e-03,5.704372e-02,8.973845e-02,8.714470e-02,7.936275e-02
3.502774e-03,2.685516e-02,4.200686e-05,2.209917e-03,1.669570e-02,5.409506e-05
