# rmse alpha/u,rmse phic/h,rmse h/r,spread alpha/u,spread phic/h,spread h/r
1.474102e-02,9.191828e-04,1.652234e-01,1.374482e-01,7.545761e-02,8.768954e-02
4.774847e-03,3.460797e-02,5.042466e-05,3.868211e-03,2.994736e-02,3.317348e-05
