# rmse alpha/u,rmse phic/h,rmse h/r,spread alpha/u,spread phic/h,spread h/r
1.474102e-02,9.191828e-04,1.652234e-01,1.374482e-01,7.545761e-02,8.768954e-02
4.520109e-03,3.125816e-02,4.309086e-05,3.758531e-03,2.825754e-02,2.989867e-05
