# rmse alpha/u,rmse phic/h,rmse h/r,spread alpha/u,spread phic/h,spread h/r
1.474102e-02,9.191828e-04,1.652234e-01,1.374482e-01,7.545761e-02,8.768954e-02
4.869635e-03,3.172944e-02,4.578525e-05,3.924084e-03,3.163236e-02,3.034836e-05
