# rmse alpha/u,rmse phic/h,rmse h/r,spread alpha/u,spread phic/h,spread h/r
1.474102e-02,9.191828e-04,1.652234e-01,1.374482e-01,7.545761e-02,8.768954e-02
5.059761e-03,4.452549e-02,4.886832e-05,3.884549e-03,3.101515e-02,3.383559e-05
