# rmse alpha/u,rmse phic/h,rmse h/r,spread alpha/u,spread phic/h,spread h/r
1.474102e-02,9.191828e-04,1.652234e-01,1.374482e-01,7.545761e-02,8.768954e-02
4.939215e-03,3.336279e-02,5.216044e-05,4.146147e-03,3.171456e-02,3.397053e-05
