# rmse alpha/u,rmse phic/h,rmse h/r,spread alpha/u,spread phic/h,spread h/r
1.474102e-02,9.191828e-04,1.652234e-01,1.374482e-01,7.545761e-02,8.768954e-02
4.971077e-03,3.415623e-02,5.206556e-05,3.564808e-03,2.741684e-02,3.378296e-05
