# rmse alpha/u,rmse phic/h,rmse h/r,spread alpha/u,spread phic/h,spread h/r
2.762166e-01,2.690122e-01,2.034251e-01,1.998587e-01,2.038130e-01,1.770451e-01
1.699559e-03,9.920471e-03,3.519612e-05,1.405245e-03,9.919518e-03,4.303653e-05
