# rmse alpha/u,rmse phic/h,rmse h/r,spread alpha/u,spread phic/h,spread h/r
2.762166e-01,2.690122e-01,2.034251e-01,1.998587e-01,2.038130e-01,1.770451e-01
2.906496e-03,1.811259e-02,3.963660e-05,2.384898e-03,1.700383e-02,4.835215e-05
