# rmse alpha/u,rmse phic/h,rmse h/r,spread alpha/u,spread phic/h,spread h/r
2.762166e-01,2.690122e-01,2.034251e-01,1.998587e-01,2.038130e-01,1.770451e-01
3.183508e-03,1.916013e-02,5.575486e-05,1.898359e-03,1.291852e-02,4.636691e-05
