# rmse alpha/u,rmse phic/h,rmse h/r,spread alpha/u,spread phic/h,spread h/r
2.762166e-01,2.690122e-01,2.034251e-01,1.998587e-01,2.038130e-01,1.770451e-01
2.805660e-03,1.624042e-02,3.566680e-05,1.937876e-03,1.272407e-02,4.055071e-05
