# rmse alpha/u,rmse phic/h,rmse h/r,spread alpha/u,spread phic/h,spread h/r
2.762166e-01,2.690122e-01,2.034251e-01,1.998587e-01,2.038130e-01,1.770451e-01
3.089687e-03,1.926756e-02,4.253169e-05,2.162957e-03,1.512370e-02,4.829142e-05
