# rmse alpha/u,rmse phic/h,rmse h/r,spread alpha/u,spread phic/h,spread h/r
1.914415e-01,7.901907e-03,7.561866e-02,2.029553e-01,2.401346e-01,2.180772e-01
3.678474e-03,1.911320e-02,2.262336e-05,2.248020e-03,1.442967e-02,2.757104e-05
