# rmse alpha/u,rmse phic/h,rmse h/r,spread alpha/u,spread phic/h,spread h/r
1.914415e-01,7.901907e-03,7.561866e-02,2.029553e-01,2.401346e-01,2.180772e-01
3.774203e-03,2.367453e-02,3.560894e-05,2.562916e-03,1.758391e-02,3.470575e-05
