# rmse alpha/u,rmse phic/h,rmse h/r,spread alpha/u,spread phic/h,spread h/r
1.914415e-01,7.901907e-03,7.561866e-02,2.029553e-01,2.401346e-01,2.180772e-01
3.805245e-03,2.169603e-02,2.425139e-05,2.952304e-03,1.958161e-02,3.470024e-05
