# rmse alpha/u,rmse phic/h,rmse h/r,spread alpha/u,spread phic/h,spread h/r
1.914415e-01,7.901907e-03,7.561866e-02,2.029553e-01,2.401346e-01,2.180772e-01
3.047866e-03,2.157172e-02,4.014741e-05,2.423350e-03,1.751971e-02,3.930786e-05
