# rmse alpha/u,rmse phic/h,rmse h/r,spread alpha/u,spread phic/h,spread h/r
1.914415e-01,7.901907e-03,7.561866e-02,2.029553e-01,2.401346e-01,2.180772e-01
3.934446e-03,2.430085e-02,4.752144e-05,3.225070e-03,2.222736e-02,4.146021e-05
