# rmse alpha/u,rmse phic/h,rmse h/r,spread alpha/u,spread phic/h,spread h/r
1.914415e-01,7.901907e-03,7.561866e-02,2.029553e-01,2.401346e-01,2.180772e-01
3.869100e-03,2.191414e-02,5.164522e-05,2.714322e-03,1.980527e-02,4.688999e-05
