# rmse alpha/u,rmse phic/h,rmse h/r,spread alpha/u,spread phic/h,spread h/r
8.005494e-02,1.728389e-02,1.149259e-01,1.830816e-01,2.267628e-01,2.223665e-01
3.866524e-03,2.150996e-02,4.775822e-05,1.708172e-03,1.191569e-02,4.039726e-05
