# rmse alpha/u,rmse phic/h,rmse h/r,spread alpha/u,spread phic/h,spread h/r
8.005494e-02,1.728389e-02,1.149259e-01,1.830816e-01,2.267628e-01,2.223665e-01
1.797018e-03,1.357555e-02,4.645782e-05,1.368402e-03,9.716594e-03,3.666947e-05
