# rmse alpha/u,rmse phic/h,rmse h/r,spread alpha/u,spread phic/h,spread h/r
8.005494e-02,1.728389e-02,1.149259e-01,1.830816e-01,2.267628e-01,2.223665e-01
2.516025e-03,1.356353e-02,4.592516e-05,2.055716e-03,1.331184e-02,3.714300e-05
