# rmse alpha/u,rmse phic/h,rmse h/r,spread alpha/u,spread phic/h,spread h/r
8.005494e-02,1.728389e-02,1.149259e-01,1.830816e-01,2.267628e-01,2.223665e-01
2.113194e-03,1.274635e-02,4.504001e-05,1.531828e-03,1.021976e-02,3.983691e-05
