# rmse alpha/u,rmse phic/h,rmse h/r,spread alpha/u,spread phic/h,spread h/r
8.005494e-02,1.728389e-02,1.149259e-01,1.830816e-01,2.267628e-01,2.223665e-01
2.704866e-03,1.658981e-02,4.471456e-05,1.975131e-03,1.375046e-02,3.715692e-05
