# rmse alpha/u,rmse phic/h,rmse h/r,spread alpha/u,spread phic/h,spread h/r
8.005494e-02,1.728389e-02,1.149259e-01,1.830816e-01,2.267628e-01,2.223665e-01
2.423826e-03,1.761930e-02,5.040714e-05,1.660623e-03,1.189475e-02,4.122843e-05
