# rmse alpha/u,rmse phic/h,rmse h/r,spread alpha/u,spread phic/h,spread h/r
5.726029e-02,6.103391e-02,3.190428e-03,1.470153e-01,8.617649e-02,8.377218e-02
1.802302e-03,1.256548e-02,4.316187e-05,1.290671e-03,8.628112e-03,2.945980e-05
