# rmse alpha/u,rmse phic/h,rmse h/r,spread alpha/u,spread phic/h,spread h/r
5.726029e-02,6.103391e-02,3.190428e-03,1.470153e-01,8.617649e-02,8.377218e-02
2.533082e-03,1.290557e-02,3.959973e-05,1.265413e-03,8.511258e-03,2.718260e-05
