# rmse alpha/u,rmse phic/h,rmse h/r,spread alpha/u,spread phic/h,spread h/r
5.726029e-02,6.103391e-02,3.190428e-03,1.470153e-01,8.617649e-02,8.377218e-02
4.988868e-03,2.577052e-02,6.204131e-05,1.642645e-03,1.090175e-02,3.426880e-05
