# rmse alpha/u,rmse phic/h,rmse h/r,spread alpha/u,spread phic/h,spread h/r
5.726029e-02,6.103391e-02,3.190428e-03,1.470153e-01,8.617649e-02,8.377218e-02
1.934757e-03,1.243992e-02,5.971372e-05,1.260765e-03,8.942126e-03,3.225144e-05
