# rmse alpha/u,rmse phic/h,rmse h/r,spread alpha/u,spread phic/h,spread h/r
5.726029e-02,6.103391e-02,3.190428e-03,1.470153e-01,8.617649e-02,8.377218e-02
2.888523e-03,2.230445e-02,5.673060e-05,1.377680e-03,1.012888e-02,3.094159e-05
