# rmse alpha/u,rmse phic/h,rmse h/r,spread alpha/u,spread phic/h,spread h/r
4.366777e-02,6.830765e-02,2.007563e-02,2.029553e-01,2.401346e-01,2.180772e-01
1.923511e-03,1.718887e-02,6.361795e-05,1.727046e-03,1.188575e-02,5.204475e-05
