# rmse alpha/u,rmse phic/h,rmse h/r,spread alpha/u,spread phic/h,spread h/r
4.366777e-02,6.830765e-02,2.007563e-02,2.029553e-01,2.401346e-01,2.180772e-01
2.392516e-03,1.568666e-02,5.899320e-05,1.595055e-03,1.106237e-02,4.810581e-05
