# rmse alpha/u,rmse phic/h,rmse h/r,spread alpha/u,spread phic/h,spread h/r
4.366777e-02,6.830765e-02,2.007563e-02,2.029553e-01,2.401346e-01,2.180772e-01
2.266849e-03,1.168984e-02,5.777805e-05,1.536211e-03,1.048827e-02,4.745988e-05
