# rmse alpha/u,rmse phic/h,rmse h/r,spread alpha/u,spread phic/h,spread h/r
4.366777e-02,6.830765e-02,2.007563e-02,2.029553e-01,2.401346e-01,2.180772e-01
1.760382e-03,1.092844e-02,5.512188e-05,1.334261e-03,9.943131e-03,5.005920e-05
