# rmse alpha/u,rmse phic/h,rmse h/r,spread alpha/u,spread phic/h,spread h/r
6.507549e-01,5.145166e-01,2.641210e-01,1.792759e-01,2.551135e-01,1.888248e-01
4.560187e-03,2.454714e-02,9.909421e-05,3.306252e-03,2.384463e-02,5.525107e-05
