# rmse alpha/u,rmse phic/h,rmse h/r,spread alpha/u,spread phic/h,spread h/r
6.507549e-01,5.145166e-01,2.641210e-01,1.792759e-01,2.551135e-01,1.888248e-01
5.713512e-03,3.278151e-02,9.827778e-05,2.991760e-03,2.198323e-02,4.885387e-05
