# rmse alpha/u,rmse phic/h,rmse h/r,spread alpha/u,spread phic/h,spread h/r
6.507549e-01,5.145166e-01,2.641210e-01,1.792759e-01,2.551135e-01,1.888248e-01
5.423027e-03,3.457415e-02,8.268071e-05,2.969726e-03,2.089770e-02,4.601213e-05
