# rmse alpha/u,rmse phic/h,rmse h/r,spread alpha/u,spread phic/h,spread h/r
6.507549e-01,5.145166e-01,2.641210e-01,1.792759e-01,2.551135e-01,1.888248e-01
4.903594e-03,3.462947e-02,6.677941e-05,3.897576e-03,2.765513e-02,5.267692e-05
