# rmse alpha/u,rmse phic/h,rmse h/r,spread alpha/u,spread phic/h,spread h/r
2.234436e-02,1.490302e-01,6.706080e-03,2.011122e-01,2.284813e-01,1.938860e-01
8.607455e-04,5.982259e-03,4.415765e-05,7.696570e-04,5.945219e-03,2.171106e-05
