# rmse alpha/u,rmse phic/h,rmse h/r,spread alpha/u,spread phic/h,spread h/r
2.234436e-02,1.490302e-01,6.706080e-03,2.011122e-01,2.284813e-01,1.938860e-01
1.314745e-03,1.059011e-02,3.674923e-05,9.162407e-04,6.690685e-03,2.265783e-05
