# rmse alpha/u,rmse phic/h,rmse h/r,spread alpha/u,spread phic/h,spread h/r
1.317281e-01,8.723887e-02,2.993788e-01,1.299855e-01,8.358193e-02,8.489579e-02
4.106721e-03,2.639913e-02,5.309183e-05,2.896932e-03,2.268979e-02,4.670681e-05
