# rmse alpha/u,rmse phic/h,rmse h/r,spread alpha/u,spread phic/h,spread h/r
1.317281e-01,8.723887e-02,2.993788e-01,1.299855e-01,8.358193e-02,8.489579e-02
2.966123e-03,1.498376e-02,4.020640e-05,2.132885e-03,1.483087e-02,4.177333e-05
