# rmse alpha/u,rmse phic/h,rmse h/r,spread alpha/u,spread phic/h,spread h/r
1.317281e-01,8.723887e-02,2.993788e-01,1.299855e-01,8.358193e-02,8.489579e-02
5.185365e-03,3.026178e-02,4.658218e-05,2.612933e-03,1.871997e-02,4.485553e-05
