# rmse alpha/u,rmse phic/h,rmse h/r,spread alpha/u,spread phic/h,spread h/r
1.317281e-01,8.723887e-02,2.993788e-01,1.299855e-01,8.358193e-02,8.489579e-02
3.149173e-03,1.910190e-02,3.564422e-05,2.094688e-03,1.424138e-02,4.120377e-05
