# rmse alpha/u,rmse phic/h,rmse h/r,spread alpha/u,spread phic/h,spread h/r
3.491013e-01,3.028117e-01,2.003469e-01,1.641627e-01,2.176017e-01,1.764511e-01
4.583441e-03,1.433202e-02,6.192967e-05,1.458816e-03,1.023942e-02,2.737270e-05
