# rmse alpha/u,rmse phic/h,rmse h/r,spread alpha/u,spread phic/h,spread h/r
3.491013e-01,3.028117e-01,2.003469e-01,1.641627e-01,2.176017e-01,1.764511e-01
3.681603e-03,2.269209e-02,6.409312e-05,1.703318e-03,1.186911e-02,3.282689e-05
