# rmse alpha/u,rmse phic/h,rmse h/r,spread alpha/u,spread phic/h,spread h/r
3.491013e-01,3.028117e-01,2.003469e-01,1.641627e-01,2.176017e-01,1.764511e-01
3.073525e-03,1.558414e-02,8.811319e-05,1.273508e-03,9.018794e-03,3.296252e-05
