# rmse alpha/u,rmse phic/h,rmse h/r,spread alpha/u,spread phic/h,spread h/r
3.491013e-01,3.028117e-01,2.003469e-01,1.641627e-01,2.176017e-01,1.764511e-01
2.610970e-03,1.311063e-02,6.831889e-05,1.492924e-03,1.055390e-02,2.724888e-05
