# rmse alpha/u,rmse phic/h,rmse h/r,spread alpha/u,spread phic/h,spread h/r
3.491013e-01,3.028117e-01,2.003469e-01,1.641627e-01,2.176017e-01,1.764511e-01
1.699795e-03,1.263375e-02,5.350334e-05,9.422970e-04,7.085862e-03,2.469713e-05
