# rmse alpha/u,rmse phic/h,rmse h/r,spread alpha/u,spread phic/h,spread h/r
3.491013e-01,3.028117e-01,2.003469e-01,1.641627e-01,2.176017e-01,1.764511e-01
3.704510e-03,1.652057e-02,5.940611e-05,1.496968e-03,1.023848e-02,2.632256e-05
