# rmse alpha/u,rmse phic/h,rmse h/r,spread alpha/u,spread phic/h,spread h/r
3.491013e-01,3.028117e-01,2.003469e-01,1.641627e-01,2.176017e-01,1.764511e-01
4.779245e-03,2.960804e-02,5.940459e-05,1.770388e-03,1.195827e-02,2.792015e-05
