# rmse alpha/u,rmse phic/h,rmse h/r,spread alpha/u,spread phic/h,spread h/r
1.323259e-01,1.073255e-01,1.352700e-01,2.011122e-01,2.284813e-01,1.938860e-01
4.032068e-03,2.532975e-02,3.399515e-05,2.182661e-03,1.562191e-02,2.185901e-05
