# rmse alpha/u,rmse phic/h,rmse h/r,spread alpha/u,spread phic/h,spread h/r
1.323259e-01,1.073255e-01,1.352700e-01,2.011122e-01,2.284813e-01,1.938860e-01
2.999339e-03,1.843330e-02,2.702313e-05,1.993913e-03,1.403549e-02,1.992457e-05
