# rmse alpha/u,rmse phic/h,rmse h/r,spread alpha/u,spread phic/h,spread h/r
1.323259e-01,1.073255e-01,1.352700e-01,2.011122e-01,2.284813e-01,1.938860e-01
4.948457e-03,3.370389e-02,3.061844e-05,3.065596e-03,2.269653e-02,2.108826e-05
