# rmse alpha/u,rmse phic/h,rmse h/r,spread alpha/u,spread phic/h,spread h/r
1.323259e-01,1.073255e-01,1.352700e-01,2.011122e-01,2.284813e-01,1.938860e-01
4.022205e-03,3.051615e-02,3.076624e-05,2.585129e-03,1.965509e-02,2.373394e-05
