# rmse alpha/u,rmse phic/h,rmse h/r,spread alpha/u,spread phic/h,spread h/r
1.323259e-01,1.073255e-01,1.352700e-01,2.011122e-01,2.284813e-01,1.938860e-01
3.718290e-03,2.848106e-02,2.922556e-05,2.284568e-03,1.560042e-02,2.268767e-05
