# rmse alpha/u,rmse phic/h,rmse h/r,spread alpha/u,spread phic/h,spread h/r
1.323259e-01,1.073255e-01,1.352700e-01,2.011122e-01,2.284813e-01,1.938860e-01
4.405347e-03,2.739232e-02,2.722434e-05,2.289214e-03,1.555837e-02,2.053363e-05
