# rmse alpha/u,rmse phic/h,rmse h/r,spread alpha/u,spread phic/h,spread h/r
1.323259e-01,1.073255e-01,1.352700e-01,2.011122e-01,2.284813e-01,1.938860e-01
4.457935e-03,2.457150e-02,3.739583e-05,2.279329e-03,1.749989e-02,2.169735e-05
