# rmse alpha/u,rmse phic/h,rmse h/r,spread alpha/u,spread phic/h,spread h/r
8.032078e-03,4.914074e-02,2.485748e-02,1.216821e-01,9.252375e-02,7.570071e-02
3.002772e-03,1.640186e-02,4.944858e-05,1.580448e-03,1.118071e-02,3.582788e-05
