# rmse alpha/u,rmse phic/h,rmse h/r,spread alpha/u,spread phic/h,spread h/r
8.032078e-03,4.914074e-02,2.485748e-02,1.216821e-01,9.252375e-02,7.570071e-02
4.371465e-03,2.192453e-02,5.008976e-05,1.602616e-03,1.160162e-02,3.669082e-05
