# rmse alpha/u,rmse phic/h,rmse h/r,spread alpha/u,spread phic/h,spread h/r
8.032078e-03,4.914074e-02,2.485748e-02,1.216821e-01,9.252375e-02,7.570071e-02
2.516115e-03,2.466163e-02,5.819854e-05,1.421653e-03,1.086599e-02,3.698525e-05
