# rmse alpha/u,rmse phic/h,rmse h/r,spread alpha/u,spread phic/h,spread h/r
8.032078e-03,4.914074e-02,2.485748e-02,1.216821e-01,9.252375e-02,7.570071e-02
3.423309e-03,2.053012e-02,5.065958e-05,1.272048e-03,9.400819e-03,3.388207e-05
