# rmse alpha/u,rmse phic/h,rmse h/r,spread alpha/u,spread phic/h,spread h/r
8.032078e-03,4.914074e-02,2.485748e-02,1.216821e-01,9.252375e-02,7.570071e-02
3.008886e-03,1.675273e-02,5.690660e-05,1.431927e-03,1.056864e-02,3.591267e-05
