# rmse alpha/u,rmse phic/h,rmse h/r,spread alpha/u,spread phic/h,spread h/r
7.298997e-02,5.619098e-02,8.248473e-02,2.204878e-01,2.267454e-01,1.805099e-01
4.565761e-03,3.468165e-02,7.147865e-05,3.179079e-03,2.402677e-02,4.581060e-05
