# rmse alpha/u,rmse phic/h,rmse h/r,spread alpha/u,spread phic/h,spread h/r
7.298997e-02,5.619098e-02,8.248473e-02,2.204878e-01,2.267454e-01,1.805099e-01
4.721390e-03,3.035292e-02,7.063667e-05,3.108672e-03,2.104547e-02,3.784379e-05
