# rmse alpha/u,rmse phic/h,rmse h/r,spread alpha/u,spread phic/h,spread h/r
2.639753e-02,8.599413e-06,1.226004e-03,1.474749e-01,8.793516e-02,7.953860e-02
3.635296e-03,2.163861e-02,4.171389e-05,2.676028e-03,1.978832e-02,4.333762e-05
