# rmse alpha/u,rmse phic/h,rmse h/r,spread alpha/u,spread phic/h,spread h/r
2.639753e-02,8.599413e-06,1.226004e-03,1.474749e-01,8.793516e-02,7.953860e-02
2.743397e-03,2.232895e-02,4.521321e-05,1.842573e-03,1.326788e-02,3.903279e-05
