# rmse alpha/u,rmse phic/h,rmse h/r,spread alpha/u,spread phic/h,spread h/r
2.639753e-02,8.599413e-06,1.226004e-03,1.474749e-01,8.793516e-02,7.953860e-02
3.430479e-03,2.824819e-02,6.435146e-05,2.684410e-03,2.075075e-02,5.025361e-05
