# rmse alpha/u,rmse phic/h,rmse h/r,spread alpha/u,spread phic/h,spread h/r
2.639753e-02,8.599413e-06,1.226004e-03,1.474749e-01,8.793516e-02,7.953860e-02
3.208583e-03,2.852202e-02,6.531002e-05,2.305943e-03,1.750997e-02,4.789245e-05
