# rmse alpha/u,rmse phic/h,rmse h/r,spread alpha/u,spread phic/h,spread h/r
2.639753e-02,8.599413e-06,1.226004e-03,1.474749e-01,8.793516e-02,7.953860e-02
3.005069e-03,1.584657e-02,3.590964e-05,1.853088e-03,1.254234e-02,3.565248e-05
