# rmse alpha/u,rmse phic/h,rmse h/r,spread alpha/u,spread phic/h,spread h/r
2.639753e-02,8.599413e-06,1.226004e-03,1.474749e-01,8.793516e-02,7.953860e-02
2.539464e-03,1.633869e-02,3.178518e-05,1.354101e-03,9.700110e-03,3.486353e-05
