# rmse alpha/u,rmse phic/h,rmse h/r,spread alpha/u,spread phic/h,spread h/r
1.882660e-03,3.369451e-03,4.415741e-02,1.827911e-01,2.328086e-01,2.118808e-01
2.831446e-03,2.001613e-02,4.480467e-05,2.287866e-03,1.631682e-02,4.893606e-05
