# rmse alpha/u,rmse phic/h,rmse h/r,spread alpha/u,spread phic/h,spread h/r
1.882660e-03,3.369451e-03,4.415741e-02,1.827911e-01,2.328086e-01,2.118808e-01
3.485247e-03,2.398835e-02,5.943736e-05,2.033282e-03,1.515763e-02,4.613697e-05
