# rmse alpha/u,rmse phic/h,rmse h/r,spread alpha/u,spread phic/h,spread h/r
2.301653e-02,9.045672e-03,8.042696e-02,1.307409e-01,2.052625e-01,1.826280e-01
8.418388e-04,6.467700e-03,1.920632e-05,8.425066e-04,6.571582e-03,4.765537e-05
