# rmse alpha/u,rmse phic/h,rmse h/r,spread alpha/u,spread phic/h,spread h/r
2.301653e-02,9.045672e-03,8.042696e-02,1.307409e-01,2.052625e-01,1.826280e-01
8.997518e-04,6.547299e-03,2.080721e-05,8.650794e-04,6.976073e-03,5.128542e-05
