# rmse alpha/u,rmse phic/h,rmse h/r,spread alpha/u,spread phic/h,spread h/r
2.301653e-02,9.045672e-03,8.042696e-02,1.307409e-01,2.052625e-01,1.826280e-01
8.157272e-04,6.169547e-03,2.123553e-05,8.363987e-04,6.483262e-03,4.884066e-05
