# rmse alpha/u,rmse phic/h,rmse h/r,spread alpha/u,spread phic/h,spread h/r
8.780942e-02,1.687744e-01,1.258501e-01,2.007018e-01,2.348895e-01,2.071683e-01
8.245620e-04,6.236619e-03,1.960576e-05,8.314680e-04,6.535285e-03,4.506264e-05
