# rmse alpha/u,rmse phic/h,rmse h/r,spread alpha/u,spread phic/h,spread h/r
8.780942e-02,1.687744e-01,1.258501e-01,2.007018e-01,2.348895e-01,2.071683e-01
8.425270e-04,6.489708e-03,2.182102e-05,8.164430e-04,6.429671e-03,4.400344e-05
