# rmse alpha/u,rmse phic/h,rmse h/r,spread alpha/u,spread phic/h,spread h/r
2.139147e-02,7.793505e-02,5.154627e-01,1.699231e-01,2.371684e-01,1.419867e-01
1.456147e-03,8.883912e-03,3.535375e-05,9.603186e-04,7.220422e-03,3.190025e-05
