# rmse alpha/u,rmse phic/h,rmse h/r,spread alpha/u,spread phic/h,spread h/r
2.139147e-02,7.793505e-02,5.154627e-01,1.699231e-01,2.371684e-01,1.419867e-01
1.586910e-03,1.292274e-02,4.054503e-05,1.209108e-03,8.911410e-03,3.334830e-05
