# rmse alpha/u,rmse phic/h,rmse h/r,spread alpha/u,spread phic/h,spread h/r
2.139147e-02,7.793505e-02,5.154627e-01,1.699231e-01,2.371684e-01,1.419867e-01
2.313515e-03,1.518811e-02,3.883334e-05,1.210853e-03,8.796833e-03,3.345745e-05
