# rmse alpha/u,rmse phic/h,rmse h/r,spread alpha/u,spread phic/h,spread h/r
2.139147e-02,7.793505e-02,5.154627e-01,1.699231e-01,2.371684e-01,1.419867e-01
1.710530e-03,8.379119e-03,4.145392e-05,1.092251e-03,7.957275e-03,3.306755e-05
