# rmse alpha/u,rmse phic/h,rmse h/r,spread alpha/u,spread phic/h,spread h/r
2.139147e-02,7.793505e-02,5.154627e-01,1.699231e-01,2.371684e-01,1.419867e-01
1.786383e-03,1.175980e-02,3.675576e-05,1.621729e-03,1.138440e-02,3.501894e-05
