# rmse alpha/u,rmse phic/h,rmse h/r,spread alpha/u,spread phic/h,spread h/r
2.139147e-02,7.793505e-02,5.154627e-01,1.699231e-01,2.371684e-01,1.419867e-01
2.904918e-03,1.377480e-02,3.553739e-05,1.805486e-03,1.243932e-02,3.545912e-05
