# rmse alpha/u,rmse phic/h,rmse h/r,spread alpha/u,spread phic/h,spread h/r
1.250900e-03,1.636332e-02,5.482040e-01,1.906733e-01,1.720275e-01,1.565591e-01
1.705802e-03,9.127805e-03,3.622329e-05,1.150809e-03,8.124692e-03,2.595534e-05
