# rmse alpha/u,rmse phic/h,rmse h/r,spread alpha/u,spread phic/h,spread h/r
1.250900e-03,1.636332e-02,5.482040e-01,1.906733e-01,1.720275e-01,1.565591e-01
1.268008e-03,9.662179e-03,2.845094e-05,8.868772e-04,6.471417e-03,2.106173e-05
