# rmse alpha/u,rmse phic/h,rmse h/r,spread alpha/u,spread phic/h,spread h/r
1.250900e-03,1.636332e-02,5.482040e-01,1.906733e-01,1.720275e-01,1.565591e-01
2.841286e-03,1.516869e-02,4.874313e-05,1.253652e-03,8.896891e-03,3.029424e-05
