# rmse alpha/u,rmse phic/h,rmse h/r,spread alpha/u,spread phic/h,spread h/r
2.762357e-01,1.525203e-01,8.082237e-02,1.359106e-01,9.178618e-02,7.644109e-02
4.585963e-03,2.878032e-02,5.385302e-05,3.695649e-03,2.704607e-02,5.604776e-05
