# rmse alpha/u,rmse phic/h,rmse h/r,spread alpha/u,spread phic/h,spread h/r
1.402396e-01,1.251957e-01,1.346992e-01,1.387355e-01,9.430782e-02,8.623447e-02
3.154871e-03,1.986613e-02,3.325977e-05,1.861946e-03,1.486364e-02,4.691456e-05
