# rmse alpha/u,rmse phic/h,rmse h/r,spread alpha/u,spread phic/h,spread h/r
1.402396e-01,1.251957e-01,1.346992e-01,1.387355e-01,9.430782e-02,8.623447e-02
1.814470e-03,1.117915e-02,2.541833e-05,1.299624e-03,9.286382e-03,4.145910e-05
