# rmse alpha/u,rmse phic/h,rmse h/r,spread alpha/u,spread phic/h,spread h/r
1.402396e-01,1.251957e-01,1.346992e-01,1.387355e-01,9.430782e-02,8.623447e-02
3.672974e-03,1.912581e-02,4.078971e-05,2.172533e-03,1.508061e-02,4.613349e-05
