# rmse alpha/u,rmse phic/h,rmse h/r,spread alpha/u,spread phic/h,spread h/r
1.402396e-01,1.251957e-01,1.346992e-01,1.387355e-01,9.430782e-02,8.623447e-02
2.320247e-03,8.392299e-03,2.252628e-05,1.396552e-03,9.387227e-03,4.095484e-05
