# rmse alpha/u,rmse phic/h,rmse h/r,spread alpha/u,spread phic/h,spread h/r
1.402396e-01,1.251957e-01,1.346992e-01,1.387355e-01,9.430782e-02,8.623447e-02
2.871873e-03,1.466383e-02,2.335011e-05,1.175670e-03,8.227604e-03,3.956456e-05
