# rmse alpha/u,rmse phic/h,rmse h/r,spread alpha/u,spread phic/h,spread h/r
1.402396e-01,1.251957e-01,1.346992e-01,1.387355e-01,9.430782e-02,8.623447e-02
3.655581e-03,1.762007e-02,2.632545e-05,1.337787e-03,9.459477e-03,3.877022e-05
