# rmse alpha/u,rmse phic/h,rmse h/r,spread alpha/u,spread phic/h,spread h/r
8.801074e-03,5.722507e-02,1.434463e-03,1.848571e-01,1.805460e-01,1.849770e-01
1.088661e-03,9.159803e-03,2.895238e-05,9.908542e-04,7.781977e-03,5.424273e-05
