# rmse alpha/u,rmse phic/h,rmse h/r,spread alpha/u,spread phic/h,spread h/r
8.801074e-03,5.722507e-02,1.434463e-03,1.848571e-01,1.805460e-01,1.849770e-01
1.130302e-03,7.909597e-03,2.767420e-05,1.129365e-03,8.091215e-03,5.143011e-05
