# rmse alpha/u,rmse phic/h,rmse h/r,spread alpha/u,spread phic/h,spread h/r
8.801074e-03,5.722507e-02,1.434463e-03,1.848571e-01,1.805460e-01,1.849770e-01
2.406861e-03,1.307374e-02,3.694533e-05,1.384615e-03,1.005725e-02,5.344903e-05
