# rmse alpha/u,rmse phic/h,rmse h/r,spread alpha/u,spread phic/h,spread h/r
8.801074e-03,5.722507e-02,1.434463e-03,1.848571e-01,1.805460e-01,1.849770e-01
2.018137e-03,1.329423e-02,4.524688e-05,1.365194e-03,1.029070e-02,5.663934e-05
