# rmse alpha/u,rmse phic/h,rmse h/r,spread alpha/u,spread phic/h,spread h/r
8.801074e-03,5.722507e-02,1.434463e-03,1.848571e-01,1.805460e-01,1.849770e-01
8.981509e-04,7.334078e-03,2.699097e-05,9.224063e-04,7.138235e-03,5.067107e-05
