# rmse alpha/u,rmse phic/h,rmse h/r,spread alpha/u,spread phic/h,spread h/r
8.801074e-03,5.722507e-02,1.434463e-03,1.848571e-01,1.805460e-01,1.849770e-01
1.523830e-03,1.050094e-02,2.748046e-05,1.020059e-03,7.601007e-03,5.175096e-05
