# rmse alpha/u,rmse phic/h,rmse h/r,spread alpha/u,spread phic/h,spread h/r
8.801074e-03,5.722507e-02,1.434463e-03,1.848571e-01,1.805460e-01,1.849770e-01
9.297488e-04,8.823603e-03,3.104318e-05,9.546286e-04,7.264738e-03,5.164120e-05
