# rmse alpha/u,rmse phic/h,rmse h/r,spread alpha/u,spread phic/h,spread h/r
8.801074e-03,5.722507e-02,1.434463e-03,1.848571e-01,1.805460e-01,1.849770e-01
9.495854e-04,7.207480e-03,3.428746e-05,9.756890e-04,7.433984e-03,5.250431e-05
