# rmse alpha/u,rmse phic/h,rmse h/r,spread alpha/u,spread phic/h,spread h/r
2.913493e-01,2.045400e-01,2.864167e-01,2.000495e-01,1.940339e-01,1.955142e-01
4.565492e-03,3.142173e-02,6.980260e-05,3.290331e-03,2.440807e-02,5.332879e-05
