# rmse alpha/u,rmse phic/h,rmse h/r,spread alpha/u,spread phic/h,spread h/r
2.913493e-01,2.045400e-01,2.864167e-01,2.000495e-01,1.940339e-01,1.955142e-01
4.837373e-03,3.483536e-02,8.041582e-05,3.716512e-03,2.847821e-02,6.032986e-05
