# rmse alpha/u,rmse phic/h,rmse h/r,spread alpha/u,spread phic/h,spread h/r
2.913493e-01,2.045400e-01,2.864167e-01,2.000495e-01,1.940339e-01,1.955142e-01
4.353418e-03,3.483221e-02,7.708984e-05,2.874291e-03,2.214013e-02,5.498235e-05
