# rmse alpha/u,rmse phic/h,rmse h/r,spread alpha/u,spread phic/h,spread h/r
2.913493e-01,2.045400e-01,2.864167e-01,2.000495e-01,1.940339e-01,1.955142e-01
4.694323e-03,2.588426e-02,5.454279e-05,3.049580e-03,2.115689e-02,4.045181e-05
