# rmse alpha/u,rmse phic/h,rmse h/r,spread alpha/u,spread phic/h,spread h/r
2.913493e-01,2.045400e-01,2.864167e-01,2.000495e-01,1.940339e-01,1.955142e-01
4.735843e-03,2.825020e-02,5.237718e-05,3.242754e-03,2.347349e-02,4.931090e-05
