# rmse alpha/u,rmse phic/h,rmse h/r,spread alpha/u,spread phic/h,spread h/r
1.154544e-01,1.518224e-02,7.587576e-03,1.365522e-01,7.998891e-02,7.116511e-02
5.107841e-03,2.877425e-02,4.503600e-05,2.908614e-03,1.995203e-02,3.953437e-05
