# rmse alpha/u,rmse phic/h,rmse h/r,spread alpha/u,spread phic/h,spread h/r
1.154544e-01,1.518224e-02,7.587576e-03,1.365522e-01,7.998891e-02,7.116511e-02
5.475233e-03,4.001707e-02,5.548691e-05,3.208984e-03,2.380494e-02,4.357570e-05
