# rmse alpha/u,rmse phic/h,rmse h/r,spread alpha/u,spread phic/h,spread h/r
1.154544e-01,1.518224e-02,7.587576e-03,1.365522e-01,7.998891e-02,7.116511e-02
3.477430e-03,2.655955e-02,5.963019e-05,3.344015e-03,2.289068e-02,4.031426e-05
