# rmse alpha/u,rmse phic/h,rmse h/r,spread alpha/u,spread phic/h,spread h/r
1.139931e-01,3.787598e-01,4.643889e-01,2.123994e-01,1.936555e-01,1.948980e-01
4.327871e-03,3.059852e-02,7.397464e-05,2.260224e-03,1.605457e-02,3.213881e-05
