# rmse alpha/u,rmse phic/h,rmse h/r,spread alpha/u,spread phic/h,spread h/r
1.139931e-01,3.787598e-01,4.643889e-01,2.123994e-01,1.936555e-01,1.948980e-01
3.304201e-03,3.473503e-02,6.654798e-05,2.494235e-03,1.692705e-02,2.617362e-05
