# rmse alpha/u,rmse phic/h,rmse h/r,spread alpha/u,spread phic/h,spread h/r
1.139931e-01,3.787598e-01,4.643889e-01,2.123994e-01,1.936555e-01,1.948980e-01
3.987460e-03,2.926747e-02,7.093043e-05,3.715069e-03,2.762039e-02,4.172796e-05
