# rmse alpha/u,rmse phic/h,rmse h/r,spread alpha/u,spread phic/h,spread h/r
1.139931e-01,3.787598e-01,4.643889e-01,2.123994e-01,1.936555e-01,1.948980e-01
4.737458e-03,2.970712e-02,6.309255e-05,3.149181e-03,2.207328e-02,4.056451e-05
