# rmse alpha/u,rmse phic/h,rmse h/r,spread alpha/u,spread phic/h,spread h/r
1.139931e-01,3.787598e-01,4.643889e-01,2.123994e-01,1.936555e-01,1.948980e-01
4.700936e-03,3.876307e-02,6.144537e-05,3.102637e-03,2.207728e-02,3.241583e-05
