# rmse alpha/u,rmse phic/h,rmse h/r,spread alpha/u,spread phic/h,spread h/r
1.507389e-01,2.814117e-01,7.966593e-02,1.457680e-01,9.847095e-02,7.795796e-02
8.229570e-04,6.447520e-03,3.507273e-05,7.866603e-04,6.138704e-03,4.443758e-05
