# rmse alpha/u,rmse phic/h,rmse h/r,spread alpha/u,spread phic/h,spread h/r
1.507389e-01,2.814117e-01,7.966593e-02,1.457680e-01,9.847095e-02,7.795796e-02
8.019297e-04,7.271426e-03,4.328694e-05,7.988991e-04,6.280395e-03,4.485953e-05
