# rmse alpha/u,rmse phic/h,rmse h/r,spread alpha/u,spread phic/h,spread h/r
1.507389e-01,2.814117e-01,7.966593e-02,1.457680e-01,9.847095e-02,7.795796e-02
8.479779e-04,7.030529e-03,3.310416e-05,8.040988e-04,6.424103e-03,4.373876e-05
