# rmse alpha/u,rmse phic/h,rmse h/r,spread alpha/u,spread phic/h,spread h/r
1.507389e-01,2.814117e-01,7.966593e-02,1.457680e-01,9.847095e-02,7.795796e-02
8.544417e-04,7.133273e-03,3.710299e-05,7.779540e-04,6.154080e-03,4.507038e-05
