# rmse alpha/u,rmse phic/h,rmse h/r,spread alpha/u,spread phic/h,spread h/r
1.507389e-01,2.814117e-01,7.966593e-02,1.457680e-01,9.847095e-02,7.795796e-02
8.093933e-04,6.382450e-03,3.424478e-05,7.631451e-04,6.038909e-03,4.265630e-05
