# rmse alpha/u,rmse phic/h,rmse h/r,spread alpha/u,spread phic/h,spread h/r
1.507389e-01,2.814117e-01,7.966593e-02,1.457680e-01,9.847095e-02,7.795796e-02
8.427120e-04,1.136171e-02,3.891891e-05,7.620604e-04,6.057889e-03,4.354786e-05
