# rmse alpha/u,rmse phic/h,rmse h/r,spread alpha/u,spread phic/h,spread h/r
1.396791e-04,1.880710e-01,2.536830e-02,2.064906e-01,1.899857e-01,1.562718e-01
5.015545e-03,3.389097e-02,7.010416e-05,4.385658e-03,3.556450e-02,6.593834e-05
