# rmse alpha/u,rmse phic/h,rmse h/r,spread alpha/u,spread phic/h,spread h/r
1.396791e-04,1.880710e-01,2.536830e-02,2.064906e-01,1.899857e-01,1.562718e-01
5.229353e-03,2.940581e-02,8.148410e-05,4.455882e-03,3.423658e-02,5.846930e-05
