# rmse alpha/u,rmse phic/h,rmse h/r,spread alpha/u,spread phic/h,spread h/r
1.396791e-04,1.880710e-01,2.536830e-02,2.064906e-01,1.899857e-01,1.562718e-01
3.979791e-03,2.450434e-02,6.051341e-05,3.672599e-03,2.652402e-02,4.247788e-05
