# rmse alpha/u,rmse phic/h,rmse h/r,spread alpha/u,spread phic/h,spread h/r
4.730598e-02,4.106674e-03,9.644601e-02,1.733888e-01,2.278507e-01,1.488446e-01
3.524350e-03,2.194331e-02,4.112058e-05,2.105691e-03,1.658639e-02,4.159682e-05
