# rmse alpha/u,rmse phic/h,rmse h/r,spread alpha/u,spread phic/h,spread h/r
4.730598e-02,4.106674e-03,9.644601e-02,1.733888e-01,2.278507e-01,1.488446e-01
3.720397e-03,2.412984e-02,2.122495e-05,2.803342e-03,1.954326e-02,3.176709e-05
