# rmse alpha/u,rmse phic/h,rmse h/r,spread alpha/u,spread phic/h,spread h/r
4.730598e-02,4.106674e-03,9.644601e-02,1.733888e-01,2.278507e-01,1.488446e-01
2.110401e-03,1.578755e-02,3.962730e-05,1.731099e-03,1.276261e-02,3.317628e-05
