# rmse alpha/u,rmse phic/h,rmse h/r,spread alpha/u,spread phic/h,spread h/r
4.730598e-02,4.106674e-03,9.644601e-02,1.733888e-01,2.278507e-01,1.488446e-01
3.003356e-03,1.895465e-02,3.202670e-05,1.830168e-03,1.396025e-02,3.689172e-05
