# rmse alpha/u,rmse phic/h,rmse h/r,spread alpha/u,spread phic/h,spread h/r
4.730598e-02,4.106674e-03,9.644601e-02,1.733888e-01,2.278507e-01,1.488446e-01
2.747608e-03,1.663841e-02,3.334162e-05,1.640913e-03,1.105065e-02,3.337363e-05
