# rmse alpha/u,rmse phic/h,rmse h/r,spread alpha/u,spread phic/h,spread h/r
2.481411e-03,5.150460e-02,3.665640e-03,1.713789e-01,1.621032e-01,1.988178e-01
8.615342e-04,6.719697e-03,2.820293e-05,8.561963e-04,6.873578e-03,5.323749e-05
