# rmse alpha/u,rmse phic/h,rmse h/r,spread alpha/u,spread phic/h,spread h/r
2.481411e-03,5.150460e-02,3.665640e-03,1.713789e-01,1.621032e-01,1.988178e-01
8.823219e-04,6.906265e-03,2.754143e-05,8.898412e-04,7.238055e-03,5.267403e-05
