# rmse alpha/u,rmse phic/h,rmse h/r,spread alpha/u,spread phic/h,spread h/r
2.481411e-03,5.150460e-02,3.665640e-03,1.713789e-01,1.621032e-01,1.988178e-01
1.227512e-03,9.115087e-03,2.760397e-05,1.146735e-03,8.683346e-03,5.298213e-05
