# rmse alpha/u,rmse phic/h,rmse h/r,spread alpha/u,spread phic/h,spread h/r
2.481411e-03,5.150460e-02,3.665640e-03,1.713789e-01,1.621032e-01,1.988178e-01
1.038902e-03,7.501557e-03,2.262495e-05,1.052351e-03,7.752367e-03,5.223134e-05
