# rmse alpha/u,rmse phic/h,rmse h/r,spread alpha/u,spread phic/h,spread h/r
2.481411e-03,5.150460e-02,3.665640e-03,1.713789e-01,1.621032e-01,1.988178e-01
2.493204e-03,1.115625e-02,3.318449e-05,1.049327e-03,8.087136e-03,5.330629e-05
