# rmse alpha/u,rmse phic/h,rmse h/r,spread alpha/u,spread phic/h,spread h/r
4.590814e-03,7.255350e-03,1.066979e-01,2.007018e-01,2.348895e-01,2.071683e-01
2.260117e-03,1.625886e-02,3.840239e-05,2.286456e-03,1.664836e-02,4.102276e-05
