# rmse alpha/u,rmse phic/h,rmse h/r,spread alpha/u,spread phic/h,spread h/r
4.590814e-03,7.255350e-03,1.066979e-01,2.007018e-01,2.348895e-01,2.071683e-01
3.446840e-03,2.078056e-02,3.503536e-05,2.427661e-03,1.958854e-02,4.102910e-05
