# rmse alpha/u,rmse phic/h,rmse h/r,spread alpha/u,spread phic/h,spread h/r
4.590814e-03,7.255350e-03,1.066979e-01,2.007018e-01,2.348895e-01,2.071683e-01
4.685517e-03,2.966193e-02,4.701160e-05,2.511625e-03,1.752436e-02,3.816439e-05
