# rmse alpha/u,rmse phic/h,rmse h/r,spread alpha/u,spread phic/h,spread h/r
4.590814e-03,7.255350e-03,1.066979e-01,2.007018e-01,2.348895e-01,2.071683e-01
3.891767e-03,2.194074e-02,2.625741e-05,2.246234e-03,1.632004e-02,3.332367e-05
