# rmse alpha/u,rmse phic/h,rmse h/r,spread alpha/u,spread phic/h,spread h/r
4.590814e-03,7.255350e-03,1.066979e-01,2.007018e-01,2.348895e-01,2.071683e-01
3.793352e-03,2.166386e-02,2.527839e-05,2.073030e-03,1.409484e-02,3.107401e-05
