# rmse alpha/u,rmse phic/h,rmse h/r,spread alpha/u,spread phic/h,spread h/r
9.431891e-02,1.169368e-04,5.480937e-03,2.054215e-01,2.254658e-01,1.601708e-01
3.271380e-03,2.341661e-02,5.961358e-05,2.240800e-03,1.600274e-02,5.206575e-05
