# rmse alpha/u,rmse phic/h,rmse h/r,spread alpha/u,spread phic/h,spread h/r
9.431891e-02,1.169368e-04,5.480937e-03,2.054215e-01,2.254658e-01,1.601708e-01
2.106422e-03,1.668182e-02,3.553823e-05,2.127826e-03,1.394938e-02,4.008699e-05
