# rmse alpha/u,rmse phic/h,rmse h/r,spread alpha/u,spread phic/h,spread h/r
9.431891e-02,1.169368e-04,5.480937e-03,2.054215e-01,2.254658e-01,1.601708e-01
3.436742e-03,2.410932e-02,6.144963e-05,2.349345e-03,1.759699e-02,5.565547e-05
