# rmse alpha/u,rmse phic/h,rmse h/r,spread alpha/u,spread phic/h,spread h/r
7.275010e-03,8.611657e-03,3.385819e-03,1.342951e-01,1.024860e-01,8.130468e-02
3.310052e-03,2.103683e-02,4.158844e-05,2.700738e-03,1.956809e-02,4.642808e-05
