# rmse alpha/u,rmse phic/h,rmse h/r,spread alpha/u,spread phic/h,spread h/r
7.275010e-03,8.611657e-03,3.385819e-03,1.342951e-01,1.024860e-01,8.130468e-02
3.710426e-03,2.893011e-02,5.012966e-05,2.692163e-03,2.011587e-02,5.015930e-05
