# rmse alpha/u,rmse phic/h,rmse h/r,spread alpha/u,spread phic/h,spread h/r
7.275010e-03,8.611657e-03,3.385819e-03,1.342951e-01,1.024860e-01,8.130468e-02
2.793932e-03,2.097252e-02,5.287171e-05,2.038297e-03,1.479006e-02,4.254345e-05
