# rmse alpha/u,rmse phic/h,rmse h/r,spread alpha/u,spread phic/h,spread h/r
7.275010e-03,8.611657e-03,3.385819e-03,1.342951e-01,1.024860e-01,8.130468e-02
3.142323e-03,2.034443e-02,5.056156e-05,1.947869e-03,1.403555e-02,4.363360e-05
