# rmse alpha/u,rmse phic/h,rmse h/r,spread alpha/u,spread phic/h,spread h/r
7.275010e-03,8.611657e-03,3.385819e-03,1.342951e-01,1.024860e-01,8.130468e-02
2.816341e-03,1.909242e-02,3.622289e-05,1.775940e-03,1.252178e-02,4.259121e-05
