# rmse alpha/u,rmse phic/h,rmse h/r,spread alpha/u,spread phic/h,spread h/r
7.275010e-03,8.611657e-03,3.385819e-03,1.342951e-01,1.024860e-01,8.130468e-02
3.495332e-03,2.472083e-02,4.936052e-05,2.549647e-03,1.841247e-02,4.458375e-05
