# rmse alpha/u,rmse phic/h,rmse h/r,spread alpha/u,spread phic/h,spread h/r
7.275010e-03,8.611657e-03,3.385819e-03,1.342951e-01,1.024860e-01,8.130468e-02
2.972575e-03,1.892446e-02,4.654285e-05,2.218741e-03,1.484273e-02,4.163562e-05
