# rmse alpha/u,rmse phic/h,rmse h/r,spread alpha/u,spread phic/h,spread h/r
1.584411e-01,2.047276e-01,3.541643e-01,1.466771e-01,1.936554e-01,1.972440e-01
4.229742e-03,2.355336e-02,6.822619e-05,3.129960e-03,2.148980e-02,6.373726e-05
