# rmse alpha/u,rmse phic/h,rmse h/r,spread alpha/u,spread phic/h,spread h/r
1.584411e-01,2.047276e-01,3.541643e-01,1.466771e-01,1.936554e-01,1.972440e-01
2.568286e-03,1.505544e-02,5.291215e-05,1.678813e-03,1.243258e-02,4.733433e-05
