# rmse alpha/u,rmse phic/h,rmse h/r,spread alpha/u,spread phic/h,spread h/r
1.584411e-01,2.047276e-01,3.541643e-01,1.466771e-01,1.936554e-01,1.972440e-01
2.719382e-03,1.664909e-02,4.401799e-05,1.815294e-03,1.237457e-02,4.444021e-05
