# rmse alpha/u,rmse phic/h,rmse h/r,spread alpha/u,spread phic/h,spread h/r
1.584411e-01,2.047276e-01,3.541643e-01,1.466771e-01,1.936554e-01,1.972440e-01
4.708082e-03,2.379101e-02,8.310804e-05,1.759269e-03,1.238515e-02,5.123035e-05
