# rmse alpha/u,rmse phic/h,rmse h/r,spread alpha/u,spread phic/h,spread h/r
1.584411e-01,2.047276e-01,3.541643e-01,1.466771e-01,1.936554e-01,1.972440e-01
4.144475e-03,2.487546e-02,7.391172e-05,1.986447e-03,1.465716e-02,5.547331e-05
