# rmse alpha/u,rmse phic/h,rmse h/r,spread alpha/u,spread phic/h,spread h/r
8.043112e-05,5.730885e-02,1.509412e-01,2.029553e-01,2.401346e-01,2.180772e-01
2.970432e-03,2.370333e-02,2.541539e-05,3.363562e-03,2.827616e-02,3.150623e-05
