# rmse alpha/u,rmse phic/h,rmse h/r,spread alpha/u,spread phic/h,spread h/r
8.043112e-05,5.730885e-02,1.509412e-01,2.029553e-01,2.401346e-01,2.180772e-01
4.216606e-03,3.427269e-02,2.335403e-05,3.512791e-03,2.674933e-02,2.812758e-05
