# rmse alpha/u,rmse phic/h,rmse h/r,spread alpha/u,spread phic/h,spread h/r
8.043112e-05,5.730885e-02,1.509412e-01,2.029553e-01,2.401346e-01,2.180772e-01
5.439766e-03,3.615779e-02,3.453763e-05,3.657080e-03,2.902481e-02,3.263940e-05
