# rmse alpha/u,rmse phic/h,rmse h/r,spread alpha/u,spread phic/h,spread h/r
8.043112e-05,5.730885e-02,1.509412e-01,2.029553e-01,2.401346e-01,2.180772e-01
5.272672e-03,3.383005e-02,2.908117e-05,3.208904e-03,2.434145e-02,3.248895e-05
