# rmse alpha/u,rmse phic/h,rmse h/r,spread alpha/u,spread phic/h,spread h/r
2.095759e-01,1.735435e-01,9.323379e-02,1.293247e-01,1.062325e-01,7.861212e-02
4.257766e-03,2.881191e-02,4.496425e-05,3.688969e-03,2.835949e-02,5.108882e-05
