# rmse alpha/u,rmse phic/h,rmse h/r,spread alpha/u,spread phic/h,spread h/r
2.095759e-01,1.735435e-01,9.323379e-02,1.293247e-01,1.062325e-01,7.861212e-02
3.492563e-03,2.469224e-02,4.597265e-05,3.747350e-03,2.776457e-02,5.062508e-05
