# rmse alpha/u,rmse phic/h,rmse h/r,spread alpha/u,spread phic/h,spread h/r
2.095759e-01,1.735435e-01,9.323379e-02,1.293247e-01,1.062325e-01,7.861212e-02
3.093141e-03,1.931553e-02,4.175259e-05,3.363542e-03,2.651775e-02,4.790684e-05
