# rmse alpha/u,rmse phic/h,rmse h/r,spread alpha/u,spread phic/h,spread h/r
2.095759e-01,1.735435e-01,9.323379e-02,1.293247e-01,1.062325e-01,7.861212e-02
4.077710e-03,3.052239e-02,4.067992e-05,2.908225e-03,2.136482e-02,4.235738e-05
