# rmse alpha/u,rmse phic/h,rmse h/r,spread alpha/u,spread phic/h,spread h/r
2.095759e-01,1.735435e-01,9.323379e-02,1.293247e-01,1.062325e-01,7.861212e-02
4.075556e-03,2.773186e-02,3.174515e-05,3.215109e-03,2.290991e-02,3.627382e-05
