# rmse alpha/u,rmse phic/h,rmse h/r,spread alpha/u,spread phic/h,spread h/r
2.095759e-01,1.735435e-01,9.323379e-02,1.293247e-01,1.062325e-01,7.861212e-02
3.927292e-03,2.137253e-02,3.542728e-05,3.363944e-03,2.337392e-02,3.650593e-05
