# rmse alpha/u,rmse phic/h,rmse h/r,spread alpha/u,spread phic/h,spread h/r
1.746379e-01,3.730700e-01,3.026134e-01,1.402536e-01,2.207597e-01,2.039123e-01
9.911140e-04,8.802217e-03,7.141382e-05,8.433481e-04,6.700958e-03,3.818370e-05
