# rmse alpha/u,rmse phic/h,rmse h/r,spread alpha/u,spread phic/h,spread h/r
1.746379e-01,3.730700e-01,3.026134e-01,1.402536e-01,2.207597e-01,2.039123e-01
8.490129e-04,6.801981e-03,7.423065e-05,8.210492e-04,6.490703e-03,3.852439e-05
