# rmse alpha/u,rmse phic/h,rmse h/r,spread alpha/u,spread phic/h,spread h/r
1.746379e-01,3.730700e-01,3.026134e-01,1.402536e-01,2.207597e-01,2.039123e-01
8.556103e-04,6.648743e-03,6.069809e-05,8.417252e-04,6.564881e-03,3.797018e-05
