# rmse alpha/u,rmse phic/h,rmse h/r,spread alpha/u,spread phic/h,spread h/r
1.746379e-01,3.730700e-01,3.026134e-01,1.402536e-01,2.207597e-01,2.039123e-01
8.839881e-04,6.933209e-03,7.712174e-05,8.458380e-04,6.545301e-03,3.907079e-05
