# rmse alpha/u,rmse phic/h,rmse h/r,spread alpha/u,spread phic/h,spread h/r
1.746379e-01,3.730700e-01,3.026134e-01,1.402536e-01,2.207597e-01,2.039123e-01
9.986754e-04,7.543524e-03,6.838722e-05,8.235744e-04,6.449745e-03,3.849854e-05
