# rmse alpha/u,rmse phic/h,rmse h/r,spread alpha/u,spread phic/h,spread h/r
1.746379e-01,3.730700e-01,3.026134e-01,1.402536e-01,2.207597e-01,2.039123e-01
8.348232e-04,6.354380e-03,7.053883e-05,8.157922e-04,6.374751e-03,3.845954e-05
