# rmse alpha/u,rmse phic/h,rmse h/r,spread alpha/u,spread phic/h,spread h/r
1.746379e-01,3.730700e-01,3.026134e-01,1.402536e-01,2.207597e-01,2.039123e-01
8.860649e-04,7.662707e-03,7.518754e-05,8.643118e-04,6.815441e-03,3.825709e-05
