# rmse alpha/u,rmse phic/h,rmse h/r,spread alpha/u,spread phic/h,spread h/r
2.418432e-03,1.120600e-02,4.808856e-04,2.178019e-01,1.997102e-01,1.533221e-01
4.647153e-03,3.761688e-02,6.342968e-05,2.899325e-03,2.209534e-02,4.574430e-05
