# rmse alpha/u,rmse phic/h,rmse h/r,spread alpha/u,spread phic/h,spread h/r
2.418432e-03,1.120600e-02,4.808856e-04,2.178019e-01,1.997102e-01,1.533221e-01
2.815372e-03,2.539513e-02,5.376301e-05,2.840682e-03,2.136936e-02,4.451992e-05
