# rmse alpha/u,rmse phic/h,rmse h/r,spread alpha/u,spread phic/h,spread h/r
2.418432e-03,1.120600e-02,4.808856e-04,2.178019e-01,1.997102e-01,1.533221e-01
3.849628e-03,2.860332e-02,6.401930e-05,3.106493e-03,2.166545e-02,4.444342e-05
