# rmse alpha/u,rmse phic/h,rmse h/r,spread alpha/u,spread phic/h,spread h/r
2.418432e-03,1.120600e-02,4.808856e-04,2.178019e-01,1.997102e-01,1.533221e-01
5.325146e-03,3.270394e-02,8.361482e-05,2.964510e-03,2.153291e-02,5.241644e-05
