# rmse alpha/u,rmse phic/h,rmse h/r,spread alpha/u,spread phic/h,spread h/r
7.545072e-02,4.865942e-03,2.871099e-02,2.062757e-01,2.431704e-01,1.877916e-01
5.356204e-03,4.323051e-02,4.553866e-05,4.510982e-03,3.558614e-02,4.436505e-05
