# rmse alpha/u,rmse phic/h,rmse h/r,spread alpha/u,spread phic/h,spread h/r
7.545072e-02,4.865942e-03,2.871099e-02,2.062757e-01,2.431704e-01,1.877916e-01
5.186855e-03,3.854175e-02,4.210392e-05,4.160520e-03,3.399825e-02,4.774792e-05
