# rmse alpha/u,rmse phic/h,rmse h/r,spread alpha/u,spread phic/h,spread h/r
7.545072e-02,4.865942e-03,2.871099e-02,2.062757e-01,2.431704e-01,1.877916e-01
5.001582e-03,3.513551e-02,4.517303e-05,3.550173e-03,2.800846e-02,4.683017e-05
