# rmse alpha/u,rmse phic/h,rmse h/r,spread alpha/u,spread phic/h,spread h/r
7.545072e-02,4.865942e-03,2.871099e-02,2.062757e-01,2.431704e-01,1.877916e-01
5.075737e-03,2.983347e-02,4.652689e-05,3.613177e-03,2.847853e-02,4.377428e-05
