# rmse alpha/u,rmse phic/h,rmse h/r,spread alpha/u,spread phic/h,spread h/r
7.545072e-02,4.865942e-03,2.871099e-02,2.062757e-01,2.431704e-01,1.877916e-01
3.727278e-03,3.620658e-02,3.699264e-05,3.102271e-03,2.449112e-02,3.834996e-05
