# rmse alpha/u,rmse phic/h,rmse h/r,spread alpha/u,spread phic/h,spread h/r
5.744159e-03,7.621800e-05,3.039945e-02,1.636341e-01,2.214420e-01,1.802790e-01
7.891151e-04,6.393830e-03,2.740359e-05,7.312352e-04,5.687673e-03,3.808505e-05
