# rmse alpha/u,rmse phic/h,rmse h/r,spread alpha/u,spread phic/h,spread h/r
5.744159e-03,7.621800e-05,3.039945e-02,1.636341e-01,2.214420e-01,1.802790e-01
8.817091e-04,7.822560e-03,4.379155e-05,8.213164e-04,6.371851e-03,3.942189e-05
