# rmse alpha/u,rmse phic/h,rmse h/r,spread alpha/u,spread phic/h,spread h/r
5.744159e-03,7.621800e-05,3.039945e-02,1.636341e-01,2.214420e-01,1.802790e-01
9.752493e-04,8.231125e-03,4.041361e-05,8.414989e-04,6.760517e-03,4.041888e-05
