# rmse alpha/u,rmse phic/h,rmse h/r,spread alpha/u,spread phic/h,spread h/r
1.974382e-01,3.452771e-01,2.102975e-01,1.792759e-01,2.551135e-01,1.888248e-01
2.202794e-03,1.664125e-02,3.956134e-05,1.880188e-03,1.346008e-02,4.054412e-05
