# rmse alpha/u,rmse phic/h,rmse h/r,spread alpha/u,spread phic/h,spread h/r
1.458410e-01,1.487991e-01,4.666888e-04,1.927996e-01,2.373932e-01,2.334187e-01
3.794079e-03,2.656260e-02,5.122809e-05,3.595735e-03,2.666476e-02,4.430697e-05
