# rmse alpha/u,rmse phic/h,rmse h/r,spread alpha/u,spread phic/h,spread h/r
1.458410e-01,1.487991e-01,4.666888e-04,1.927996e-01,2.373932e-01,2.334187e-01
3.887109e-03,2.536729e-02,4.793480e-05,4.097254e-03,3.023890e-02,4.017240e-05
