# rmse alpha/u,rmse phic/h,rmse h/r,spread alpha/u,spread phic/h,spread h/r
1.458410e-01,1.487991e-01,4.666888e-04,1.927996e-01,2.373932e-01,2.334187e-01
4.354792e-03,2.860916e-02,4.469042e-05,3.242369e-03,2.175866e-02,3.731942e-05
