# rmse alpha/u,rmse phic/h,rmse h/r,spread alpha/u,spread phic/h,spread h/r
1.458410e-01,1.487991e-01,4.666888e-04,1.927996e-01,2.373932e-01,2.334187e-01
3.471894e-03,2.255699e-02,4.452252e-05,3.363661e-03,2.282110e-02,3.432410e-05
