# rmse alpha/u,rmse phic/h,rmse h/r,spread alpha/u,spread phic/h,spread h/r
1.458410e-01,1.487991e-01,4.666888e-04,1.927996e-01,2.373932e-01,2.334187e-01
4.448225e-03,2.476786e-02,4.055581e-05,3.481696e-03,2.297260e-02,3.384413e-05
