# rmse alpha/u,rmse phic/h,rmse h/r,spread alpha/u,spread phic/h,spread h/r
1.458410e-01,1.487991e-01,4.666888e-04,1.927996e-01,2.373932e-01,2.334187e-01
4.535101e-03,2.871090e-02,4.355432e-05,3.709478e-03,2.687328e-02,3.811306e-05
