# rmse alpha/u,rmse phic/h,rmse h/r,spread alpha/u,spread phic/h,spread h/r
1.458410e-01,1.487991e-01,4.666888e-04,1.927996e-01,2.373932e-01,2.334187e-01
5.104089e-03,2.986346e-02,4.126139e-05,3.773793e-03,2.578459e-02,3.606236e-05
