# rmse alpha/u,rmse phic/h,rmse h/r,spread alpha/u,spread phic/h,spread h/r
6.814498e-04,1.090531e-02,9.969356e-04,2.064906e-01,1.899857e-01,1.562718e-01
4.295214e-03,2.696356e-02,3.387298e-05,2.737917e-03,1.858634e-02,3.681695e-05
