# rmse alpha/u,rmse phic/h,rmse h/r,spread alpha/u,spread phic/h,spread h/r
6.814498e-04,1.090531e-02,9.969356e-04,2.064906e-01,1.899857e-01,1.562718e-01
4.654924e-03,2.757661e-02,4.089295e-05,3.164595e-03,2.123489e-02,3.956504e-05
