# rmse alpha/u,rmse phic/h,rmse h/r,spread alpha/u,spread phic/h,spread h/r
2.239634e-02,2.697963e-01,5.650649e-01,1.906733e-01,1.720275e-01,1.565591e-01
2.193971e-03,1.042033e-02,8.724717e-05,1.225225e-03,8.220949e-03,3.481824e-05
