# rmse alpha/u,rmse phic/h,rmse h/r,spread alpha/u,spread phic/h,spread h/r
2.239634e-02,2.697963e-01,5.650649e-01,1.906733e-01,1.720275e-01,1.565591e-01
1.214795e-03,9.131190e-03,8.198359e-05,1.199010e-03,8.256945e-03,3.021298e-05
