# rmse alpha/u,rmse phic/h,rmse h/r,spread alpha/u,spread phic/h,spread h/r
2.239634e-02,2.697963e-01,5.650649e-01,1.906733e-01,1.720275e-01,1.565591e-01
2.066640e-03,1.233645e-02,8.686388e-05,1.605889e-03,1.080221e-02,3.655814e-05
