# rmse alpha/u,rmse phic/h,rmse h/r,spread alpha/u,spread phic/h,spread h/r
2.239634e-02,2.697963e-01,5.650649e-01,1.906733e-01,1.720275e-01,1.565591e-01
8.151588e-04,7.717565e-03,8.712681e-05,8.710330e-04,6.329321e-03,2.906439e-05
