# rmse alpha/u,rmse phic/h,rmse h/r,spread alpha/u,spread phic/h,spread h/r
1.491719e-01,4.054193e-01,2.609249e-01,1.252033e-01,2.157036e-01,2.323844e-01
1.083822e-03,8.170552e-03,3.316044e-05,7.761278e-04,6.110746e-03,4.067043e-05
