# rmse alpha/u,rmse phic/h,rmse h/r,spread alpha/u,spread phic/h,spread h/r
1.491719e-01,4.054193e-01,2.609249e-01,1.252033e-01,2.157036e-01,2.323844e-01
1.532701e-03,9.558778e-03,3.571487e-05,7.692302e-04,6.113865e-03,4.093923e-05
