# rmse alpha/u,rmse phic/h,rmse h/r,spread alpha/u,spread phic/h,spread h/r
1.491719e-01,4.054193e-01,2.609249e-01,1.252033e-01,2.157036e-01,2.323844e-01
8.596285e-04,7.089959e-03,3.149071e-05,7.957229e-04,6.427626e-03,4.167119e-05
