# rmse alpha/u,rmse phic/h,rmse h/r,spread alpha/u,spread phic/h,spread h/r
1.491719e-01,4.054193e-01,2.609249e-01,1.252033e-01,2.157036e-01,2.323844e-01
8.305233e-04,6.789228e-03,2.916071e-05,7.731609e-04,6.065518e-03,4.079622e-05
