# rmse alpha/u,rmse phic/h,rmse h/r,spread alpha/u,spread phic/h,spread h/r
7.794873e-03,3.082379e-03,4.443975e-02,1.025186e-01,8.119249e-02,7.741739e-02
8.965470e-04,8.467535e-03,3.460824e-05,8.594707e-04,6.873139e-03,4.993535e-05
