# rmse alpha/u,rmse phic/h,rmse h/r,spread alpha/u,spread phic/h,spread h/r
7.794873e-03,3.082379e-03,4.443975e-02,1.025186e-01,8.119249e-02,7.741739e-02
8.038732e-04,6.252784e-03,2.195038e-05,8.047384e-04,6.351600e-03,4.677371e-05
