# rmse alpha/u,rmse phic/h,rmse h/r,spread alpha/u,spread phic/h,spread h/r
3.783855e-01,1.022114e-01,4.572050e-01,1.724500e-01,2.357833e-01,1.626367e-01
5.390309e-03,2.711540e-02,4.252251e-05,2.756568e-03,1.851412e-02,2.266715e-05
