# rmse alpha/u,rmse phic/h,rmse h/r,spread alpha/u,spread phic/h,spread h/r
3.783855e-01,1.022114e-01,4.572050e-01,1.724500e-01,2.357833e-01,1.626367e-01
4.628255e-03,3.417127e-02,4.756412e-05,3.045302e-03,2.064304e-02,2.308853e-05
