# rmse alpha/u,rmse phic/h,rmse h/r,spread alpha/u,spread phic/h,spread h/r
3.783855e-01,1.022114e-01,4.572050e-01,1.724500e-01,2.357833e-01,1.626367e-01
6.363488e-03,4.177025e-02,4.617786e-05,3.293386e-03,2.265664e-02,2.610622e-05
