# rmse alpha/u,rmse phic/h,rmse h/r,spread alpha/u,spread phic/h,spread h/r
3.783855e-01,1.022114e-01,4.572050e-01,1.724500e-01,2.357833e-01,1.626367e-01
4.609150e-03,3.788232e-02,6.300145e-05,3.232046e-03,2.442295e-02,2.739581e-05
