# rmse alpha/u,rmse phic/h,rmse h/r,spread alpha/u,spread phic/h,spread h/r
3.783855e-01,1.022114e-01,4.572050e-01,1.724500e-01,2.357833e-01,1.626367e-01
5.653495e-03,2.889223e-02,7.315417e-05,3.482921e-03,2.409264e-02,2.634305e-05
