# rmse alpha/u,rmse phic/h,rmse h/r,spread alpha/u,spread phic/h,spread h/r
3.783855e-01,1.022114e-01,4.572050e-01,1.724500e-01,2.357833e-01,1.626367e-01
5.678249e-03,3.052867e-02,6.155709e-05,3.121147e-03,2.227700e-02,2.712399e-05
