# rmse alpha/u,rmse phic/h,rmse h/r,spread alpha/u,spread phic/h,spread h/r
3.783855e-01,1.022114e-01,4.572050e-01,1.724500e-01,2.357833e-01,1.626367e-01
5.086580e-03,2.912159e-02,4.307679e-05,1.858682e-03,1.295520e-02,1.609372e-05
