# rmse alpha/u,rmse phic/h,rmse h/r,spread alpha/u,spread phic/h,spread h/r
2.139147e-02,7.793505e-02,5.154627e-01,1.699231e-01,2.371684e-01,1.419867e-01
2.484883e-03,1.460945e-02,2.539473e-05,1.261840e-03,9.092371e-03,4.365852e-05
