# rmse alpha/u,rmse phic/h,rmse h/r,spread alpha/u,spread phic/h,spread h/r
2.139147e-02,7.793505e-02,5.154627e-01,1.699231e-01,2.371684e-01,1.419867e-01
2.062507e-03,1.099304e-02,3.540689e-05,1.087570e-03,7.830328e-03,4.604784e-05
