# rmse alpha/u,rmse phic/h,rmse h/r,spread alpha/u,spread phic/h,spread h/r
2.139147e-02,7.793505e-02,5.154627e-01,1.699231e-01,2.371684e-01,1.419867e-01
3.501290e-03,2.173552e-02,2.948147e-05,1.624900e-03,1.125167e-02,4.476733e-05
