# rmse alpha/u,rmse phic/h,rmse h/r,spread alpha/u,spread phic/h,spread h/r
3.426392e-02,6.945602e-03,1.960183e-02,1.996273e-01,2.228905e-01,1.778738e-01
2.782668e-03,1.648887e-02,5.797131e-05,2.409384e-03,1.677200e-02,4.920944e-05
