# rmse alpha/u,rmse phic/h,rmse h/r,spread alpha/u,spread phic/h,spread h/r
3.426392e-02,6.945602e-03,1.960183e-02,1.996273e-01,2.228905e-01,1.778738e-01
3.838567e-03,2.294583e-02,4.905901e-05,2.823910e-03,2.039720e-02,5.705596e-05
