# rmse alpha/u,rmse phic/h,rmse h/r,spread alpha/u,spread phic/h,spread h/r
3.426392e-02,6.945602e-03,1.960183e-02,1.996273e-01,2.228905e-01,1.778738e-01
2.790590e-03,1.785736e-02,4.906730e-05,1.841294e-03,1.346047e-02,5.049087e-05
