# rmse alpha/u,rmse phic/h,rmse h/r,spread alpha/u,spread phic/h,spread h/r
3.426392e-02,6.945602e-03,1.960183e-02,1.996273e-01,2.228905e-01,1.778738e-01
3.211618e-03,2.007541e-02,6.521854e-05,2.866907e-03,2.042346e-02,5.296286e-05
