# rmse alpha/u,rmse phic/h,rmse h/r,spread alpha/u,spread phic/h,spread h/r
3.426392e-02,6.945602e-03,1.960183e-02,1.996273e-01,2.228905e-01,1.778738e-01
4.925824e-03,2.832381e-02,5.870268e-05,2.213315e-03,1.536104e-02,4.966907e-05
