# rmse alpha/u,rmse phic/h,rmse h/r,spread alpha/u,spread phic/h,spread h/r
3.426392e-02,6.945602e-03,1.960183e-02,1.996273e-01,2.228905e-01,1.778738e-01
2.508606e-03,1.653661e-02,4.900201e-05,2.112831e-03,1.479743e-02,4.690072e-05
