# rmse alpha/u,rmse phic/h,rmse h/r,spread alpha/u,spread phic/h,spread h/r
3.426392e-02,6.945602e-03,1.960183e-02,1.996273e-01,2.228905e-01,1.778738e-01
2.756349e-03,1.444449e-02,3.935657e-05,1.972827e-03,1.272016e-02,4.221842e-05
