# rmse alpha/u,rmse phic/h,rmse h/r,spread alpha/u,spread phic/h,spread h/r
5.748670e-04,1.556552e-07,1.128360e-02,1.460858e-01,1.172155e-01,8.577827e-02
3.946391e-03,2.611321e-02,3.657037e-05,2.496667e-03,1.950737e-02,4.583755e-05
