# rmse alpha/u,rmse phic/h,rmse h/r,spread alpha/u,spread phic/h,spread h/r
5.748670e-04,1.556552e-07,1.128360e-02,1.460858e-01,1.172155e-01,8.577827e-02
4.657353e-03,4.025843e-02,5.857491e-05,2.345135e-03,1.888168e-02,4.770781e-05
