# rmse alpha/u,rmse phic/h,rmse h/r,spread alpha/u,spread phic/h,spread h/r
5.748670e-04,1.556552e-07,1.128360e-02,1.460858e-01,1.172155e-01,8.577827e-02
3.828436e-03,2.502314e-02,4.138265e-05,2.829396e-03,2.101732e-02,4.282031e-05
