# rmse alpha/u,rmse phic/h,rmse h/r,spread alpha/u,spread phic/h,spread h/r
5.748670e-04,1.556552e-07,1.128360e-02,1.460858e-01,1.172155e-01,8.577827e-02
2.863101e-03,1.945611e-02,3.741193e-05,2.426210e-03,1.802404e-02,4.509304e-05
