# rmse alpha/u,rmse phic/h,rmse h/r,spread alpha/u,spread phic/h,spread h/r
5.748670e-04,1.556552e-07,1.128360e-02,1.460858e-01,1.172155e-01,8.577827e-02
4.085661e-03,3.369215e-02,5.229827e-05,2.562340e-03,1.867455e-02,4.609289e-05
