# rmse alpha/u,rmse phic/h,rmse h/r,spread alpha/u,spread phic/h,spread h/r
5.748670e-04,1.556552e-07,1.128360e-02,1.460858e-01,1.172155e-01,8.577827e-02
3.663645e-03,2.051985e-02,3.320179e-05,2.241899e-03,1.562830e-02,3.905631e-05
