# rmse alpha/u,rmse phic/h,rmse h/r,spread alpha/u,spread phic/h,spread h/r
1.637015e-02,8.931793e-03,1.088561e-02,1.878604e-01,2.393972e-01,1.934848e-01
3.245910e-03,2.288048e-02,4.428103e-05,2.445627e-03,1.747625e-02,5.583556e-05
