# rmse alpha/u,rmse phic/h,rmse h/r,spread alpha/u,spread phic/h,spread h/r
1.637015e-02,8.931793e-03,1.088561e-02,1.878604e-01,2.393972e-01,1.934848e-01
2.461052e-03,2.076059e-02,3.719441e-05,2.333906e-03,1.692414e-02,5.564239e-05
