# rmse alpha/u,rmse phic/h,rmse h/r,spread alpha/u,spread phic/h,spread h/r
1.637015e-02,8.931793e-03,1.088561e-02,1.878604e-01,2.393972e-01,1.934848e-01
1.847431e-03,1.063283e-02,4.052778e-05,1.580284e-03,1.073152e-02,5.185030e-05
