# rmse alpha/u,rmse phic/h,rmse h/r,spread alpha/u,spread phic/h,spread h/r
1.637015e-02,8.931793e-03,1.088561e-02,1.878604e-01,2.393972e-01,1.934848e-01
3.700169e-03,1.579667e-02,4.495133e-05,2.267244e-03,1.546012e-02,5.441457e-05
