# rmse alpha/u,rmse phic/h,rmse h/r,spread alpha/u,spread phic/h,spread h/r
1.637015e-02,8.931793e-03,1.088561e-02,1.878604e-01,2.393972e-01,1.934848e-01
3.549230e-03,1.981508e-02,5.104541e-05,2.402474e-03,1.763906e-02,5.943413e-05
