# rmse alpha/u,rmse phic/h,rmse h/r,spread alpha/u,spread phic/h,spread h/r
1.099368e-02,2.510904e-01,5.975570e-01,1.969593e-01,1.699969e-01,1.470455e-01
1.504489e-03,8.675743e-03,2.146251e-05,1.251029e-03,8.416504e-03,2.640113e-05
