# rmse alpha/u,rmse phic/h,rmse h/r,spread alpha/u,spread phic/h,spread h/r
1.099368e-02,2.510904e-01,5.975570e-01,1.969593e-01,1.699969e-01,1.470455e-01
3.640088e-03,2.345833e-02,5.908958e-05,2.153503e-03,1.524790e-02,4.035657e-05
