# rmse alpha/u,rmse phic/h,rmse h/r,spread alpha/u,spread phic/h,spread h/r
1.099368e-02,2.510904e-01,5.975570e-01,1.969593e-01,1.699969e-01,1.470455e-01
2.033550e-03,1.049847e-02,3.329484e-05,1.379376e-03,9.101209e-03,2.892377e-05
