# rmse alpha/u,rmse phic/h,rmse h/r,spread alpha/u,spread phic/h,spread h/r
1.099368e-02,2.510904e-01,5.975570e-01,1.969593e-01,1.699969e-01,1.470455e-01
2.092458e-03,1.781297e-02,5.191767e-05,1.573102e-03,1.151981e-02,3.444433e-05
