# rmse alpha/u,rmse phic/h,rmse h/r,spread alpha/u,spread phic/h,spread h/r
2.888112e-02,1.311008e-02,1.681669e-02,1.294543e-01,9.670808e-02,7.302979e-02
3.815677e-03,2.053880e-02,3.342349e-05,2.069272e-03,1.387989e-02,3.871435e-05
