# rmse alpha/u,rmse phic/h,rmse h/r,spread alpha/u,spread phic/h,spread h/r
2.888112e-02,1.311008e-02,1.681669e-02,1.294543e-01,9.670808e-02,7.302979e-02
4.355247e-03,3.998633e-02,6.370106e-05,2.640649e-03,1.894459e-02,5.105717e-05
