# rmse alpha/u,rmse phic/h,rmse h/r,spread alpha/u,spread phic/h,spread h/r
2.888112e-02,1.311008e-02,1.681669e-02,1.294543e-01,9.670808e-02,7.302979e-02
3.206693e-03,2.261108e-02,5.066459e-05,2.343802e-03,1.683856e-02,4.627069e-05
