# rmse alpha/u,rmse phic/h,rmse h/r,spread alpha/u,spread phic/h,spread h/r
2.888112e-02,1.311008e-02,1.681669e-02,1.294543e-01,9.670808e-02,7.302979e-02
3.569115e-03,2.593369e-02,5.935234e-05,2.627505e-03,1.830512e-02,4.837986e-05
