# rmse alpha/u,rmse phic/h,rmse h/r,spread alpha/u,spread phic/h,spread h/r
2.888112e-02,1.311008e-02,1.681669e-02,1.294543e-01,9.670808e-02,7.302979e-02
3.079483e-03,1.925318e-02,3.271645e-05,2.413850e-03,1.714908e-02,4.321708e-05
