# rmse alpha/u,rmse phic/h,rmse h/r,spread alpha/u,spread phic/h,spread h/r
4.066140e-03,2.877714e-03,1.256850e-02,2.011122e-01,2.284813e-01,1.938860e-01
4.594809e-03,3.139255e-02,6.100089e-05,1.621799e-03,1.098992e-02,2.912021e-05
