# rmse alpha/u,rmse phic/h,rmse h/r,spread alpha/u,spread phic/h,spread h/r
4.066140e-03,2.877714e-03,1.256850e-02,2.011122e-01,2.284813e-01,1.938860e-01
8.320500e-04,6.992148e-03,6.237353e-05,7.965412e-04,6.143051e-03,2.534736e-05
