# rmse alpha/u,rmse phic/h,rmse h/r,spread alpha/u,spread phic/h,spread h/r
4.066140e-03,2.877714e-03,1.256850e-02,2.011122e-01,2.284813e-01,1.938860e-01
2.882903e-03,1.695148e-02,7.775779e-05,1.374956e-03,9.419595e-03,3.100102e-05
