# rmse alpha/u,rmse phic/h,rmse h/r,spread alpha/u,spread phic/h,spread h/r
4.066140e-03,2.877714e-03,1.256850e-02,2.011122e-01,2.284813e-01,1.938860e-01
1.136746e-03,7.248101e-03,6.719173e-05,9.662551e-04,7.029458e-03,2.708327e-05
