# rmse alpha/u,rmse phic/h,rmse h/r,spread alpha/u,spread phic/h,spread h/r
4.066140e-03,2.877714e-03,1.256850e-02,2.011122e-01,2.284813e-01,1.938860e-01
9.116985e-04,7.190118e-03,6.506427e-05,9.558104e-04,6.948520e-03,2.711488e-05
