# rmse alpha/u,rmse phic/h,rmse h/r,spread alpha/u,spread phic/h,spread h/r
4.066140e-03,2.877714e-03,1.256850e-02,2.011122e-01,2.284813e-01,1.938860e-01
2.761172e-03,1.456762e-02,6.790564e-05,1.265287e-03,8.699196e-03,2.958849e-05
