# rmse alpha/u,rmse phic/h,rmse h/r,spread alpha/u,spread phic/h,spread h/r
4.066140e-03,2.877714e-03,1.256850e-02,2.011122e-01,2.284813e-01,1.938860e-01
2.740865e-03,1.775399e-02,6.770036e-05,9.020846e-04,6.878727e-03,2.852975e-05
