# rmse alpha/u,rmse phic/h,rmse h/r,spread alpha/u,spread phic/h,spread h/r
7.639042e-03,2.156331e-02,1.890914e-03,1.593925e-01,2.113047e-01,1.635165e-01
8.990916e-04,6.887078e-03,2.049127e-05,9.230436e-04,7.123111e-03,4.106068e-05
