# rmse alpha/u,rmse phic/h,rmse h/r,spread alpha/u,spread phic/h,spread h/r
7.639042e-03,2.156331e-02,1.890914e-03,1.593925e-01,2.113047e-01,1.635165e-01
1.351521e-03,8.612701e-03,3.084503e-05,1.332508e-03,9.327276e-03,4.489319e-05
