# rmse alpha/u,rmse phic/h,rmse h/r,spread alpha/u,spread phic/h,spread h/r
7.639042e-03,2.156331e-02,1.890914e-03,1.593925e-01,2.113047e-01,1.635165e-01
7.956594e-04,6.803162e-03,2.266739e-05,8.185676e-04,6.422794e-03,3.810307e-05
