# rmse alpha/u,rmse phic/h,rmse h/r,spread alpha/u,spread phic/h,spread h/r
7.639042e-03,2.156331e-02,1.890914e-03,1.593925e-01,2.113047e-01,1.635165e-01
8.583549e-04,6.890696e-03,2.393121e-05,8.485064e-04,6.791968e-03,3.939591e-05
