# rmse alpha/u,rmse phic/h,rmse h/r,spread alpha/u,spread phic/h,spread h/r
2.037611e-02,2.588025e-03,2.476609e-02,1.448076e-01,1.028390e-01,7.558726e-02
5.627221e-03,2.943685e-02,4.280383e-05,3.278627e-03,2.160655e-02,3.798196e-05
