# rmse alpha/u,rmse phic/h,rmse h/r,spread alpha/u,spread phic/h,spread h/r
2.037611e-02,2.588025e-03,2.476609e-02,1.448076e-01,1.028390e-01,7.558726e-02
3.832816e-03,3.596239e-02,5.977223e-05,3.051029e-03,2.304502e-02,4.899337e-05
