# rmse alpha/u,rmse phic/h,rmse h/r,spread alpha/u,spread phic/h,spread h/r
2.037611e-02,2.588025e-03,2.476609e-02,1.448076e-01,1.028390e-01,7.558726e-02
3.379780e-03,1.483719e-02,3.785962e-05,1.645849e-03,1.129607e-02,3.718007e-05
