# rmse alpha/u,rmse phic/h,rmse h/r,spread alpha/u,spread phic/h,spread h/r
2.037611e-02,2.588025e-03,2.476609e-02,1.448076e-01,1.028390e-01,7.558726e-02
4.061544e-03,2.732140e-02,3.457858e-05,2.161172e-03,1.451527e-02,3.494032e-05
