# rmse alpha/u,rmse phic/h,rmse h/r,spread alpha/u,spread phic/h,spread h/r
2.037611e-02,2.588025e-03,2.476609e-02,1.448076e-01,1.028390e-01,7.558726e-02
6.065552e-03,4.363417e-02,8.474936e-05,2.582031e-03,2.045840e-02,4.859265e-05
