# rmse alpha/u,rmse phic/h,rmse h/r,spread alpha/u,spread phic/h,spread h/r
2.037611e-02,2.588025e-03,2.476609e-02,1.448076e-01,1.028390e-01,7.558726e-02
3.722029e-03,2.158168e-02,6.890540e-05,2.069625e-03,1.395220e-02,4.154547e-05
