# rmse alpha/u,rmse phic/h,rmse h/r,spread alpha/u,spread phic/h,spread h/r
1.235619e-01,1.785765e-01,2.297636e-01,1.233493e-01,1.674765e-01,1.581316e-01
8.601587e-04,6.581047e-03,3.141273e-05,8.374405e-04,6.687093e-03,4.998866e-05
