# rmse alpha/u,rmse phic/h,rmse h/r,spread alpha/u,spread phic/h,spread h/r
1.423383e-01,2.963467e-02,1.024496e-02,1.457459e-01,9.276382e-02,5.502976e-02
4.132554e-03,1.924343e-02,4.049197e-05,2.552278e-03,1.729989e-02,3.302021e-05
