# rmse alpha/u,rmse phic/h,rmse h/r,spread alpha/u,spread phic/h,spread h/r
1.423383e-01,2.963467e-02,1.024496e-02,1.457459e-01,9.276382e-02,5.502976e-02
3.261080e-03,1.622393e-02,5.998605e-05,2.101571e-03,1.481495e-02,3.960288e-05
