# rmse alpha/u,rmse phic/h,rmse h/r,spread alpha/u,spread phic/h,spread h/r
1.423383e-01,2.963467e-02,1.024496e-02,1.457459e-01,9.276382e-02,5.502976e-02
3.553749e-03,2.003028e-02,6.410880e-05,2.391113e-03,1.654031e-02,4.248072e-05
