# rmse alpha/u,rmse phic/h,rmse h/r,spread alpha/u,spread phic/h,spread h/r
1.423383e-01,2.963467e-02,1.024496e-02,1.457459e-01,9.276382e-02,5.502976e-02
4.165882e-03,2.566108e-02,5.171039e-05,2.634313e-03,1.888537e-02,4.784065e-05
