# rmse alpha/u,rmse phic/h,rmse h/r,spread alpha/u,spread phic/h,spread h/r
1.423383e-01,2.963467e-02,1.024496e-02,1.457459e-01,9.276382e-02,5.502976e-02
3.255326e-03,1.745842e-02,4.735935e-05,1.918190e-03,1.343813e-02,3.643886e-05
