# rmse alpha/u,rmse phic/h,rmse h/r,spread alpha/u,spread phic/h,spread h/r
1.888452e-02,6.979266e-02,3.385918e-04,1.393168e-01,2.371433e-01,1.897975e-01
8.329841e-04,5.896672e-03,1.644468e-05,8.362853e-04,6.353687e-03,4.932463e-05
