# rmse alpha/u,rmse phic/h,rmse h/r,spread alpha/u,spread phic/h,spread h/r
1.888452e-02,6.979266e-02,3.385918e-04,1.393168e-01,2.371433e-01,1.897975e-01
8.723156e-04,6.446977e-03,1.703129e-05,9.028207e-04,6.887239e-03,5.021255e-05
