# rmse alpha/u,rmse phic/h,rmse h/r,spread alpha/u,spread phic/h,spread h/r
1.888452e-02,6.979266e-02,3.385918e-04,1.393168e-01,2.371433e-01,1.897975e-01
8.556796e-04,7.243140e-03,2.135399e-05,9.304632e-04,7.386409e-03,5.285798e-05
