# rmse alpha/u,rmse phic/h,rmse h/r,spread alpha/u,spread phic/h,spread h/r
1.888452e-02,6.979266e-02,3.385918e-04,1.393168e-01,2.371433e-01,1.897975e-01
2.214209e-03,1.286401e-02,2.122229e-05,9.726709e-04,7.486408e-03,5.299661e-05
