# rmse alpha/u,rmse phic/h,rmse h/r,spread alpha/u,spread phic/h,spread h/r
1.888452e-02,6.979266e-02,3.385918e-04,1.393168e-01,2.371433e-01,1.897975e-01
9.051708e-04,7.161373e-03,1.676764e-05,8.999835e-04,7.039360e-03,5.366782e-05
