# rmse alpha/u,rmse phic/h,rmse h/r,spread alpha/u,spread phic/h,spread h/r
1.888452e-02,6.979266e-02,3.385918e-04,1.393168e-01,2.371433e-01,1.897975e-01
8.550139e-04,6.862406e-03,2.238037e-05,9.056792e-04,7.034242e-03,5.282294e-05
