# rmse alpha/u,rmse phic/h,rmse h/r,spread alpha/u,spread phic/h,spread h/r
1.888452e-02,6.979266e-02,3.385918e-04,1.393168e-01,2.371433e-01,1.897975e-01
9.301955e-04,6.475971e-03,2.018055e-05,1.002579e-03,7.314477e-03,5.244245e-05
