# rmse alpha/u,rmse phic/h,rmse h/r,spread alpha/u,spread phic/h,spread h/r
4.570483e-03,2.879987e-01,1.483597e-02,1.927996e-01,2.373932e-01,2.334187e-01
1.287765e-03,6.924610e-03,3.980041e-05,8.557182e-04,6.094179e-03,2.343528e-05
