# rmse alpha/u,rmse phic/h,rmse h/r,spread alpha/u,spread phic/h,spread h/r
4.570483e-03,2.879987e-01,1.483597e-02,1.927996e-01,2.373932e-01,2.334187e-01
9.837847e-04,8.594187e-03,5.070866e-05,1.032218e-03,7.758933e-03,2.832717e-05
