# rmse alpha/u,rmse phic/h,rmse h/r,spread alpha/u,spread phic/h,spread h/r
4.570483e-03,2.879987e-01,1.483597e-02,1.927996e-01,2.373932e-01,2.334187e-01
1.056886e-03,7.931394e-03,3.705174e-05,8.798235e-04,6.578987e-03,2.779992e-05
