# rmse alpha/u,rmse phic/h,rmse h/r,spread alpha/u,spread phic/h,spread h/r
3.412638e-01,3.106740e-01,2.327611e-01,1.674265e-01,2.226131e-01,1.935605e-01
2.333099e-03,1.754078e-02,4.886759e-05,1.246706e-03,9.142671e-03,3.928131e-05
