# rmse alpha/u,rmse phic/h,rmse h/r,spread alpha/u,spread phic/h,spread h/r
2.582921e-03,3.105739e-01,9.306825e-02,2.178019e-01,1.997102e-01,1.533221e-01
4.624392e-03,2.624489e-02,3.468395e-05,2.435055e-03,1.706787e-02,3.098819e-05
