# rmse alpha/u,rmse phic/h,rmse h/r,spread alpha/u,spread phic/h,spread h/r
2.582921e-03,3.105739e-01,9.306825e-02,2.178019e-01,1.997102e-01,1.533221e-01
2.785614e-03,1.387372e-02,3.425964e-05,2.379825e-03,1.768433e-02,2.922257e-05
