# rmse alpha/u,rmse phic/h,rmse h/r,spread alpha/u,spread phic/h,spread h/r
2.582921e-03,3.105739e-01,9.306825e-02,2.178019e-01,1.997102e-01,1.533221e-01
3.759295e-03,2.400594e-02,3.782395e-05,2.962042e-03,2.273940e-02,2.847303e-05
