# rmse alpha/u,rmse phic/h,rmse h/r,spread alpha/u,spread phic/h,spread h/r
2.582921e-03,3.105739e-01,9.306825e-02,2.178019e-01,1.997102e-01,1.533221e-01
4.157164e-03,2.467077e-02,2.302377e-05,2.313341e-03,1.670605e-02,2.286685e-05
