# rmse alpha/u,rmse phic/h,rmse h/r,spread alpha/u,spread phic/h,spread h/r
2.582921e-03,3.105739e-01,9.306825e-02,2.178019e-01,1.997102e-01,1.533221e-01
4.479663e-03,2.162543e-02,2.438252e-05,2.680737e-03,1.817390e-02,2.278739e-05
