# rmse alpha/u,rmse phic/h,rmse h/r,spread alpha/u,spread phic/h,spread h/r
2.887916e-01,2.515658e-01,2.696236e-01,2.145121e-01,2.255208e-01,1.804085e-01
3.054749e-03,2.050213e-02,5.128044e-05,2.532590e-03,1.687946e-02,4.656884e-05
