# rmse alpha/u,rmse phic/h,rmse h/r,spread alpha/u,spread phic/h,spread h/r
2.887916e-01,2.515658e-01,2.696236e-01,2.145121e-01,2.255208e-01,1.804085e-01
4.882520e-03,3.668474e-02,7.564477e-05,3.614746e-03,2.701400e-02,6.240081e-05
