# rmse alpha/u,rmse phic/h,rmse h/r,spread alpha/u,spread phic/h,spread h/r
2.887916e-01,2.515658e-01,2.696236e-01,2.145121e-01,2.255208e-01,1.804085e-01
5.188247e-03,3.051575e-02,5.604345e-05,3.208037e-03,2.539363e-02,5.621130e-05
