# rmse alpha/u,rmse phic/h,rmse h/r,spread alpha/u,spread phic/h,spread h/r
2.887916e-01,2.515658e-01,2.696236e-01,2.145121e-01,2.255208e-01,1.804085e-01
3.536439e-03,2.513612e-02,5.421362e-05,3.029253e-03,2.214296e-02,5.660815e-05
