# rmse alpha/u,rmse phic/h,rmse h/r,spread alpha/u,spread phic/h,spread h/r
1.371424e-01,2.571780e-01,2.346132e-01,1.334905e-01,2.140384e-01,2.014239e-01
8.507408e-04,6.653653e-03,2.165691e-05,8.476656e-04,6.834139e-03,4.997069e-05
