# rmse alpha/u,rmse phic/h,rmse h/r,spread alpha/u,spread phic/h,spread h/r
1.371424e-01,2.571780e-01,2.346132e-01,1.334905e-01,2.140384e-01,2.014239e-01
8.141243e-04,6.128398e-03,2.452382e-05,8.237376e-04,6.529548e-03,5.054104e-05
