# rmse alpha/u,rmse phic/h,rmse h/r,spread alpha/u,spread phic/h,spread h/r
1.371424e-01,2.571780e-01,2.346132e-01,1.334905e-01,2.140384e-01,2.014239e-01
8.841849e-04,7.565189e-03,2.535577e-05,8.637210e-04,7.143660e-03,5.226086e-05
