# rmse alpha/u,rmse phic/h,rmse h/r,spread alpha/u,spread phic/h,spread h/r
1.371424e-01,2.571780e-01,2.346132e-01,1.334905e-01,2.140384e-01,2.014239e-01
8.524023e-04,6.143186e-03,2.654175e-05,8.470875e-04,6.642490e-03,4.972210e-05
