# rmse alpha/u,rmse phic/h,rmse h/r,spread alpha/u,spread phic/h,spread h/r
1.371424e-01,2.571780e-01,2.346132e-01,1.334905e-01,2.140384e-01,2.014239e-01
8.578206e-04,7.019054e-03,2.668510e-05,8.493351e-04,6.844310e-03,5.037039e-05
