# rmse alpha/u,rmse phic/h,rmse h/r,spread alpha/u,spread phic/h,spread h/r
1.371424e-01,2.571780e-01,2.346132e-01,1.334905e-01,2.140384e-01,2.014239e-01
8.206701e-04,6.188807e-03,1.931463e-05,7.913664e-04,6.227172e-03,4.873443e-05
