# rmse alpha/u,rmse phic/h,rmse h/r,spread alpha/u,spread phic/h,spread h/r
1.371424e-01,2.571780e-01,2.346132e-01,1.334905e-01,2.140384e-01,2.014239e-01
7.962959e-04,6.156608e-03,2.008198e-05,7.991846e-04,6.288753e-03,5.022014e-05
