# rmse alpha/u,rmse phic/h,rmse h/r,spread alpha/u,spread phic/h,spread h/r
1.371424e-01,2.571780e-01,2.346132e-01,1.334905e-01,2.140384e-01,2.014239e-01
8.556685e-04,7.065091e-03,3.241673e-05,8.561523e-04,6.871954e-03,4.902833e-05
