# rmse alpha/u,rmse phic/h,rmse h/r,spread alpha/u,spread phic/h,spread h/r
1.914415e-01,7.901907e-03,7.561866e-02,2.029553e-01,2.401346e-01,2.180772e-01
3.426545e-03,2.319169e-02,7.630931e-05,3.207427e-03,2.306228e-02,6.667106e-05
