# rmse alpha/u,rmse phic/h,rmse h/r,spread alpha/u,spread phic/h,spread h/r
1.914415e-01,7.901907e-03,7.561866e-02,2.029553e-01,2.401346e-01,2.180772e-01
3.960618e-03,1.867704e-02,6.285609e-05,2.607835e-03,1.634922e-02,5.230897e-05
