# rmse alpha/u,rmse phic/h,rmse h/r,spread alpha/u,spread phic/h,spread h/r
1.914415e-01,7.901907e-03,7.561866e-02,2.029553e-01,2.401346e-01,2.180772e-01
3.726764e-03,2.036049e-02,8.375105e-05,2.665291e-03,1.763714e-02,6.147149e-05
