# rmse alpha/u,rmse phic/h,rmse h/r,spread alpha/u,spread phic/h,spread h/r
1.914415e-01,7.901907e-03,7.561866e-02,2.029553e-01,2.401346e-01,2.180772e-01
3.187130e-03,2.133166e-02,7.430111e-05,3.005308e-03,2.037606e-02,6.647501e-05
