# rmse alpha/u,rmse phic/h,rmse h/r,spread alpha/u,spread phic/h,spread h/r
3.842441e-01,2.553996e-01,2.212567e-01,1.792759e-01,2.551135e-01,1.888248e-01
4.019196e-03,2.815943e-02,4.326519e-05,3.302986e-03,2.509305e-02,3.915430e-05
