# rmse alpha/u,rmse phic/h,rmse h/r,spread alpha/u,spread phic/h,spread h/r
3.842441e-01,2.553996e-01,2.212567e-01,1.792759e-01,2.551135e-01,1.888248e-01
4.184337e-03,2.514177e-02,3.883322e-05,3.365019e-03,2.395875e-02,3.768517e-05
