# rmse alpha/u,rmse phic/h,rmse h/r,spread alpha/u,spread phic/h,spread h/r
3.842441e-01,2.553996e-01,2.212567e-01,1.792759e-01,2.551135e-01,1.888248e-01
3.489681e-03,2.049448e-02,4.075102e-05,2.627098e-03,1.967205e-02,3.702148e-05
