# rmse alpha/u,rmse phic/h,rmse h/r,spread alpha/u,spread phic/h,spread h/r
3.343635e-03,2.562612e-03,4.678631e-02,1.620502e-01,2.232034e-01,1.883472e-01
9.057777e-04,7.040007e-03,3.375800e-05,8.631972e-04,6.789427e-03,4.932682e-05
