# rmse alpha/u,rmse phic/h,rmse h/r,spread alpha/u,spread phic/h,spread h/r
1.458663e-01,1.537271e-01,4.315689e-02,2.007666e-01,2.380345e-01,2.181955e-01
1.462305e-03,9.406197e-03,1.231941e-04,9.914195e-04,7.335836e-03,1.911372e-05
