# rmse alpha/u,rmse phic/h,rmse h/r,spread alpha/u,spread phic/h,spread h/r
1.458663e-01,1.537271e-01,4.315689e-02,2.007666e-01,2.380345e-01,2.181955e-01
1.037451e-03,8.358353e-03,1.111590e-04,8.009472e-04,6.136637e-03,1.986619e-05
