# rmse alpha/u,rmse phic/h,rmse h/r,spread alpha/u,spread phic/h,spread h/r
1.458663e-01,1.537271e-01,4.315689e-02,2.007666e-01,2.380345e-01,2.181955e-01
8.951641e-04,7.722895e-03,1.131362e-04,8.368000e-04,6.266937e-03,1.951233e-05
