# rmse alpha/u,rmse phic/h,rmse h/r,spread alpha/u,spread phic/h,spread h/r
1.458663e-01,1.537271e-01,4.315689e-02,2.007666e-01,2.380345e-01,2.181955e-01
1.014918e-03,7.252910e-03,1.119159e-04,8.387079e-04,6.311024e-03,2.006856e-05
