# rmse alpha/u,rmse phic/h,rmse h/r,spread alpha/u,spread phic/h,spread h/r
1.458663e-01,1.537271e-01,4.315689e-02,2.007666e-01,2.380345e-01,2.181955e-01
8.720071e-04,6.710326e-03,1.120918e-04,8.070414e-04,6.288617e-03,2.059487e-05
