# rmse alpha/u,rmse phic/h,rmse h/r,spread alpha/u,spread phic/h,spread h/r
3.948629e-03,2.448398e-02,4.729366e-02,7.321279e-02,1.035463e-01,9.068061e-02
8.708059e-04,7.076560e-03,2.513355e-05,8.780472e-04,7.131912e-03,5.176848e-05
