# rmse alpha/u,rmse phic/h,rmse h/r,spread alpha/u,spread phic/h,spread h/r
3.948629e-03,2.448398e-02,4.729366e-02,7.321279e-02,1.035463e-01,9.068061e-02
8.476538e-04,6.870318e-03,2.332924e-05,8.561346e-04,6.885076e-03,4.999896e-05
