# rmse alpha/u,rmse phic/h,rmse h/r,spread alpha/u,spread phic/h,spread h/r
3.948629e-03,2.448398e-02,4.729366e-02,7.321279e-02,1.035463e-01,9.068061e-02
8.148866e-04,6.238162e-03,2.391731e-05,8.385743e-04,6.534424e-03,4.879410e-05
