# rmse alpha/u,rmse phic/h,rmse h/r,spread alpha/u,spread phic/h,spread h/r
3.948629e-03,2.448398e-02,4.729366e-02,7.321279e-02,1.035463e-01,9.068061e-02
1.222912e-03,6.900010e-03,2.156654e-05,9.218329e-04,6.829883e-03,4.950975e-05
