# rmse alpha/u,rmse phic/h,rmse h/r,spread alpha/u,spread phic/h,spread h/r
1.227423e-01,2.806965e-03,2.392266e-01,1.906733e-01,1.720275e-01,1.565591e-01
8.083063e-04,6.178734e-03,3.556475e-05,7.463507e-04,5.826788e-03,2.701520e-05
