# rmse alpha/u,rmse phic/h,rmse h/r,spread alpha/u,spread phic/h,spread h/r
1.227423e-01,2.806965e-03,2.392266e-01,1.906733e-01,1.720275e-01,1.565591e-01
8.271757e-04,7.130968e-03,3.397494e-05,7.848825e-04,6.322128e-03,3.138636e-05
