# rmse alpha/u,rmse phic/h,rmse h/r,spread alpha/u,spread phic/h,spread h/r
1.227423e-01,2.806965e-03,2.392266e-01,1.906733e-01,1.720275e-01,1.565591e-01
9.901891e-04,9.454029e-03,4.519967e-05,7.951551e-04,6.276243e-03,2.920378e-05
