# rmse alpha/u,rmse phic/h,rmse h/r,spread alpha/u,spread phic/h,spread h/r
1.227423e-01,2.806965e-03,2.392266e-01,1.906733e-01,1.720275e-01,1.565591e-01
9.441921e-04,7.469254e-03,3.707009e-05,7.946504e-04,6.223277e-03,2.924517e-05
