# rmse alpha/u,rmse phic/h,rmse h/r,spread alpha/u,spread phic/h,spread h/r
1.658435e-02,2.676663e-02,9.374069e-02,1.814170e-01,2.284739e-01,1.849904e-01
5.659431e-03,3.166591e-02,5.792158e-05,3.152031e-03,2.368116e-02,4.266260e-05
