# rmse alpha/u,rmse phic/h,rmse h/r,spread alpha/u,spread phic/h,spread h/r
1.909847e-01,3.402653e-01,2.456548e-01,1.847168e-01,2.479040e-01,2.153381e-01
3.313611e-03,2.687548e-02,5.616313e-05,1.649244e-03,1.153980e-02,2.089060e-05
