# rmse alpha/u,rmse phic/h,rmse h/r,spread alpha/u,spread phic/h,spread h/r
1.909847e-01,3.402653e-01,2.456548e-01,1.847168e-01,2.479040e-01,2.153381e-01
3.445003e-03,2.268318e-02,4.756876e-05,1.968003e-03,1.384703e-02,2.664228e-05
