# rmse alpha/u,rmse phic/h,rmse h/r,spread alpha/u,spread phic/h,spread h/r
1.909847e-01,3.402653e-01,2.456548e-01,1.847168e-01,2.479040e-01,2.153381e-01
3.216340e-03,2.206402e-02,4.257116e-05,1.778747e-03,1.284696e-02,2.418505e-05
