# rmse alpha/u,rmse phic/h,rmse h/r,spread alpha/u,spread phic/h,spread h/r
1.909847e-01,3.402653e-01,2.456548e-01,1.847168e-01,2.479040e-01,2.153381e-01
3.340849e-03,2.364769e-02,5.262740e-05,1.518175e-03,1.121012e-02,2.809710e-05
