# rmse alpha/u,rmse phic/h,rmse h/r,spread alpha/u,spread phic/h,spread h/r
1.909847e-01,3.402653e-01,2.456548e-01,1.847168e-01,2.479040e-01,2.153381e-01
1.333264e-03,8.378926e-03,4.210044e-05,9.566446e-04,6.982714e-03,2.213511e-05
