# rmse alpha/u,rmse phic/h,rmse h/r,spread alpha/u,spread phic/h,spread h/r
8.481306e-02,2.156239e-01,1.684478e-01,6.579334e-02,9.068703e-02,9.680592e-02
8.709945e-04,6.607898e-03,3.032057e-05,8.289800e-04,6.699760e-03,4.952342e-05
