# rmse alpha/u,rmse phic/h,rmse h/r,spread alpha/u,spread phic/h,spread h/r
1.352441e-01,6.339488e-04,3.843419e-02,2.007018e-01,2.348895e-01,2.071683e-01
8.260155e-04,6.531217e-03,1.698574e-04,7.930406e-04,6.139300e-03,1.352010e-05
