# rmse alpha/u,rmse phic/h,rmse h/r,spread alpha/u,spread phic/h,spread h/r
1.352441e-01,6.339488e-04,3.843419e-02,2.007018e-01,2.348895e-01,2.071683e-01
8.519626e-04,8.059841e-03,2.101927e-04,8.211710e-04,6.403373e-03,1.389734e-05
