# rmse alpha/u,rmse phic/h,rmse h/r,spread alpha/u,spread phic/h,spread h/r
1.352441e-01,6.339488e-04,3.843419e-02,2.007018e-01,2.348895e-01,2.071683e-01
8.491128e-04,7.102909e-03,1.947258e-04,7.785886e-04,5.865823e-03,1.244251e-05
