# rmse alpha/u,rmse phic/h,rmse h/r,spread alpha/u,spread phic/h,spread h/r
1.047269e-03,4.731953e-02,1.310133e-01,2.007666e-01,2.380345e-01,2.181955e-01
6.255614e-03,4.482513e-02,3.107675e-05,3.320497e-03,2.411161e-02,2.599544e-05
