# rmse alpha/u,rmse phic/h,rmse h/r,spread alpha/u,spread phic/h,spread h/r
1.047269e-03,4.731953e-02,1.310133e-01,2.007666e-01,2.380345e-01,2.181955e-01
5.419014e-03,3.096960e-02,2.633690e-05,3.464824e-03,2.617584e-02,2.568647e-05
