# rmse alpha/u,rmse phic/h,rmse h/r,spread alpha/u,spread phic/h,spread h/r
1.047269e-03,4.731953e-02,1.310133e-01,2.007666e-01,2.380345e-01,2.181955e-01
5.950077e-03,3.195785e-02,3.035588e-05,3.649680e-03,2.967137e-02,2.868655e-05
