# rmse alpha/u,rmse phic/h,rmse h/r,spread alpha/u,spread phic/h,spread h/r
1.324516e-01,1.668471e-01,3.642219e-01,1.906733e-01,1.720275e-01,1.565591e-01
3.589967e-03,2.353164e-02,3.787520e-05,2.200046e-03,1.541526e-02,2.559539e-05
