# rmse alpha/u,rmse phic/h,rmse h/r,spread alpha/u,spread phic/h,spread h/r
1.324516e-01,1.668471e-01,3.642219e-01,1.906733e-01,1.720275e-01,1.565591e-01
2.449267e-03,1.415664e-02,2.456360e-05,1.673701e-03,1.121686e-02,1.428960e-05
