# rmse alpha/u,rmse phic/h,rmse h/r,spread alpha/u,spread phic/h,spread h/r
1.324516e-01,1.668471e-01,3.642219e-01,1.906733e-01,1.720275e-01,1.565591e-01
3.912178e-03,1.683078e-02,2.873870e-05,1.519851e-03,1.028866e-02,1.589907e-05
