# rmse alpha/u,rmse phic/h,rmse h/r,spread alpha/u,spread phic/h,spread h/r
1.324516e-01,1.668471e-01,3.642219e-01,1.906733e-01,1.720275e-01,1.565591e-01
3.490891e-03,2.180400e-02,4.011376e-05,2.301278e-03,1.569142e-02,2.252064e-05
