# rmse alpha/u,rmse phic/h,rmse h/r,spread alpha/u,spread phic/h,spread h/r
2.601777e-01,2.878681e-01,2.339377e-01,1.943585e-01,2.142973e-01,2.245726e-01
3.544309e-03,2.764067e-02,4.741235e-05,2.926829e-03,2.126034e-02,5.308240e-05
