# rmse alpha/u,rmse phic/h,rmse h/r,spread alpha/u,spread phic/h,spread h/r
2.601777e-01,2.878681e-01,2.339377e-01,1.943585e-01,2.142973e-01,2.245726e-01
4.545931e-03,3.120399e-02,4.933141e-05,3.447766e-03,2.510640e-02,5.016988e-05
