# rmse alpha/u,rmse phic/h,rmse h/r,spread alpha/u,spread phic/h,spread h/r
2.601777e-01,2.878681e-01,2.339377e-01,1.943585e-01,2.142973e-01,2.245726e-01
4.926877e-03,3.319705e-02,5.828975e-05,3.763548e-03,2.930203e-02,5.756830e-05
