# rmse alpha/u,rmse phic/h,rmse h/r,spread alpha/u,spread phic/h,spread h/r
2.601777e-01,2.878681e-01,2.339377e-01,1.943585e-01,2.142973e-01,2.245726e-01
4.610525e-03,3.108587e-02,4.707740e-05,3.638038e-03,2.624896e-02,4.723719e-05
