# rmse alpha/u,rmse phic/h,rmse h/r,spread alpha/u,spread phic/h,spread h/r
2.601777e-01,2.878681e-01,2.339377e-01,1.943585e-01,2.142973e-01,2.245726e-01
3.560405e-03,2.240048e-02,5.000769e-05,3.685523e-03,2.817270e-02,5.139634e-05
