# rmse alpha/u,rmse phic/h,rmse h/r,spread alpha/u,spread phic/h,spread h/r
2.601777e-01,2.878681e-01,2.339377e-01,1.943585e-01,2.142973e-01,2.245726e-01
5.583875e-03,3.229819e-02,4.297528e-05,2.792805e-03,1.971323e-02,4.373184e-05
