# rmse alpha/u,rmse phic/h,rmse h/r,spread alpha/u,spread phic/h,spread h/r
2.601777e-01,2.878681e-01,2.339377e-01,1.943585e-01,2.142973e-01,2.245726e-01
3.820032e-03,2.326080e-02,4.015009e-05,3.082888e-03,2.300189e-02,3.980282e-05
