# rmse alpha/u,rmse phic/h,rmse h/r,spread alpha/u,spread phic/h,spread h/r
4.354802e-04,3.961363e-02,2.760391e-02,9.460102e-02,7.628397e-02,7.064276e-02
8.928949e-04,7.044807e-03,2.587596e-05,8.951548e-04,6.987606e-03,4.578523e-05
