# rmse alpha/u,rmse phic/h,rmse h/r,spread alpha/u,spread phic/h,spread h/r
4.354802e-04,3.961363e-02,2.760391e-02,9.460102e-02,7.628397e-02,7.064276e-02
9.069654e-04,7.313077e-03,2.317728e-05,9.956356e-04,7.430975e-03,4.613454e-05
