# rmse alpha/u,rmse phic/h,rmse h/r,spread alpha/u,spread phic/h,spread h/r
4.354802e-04,3.961363e-02,2.760391e-02,9.460102e-02,7.628397e-02,7.064276e-02
1.143960e-03,8.511751e-03,2.265351e-05,9.761525e-04,7.235633e-03,4.568100e-05
