# rmse alpha/u,rmse phic/h,rmse h/r,spread alpha/u,spread phic/h,spread h/r
5.407643e-04,1.364053e-02,2.488493e-05,2.029553e-01,2.401346e-01,2.180772e-01
3.430221e-03,2.542657e-02,3.704191e-05,2.282871e-03,1.649559e-02,3.955460e-05
