# rmse alpha/u,rmse phic/h,rmse h/r,spread alpha/u,spread phic/h,spread h/r
5.407643e-04,1.364053e-02,2.488493e-05,2.029553e-01,2.401346e-01,2.180772e-01
4.000957e-03,2.305212e-02,3.550381e-05,2.253979e-03,1.579135e-02,3.909989e-05
