# rmse alpha/u,rmse phic/h,rmse h/r,spread alpha/u,spread phic/h,spread h/r
5.407643e-04,1.364053e-02,2.488493e-05,2.029553e-01,2.401346e-01,2.180772e-01
3.382799e-03,1.924789e-02,3.640371e-05,2.554935e-03,1.802953e-02,4.102432e-05
