# rmse alpha/u,rmse phic/h,rmse h/r,spread alpha/u,spread phic/h,spread h/r
5.407643e-04,1.364053e-02,2.488493e-05,2.029553e-01,2.401346e-01,2.180772e-01
3.676708e-03,2.499301e-02,3.741932e-05,2.646787e-03,1.939662e-02,4.472763e-05
