# rmse alpha/u,rmse phic/h,rmse h/r,spread alpha/u,spread phic/h,spread h/r
5.407643e-04,1.364053e-02,2.488493e-05,2.029553e-01,2.401346e-01,2.180772e-01
3.678704e-03,1.784536e-02,3.449563e-05,2.147722e-03,1.534072e-02,3.917260e-05
