# rmse alpha/u,rmse phic/h,rmse h/r,spread alpha/u,spread phic/h,spread h/r
5.407643e-04,1.364053e-02,2.488493e-05,2.029553e-01,2.401346e-01,2.180772e-01
3.773482e-03,2.469607e-02,4.342976e-05,2.261793e-03,1.583613e-02,4.189460e-05
