# rmse alpha/u,rmse phic/h,rmse h/r,spread alpha/u,spread phic/h,spread h/r
5.407643e-04,1.364053e-02,2.488493e-05,2.029553e-01,2.401346e-01,2.180772e-01
2.726532e-03,1.653606e-02,3.853852e-05,1.774391e-03,1.260570e-02,3.989973e-05
