# rmse alpha/u,rmse phic/h,rmse h/r,spread alpha/u,spread phic/h,spread h/r
6.387241e-02,7.580180e-03,6.131874e-02,1.282740e-01,9.211424e-02,8.151572e-02
2.881639e-03,2.080640e-02,6.685212e-05,2.881508e-03,1.971737e-02,5.488816e-05
