# rmse alpha/u,rmse phic/h,rmse h/r,spread alpha/u,spread phic/h,spread h/r
6.387241e-02,7.580180e-03,6.131874e-02,1.282740e-01,9.211424e-02,8.151572e-02
5.062178e-03,2.720704e-02,6.318227e-05,3.077144e-03,2.110594e-02,5.615703e-05
