# rmse alpha/u,rmse phic/h,rmse h/r,spread alpha/u,spread phic/h,spread h/r
6.387241e-02,7.580180e-03,6.131874e-02,1.282740e-01,9.211424e-02,8.151572e-02
4.681274e-03,2.416911e-02,5.127147e-05,2.573669e-03,1.789560e-02,4.713225e-05
