# rmse alpha/u,rmse phic/h,rmse h/r,spread alpha/u,spread phic/h,spread h/r
6.387241e-02,7.580180e-03,6.131874e-02,1.282740e-01,9.211424e-02,8.151572e-02
2.861504e-03,1.650518e-02,4.697289e-05,2.833778e-03,1.904912e-02,4.640350e-05
