# rmse alpha/u,rmse phic/h,rmse h/r,spread alpha/u,spread phic/h,spread h/r
6.387241e-02,7.580180e-03,6.131874e-02,1.282740e-01,9.211424e-02,8.151572e-02
2.273092e-03,1.800327e-02,5.531057e-05,2.628470e-03,1.844248e-02,5.159776e-05
