# rmse alpha/u,rmse phic/h,rmse h/r,spread alpha/u,spread phic/h,spread h/r
6.387241e-02,7.580180e-03,6.131874e-02,1.282740e-01,9.211424e-02,8.151572e-02
2.862900e-03,1.563766e-02,5.110081e-05,2.427043e-03,1.633854e-02,4.674678e-05
