# rmse alpha/u,rmse phic/h,rmse h/r,spread alpha/u,spread phic/h,spread h/r
1.250900e-03,3.690188e-01,8.845153e-02,1.906733e-01,1.720275e-01,1.565591e-01
3.960215e-03,2.119990e-02,3.250767e-05,2.202067e-03,1.399117e-02,1.481966e-05
