# rmse alpha/u,rmse phic/h,rmse h/r,spread alpha/u,spread phic/h,spread h/r
1.250900e-03,3.690188e-01,8.845153e-02,1.906733e-01,1.720275e-01,1.565591e-01
2.420225e-03,1.690223e-02,3.329014e-05,2.163273e-03,1.436386e-02,1.500267e-05
