# rmse alpha/u,rmse phic/h,rmse h/r,spread alpha/u,spread phic/h,spread h/r
1.250900e-03,3.690188e-01,8.845153e-02,1.906733e-01,1.720275e-01,1.565591e-01
3.395169e-03,1.831526e-02,3.685092e-05,2.183032e-03,1.462303e-02,1.735053e-05
