# rmse alpha/u,rmse phic/h,rmse h/r,spread alpha/u,spread phic/h,spread h/r
1.250900e-03,3.690188e-01,8.845153e-02,1.906733e-01,1.720275e-01,1.565591e-01
2.747348e-03,1.687257e-02,3.850556e-05,1.941743e-03,1.249627e-02,1.434808e-05
