# rmse alpha/u,rmse phic/h,rmse h/r,spread alpha/u,spread phic/h,spread h/r
1.250900e-03,3.690188e-01,8.845153e-02,1.906733e-01,1.720275e-01,1.565591e-01
4.729230e-03,3.192212e-02,3.506424e-05,3.197543e-03,2.390493e-02,2.464521e-05
