# rmse alpha/u,rmse phic/h,rmse h/r,spread alpha/u,spread phic/h,spread h/r
1.250900e-03,3.690188e-01,8.845153e-02,1.906733e-01,1.720275e-01,1.565591e-01
3.235379e-03,1.908972e-02,3.032546e-05,2.126135e-03,1.352716e-02,1.589318e-05
