# rmse alpha/u,rmse phic/h,rmse h/r,spread alpha/u,spread phic/h,spread h/r
1.250900e-03,3.690188e-01,8.845153e-02,1.906733e-01,1.720275e-01,1.565591e-01
4.754744e-03,2.987459e-02,3.241848e-05,2.328756e-03,1.532058e-02,1.506601e-05
