# rmse alpha/u,rmse phic/h,rmse h/r,spread alpha/u,spread phic/h,spread h/r
2.203353e-01,9.560452e-02,1.452879e-01,1.246390e-01,7.989471e-02,8.911101e-02
5.058646e-03,2.768637e-02,4.816864e-05,2.729440e-03,1.986860e-02,4.905935e-05
