# rmse alpha/u,rmse phic/h,rmse h/r,spread alpha/u,spread phic/h,spread h/r
2.203353e-01,9.560452e-02,1.452879e-01,1.246390e-01,7.989471e-02,8.911101e-02
3.718630e-03,2.451187e-02,6.821645e-05,2.117755e-03,1.624383e-02,4.868132e-05
