# rmse alpha/u,rmse phic/h,rmse h/r,spread alpha/u,spread phic/h,spread h/r
2.203353e-01,9.560452e-02,1.452879e-01,1.246390e-01,7.989471e-02,8.911101e-02
4.385502e-03,2.274915e-02,5.570276e-05,2.324810e-03,1.661205e-02,4.831357e-05
