# rmse alpha/u,rmse phic/h,rmse h/r,spread alpha/u,spread phic/h,spread h/r
2.203353e-01,9.560452e-02,1.452879e-01,1.246390e-01,7.989471e-02,8.911101e-02
5.399550e-03,2.535045e-02,5.514138e-05,3.033455e-03,2.080403e-02,5.135010e-05
