# rmse alpha/u,rmse phic/h,rmse h/r,spread alpha/u,spread phic/h,spread h/r
2.203353e-01,9.560452e-02,1.452879e-01,1.246390e-01,7.989471e-02,8.911101e-02
4.488109e-03,2.774610e-02,5.502150e-05,3.207136e-03,2.238115e-02,5.142782e-05
