# rmse alpha/u,rmse phic/h,rmse h/r,spread alpha/u,spread phic/h,spread h/r
2.203353e-01,9.560452e-02,1.452879e-01,1.246390e-01,7.989471e-02,8.911101e-02
3.472319e-03,3.074809e-02,5.376554e-05,2.413177e-03,1.869029e-02,5.102737e-05
