# rmse alpha/u,rmse phic/h,rmse h/r,spread alpha/u,spread phic/h,spread h/r
5.113654e-02,6.346237e-03,3.326831e-03,1.750301e-01,2.158429e-01,2.174523e-01
2.650653e-03,1.660829e-02,5.204442e-05,2.175929e-03,1.565698e-02,4.812581e-05
