# rmse alpha/u,rmse phic/h,rmse h/r,spread alpha/u,spread phic/h,spread h/r
5.113654e-02,6.346237e-03,3.326831e-03,1.750301e-01,2.158429e-01,2.174523e-01
4.037655e-03,2.214943e-02,5.112879e-05,2.765959e-03,1.978337e-02,5.223024e-05
