# rmse alpha/u,rmse phic/h,rmse h/r,spread alpha/u,spread phic/h,spread h/r
5.113654e-02,6.346237e-03,3.326831e-03,1.750301e-01,2.158429e-01,2.174523e-01
3.740923e-03,2.278993e-02,4.559785e-05,2.125024e-03,1.576586e-02,4.967952e-05
