# rmse alpha/u,rmse phic/h,rmse h/r,spread alpha/u,spread phic/h,spread h/r
5.113654e-02,6.346237e-03,3.326831e-03,1.750301e-01,2.158429e-01,2.174523e-01
3.259360e-03,1.820026e-02,5.250788e-05,1.897794e-03,1.336904e-02,4.688334e-05
