# rmse alpha/u,rmse phic/h,rmse h/r,spread alpha/u,spread phic/h,spread h/r
5.113654e-02,6.346237e-03,3.326831e-03,1.750301e-01,2.158429e-01,2.174523e-01
5.159643e-03,2.592610e-02,4.287381e-05,2.381662e-03,1.700607e-02,4.601202e-05
