# rmse alpha/u,rmse phic/h,rmse h/r,spread alpha/u,spread phic/h,spread h/r
5.460531e-03,6.268129e-03,5.452725e-01,2.064906e-01,1.899857e-01,1.562718e-01
2.395171e-03,1.371338e-02,5.143443e-05,1.851664e-03,1.276770e-02,4.825995e-05
