# rmse alpha/u,rmse phic/h,rmse h/r,spread alpha/u,spread phic/h,spread h/r
5.460531e-03,6.268129e-03,5.452725e-01,2.064906e-01,1.899857e-01,1.562718e-01
1.420939e-03,7.694767e-03,2.415898e-05,1.026204e-03,7.392401e-03,3.821031e-05
