# rmse alpha/u,rmse phic/h,rmse h/r,spread alpha/u,spread phic/h,spread h/r
5.460531e-03,6.268129e-03,5.452725e-01,2.064906e-01,1.899857e-01,1.562718e-01
9.058551e-04,6.725700e-03,2.508129e-05,9.228498e-04,6.812823e-03,3.857260e-05
