# rmse alpha/u,rmse phic/h,rmse h/r,spread alpha/u,spread phic/h,spread h/r
5.460531e-03,6.268129e-03,5.452725e-01,2.064906e-01,1.899857e-01,1.562718e-01
2.042025e-03,1.112813e-02,1.976045e-05,8.320998e-04,6.510142e-03,3.593003e-05
