# rmse alpha/u,rmse phic/h,rmse h/r,spread alpha/u,spread phic/h,spread h/r
5.460531e-03,6.268129e-03,5.452725e-01,2.064906e-01,1.899857e-01,1.562718e-01
1.679693e-03,9.929024e-03,1.763965e-05,8.760570e-04,6.642752e-03,3.485225e-05
