# rmse alpha/u,rmse phic/h,rmse h/r,spread alpha/u,spread phic/h,spread h/r
5.460531e-03,6.268129e-03,5.452725e-01,2.064906e-01,1.899857e-01,1.562718e-01
8.497585e-04,6.055735e-03,1.754321e-05,8.879511e-04,6.595992e-03,3.317984e-05
