# rmse alpha/u,rmse phic/h,rmse h/r,spread alpha/u,spread phic/h,spread h/r
1.020530e-01,4.157829e-02,1.099631e-01,1.633829e-01,2.359221e-01,1.343989e-01
4.608860e-03,3.407526e-02,1.051660e-04,4.049025e-03,3.114212e-02,7.857111e-05
