# rmse alpha/u,rmse phic/h,rmse h/r,spread alpha/u,spread phic/h,spread h/r
1.020530e-01,4.157829e-02,1.099631e-01,1.633829e-01,2.359221e-01,1.343989e-01
4.209928e-03,2.634408e-02,9.531981e-05,3.717307e-03,2.693094e-02,7.328137e-05
