# rmse alpha/u,rmse phic/h,rmse h/r,spread alpha/u,spread phic/h,spread h/r
1.020530e-01,4.157829e-02,1.099631e-01,1.633829e-01,2.359221e-01,1.343989e-01
4.957321e-03,3.275449e-02,7.247999e-05,4.074268e-03,2.816925e-02,6.703289e-05
