# rmse alpha/u,rmse phic/h,rmse h/r,spread alpha/u,spread phic/h,spread h/r
1.854272e-01,5.758770e-01,3.754922e-01,1.845160e-01,1.999864e-01,1.808796e-01
4.972933e-03,3.232563e-02,7.356372e-05,2.945802e-03,2.178543e-02,4.391721e-05
