# rmse alpha/u,rmse phic/h,rmse h/r,spread alpha/u,spread phic/h,spread h/r
1.854272e-01,5.758770e-01,3.754922e-01,1.845160e-01,1.999864e-01,1.808796e-01
4.264057e-03,1.965804e-02,5.876327e-05,2.590593e-03,1.743461e-02,4.181891e-05
