# rmse alpha/u,rmse phic/h,rmse h/r,spread alpha/u,spread phic/h,spread h/r
1.854272e-01,5.758770e-01,3.754922e-01,1.845160e-01,1.999864e-01,1.808796e-01
4.308118e-03,3.307774e-02,7.256570e-05,2.828818e-03,2.111722e-02,5.104880e-05
