# rmse alpha/u,rmse phic/h,rmse h/r,spread alpha/u,spread phic/h,spread h/r
1.854272e-01,5.758770e-01,3.754922e-01,1.845160e-01,1.999864e-01,1.808796e-01
4.599138e-03,2.596974e-02,5.999329e-05,3.132480e-03,2.261520e-02,4.886398e-05
