# rmse alpha/u,rmse phic/h,rmse h/r,spread alpha/u,spread phic/h,spread h/r
3.533511e-01,2.088187e-01,2.495946e-01,1.365009e-01,2.056984e-01,1.580122e-01
3.220525e-03,1.683365e-02,1.881459e-05,1.705910e-03,1.086462e-02,2.903555e-05
