# rmse alpha/u,rmse phic/h,rmse h/r,spread alpha/u,spread phic/h,spread h/r
3.533511e-01,2.088187e-01,2.495946e-01,1.365009e-01,2.056984e-01,1.580122e-01
3.536661e-03,2.261127e-02,2.979686e-05,1.967441e-03,1.413249e-02,3.124824e-05
