# rmse alpha/u,rmse phic/h,rmse h/r,spread alpha/u,spread phic/h,spread h/r
3.533511e-01,2.088187e-01,2.495946e-01,1.365009e-01,2.056984e-01,1.580122e-01
1.940509e-03,1.205505e-02,1.747646e-05,1.837205e-03,1.220654e-02,2.272574e-05
