# rmse alpha/u,rmse phic/h,rmse h/r,spread alpha/u,spread phic/h,spread h/r
3.533511e-01,2.088187e-01,2.495946e-01,1.365009e-01,2.056984e-01,1.580122e-01
3.196922e-03,2.291938e-02,4.032682e-05,1.959739e-03,1.459625e-02,3.691488e-05
