# rmse alpha/u,rmse phic/h,rmse h/r,spread alpha/u,spread phic/h,spread h/r
3.533511e-01,2.088187e-01,2.495946e-01,1.365009e-01,2.056984e-01,1.580122e-01
3.216002e-03,1.699926e-02,2.736451e-05,1.705980e-03,1.149070e-02,2.372577e-05
