# rmse alpha/u,rmse phic/h,rmse h/r,spread alpha/u,spread phic/h,spread h/r
7.568081e-02,1.338987e-01,2.251943e-01,2.007018e-01,2.348895e-01,2.071683e-01
3.511833e-03,1.558504e-02,1.026388e-04,2.781093e-03,1.805346e-02,6.461917e-05
