# rmse alpha/u,rmse phic/h,rmse h/r,spread alpha/u,spread phic/h,spread h/r
7.568081e-02,1.338987e-01,2.251943e-01,2.007018e-01,2.348895e-01,2.071683e-01
4.028987e-03,2.353101e-02,1.007802e-04,3.138501e-03,2.039456e-02,6.269840e-05
