# rmse alpha/u,rmse phic/h,rmse h/r,spread alpha/u,spread phic/h,spread h/r
7.568081e-02,1.338987e-01,2.251943e-01,2.007018e-01,2.348895e-01,2.071683e-01
5.107433e-03,3.656628e-02,1.277753e-04,2.768380e-03,1.986985e-02,6.520802e-05
