# rmse alpha/u,rmse phic/h,rmse h/r,spread alpha/u,spread phic/h,spread h/r
1.995803e-02,2.839884e-02,2.709655e-02,1.232539e-01,9.439471e-02,8.066529e-02
4.047000e-03,2.378632e-02,5.759894e-05,1.924004e-03,1.405057e-02,4.467056e-05
