# rmse alpha/u,rmse phic/h,rmse h/r,spread alpha/u,spread phic/h,spread h/r
1.995803e-02,2.839884e-02,2.709655e-02,1.232539e-01,9.439471e-02,8.066529e-02
3.738961e-03,2.237132e-02,5.048143e-05,1.905999e-03,1.280279e-02,4.237832e-05
