# rmse alpha/u,rmse phic/h,rmse h/r,spread alpha/u,spread phic/h,spread h/r
1.995803e-02,2.839884e-02,2.709655e-02,1.232539e-01,9.439471e-02,8.066529e-02
4.575932e-03,2.685210e-02,4.445737e-05,2.097859e-03,1.418530e-02,4.508756e-05
