# rmse alpha/u,rmse phic/h,rmse h/r,spread alpha/u,spread phic/h,spread h/r
1.995803e-02,2.839884e-02,2.709655e-02,1.232539e-01,9.439471e-02,8.066529e-02
3.478788e-03,1.966120e-02,5.409137e-05,2.125662e-03,1.367448e-02,4.478482e-05
