# rmse alpha/u,rmse phic/h,rmse h/r,spread alpha/u,spread phic/h,spread h/r
1.995803e-02,2.839884e-02,2.709655e-02,1.232539e-01,9.439471e-02,8.066529e-02
4.783322e-03,3.057790e-02,3.109598e-05,1.970180e-03,1.337869e-02,3.894671e-05
