# rmse alpha/u,rmse phic/h,rmse h/r,spread alpha/u,spread phic/h,spread h/r
1.995803e-02,2.839884e-02,2.709655e-02,1.232539e-01,9.439471e-02,8.066529e-02
1.405174e-03,9.367416e-03,2.495102e-05,1.518727e-03,1.052358e-02,3.744711e-05
