# rmse alpha/u,rmse phic/h,rmse h/r,spread alpha/u,spread phic/h,spread h/r
3.962919e-03,1.327029e-02,6.471902e-03,1.385834e-01,6.074823e-02,8.913192e-02
2.551333e-03,1.574363e-02,4.846003e-05,1.417591e-03,1.045698e-02,4.702156e-05
