# rmse alpha/u,rmse phic/h,rmse h/r,spread alpha/u,spread phic/h,spread h/r
3.962919e-03,1.327029e-02,6.471902e-03,1.385834e-01,6.074823e-02,8.913192e-02
1.775063e-03,1.150735e-02,3.733620e-05,1.182958e-03,8.318551e-03,4.288140e-05
