# rmse alpha/u,rmse phic/h,rmse h/r,spread alpha/u,spread phic/h,spread h/r
3.962919e-03,1.327029e-02,6.471902e-03,1.385834e-01,6.074823e-02,8.913192e-02
8.748722e-04,6.734939e-03,2.576826e-05,8.915508e-04,6.740382e-03,4.394130e-05
