# rmse alpha/u,rmse phic/h,rmse h/r,spread alpha/u,spread phic/h,spread h/r
3.962919e-03,1.327029e-02,6.471902e-03,1.385834e-01,6.074823e-02,8.913192e-02
9.339691e-04,7.703569e-03,2.787904e-05,9.484735e-04,7.068782e-03,4.360303e-05
