# rmse alpha/u,rmse phic/h,rmse h/r,spread alpha/u,spread phic/h,spread h/r
3.962919e-03,1.327029e-02,6.471902e-03,1.385834e-01,6.074823e-02,8.913192e-02
8.702864e-04,7.712110e-03,3.386229e-05,8.766404e-04,6.633713e-03,4.288200e-05
