# rmse alpha/u,rmse phic/h,rmse h/r,spread alpha/u,spread phic/h,spread h/r
1.428504e-01,2.428284e-02,1.141913e-01,2.066578e-01,2.217821e-01,2.239242e-01
4.254014e-03,3.170118e-02,4.932908e-05,3.772114e-03,2.889931e-02,4.908199e-05
