# rmse alpha/u,rmse phic/h,rmse h/r,spread alpha/u,spread phic/h,spread h/r
1.428504e-01,2.428284e-02,1.141913e-01,2.066578e-01,2.217821e-01,2.239242e-01
4.835341e-03,3.221303e-02,4.794381e-05,4.539029e-03,3.490910e-02,5.117719e-05
