# rmse alpha/u,rmse phic/h,rmse h/r,spread alpha/u,spread phic/h,spread h/r
1.428504e-01,2.428284e-02,1.141913e-01,2.066578e-01,2.217821e-01,2.239242e-01
5.214793e-03,3.469389e-02,3.526726e-05,3.969474e-03,2.891634e-02,4.047108e-05
