# rmse alpha/u,rmse phic/h,rmse h/r,spread alpha/u,spread phic/h,spread h/r
2.033673e-02,2.492550e-02,2.637987e-02,1.825338e-01,1.882623e-01,2.048818e-01
3.768249e-03,2.494802e-02,5.995918e-05,2.724782e-03,2.066775e-02,5.489840e-05
