# rmse alpha/u,rmse phic/h,rmse h/r,spread alpha/u,spread phic/h,spread h/r
2.033673e-02,2.492550e-02,2.637987e-02,1.825338e-01,1.882623e-01,2.048818e-01
3.654521e-03,2.051818e-02,4.842841e-05,2.935071e-03,2.089805e-02,5.199462e-05
