# rmse alpha/u,rmse phic/h,rmse h/r,spread alpha/u,spread phic/h,spread h/r
2.033673e-02,2.492550e-02,2.637987e-02,1.825338e-01,1.882623e-01,2.048818e-01
4.068870e-03,3.024299e-02,6.323838e-05,3.064580e-03,2.338886e-02,5.598706e-05
