# rmse alpha/u,rmse phic/h,rmse h/r,spread alpha/u,spread phic/h,spread h/r
2.033673e-02,2.492550e-02,2.637987e-02,1.825338e-01,1.882623e-01,2.048818e-01
3.195350e-03,2.496064e-02,4.094919e-05,2.390865e-03,1.749672e-02,4.502285e-05
