# rmse alpha/u,rmse phic/h,rmse h/r,spread alpha/u,spread phic/h,spread h/r
2.033673e-02,2.492550e-02,2.637987e-02,1.825338e-01,1.882623e-01,2.048818e-01
4.146754e-03,2.973827e-02,5.718009e-05,3.249790e-03,2.490738e-02,5.100371e-05
