# rmse alpha/u,rmse phic/h,rmse h/r,spread alpha/u,spread phic/h,spread h/r
2.033673e-02,2.492550e-02,2.637987e-02,1.825338e-01,1.882623e-01,2.048818e-01
4.011522e-03,2.974936e-02,6.035739e-05,3.378776e-03,2.525959e-02,5.422628e-05
