# rmse alpha/u,rmse phic/h,rmse h/r,spread alpha/u,spread phic/h,spread h/r
2.033673e-02,2.492550e-02,2.637987e-02,1.825338e-01,1.882623e-01,2.048818e-01
4.723384e-03,2.887576e-02,5.865405e-05,3.162326e-03,2.568945e-02,5.772319e-05
