# rmse alpha/u,rmse phic/h,rmse h/r,spread alpha/u,spread phic/h,spread h/r
2.033673e-02,2.492550e-02,2.637987e-02,1.825338e-01,1.882623e-01,2.048818e-01
4.635630e-03,2.716020e-02,5.991956e-05,2.542781e-03,1.803655e-02,4.952624e-05
