# rmse alpha/u,rmse phic/h,rmse h/r,spread alpha/u,spread phic/h,spread h/r
2.124597e-01,4.493091e-03,9.092780e-02,2.007666e-01,2.380345e-01,2.181955e-01
2.160962e-03,1.369977e-02,2.599058e-05,1.452273e-03,9.537553e-03,2.641105e-05
