# rmse alpha/u,rmse phic/h,rmse h/r,spread alpha/u,spread phic/h,spread h/r
2.124597e-01,4.493091e-03,9.092780e-02,2.007666e-01,2.380345e-01,2.181955e-01
3.029638e-03,2.365148e-02,5.044915e-05,2.254454e-03,1.603187e-02,3.429751e-05
