# rmse alpha/u,rmse phic/h,rmse h/r,spread alpha/u,spread phic/h,spread h/r
2.124597e-01,4.493091e-03,9.092780e-02,2.007666e-01,2.380345e-01,2.181955e-01
2.834339e-03,1.868738e-02,3.815939e-05,1.952707e-03,1.416203e-02,3.210463e-05
