# rmse alpha/u,rmse phic/h,rmse h/r,spread alpha/u,spread phic/h,spread h/r
2.124597e-01,4.493091e-03,9.092780e-02,2.007666e-01,2.380345e-01,2.181955e-01
3.404754e-03,1.873751e-02,3.087789e-05,1.887636e-03,1.328573e-02,2.970820e-05
