# rmse alpha/u,rmse phic/h,rmse h/r,spread alpha/u,spread phic/h,spread h/r
2.124597e-01,4.493091e-03,9.092780e-02,2.007666e-01,2.380345e-01,2.181955e-01
2.764147e-03,2.102057e-02,3.834923e-05,2.143259e-03,1.553246e-02,3.282869e-05
