# rmse alpha/u,rmse phic/h,rmse h/r,spread alpha/u,spread phic/h,spread h/r
2.124597e-01,4.493091e-03,9.092780e-02,2.007666e-01,2.380345e-01,2.181955e-01
2.581656e-03,1.718678e-02,3.577509e-05,2.300953e-03,1.608029e-02,2.645122e-05
