# rmse alpha/u,rmse phic/h,rmse h/r,spread alpha/u,spread phic/h,spread h/r
2.377532e-01,4.968060e-01,5.884501e-01,1.909684e-01,2.207097e-01,2.003914e-01
2.347198e-03,1.360021e-02,3.421813e-05,1.119769e-03,8.083966e-03,3.083011e-05
