# rmse alpha/u,rmse phic/h,rmse h/r,spread alpha/u,spread phic/h,spread h/r
2.377532e-01,4.968060e-01,5.884501e-01,1.909684e-01,2.207097e-01,2.003914e-01
1.171009e-03,6.987332e-03,1.608162e-05,9.327817e-04,6.779627e-03,2.450450e-05
