# rmse alpha/u,rmse phic/h,rmse h/r,spread alpha/u,spread phic/h,spread h/r
2.377532e-01,4.968060e-01,5.884501e-01,1.909684e-01,2.207097e-01,2.003914e-01
2.528191e-03,1.060657e-02,1.766213e-05,1.230531e-03,8.653765e-03,2.472271e-05
