# rmse alpha/u,rmse phic/h,rmse h/r,spread alpha/u,spread phic/h,spread h/r
2.377532e-01,4.968060e-01,5.884501e-01,1.909684e-01,2.207097e-01,2.003914e-01
3.281225e-03,1.941260e-02,3.090860e-05,1.415347e-03,1.009895e-02,2.811415e-05
