# rmse alpha/u,rmse phic/h,rmse h/r,spread alpha/u,spread phic/h,spread h/r
2.377532e-01,4.968060e-01,5.884501e-01,1.909684e-01,2.207097e-01,2.003914e-01
2.489065e-03,1.710314e-02,3.281692e-05,1.618406e-03,1.100249e-02,3.003975e-05
