# rmse alpha/u,rmse phic/h,rmse h/r,spread alpha/u,spread phic/h,spread h/r
2.095064e-01,2.286842e-01,2.093363e-01,1.674265e-01,2.226131e-01,1.935605e-01
2.116964e-03,1.206082e-02,2.816150e-05,1.030779e-03,7.679103e-03,5.086886e-05
