# rmse alpha/u,rmse phic/h,rmse h/r,spread alpha/u,spread phic/h,spread h/r
2.095064e-01,2.286842e-01,2.093363e-01,1.674265e-01,2.226131e-01,1.935605e-01
2.184133e-03,1.146827e-02,3.441297e-05,1.437632e-03,9.569654e-03,4.931901e-05
