# rmse alpha/u,rmse phic/h,rmse h/r,spread alpha/u,spread phic/h,spread h/r
2.095064e-01,2.286842e-01,2.093363e-01,1.674265e-01,2.226131e-01,1.935605e-01
2.997609e-03,1.443645e-02,5.418713e-05,1.740124e-03,1.270323e-02,5.620982e-05
