# rmse alpha/u,rmse phic/h,rmse h/r,spread alpha/u,spread phic/h,spread h/r
2.095064e-01,2.286842e-01,2.093363e-01,1.674265e-01,2.226131e-01,1.935605e-01
2.190237e-03,1.397234e-02,4.848865e-05,1.472581e-03,1.087687e-02,5.415085e-05
