# rmse alpha/u,rmse phic/h,rmse h/r,spread alpha/u,spread phic/h,spread h/r
2.095064e-01,2.286842e-01,2.093363e-01,1.674265e-01,2.226131e-01,1.935605e-01
2.597387e-03,1.820316e-02,4.513582e-05,1.181910e-03,8.383669e-03,5.032049e-05
