# rmse alpha/u,rmse phic/h,rmse h/r,spread alpha/u,spread phic/h,spread h/r
2.095064e-01,2.286842e-01,2.093363e-01,1.674265e-01,2.226131e-01,1.935605e-01
1.228945e-03,8.205920e-03,3.766101e-05,1.111325e-03,8.342916e-03,5.140365e-05
