# rmse alpha/u,rmse phic/h,rmse h/r,spread alpha/u,spread phic/h,spread h/r
2.886659e-01,2.331454e-01,1.755906e-01,1.836004e-01,2.183725e-01,1.708564e-01
3.249086e-03,1.410948e-02,2.843846e-05,1.544279e-03,1.055564e-02,4.478183e-05
