# rmse alpha/u,rmse phic/h,rmse h/r,spread alpha/u,spread phic/h,spread h/r
2.886659e-01,2.331454e-01,1.755906e-01,1.836004e-01,2.183725e-01,1.708564e-01
2.325918e-03,1.223751e-02,3.145699e-05,1.595226e-03,1.139193e-02,4.742904e-05
