# rmse alpha/u,rmse phic/h,rmse h/r,spread alpha/u,spread phic/h,spread h/r
2.886659e-01,2.331454e-01,1.755906e-01,1.836004e-01,2.183725e-01,1.708564e-01
1.195067e-03,1.010725e-02,4.125147e-05,1.431144e-03,1.052522e-02,4.948728e-05
