# rmse alpha/u,rmse phic/h,rmse h/r,spread alpha/u,spread phic/h,spread h/r
2.886659e-01,2.331454e-01,1.755906e-01,1.836004e-01,2.183725e-01,1.708564e-01
1.122636e-03,8.992931e-03,3.117315e-05,1.226529e-03,9.056158e-03,4.465618e-05
