# rmse alpha/u,rmse phic/h,rmse h/r,spread alpha/u,spread phic/h,spread h/r
2.886659e-01,2.331454e-01,1.755906e-01,1.836004e-01,2.183725e-01,1.708564e-01
3.927283e-03,2.115685e-02,4.037705e-05,2.039352e-03,1.479117e-02,5.294401e-05
