# rmse alpha/u,rmse phic/h,rmse h/r,spread alpha/u,spread phic/h,spread h/r
2.886659e-01,2.331454e-01,1.755906e-01,1.836004e-01,2.183725e-01,1.708564e-01
1.497027e-03,1.111648e-02,2.610247e-05,1.239509e-03,8.847185e-03,4.365520e-05
