# rmse alpha/u,rmse phic/h,rmse h/r,spread alpha/u,spread phic/h,spread h/r
2.886659e-01,2.331454e-01,1.755906e-01,1.836004e-01,2.183725e-01,1.708564e-01
3.771881e-03,2.390743e-02,5.014815e-05,2.317436e-03,1.652474e-02,5.214383e-05
