# rmse alpha/u,rmse phic/h,rmse h/r,spread alpha/u,spread phic/h,spread h/r
4.528350e-02,4.745097e-02,4.779146e-03,1.047406e-01,1.082535e-01,7.941381e-02
3.403946e-03,2.126042e-02,4.662904e-05,1.854752e-03,1.285085e-02,4.971585e-05
