# rmse alpha/u,rmse phic/h,rmse h/r,spread alpha/u,spread phic/h,spread h/r
4.528350e-02,4.745097e-02,4.779146e-03,1.047406e-01,1.082535e-01,7.941381e-02
3.125140e-03,1.722263e-02,6.119101e-05,2.043330e-03,1.383576e-02,5.600156e-05
