# rmse alpha/u,rmse phic/h,rmse h/r,spread alpha/u,spread phic/h,spread h/r
7.602994e-03,1.807973e-02,4.073464e-02,1.418935e-01,2.430192e-01,2.162314e-01
8.440062e-04,6.708336e-03,1.985771e-05,8.421674e-04,6.652755e-03,4.947377e-05
