# rmse alpha/u,rmse phic/h,rmse h/r,spread alpha/u,spread phic/h,spread h/r
7.602994e-03,1.807973e-02,4.073464e-02,1.418935e-01,2.430192e-01,2.162314e-01
8.284193e-04,6.367924e-03,2.212891e-05,8.203247e-04,6.423428e-03,4.764423e-05
