# rmse alpha/u,rmse phic/h,rmse h/r,spread alpha/u,spread phic/h,spread h/r
7.602994e-03,1.807973e-02,4.073464e-02,1.418935e-01,2.430192e-01,2.162314e-01
8.686415e-04,6.638131e-03,2.505520e-05,8.358896e-04,6.482846e-03,4.887280e-05
