# rmse alpha/u,rmse phic/h,rmse h/r,spread alpha/u,spread phic/h,spread h/r
7.602994e-03,1.807973e-02,4.073464e-02,1.418935e-01,2.430192e-01,2.162314e-01
8.570467e-04,6.345911e-03,2.573407e-05,8.301461e-04,6.670521e-03,4.902850e-05
