# rmse alpha/u,rmse phic/h,rmse h/r,spread alpha/u,spread phic/h,spread h/r
7.602994e-03,1.807973e-02,4.073464e-02,1.418935e-01,2.430192e-01,2.162314e-01
8.654847e-04,7.113297e-03,2.025979e-05,8.570637e-04,6.968448e-03,5.040416e-05
