# rmse alpha/u,rmse phic/h,rmse h/r,spread alpha/u,spread phic/h,spread h/r
7.602994e-03,1.807973e-02,4.073464e-02,1.418935e-01,2.430192e-01,2.162314e-01
8.416457e-04,6.696455e-03,2.089125e-05,8.492434e-04,6.723714e-03,5.042570e-05
