# rmse alpha/u,rmse phic/h,rmse h/r,spread alpha/u,spread phic/h,spread h/r
1.920936e-04,1.720671e-01,2.650833e-02,1.472319e-01,2.337806e-01,1.626995e-01
1.012194e-03,7.892538e-03,2.809124e-05,9.655250e-04,7.348813e-03,4.810992e-05
