# rmse alpha/u,rmse phic/h,rmse h/r,spread alpha/u,spread phic/h,spread h/r
1.920936e-04,1.720671e-01,2.650833e-02,1.472319e-01,2.337806e-01,1.626995e-01
2.073561e-03,9.807373e-03,2.334844e-05,1.091263e-03,8.125726e-03,4.713886e-05
