# rmse alpha/u,rmse phic/h,rmse h/r,spread alpha/u,spread phic/h,spread h/r
1.920936e-04,1.720671e-01,2.650833e-02,1.472319e-01,2.337806e-01,1.626995e-01
1.480696e-03,1.118316e-02,2.809050e-05,9.462332e-04,7.103782e-03,4.710895e-05
