# rmse alpha/u,rmse phic/h,rmse h/r,spread alpha/u,spread phic/h,spread h/r
1.920936e-04,1.720671e-01,2.650833e-02,1.472319e-01,2.337806e-01,1.626995e-01
8.122014e-04,6.378785e-03,2.098589e-05,8.429226e-04,6.439326e-03,4.436614e-05
