# rmse alpha/u,rmse phic/h,rmse h/r,spread alpha/u,spread phic/h,spread h/r
1.920936e-04,1.720671e-01,2.650833e-02,1.472319e-01,2.337806e-01,1.626995e-01
1.475634e-03,9.123428e-03,2.879440e-05,1.227153e-03,8.941357e-03,4.803034e-05
