# rmse alpha/u,rmse phic/h,rmse h/r,spread alpha/u,spread phic/h,spread h/r
1.920936e-04,1.720671e-01,2.650833e-02,1.472319e-01,2.337806e-01,1.626995e-01
3.074970e-03,1.168048e-02,3.620030e-05,1.069570e-03,8.275872e-03,4.903820e-05
