# rmse alpha/u,rmse phic/h,rmse h/r,spread alpha/u,spread phic/h,spread h/r
5.050539e-03,6.440802e-07,1.036638e-02,1.080940e-01,5.882855e-02,5.717176e-02
1.717121e-03,8.765175e-03,2.389367e-05,1.198500e-03,8.559388e-03,3.686496e-05
