# rmse alpha/u,rmse phic/h,rmse h/r,spread alpha/u,spread phic/h,spread h/r
5.050539e-03,6.440802e-07,1.036638e-02,1.080940e-01,5.882855e-02,5.717176e-02
4.235577e-03,2.857469e-02,5.204469e-05,2.250906e-03,1.735373e-02,4.907562e-05
