# rmse alpha/u,rmse phic/h,rmse h/r,spread alpha/u,spread phic/h,spread h/r
5.050539e-03,6.440802e-07,1.036638e-02,1.080940e-01,5.882855e-02,5.717176e-02
2.943203e-03,2.317513e-02,5.199669e-05,1.586814e-03,1.179647e-02,4.680964e-05
