# rmse alpha/u,rmse phic/h,rmse h/r,spread alpha/u,spread phic/h,spread h/r
5.050539e-03,6.440802e-07,1.036638e-02,1.080940e-01,5.882855e-02,5.717176e-02
1.601433e-03,9.053007e-03,2.945491e-05,1.218774e-03,9.040539e-03,4.118012e-05
