# rmse alpha/u,rmse phic/h,rmse h/r,spread alpha/u,spread phic/h,spread h/r
1.340375e-01,1.701529e-02,2.521197e-03,2.029553e-01,2.401346e-01,2.180772e-01
4.997915e-03,3.126528e-02,4.166975e-05,3.171126e-03,2.302457e-02,3.230210e-05
