# rmse alpha/u,rmse phic/h,rmse h/r,spread alpha/u,spread phic/h,spread h/r
1.340375e-01,1.701529e-02,2.521197e-03,2.029553e-01,2.401346e-01,2.180772e-01
5.764490e-03,3.506933e-02,5.146914e-05,3.445483e-03,2.675965e-02,3.771953e-05
