# rmse alpha/u,rmse phic/h,rmse h/r,spread alpha/u,spread phic/h,spread h/r
1.340375e-01,1.701529e-02,2.521197e-03,2.029553e-01,2.401346e-01,2.180772e-01
4.555542e-03,3.399037e-02,4.481788e-05,3.448793e-03,2.558564e-02,3.937547e-05
