# rmse alpha/u,rmse phic/h,rmse h/r,spread alpha/u,spread phic/h,spread h/r
8.902414e-05,1.200979e-02,5.802144e-01,1.969593e-01,1.699969e-01,1.470455e-01
1.010489e-03,9.661586e-03,5.863142e-05,1.000593e-03,7.389420e-03,2.811349e-05
