# rmse alpha/u,rmse phic/h,rmse h/r,spread alpha/u,spread phic/h,spread h/r
8.902414e-05,1.200979e-02,5.802144e-01,1.969593e-01,1.699969e-01,1.470455e-01
3.652687e-03,1.875902e-02,5.801005e-05,1.441121e-03,1.006339e-02,2.853418e-05
