# rmse alpha/u,rmse phic/h,rmse h/r,spread alpha/u,spread phic/h,spread h/r
8.902414e-05,1.200979e-02,5.802144e-01,1.969593e-01,1.699969e-01,1.470455e-01
1.143033e-03,7.494274e-03,4.801811e-05,8.991253e-04,6.713355e-03,3.003447e-05
