# rmse alpha/u,rmse phic/h,rmse h/r,spread alpha/u,spread phic/h,spread h/r
8.902414e-05,1.200979e-02,5.802144e-01,1.969593e-01,1.699969e-01,1.470455e-01
2.179397e-03,1.166597e-02,4.362897e-05,7.988778e-04,6.109262e-03,2.763737e-05
