# rmse alpha/u,rmse phic/h,rmse h/r,spread alpha/u,spread phic/h,spread h/r
8.902414e-05,1.200979e-02,5.802144e-01,1.969593e-01,1.699969e-01,1.470455e-01
9.633507e-04,7.487260e-03,4.183810e-05,1.006028e-03,7.553596e-03,2.657984e-05
