# rmse alpha/u,rmse phic/h,rmse h/r,spread alpha/u,spread phic/h,spread h/r
8.902414e-05,3.470850e-01,1.015812e-01,1.969593e-01,1.699969e-01,1.470455e-01
4.607501e-03,2.658635e-02,2.837564e-05,2.594939e-03,1.941781e-02,2.562551e-05
