# rmse alpha/u,rmse phic/h,rmse h/r,spread alpha/u,spread phic/h,spread h/r
8.902414e-05,3.470850e-01,1.015812e-01,1.969593e-01,1.699969e-01,1.470455e-01
3.650337e-03,2.432071e-02,3.401569e-05,2.727755e-03,2.047523e-02,2.836893e-05
