# rmse alpha/u,rmse phic/h,rmse h/r,spread alpha/u,spread phic/h,spread h/r
8.902414e-05,3.470850e-01,1.015812e-01,1.969593e-01,1.699969e-01,1.470455e-01
3.590745e-03,2.458279e-02,3.422433e-05,2.257362e-03,1.609087e-02,2.529462e-05
