# rmse alpha/u,rmse phic/h,rmse h/r,spread alpha/u,spread phic/h,spread h/r
8.902414e-05,3.470850e-01,1.015812e-01,1.969593e-01,1.699969e-01,1.470455e-01
4.293623e-03,2.839523e-02,3.025469e-05,2.895704e-03,1.955303e-02,2.205148e-05
