# rmse alpha/u,rmse phic/h,rmse h/r,spread alpha/u,spread phic/h,spread h/r
8.902414e-05,3.470850e-01,1.015812e-01,1.969593e-01,1.699969e-01,1.470455e-01
3.551068e-03,2.038845e-02,3.242371e-05,2.765592e-03,1.963958e-02,2.190124e-05
