# rmse alpha/u,rmse phic/h,rmse h/r,spread alpha/u,spread phic/h,spread h/r
8.902414e-05,3.470850e-01,1.015812e-01,1.969593e-01,1.699969e-01,1.470455e-01
3.752533e-03,2.355263e-02,2.956710e-05,2.192272e-03,1.548704e-02,2.490610e-05
