# rmse alpha/u,rmse phic/h,rmse h/r,spread alpha/u,spread phic/h,spread h/r
8.902414e-05,3.470850e-01,1.015812e-01,1.969593e-01,1.699969e-01,1.470455e-01
5.601195e-03,3.505951e-02,3.303752e-05,3.319540e-03,2.421808e-02,2.922999e-05
