# rmse alpha/u,rmse phic/h,rmse h/r,spread alpha/u,spread phic/h,spread h/r
8.902414e-05,3.470850e-01,1.015812e-01,1.969593e-01,1.699969e-01,1.470455e-01
2.829878e-03,1.419607e-02,2.344818e-05,1.994127e-03,1.404808e-02,2.314417e-05
