# rmse alpha/u,rmse phic/h,rmse h/r,spread alpha/u,spread phic/h,spread h/r
2.599881e-01,2.633294e-01,2.186904e-01,1.910254e-01,2.103657e-01,1.707528e-01
8.370022e-04,6.354143e-03,1.998871e-05,8.104544e-04,6.303643e-03,3.640166e-05
