# rmse alpha/u,rmse phic/h,rmse h/r,spread alpha/u,spread phic/h,spread h/r
2.599881e-01,2.633294e-01,2.186904e-01,1.910254e-01,2.103657e-01,1.707528e-01
8.080857e-04,6.393048e-03,1.957822e-05,7.744398e-04,6.061459e-03,3.485359e-05
