# rmse alpha/u,rmse phic/h,rmse h/r,spread alpha/u,spread phic/h,spread h/r
2.599881e-01,2.633294e-01,2.186904e-01,1.910254e-01,2.103657e-01,1.707528e-01
8.424434e-04,6.275236e-03,2.611352e-05,8.194235e-04,6.214497e-03,3.540369e-05
