# rmse alpha/u,rmse phic/h,rmse h/r,spread alpha/u,spread phic/h,spread h/r
2.599881e-01,2.633294e-01,2.186904e-01,1.910254e-01,2.103657e-01,1.707528e-01
8.737833e-04,7.252382e-03,3.395377e-05,8.218012e-04,6.488754e-03,3.565189e-05
