# rmse alpha/u,rmse phic/h,rmse h/r,spread alpha/u,spread phic/h,spread h/r
1.126118e-02,2.241693e-02,3.283987e-02,1.487813e-01,2.232823e-01,1.845119e-01
8.799354e-04,7.415065e-03,2.244988e-05,8.587188e-04,6.898801e-03,5.446749e-05
