# rmse alpha/u,rmse phic/h,rmse h/r,spread alpha/u,spread phic/h,spread h/r
1.126118e-02,2.241693e-02,3.283987e-02,1.487813e-01,2.232823e-01,1.845119e-01
8.497519e-04,6.703352e-03,2.160735e-05,8.519870e-04,6.612579e-03,5.343818e-05
