# rmse alpha/u,rmse phic/h,rmse h/r,spread alpha/u,spread phic/h,spread h/r
1.126118e-02,2.241693e-02,3.283987e-02,1.487813e-01,2.232823e-01,1.845119e-01
8.732531e-04,6.587349e-03,1.939811e-05,8.648468e-04,6.767801e-03,5.415355e-05
