# rmse alpha/u,rmse phic/h,rmse h/r,spread alpha/u,spread phic/h,spread h/r
1.746379e-01,3.730700e-01,3.026134e-01,1.402536e-01,2.207597e-01,2.039123e-01
8.398721e-04,7.045436e-03,2.520201e-05,8.563463e-04,6.785507e-03,4.837001e-05
