# rmse alpha/u,rmse phic/h,rmse h/r,spread alpha/u,spread phic/h,spread h/r
1.746379e-01,3.730700e-01,3.026134e-01,1.402536e-01,2.207597e-01,2.039123e-01
8.710931e-04,6.197980e-03,2.121740e-05,8.518636e-04,6.640320e-03,4.653517e-05
