# rmse alpha/u,rmse phic/h,rmse h/r,spread alpha/u,spread phic/h,spread h/r
1.746379e-01,3.730700e-01,3.026134e-01,1.402536e-01,2.207597e-01,2.039123e-01
8.400275e-04,6.806501e-03,2.278151e-05,8.542963e-04,6.741253e-03,4.805156e-05
