# rmse alpha/u,rmse phic/h,rmse h/r,spread alpha/u,spread phic/h,spread h/r
1.746379e-01,3.730700e-01,3.026134e-01,1.402536e-01,2.207597e-01,2.039123e-01
8.175521e-04,6.609063e-03,2.327997e-05,8.314242e-04,6.519789e-03,4.655523e-05
