# rmse alpha/u,rmse phic/h,rmse h/r,spread alpha/u,spread phic/h,spread h/r
1.143520e-01,1.181081e-01,1.274660e-01,1.122861e-01,1.044771e-01,9.544805e-02
7.825894e-04,6.334074e-03,1.969318e-05,8.130332e-04,6.351786e-03,4.608410e-05
