# rmse alpha/u,rmse phic/h,rmse h/r,spread alpha/u,spread phic/h,spread h/r
1.143520e-01,1.181081e-01,1.274660e-01,1.122861e-01,1.044771e-01,9.544805e-02
8.251748e-04,6.166960e-03,1.888723e-05,8.873750e-04,6.559664e-03,4.714727e-05
