# rmse alpha/u,rmse phic/h,rmse h/r,spread alpha/u,spread phic/h,spread h/r
1.143520e-01,1.181081e-01,1.274660e-01,1.122861e-01,1.044771e-01,9.544805e-02
7.956179e-04,6.102387e-03,1.995145e-05,8.190097e-04,6.398832e-03,4.603302e-05
