# rmse alpha/u,rmse phic/h,rmse h/r,spread alpha/u,spread phic/h,spread h/r
1.143520e-01,1.181081e-01,1.274660e-01,1.122861e-01,1.044771e-01,9.544805e-02
8.398464e-04,5.954767e-03,2.401487e-05,8.282538e-04,6.461375e-03,4.583445e-05
