# rmse alpha/u,rmse phic/h,rmse h/r,spread alpha/u,spread phic/h,spread h/r
1.132507e-02,3.827116e-02,1.737444e-01,1.983011e-01,2.138284e-01,2.556466e-01
5.159796e-03,3.610923e-02,5.164684e-05,4.156402e-03,3.189019e-02,4.570177e-05
