# rmse alpha/u,rmse phic/h,rmse h/r,spread alpha/u,spread phic/h,spread h/r
1.132507e-02,3.827116e-02,1.737444e-01,1.983011e-01,2.138284e-01,2.556466e-01
4.672320e-03,2.703503e-02,5.157996e-05,4.235533e-03,3.059283e-02,4.528573e-05
