# rmse alpha/u,rmse phic/h,rmse h/r,spread alpha/u,spread phic/h,spread h/r
1.132507e-02,3.827116e-02,1.737444e-01,1.983011e-01,2.138284e-01,2.556466e-01
5.572639e-03,3.611531e-02,5.496675e-05,4.607496e-03,3.771512e-02,5.201767e-05
