# rmse alpha/u,rmse phic/h,rmse h/r,spread alpha/u,spread phic/h,spread h/r
1.132507e-02,3.827116e-02,1.737444e-01,1.983011e-01,2.138284e-01,2.556466e-01
4.272787e-03,2.904268e-02,6.171561e-05,4.132260e-03,3.387890e-02,5.167869e-05
