# rmse alpha/u,rmse phic/h,rmse h/r,spread alpha/u,spread phic/h,spread h/r
1.132507e-02,3.827116e-02,1.737444e-01,1.983011e-01,2.138284e-01,2.556466e-01
5.975749e-03,3.392956e-02,5.893306e-05,4.600070e-03,3.602645e-02,5.112729e-05
