# rmse alpha/u,rmse phic/h,rmse h/r,spread alpha/u,spread phic/h,spread h/r
1.132507e-02,3.827116e-02,1.737444e-01,1.983011e-01,2.138284e-01,2.556466e-01
5.325094e-03,3.443626e-02,6.782582e-05,4.052800e-03,3.001962e-02,4.995216e-05
