# rmse alpha/u,rmse phic/h,rmse h/r,spread alpha/u,spread phic/h,spread h/r
3.034054e-01,5.416866e-02,1.881035e-03,2.178019e-01,1.997102e-01,1.533221e-01
1.629995e-03,9.424298e-03,2.214411e-05,9.623620e-04,7.328456e-03,4.484631e-05
