# rmse alpha/u,rmse phic/h,rmse h/r,spread alpha/u,spread phic/h,spread h/r
3.034054e-01,5.416866e-02,1.881035e-03,2.178019e-01,1.997102e-01,1.533221e-01
8.661450e-04,7.524848e-03,2.165791e-05,8.548122e-04,6.961517e-03,4.562037e-05
