# rmse alpha/u,rmse phic/h,rmse h/r,spread alpha/u,spread phic/h,spread h/r
3.034054e-01,5.416866e-02,1.881035e-03,2.178019e-01,1.997102e-01,1.533221e-01
8.462333e-04,6.765932e-03,2.345139e-05,8.382845e-04,6.621941e-03,4.554554e-05
