# rmse alpha/u,rmse phic/h,rmse h/r,spread alpha/u,spread phic/h,spread h/r
3.034054e-01,5.416866e-02,1.881035e-03,2.178019e-01,1.997102e-01,1.533221e-01
8.461418e-04,6.804016e-03,2.250353e-05,8.365499e-04,6.660368e-03,4.493118e-05
