# rmse alpha/u,rmse phic/h,rmse h/r,spread alpha/u,spread phic/h,spread h/r
3.034054e-01,5.416866e-02,1.881035e-03,2.178019e-01,1.997102e-01,1.533221e-01
9.415776e-04,7.382980e-03,2.238426e-05,8.781697e-04,6.765902e-03,4.439408e-05
