# rmse alpha/u,rmse phic/h,rmse h/r,spread alpha/u,spread phic/h,spread h/r
4.366777e-02,6.830765e-02,2.007563e-02,2.029553e-01,2.401346e-01,2.180772e-01
3.267438e-03,2.085883e-02,4.597726e-05,1.909972e-03,1.497756e-02,4.713618e-05
