# rmse alpha/u,rmse phic/h,rmse h/r,spread alpha/u,spread phic/h,spread h/r
4.366777e-02,6.830765e-02,2.007563e-02,2.029553e-01,2.401346e-01,2.180772e-01
4.312548e-03,2.404004e-02,5.526119e-05,1.917482e-03,1.525092e-02,4.698772e-05
