# rmse alpha/u,rmse phic/h,rmse h/r,spread alpha/u,spread phic/h,spread h/r
4.366777e-02,6.830765e-02,2.007563e-02,2.029553e-01,2.401346e-01,2.180772e-01
1.178677e-03,1.098697e-02,4.340632e-05,1.193094e-03,8.551207e-03,4.023989e-05
