# rmse alpha/u,rmse phic/h,rmse h/r,spread alpha/u,spread phic/h,spread h/r
4.366777e-02,6.830765e-02,2.007563e-02,2.029553e-01,2.401346e-01,2.180772e-01
2.288052e-03,1.665519e-02,3.693894e-05,1.717658e-03,1.162912e-02,3.913120e-05
