# rmse alpha/u,rmse phic/h,rmse h/r,spread alpha/u,spread phic/h,spread h/r
4.366777e-02,6.830765e-02,2.007563e-02,2.029553e-01,2.401346e-01,2.180772e-01
1.676653e-03,1.111409e-02,3.999222e-05,1.366483e-03,9.619801e-03,4.138071e-05
