# rmse alpha/u,rmse phic/h,rmse h/r,spread alpha/u,spread phic/h,spread h/r
4.366777e-02,6.830765e-02,2.007563e-02,2.029553e-01,2.401346e-01,2.180772e-01
2.299965e-03,1.153214e-02,2.425402e-05,1.422304e-03,9.731158e-03,3.669337e-05
