# rmse alpha/u,rmse phic/h,rmse h/r,spread alpha/u,spread phic/h,spread h/r
4.102410e-04,1.253622e-06,4.517952e-05,6.446272e-02,1.074812e-01,9.499120e-02
8.224471e-04,6.406023e-03,1.783631e-05,8.188548e-04,6.487457e-03,4.440691e-05
