# rmse alpha/u,rmse phic/h,rmse h/r,spread alpha/u,spread phic/h,spread h/r
4.102410e-04,1.253622e-06,4.517952e-05,6.446272e-02,1.074812e-01,9.499120e-02
7.859067e-04,6.175826e-03,1.899213e-05,7.905455e-04,6.044238e-03,4.473499e-05
