# rmse alpha/u,rmse phic/h,rmse h/r,spread alpha/u,spread phic/h,spread h/r
4.102410e-04,1.253622e-06,4.517952e-05,6.446272e-02,1.074812e-01,9.499120e-02
8.650335e-04,6.476827e-03,2.614057e-05,8.358601e-04,6.527165e-03,4.633549e-05
