# rmse alpha/u,rmse phic/h,rmse h/r,spread alpha/u,spread phic/h,spread h/r
4.102410e-04,1.253622e-06,4.517952e-05,6.446272e-02,1.074812e-01,9.499120e-02
8.396992e-04,6.221091e-03,1.975963e-05,8.219053e-04,6.468030e-03,4.481743e-05
