# rmse alpha/u,rmse phic/h,rmse h/r,spread alpha/u,spread phic/h,spread h/r
6.753593e-02,1.528731e-02,3.939808e-03,2.076251e-01,2.322843e-01,1.622678e-01
2.436080e-03,2.001716e-02,2.695451e-05,1.840952e-03,1.215379e-02,4.341891e-05
