# rmse alpha/u,rmse phic/h,rmse h/r,spread alpha/u,spread phic/h,spread h/r
6.753593e-02,1.528731e-02,3.939808e-03,2.076251e-01,2.322843e-01,1.622678e-01
2.336520e-03,1.673860e-02,4.136038e-05,1.993994e-03,1.396588e-02,4.888012e-05
