# rmse alpha/u,rmse phic/h,rmse h/r,spread alpha/u,spread phic/h,spread h/r
6.753593e-02,1.528731e-02,3.939808e-03,2.076251e-01,2.322843e-01,1.622678e-01
3.059732e-03,2.076314e-02,5.589919e-05,2.066374e-03,1.528966e-02,5.434991e-05
