# rmse alpha/u,rmse phic/h,rmse h/r,spread alpha/u,spread phic/h,spread h/r
6.753593e-02,1.528731e-02,3.939808e-03,2.076251e-01,2.322843e-01,1.622678e-01
2.543812e-03,1.417958e-02,4.522525e-05,1.828846e-03,1.254363e-02,4.732721e-05
