# rmse alpha/u,rmse phic/h,rmse h/r,spread alpha/u,spread phic/h,spread h/r
6.753593e-02,1.528731e-02,3.939808e-03,2.076251e-01,2.322843e-01,1.622678e-01
2.476551e-03,1.598860e-02,4.801530e-05,1.784606e-03,1.159622e-02,4.755994e-05
