# rmse alpha/u,rmse phic/h,rmse h/r,spread alpha/u,spread phic/h,spread h/r
6.753593e-02,1.528731e-02,3.939808e-03,2.076251e-01,2.322843e-01,1.622678e-01
2.089857e-03,1.316042e-02,4.508464e-05,1.538679e-03,1.093371e-02,5.247765e-05
