# rmse alpha/u,rmse phic/h,rmse h/r,spread alpha/u,spread phic/h,spread h/r
5.393749e-02,6.891762e-02,8.959304e-03,2.007018e-01,2.348895e-01,2.071683e-01
2.822594e-03,1.636878e-02,5.114319e-05,1.806485e-03,1.252798e-02,3.737023e-05
