# rmse alpha/u,rmse phic/h,rmse h/r,spread alpha/u,spread phic/h,spread h/r
5.393749e-02,6.891762e-02,8.959304e-03,2.007018e-01,2.348895e-01,2.071683e-01
3.384805e-03,2.752350e-02,6.301391e-05,2.005326e-03,1.394719e-02,4.266184e-05
