# rmse alpha/u,rmse phic/h,rmse h/r,spread alpha/u,spread phic/h,spread h/r
5.393749e-02,6.891762e-02,8.959304e-03,2.007018e-01,2.348895e-01,2.071683e-01
1.629001e-03,1.151953e-02,4.890905e-05,1.476675e-03,1.050216e-02,3.783846e-05
