# rmse alpha/u,rmse phic/h,rmse h/r,spread alpha/u,spread phic/h,spread h/r
5.393749e-02,6.891762e-02,8.959304e-03,2.007018e-01,2.348895e-01,2.071683e-01
2.650941e-03,1.773608e-02,3.571400e-05,1.652496e-03,1.132035e-02,3.908351e-05
