# rmse alpha/u,rmse phic/h,rmse h/r,spread alpha/u,spread phic/h,spread h/r
5.393749e-02,6.891762e-02,8.959304e-03,2.007018e-01,2.348895e-01,2.071683e-01
2.718041e-03,1.316826e-02,3.155136e-05,1.557591e-03,1.100812e-02,3.770275e-05
