# rmse alpha/u,rmse phic/h,rmse h/r,spread alpha/u,spread phic/h,spread h/r
5.393749e-02,6.891762e-02,8.959304e-03,2.007018e-01,2.348895e-01,2.071683e-01
2.345743e-03,1.349859e-02,3.925472e-05,1.414199e-03,1.008330e-02,4.043485e-05
