# rmse alpha/u,rmse phic/h,rmse h/r,spread alpha/u,spread phic/h,spread h/r
5.393749e-02,6.891762e-02,8.959304e-03,2.007018e-01,2.348895e-01,2.071683e-01
1.962377e-03,1.427090e-02,4.079931e-05,1.400379e-03,1.033068e-02,4.009429e-05
