# rmse alpha/u,rmse phic/h,rmse h/r,spread alpha/u,spread phic/h,spread h/r
2.137103e-01,2.325497e-01,4.669034e-01,1.408747e-01,2.267476e-01,1.997121e-01
3.404304e-03,2.408630e-02,6.243918e-05,2.177920e-03,1.503712e-02,5.364387e-05
