# rmse alpha/u,rmse phic/h,rmse h/r,spread alpha/u,spread phic/h,spread h/r
2.137103e-01,2.325497e-01,4.669034e-01,1.408747e-01,2.267476e-01,1.997121e-01
2.279401e-03,1.306432e-02,5.523067e-05,1.817961e-03,1.182558e-02,4.949862e-05
