# rmse alpha/u,rmse phic/h,rmse h/r,spread alpha/u,spread phic/h,spread h/r
2.137103e-01,2.325497e-01,4.669034e-01,1.408747e-01,2.267476e-01,1.997121e-01
2.809269e-03,2.489667e-02,5.379223e-05,1.884096e-03,1.425358e-02,5.391623e-05
