# rmse alpha/u,rmse phic/h,rmse h/r,spread alpha/u,spread phic/h,spread h/r
3.783591e-02,2.318316e-02,1.770415e-02,1.331711e-01,9.218683e-02,9.352201e-02
1.763239e-03,1.116044e-02,3.659603e-05,1.687825e-03,1.295983e-02,3.977380e-05
