# rmse alpha/u,rmse phic/h,rmse h/r,spread alpha/u,spread phic/h,spread h/r
3.783591e-02,2.318316e-02,1.770415e-02,1.331711e-01,9.218683e-02,9.352201e-02
1.739934e-03,1.030901e-02,2.680797e-05,1.428117e-03,9.818974e-03,3.977364e-05
