# rmse alpha/u,rmse phic/h,rmse h/r,spread alpha/u,spread phic/h,spread h/r
3.783591e-02,2.318316e-02,1.770415e-02,1.331711e-01,9.218683e-02,9.352201e-02
2.451492e-03,1.852263e-02,2.611339e-05,1.455342e-03,1.065381e-02,3.876533e-05
