# rmse alpha/u,rmse phic/h,rmse h/r,spread alpha/u,spread phic/h,spread h/r
4.780761e-02,2.892218e-02,4.194718e-02,1.880715e-01,2.207530e-01,2.113853e-01
5.007060e-03,3.265528e-02,7.096968e-05,2.572029e-03,1.892611e-02,4.452057e-05
