# rmse alpha/u,rmse phic/h,rmse h/r,spread alpha/u,spread phic/h,spread h/r
4.780761e-02,2.892218e-02,4.194718e-02,1.880715e-01,2.207530e-01,2.113853e-01
4.252104e-03,3.281342e-02,5.492546e-05,2.748254e-03,1.930969e-02,4.094465e-05
