# rmse alpha/u,rmse phic/h,rmse h/r,spread alpha/u,spread phic/h,spread h/r
4.780761e-02,2.892218e-02,4.194718e-02,1.880715e-01,2.207530e-01,2.113853e-01
4.171208e-03,2.714991e-02,4.798993e-05,2.803063e-03,1.927423e-02,4.205527e-05
