# rmse alpha/u,rmse phic/h,rmse h/r,spread alpha/u,spread phic/h,spread h/r
4.780761e-02,2.892218e-02,4.194718e-02,1.880715e-01,2.207530e-01,2.113853e-01
4.615099e-03,2.838151e-02,7.783008e-05,1.824895e-03,1.346598e-02,4.386917e-05
