# rmse alpha/u,rmse phic/h,rmse h/r,spread alpha/u,spread phic/h,spread h/r
2.590292e-02,6.217499e-03,1.581980e-02,1.987900e-01,2.437274e-01,1.934646e-01
3.009548e-03,2.163168e-02,5.478713e-05,2.156171e-03,1.476817e-02,4.247205e-05
