# rmse alpha/u,rmse phic/h,rmse h/r,spread alpha/u,spread phic/h,spread h/r
2.590292e-02,6.217499e-03,1.581980e-02,1.987900e-01,2.437274e-01,1.934646e-01
3.720774e-03,2.210256e-02,5.162441e-05,2.627795e-03,1.980252e-02,4.831810e-05
