# rmse alpha/u,rmse phic/h,rmse h/r,spread alpha/u,spread phic/h,spread h/r
2.590292e-02,6.217499e-03,1.581980e-02,1.987900e-01,2.437274e-01,1.934646e-01
3.077991e-03,1.997490e-02,3.590726e-05,2.332744e-03,1.661266e-02,4.842888e-05
