# rmse alpha/u,rmse phic/h,rmse h/r,spread alpha/u,spread phic/h,spread h/r
1.766300e-04,3.017808e-02,1.452174e-04,1.738920e-01,2.448466e-01,1.681315e-01
2.348027e-03,1.544851e-02,2.870236e-05,1.281829e-03,9.632542e-03,2.364875e-05
