# rmse alpha/u,rmse phic/h,rmse h/r,spread alpha/u,spread phic/h,spread h/r
1.766300e-04,3.017808e-02,1.452174e-04,1.738920e-01,2.448466e-01,1.681315e-01
3.458037e-03,2.076374e-02,3.452026e-05,1.952514e-03,1.360712e-02,2.445918e-05
