# rmse alpha/u,rmse phic/h,rmse h/r,spread alpha/u,spread phic/h,spread h/r
1.766300e-04,3.017808e-02,1.452174e-04,1.738920e-01,2.448466e-01,1.681315e-01
3.092563e-03,2.459844e-02,5.514364e-05,1.469619e-03,1.051337e-02,2.805421e-05
