# rmse alpha/u,rmse phic/h,rmse h/r,spread alpha/u,spread phic/h,spread h/r
1.766300e-04,3.017808e-02,1.452174e-04,1.738920e-01,2.448466e-01,1.681315e-01
2.459361e-03,1.352236e-02,2.899261e-05,1.570334e-03,1.064861e-02,1.998576e-05
