# rmse alpha/u,rmse phic/h,rmse h/r,spread alpha/u,spread phic/h,spread h/r
1.766300e-04,3.017808e-02,1.452174e-04,1.738920e-01,2.448466e-01,1.681315e-01
2.459947e-03,1.331009e-02,4.427830e-05,1.186352e-03,8.504664e-03,1.780302e-05
