# rmse alpha/u,rmse phic/h,rmse h/r,spread alpha/u,spread phic/h,spread h/r
1.276958e-01,1.305208e-04,1.060829e-02,1.999687e-01,2.175675e-01,1.756345e-01
3.507800e-03,1.737142e-02,5.166773e-05,1.789470e-03,1.163455e-02,3.772973e-05
