# rmse alpha/u,rmse phic/h,rmse h/r,spread alpha/u,spread phic/h,spread h/r
1.276958e-01,1.305208e-04,1.060829e-02,1.999687e-01,2.175675e-01,1.756345e-01
3.721491e-03,1.906269e-02,5.990601e-05,2.180608e-03,1.417986e-02,3.511211e-05
