# rmse alpha/u,rmse phic/h,rmse h/r,spread alpha/u,spread phic/h,spread h/r
2.888140e-03,1.126744e-02,2.557753e-02,1.183995e-01,8.918336e-02,8.099307e-02
2.161431e-03,1.246098e-02,2.448424e-05,1.283058e-03,9.209444e-03,4.204971e-05
