# rmse alpha/u,rmse phic/h,rmse h/r,spread alpha/u,spread phic/h,spread h/r
2.888140e-03,1.126744e-02,2.557753e-02,1.183995e-01,8.918336e-02,8.099307e-02
2.304064e-03,1.412582e-02,3.935511e-05,9.606330e-04,7.266829e-03,4.236967e-05
