# rmse alpha/u,rmse phic/h,rmse h/r,spread alpha/u,spread phic/h,spread h/r
2.888140e-03,1.126744e-02,2.557753e-02,1.183995e-01,8.918336e-02,8.099307e-02
1.624274e-03,9.950005e-03,2.952255e-05,1.030039e-03,7.210038e-03,3.992296e-05
