# rmse alpha/u,rmse phic/h,rmse h/r,spread alpha/u,spread phic/h,spread h/r
2.888140e-03,1.126744e-02,2.557753e-02,1.183995e-01,8.918336e-02,8.099307e-02
2.357138e-03,1.663574e-02,3.836231e-05,1.624632e-03,1.110139e-02,4.279177e-05
