# rmse alpha/u,rmse phic/h,rmse h/r,spread alpha/u,spread phic/h,spread h/r
8.606989e-02,1.940353e-01,1.283722e-01,2.011122e-01,2.284813e-01,1.938860e-01
5.369890e-03,3.248640e-02,1.723093e-04,2.820901e-03,1.919008e-02,6.214767e-05
