# rmse alpha/u,rmse phic/h,rmse h/r,spread alpha/u,spread phic/h,spread h/r
8.606989e-02,1.940353e-01,1.283722e-01,2.011122e-01,2.284813e-01,1.938860e-01
4.216225e-03,3.060988e-02,1.746907e-04,2.570226e-03,1.905962e-02,5.951788e-05
