# rmse alpha/u,rmse phic/h,rmse h/r,spread alpha/u,spread phic/h,spread h/r
8.606989e-02,1.940353e-01,1.283722e-01,2.011122e-01,2.284813e-01,1.938860e-01
3.790234e-03,2.937331e-02,1.581848e-04,2.306289e-03,1.494898e-02,4.350463e-05
