# rmse alpha/u,rmse phic/h,rmse h/r,spread alpha/u,spread phic/h,spread h/r
8.606989e-02,1.940353e-01,1.283722e-01,2.011122e-01,2.284813e-01,1.938860e-01
4.638392e-03,3.546541e-02,1.433946e-04,2.352609e-03,1.721539e-02,5.145067e-05
