# rmse alpha/u,rmse phic/h,rmse h/r,spread alpha/u,spread phic/h,spread h/r
8.606989e-02,1.940353e-01,1.283722e-01,2.011122e-01,2.284813e-01,1.938860e-01
3.436889e-03,1.879605e-02,1.165760e-04,2.783008e-03,1.722715e-02,4.695852e-05
