# rmse alpha/u,rmse phic/h,rmse h/r,spread alpha/u,spread phic/h,spread h/r
1.351580e-01,2.007509e-05,1.499587e-02,2.007666e-01,2.380345e-01,2.181955e-01
8.356173e-04,6.564863e-03,2.174486e-05,8.171426e-04,6.566165e-03,4.146316e-05
