# rmse alpha/u,rmse phic/h,rmse h/r,spread alpha/u,spread phic/h,spread h/r
1.351580e-01,2.007509e-05,1.499587e-02,2.007666e-01,2.380345e-01,2.181955e-01
8.685648e-04,6.488108e-03,1.955368e-05,8.259651e-04,6.362589e-03,4.191163e-05
