# rmse alpha/u,rmse phic/h,rmse h/r,spread alpha/u,spread phic/h,spread h/r
1.351580e-01,2.007509e-05,1.499587e-02,2.007666e-01,2.380345e-01,2.181955e-01
8.463871e-04,6.592966e-03,2.568137e-05,8.415963e-04,6.736929e-03,4.239519e-05
