# rmse alpha/u,rmse phic/h,rmse h/r,spread alpha/u,spread phic/h,spread h/r
1.351580e-01,2.007509e-05,1.499587e-02,2.007666e-01,2.380345e-01,2.181955e-01
8.516124e-04,6.612909e-03,1.948424e-05,8.041183e-04,6.279638e-03,4.050801e-05
