# rmse alpha/u,rmse phic/h,rmse h/r,spread alpha/u,spread phic/h,spread h/r
3.783855e-01,1.022114e-01,4.572050e-01,1.724500e-01,2.357833e-01,1.626367e-01
4.359399e-03,2.408223e-02,5.473160e-05,2.091885e-03,1.371683e-02,2.021930e-05
