# rmse alpha/u,rmse phic/h,rmse h/r,spread alpha/u,spread phic/h,spread h/r
3.783855e-01,1.022114e-01,4.572050e-01,1.724500e-01,2.357833e-01,1.626367e-01
3.725679e-03,1.884269e-02,4.462402e-05,2.126528e-03,1.430309e-02,2.041469e-05
