# rmse alpha/u,rmse phic/h,rmse h/r,spread alpha/u,spread phic/h,spread h/r
3.783855e-01,1.022114e-01,4.572050e-01,1.724500e-01,2.357833e-01,1.626367e-01
4.694262e-03,2.357773e-02,3.770532e-05,2.654819e-03,1.723045e-02,2.192375e-05
