# rmse alpha/u,rmse phic/h,rmse h/r,spread alpha/u,spread phic/h,spread h/r
3.291656e-02,2.257234e-01,2.938427e-01,1.982756e-01,1.909562e-01,1.621428e-01
3.597143e-03,2.491042e-02,4.380859e-05,2.809032e-03,1.945477e-02,4.156237e-05
