# rmse alpha/u,rmse phic/h,rmse h/r,spread alpha/u,spread phic/h,spread h/r
3.291656e-02,2.257234e-01,2.938427e-01,1.982756e-01,1.909562e-01,1.621428e-01
2.765131e-03,1.864906e-02,3.624691e-05,2.389287e-03,1.715393e-02,4.153852e-05
