# rmse alpha/u,rmse phic/h,rmse h/r,spread alpha/u,spread phic/h,spread h/r
3.291656e-02,2.257234e-01,2.938427e-01,1.982756e-01,1.909562e-01,1.621428e-01
2.907068e-03,1.546685e-02,2.977242e-05,2.431117e-03,1.613394e-02,3.561365e-05
