# rmse alpha/u,rmse phic/h,rmse h/r,spread alpha/u,spread phic/h,spread h/r
3.291656e-02,2.257234e-01,2.938427e-01,1.982756e-01,1.909562e-01,1.621428e-01
3.833440e-03,2.701070e-02,4.494286e-05,2.413961e-03,1.750704e-02,3.911482e-05
