# rmse alpha/u,rmse phic/h,rmse h/r,spread alpha/u,spread phic/h,spread h/r
3.439881e-02,9.431096e-03,2.375662e-02,1.332693e-01,2.212865e-01,1.900748e-01
8.775367e-04,6.879460e-03,1.871571e-05,8.718581e-04,6.917668e-03,4.947414e-05
