# rmse alpha/u,rmse phic/h,rmse h/r,spread alpha/u,spread phic/h,spread h/r
3.439881e-02,9.431096e-03,2.375662e-02,1.332693e-01,2.212865e-01,1.900748e-01
8.932143e-04,6.613203e-03,1.977594e-05,8.399563e-04,6.499184e-03,4.834027e-05
