# rmse alpha/u,rmse phic/h,rmse h/r,spread alpha/u,spread phic/h,spread h/r
3.439881e-02,9.431096e-03,2.375662e-02,1.332693e-01,2.212865e-01,1.900748e-01
8.681482e-04,6.598541e-03,2.336023e-05,8.720098e-04,6.984730e-03,5.005386e-05
