# rmse alpha/u,rmse phic/h,rmse h/r,spread alpha/u,spread phic/h,spread h/r
3.439881e-02,9.431096e-03,2.375662e-02,1.332693e-01,2.212865e-01,1.900748e-01
8.247139e-04,6.793963e-03,2.163866e-05,8.307465e-04,6.498803e-03,4.927052e-05
