# rmse alpha/u,rmse phic/h,rmse h/r,spread alpha/u,spread phic/h,spread h/r
3.439881e-02,9.431096e-03,2.375662e-02,1.332693e-01,2.212865e-01,1.900748e-01
8.679849e-04,7.002249e-03,2.205432e-05,8.644631e-04,6.889586e-03,5.016806e-05
