# rmse alpha/u,rmse phic/h,rmse h/r,spread alpha/u,spread phic/h,spread h/r
3.439881e-02,9.431096e-03,2.375662e-02,1.332693e-01,2.212865e-01,1.900748e-01
8.715860e-04,7.180051e-03,2.045507e-05,8.667007e-04,6.739099e-03,4.903684e-05
