# rmse alpha/u,rmse phic/h,rmse h/r,spread alpha/u,spread phic/h,spread h/r
3.439881e-02,9.431096e-03,2.375662e-02,1.332693e-01,2.212865e-01,1.900748e-01
9.193779e-04,6.668453e-03,2.078449e-05,8.521434e-04,6.348310e-03,4.849594e-05
