# rmse alpha/u,rmse phic/h,rmse h/r,spread alpha/u,spread phic/h,spread h/r
3.062281e-04,2.649299e-02,8.795717e-04,1.733888e-01,2.278507e-01,1.488446e-01
2.659647e-03,1.659705e-02,3.247281e-05,1.586326e-03,1.109033e-02,3.929407e-05
