# rmse alpha/u,rmse phic/h,rmse h/r,spread alpha/u,spread phic/h,spread h/r
3.062281e-04,2.649299e-02,8.795717e-04,1.733888e-01,2.278507e-01,1.488446e-01
1.732791e-03,9.846249e-03,2.773543e-05,1.128916e-03,8.314240e-03,4.159095e-05
