# rmse alpha/u,rmse phic/h,rmse h/r,spread alpha/u,spread phic/h,spread h/r
3.062281e-04,2.649299e-02,8.795717e-04,1.733888e-01,2.278507e-01,1.488446e-01
1.174218e-03,8.862813e-03,2.772822e-05,1.079738e-03,8.237784e-03,4.199142e-05
