# rmse alpha/u,rmse phic/h,rmse h/r,spread alpha/u,spread phic/h,spread h/r
1.650964e-01,1.576070e-02,7.413144e-02,2.178019e-01,1.997102e-01,1.533221e-01
4.215046e-03,2.433656e-02,5.082461e-05,3.432611e-03,2.414533e-02,4.034404e-05
