# rmse alpha/u,rmse phic/h,rmse h/r,spread alpha/u,spread phic/h,spread h/r
1.650964e-01,1.576070e-02,7.413144e-02,2.178019e-01,1.997102e-01,1.533221e-01
3.948299e-03,2.563737e-02,4.363735e-05,2.407659e-03,1.654512e-02,3.251907e-05
