# rmse alpha/u,rmse phic/h,rmse h/r,spread alpha/u,spread phic/h,spread h/r
1.650964e-01,1.576070e-02,7.413144e-02,2.178019e-01,1.997102e-01,1.533221e-01
4.480885e-03,2.475665e-02,4.436369e-05,2.832407e-03,1.970996e-02,3.444145e-05
