# rmse alpha/u,rmse phic/h,rmse h/r,spread alpha/u,spread phic/h,spread h/r
1.650964e-01,1.576070e-02,7.413144e-02,2.178019e-01,1.997102e-01,1.533221e-01
3.715890e-03,2.056555e-02,3.286811e-05,2.907742e-03,1.959232e-02,3.056066e-05
