# rmse alpha/u,rmse phic/h,rmse h/r,spread alpha/u,spread phic/h,spread h/r
1.650964e-01,1.576070e-02,7.413144e-02,2.178019e-01,1.997102e-01,1.533221e-01
3.385059e-03,2.780425e-02,4.215229e-05,2.927662e-03,2.249995e-02,3.944421e-05
