# rmse alpha/u,rmse phic/h,rmse h/r,spread alpha/u,spread phic/h,spread h/r
1.650964e-01,1.576070e-02,7.413144e-02,2.178019e-01,1.997102e-01,1.533221e-01
4.463950e-03,3.051142e-02,4.413155e-05,2.946703e-03,2.028518e-02,3.696341e-05
