# rmse alpha/u,rmse phic/h,rmse h/r,spread alpha/u,spread phic/h,spread h/r
1.650964e-01,1.576070e-02,7.413144e-02,2.178019e-01,1.997102e-01,1.533221e-01
4.561053e-03,2.327879e-02,3.383666e-05,2.903796e-03,2.005877e-02,3.267284e-05
