# rmse alpha/u,rmse phic/h,rmse h/r,spread alpha/u,spread phic/h,spread h/r
1.199939e-03,1.683384e-03,5.505234e-03,7.726529e-02,9.973716e-02,7.982431e-02
9.646901e-04,7.941990e-03,2.865745e-05,8.977368e-04,6.915393e-03,5.289994e-05
