# rmse alpha/u,rmse phic/h,rmse h/r,spread alpha/u,spread phic/h,spread h/r
1.199939e-03,1.683384e-03,5.505234e-03,7.726529e-02,9.973716e-02,7.982431e-02
8.413788e-04,6.283370e-03,2.157926e-05,8.407024e-04,6.649387e-03,5.052960e-05
