# rmse alpha/u,rmse phic/h,rmse h/r,spread alpha/u,spread phic/h,spread h/r
2.733264e-01,2.052385e-01,2.722264e-01,2.042022e-01,1.992226e-01,1.814630e-01
3.968165e-03,2.274595e-02,6.600675e-05,3.053999e-03,2.148664e-02,5.288209e-05
