# rmse alpha/u,rmse phic/h,rmse h/r,spread alpha/u,spread phic/h,spread h/r
2.733264e-01,2.052385e-01,2.722264e-01,2.042022e-01,1.992226e-01,1.814630e-01
4.692837e-03,3.195617e-02,8.766127e-05,3.997095e-03,3.092447e-02,6.700783e-05
