# rmse alpha/u,rmse phic/h,rmse h/r,spread alpha/u,spread phic/h,spread h/r
2.733264e-01,2.052385e-01,2.722264e-01,2.042022e-01,1.992226e-01,1.814630e-01
4.802588e-03,3.614585e-02,8.976192e-05,4.029508e-03,3.015089e-02,6.847812e-05
