# rmse alpha/u,rmse phic/h,rmse h/r,spread alpha/u,spread phic/h,spread h/r
2.733264e-01,2.052385e-01,2.722264e-01,2.042022e-01,1.992226e-01,1.814630e-01
5.130223e-03,3.613989e-02,1.202310e-04,3.326053e-03,2.551481e-02,6.202178e-05
