# rmse alpha/u,rmse phic/h,rmse h/r,spread alpha/u,spread phic/h,spread h/r
2.733264e-01,2.052385e-01,2.722264e-01,2.042022e-01,1.992226e-01,1.814630e-01
3.682073e-03,2.416256e-02,7.676705e-05,2.168293e-03,1.477861e-02,3.568276e-05
