# rmse alpha/u,rmse phic/h,rmse h/r,spread alpha/u,spread phic/h,spread h/r
2.733264e-01,2.052385e-01,2.722264e-01,2.042022e-01,1.992226e-01,1.814630e-01
5.203285e-03,2.629441e-02,5.313981e-05,3.079642e-03,2.116619e-02,4.466078e-05
