# rmse alpha/u,rmse phic/h,rmse h/r,spread alpha/u,spread phic/h,spread h/r
2.733264e-01,2.052385e-01,2.722264e-01,2.042022e-01,1.992226e-01,1.814630e-01
4.223253e-03,2.485932e-02,5.325808e-05,2.979318e-03,2.093695e-02,4.885437e-05
