# rmse alpha/u,rmse phic/h,rmse h/r,spread alpha/u,spread phic/h,spread h/r
2.733264e-01,2.052385e-01,2.722264e-01,2.042022e-01,1.992226e-01,1.814630e-01
5.960594e-03,4.020243e-02,9.330906e-05,3.179902e-03,2.352826e-02,5.330050e-05
