# rmse alpha/u,rmse phic/h,rmse h/r,spread alpha/u,spread phic/h,spread h/r
6.085085e-02,9.208135e-04,1.262402e-01,1.927996e-01,2.373932e-01,2.334187e-01
8.614321e-04,6.940837e-03,2.301678e-05,8.204452e-04,6.464429e-03,3.701476e-05
