# rmse alpha/u,rmse phic/h,rmse h/r,spread alpha/u,spread phic/h,spread h/r
6.085085e-02,9.208135e-04,1.262402e-01,1.927996e-01,2.373932e-01,2.334187e-01
8.612363e-04,6.940543e-03,2.480794e-05,8.362989e-04,6.602129e-03,4.002788e-05
