# rmse alpha/u,rmse phic/h,rmse h/r,spread alpha/u,spread phic/h,spread h/r
6.085085e-02,9.208135e-04,1.262402e-01,1.927996e-01,2.373932e-01,2.334187e-01
8.912214e-04,6.363624e-03,2.790091e-05,8.558439e-04,6.708912e-03,3.968443e-05
