# rmse alpha/u,rmse phic/h,rmse h/r,spread alpha/u,spread phic/h,spread h/r
6.085085e-02,9.208135e-04,1.262402e-01,1.927996e-01,2.373932e-01,2.334187e-01
8.663084e-04,6.486578e-03,2.604143e-05,8.338850e-04,6.446084e-03,3.833793e-05
