# rmse alpha/u,rmse phic/h,rmse h/r,spread alpha/u,spread phic/h,spread h/r
6.085085e-02,9.208135e-04,1.262402e-01,1.927996e-01,2.373932e-01,2.334187e-01
8.567434e-04,6.908777e-03,2.548411e-05,8.321121e-04,6.520911e-03,3.986393e-05
