# rmse alpha/u,rmse phic/h,rmse h/r,spread alpha/u,spread phic/h,spread h/r
2.040653e-01,2.110873e-04,9.682107e-02,1.454780e-01,9.232588e-02,7.839750e-02
4.694159e-03,2.915798e-02,4.359515e-05,3.246608e-03,2.229494e-02,2.669513e-05
