# rmse alpha/u,rmse phic/h,rmse h/r,spread alpha/u,spread phic/h,spread h/r
2.040653e-01,2.110873e-04,9.682107e-02,1.454780e-01,9.232588e-02,7.839750e-02
4.600054e-03,3.379822e-02,3.742802e-05,3.579743e-03,2.693416e-02,2.483797e-05
