# rmse alpha/u,rmse phic/h,rmse h/r,spread alpha/u,spread phic/h,spread h/r
2.040653e-01,2.110873e-04,9.682107e-02,1.454780e-01,9.232588e-02,7.839750e-02
4.248401e-03,3.313086e-02,4.721454e-05,3.683694e-03,2.883317e-02,3.063343e-05
