# rmse alpha/u,rmse phic/h,rmse h/r,spread alpha/u,spread phic/h,spread h/r
2.040653e-01,2.110873e-04,9.682107e-02,1.454780e-01,9.232588e-02,7.839750e-02
6.394482e-03,4.017023e-02,4.203325e-05,4.272810e-03,3.219703e-02,2.976386e-05
