# rmse alpha/u,rmse phic/h,rmse h/r,spread alpha/u,spread phic/h,spread h/r
2.040653e-01,2.110873e-04,9.682107e-02,1.454780e-01,9.232588e-02,7.839750e-02
5.727232e-03,3.366625e-02,4.565743e-05,3.317932e-03,2.388450e-02,2.832535e-05
