# rmse alpha/u,rmse phic/h,rmse h/r,spread alpha/u,spread phic/h,spread h/r
2.040653e-01,2.110873e-04,9.682107e-02,1.454780e-01,9.232588e-02,7.839750e-02
4.906247e-03,2.841319e-02,3.868574e-05,4.012808e-03,2.819611e-02,2.430535e-05
