# rmse alpha/u,rmse phic/h,rmse h/r,spread alpha/u,spread phic/h,spread h/r
2.040653e-01,2.110873e-04,9.682107e-02,1.454780e-01,9.232588e-02,7.839750e-02
5.501470e-03,3.474363e-02,3.496413e-05,3.979313e-03,2.804148e-02,2.250985e-05
