# rmse alpha/u,rmse phic/h,rmse h/r,spread alpha/u,spread phic/h,spread h/r
2.040653e-01,2.110873e-04,9.682107e-02,1.454780e-01,9.232588e-02,7.839750e-02
4.687588e-03,3.063138e-02,3.451678e-05,3.829124e-03,2.680553e-02,2.266987e-05
