# rmse alpha/u,rmse phic/h,rmse h/r,spread alpha/u,spread phic/h,spread h/r
2.040653e-01,2.110873e-04,9.682107e-02,1.454780e-01,9.232588e-02,7.839750e-02
5.812047e-03,4.514192e-02,5.007390e-05,3.241243e-03,2.420338e-02,2.353290e-05
