# rmse alpha/u,rmse phic/h,rmse h/r,spread alpha/u,spread phic/h,spread h/r
2.040653e-01,2.110873e-04,9.682107e-02,1.454780e-01,9.232588e-02,7.839750e-02
4.651195e-03,3.504265e-02,5.304708e-05,3.460402e-03,2.715423e-02,2.853632e-05
