# rmse alpha/u,rmse phic/h,rmse h/r,spread alpha/u,spread phic/h,spread h/r
4.590814e-03,7.255350e-03,1.066979e-01,2.007018e-01,2.348895e-01,2.071683e-01
3.998269e-03,2.467221e-02,3.756499e-05,2.878509e-03,2.367851e-02,3.394185e-05
