# rmse alpha/u,rmse phic/h,rmse h/r,spread alpha/u,spread phic/h,spread h/r
4.590814e-03,7.255350e-03,1.066979e-01,2.007018e-01,2.348895e-01,2.071683e-01
3.018722e-03,2.246109e-02,4.819190e-05,2.494373e-03,1.770051e-02,3.359960e-05
