# rmse alpha/u,rmse phic/h,rmse h/r,spread alpha/u,spread phic/h,spread h/r
4.590814e-03,7.255350e-03,1.066979e-01,2.007018e-01,2.348895e-01,2.071683e-01
3.697017e-03,1.945621e-02,3.439767e-05,2.159285e-03,1.516559e-02,2.768109e-05
