# rmse alpha/u,rmse phic/h,rmse h/r,spread alpha/u,spread phic/h,spread h/r
4.590814e-03,7.255350e-03,1.066979e-01,2.007018e-01,2.348895e-01,2.071683e-01
4.686245e-03,2.572594e-02,4.520304e-05,2.599556e-03,1.829554e-02,2.824261e-05
