# rmse alpha/u,rmse phic/h,rmse h/r,spread alpha/u,spread phic/h,spread h/r
4.590814e-03,7.255350e-03,1.066979e-01,2.007018e-01,2.348895e-01,2.071683e-01
4.069223e-03,2.211282e-02,3.410734e-05,2.266879e-03,1.651181e-02,2.909501e-05
