# rmse alpha/u,rmse phic/h,rmse h/r,spread alpha/u,spread phic/h,spread h/r
4.590814e-03,7.255350e-03,1.066979e-01,2.007018e-01,2.348895e-01,2.071683e-01
3.448808e-03,2.349202e-02,3.846292e-05,2.236983e-03,1.527645e-02,2.666795e-05
