# rmse alpha/u,rmse phic/h,rmse h/r,spread alpha/u,spread phic/h,spread h/r
4.590814e-03,7.255350e-03,1.066979e-01,2.007018e-01,2.348895e-01,2.071683e-01
3.602027e-03,2.231953e-02,3.758282e-05,2.348079e-03,1.585442e-02,2.729152e-05
