# rmse alpha/u,rmse phic/h,rmse h/r,spread alpha/u,spread phic/h,spread h/r
4.590814e-03,7.255350e-03,1.066979e-01,2.007018e-01,2.348895e-01,2.071683e-01
2.918176e-03,2.091040e-02,4.012522e-05,2.112068e-03,1.524661e-02,2.791953e-05
