# rmse alpha/u,rmse phic/h,rmse h/r,spread alpha/u,spread phic/h,spread h/r
4.590814e-03,7.255350e-03,1.066979e-01,2.007018e-01,2.348895e-01,2.071683e-01
3.265763e-03,2.457469e-02,4.071769e-05,2.399626e-03,1.621944e-02,2.542555e-05
