# rmse alpha/u,rmse phic/h,rmse h/r,spread alpha/u,spread phic/h,spread h/r
1.818668e-03,5.389303e-03,2.389652e-02,8.086447e-02,1.117307e-01,7.907260e-02
8.230055e-04,6.278918e-03,2.045612e-05,8.150785e-04,6.334102e-03,4.836737e-05
