# rmse alpha/u,rmse phic/h,rmse h/r,spread alpha/u,spread phic/h,spread h/r
1.818668e-03,5.389303e-03,2.389652e-02,8.086447e-02,1.117307e-01,7.907260e-02
7.979102e-04,6.407809e-03,2.427246e-05,8.160532e-04,6.479869e-03,4.765917e-05
