# rmse alpha/u,rmse phic/h,rmse h/r,spread alpha/u,spread phic/h,spread h/r
1.818668e-03,5.389303e-03,2.389652e-02,8.086447e-02,1.117307e-01,7.907260e-02
8.638924e-04,7.096394e-03,2.771617e-05,8.753752e-04,7.013241e-03,5.154713e-05
