# rmse alpha/u,rmse phic/h,rmse h/r,spread alpha/u,spread phic/h,spread h/r
1.818668e-03,5.389303e-03,2.389652e-02,8.086447e-02,1.117307e-01,7.907260e-02
8.875730e-04,7.263601e-03,2.703621e-05,8.855239e-04,7.292507e-03,5.116249e-05
