# rmse alpha/u,rmse phic/h,rmse h/r,spread alpha/u,spread phic/h,spread h/r
2.605728e-01,6.351278e-03,8.433389e-02,1.927996e-01,2.373932e-01,2.334187e-01
3.872332e-03,1.831153e-02,3.470549e-05,2.424975e-03,1.630983e-02,3.074569e-05
