# rmse alpha/u,rmse phic/h,rmse h/r,spread alpha/u,spread phic/h,spread h/r
2.605728e-01,6.351278e-03,8.433389e-02,1.927996e-01,2.373932e-01,2.334187e-01
2.833535e-03,1.427890e-02,2.998035e-05,1.982399e-03,1.315397e-02,2.318246e-05
