# rmse alpha/u,rmse phic/h,rmse h/r,spread alpha/u,spread phic/h,spread h/r
2.605728e-01,6.351278e-03,8.433389e-02,1.927996e-01,2.373932e-01,2.334187e-01
3.487031e-03,2.073801e-02,4.471416e-05,2.134395e-03,1.451942e-02,3.397241e-05
