# rmse alpha/u,rmse phic/h,rmse h/r,spread alpha/u,spread phic/h,spread h/r
2.605728e-01,6.351278e-03,8.433389e-02,1.927996e-01,2.373932e-01,2.334187e-01
3.501905e-03,2.038641e-02,2.333095e-05,2.090282e-03,1.379595e-02,2.364927e-05
