# rmse alpha/u,rmse phic/h,rmse h/r,spread alpha/u,spread phic/h,spread h/r
2.605728e-01,6.351278e-03,8.433389e-02,1.927996e-01,2.373932e-01,2.334187e-01
2.297595e-03,2.014677e-02,4.514009e-05,2.074456e-03,1.541997e-02,3.342165e-05
