# rmse alpha/u,rmse phic/h,rmse h/r,spread alpha/u,spread phic/h,spread h/r
2.605728e-01,6.351278e-03,8.433389e-02,1.927996e-01,2.373932e-01,2.334187e-01
2.861697e-03,2.254454e-02,4.577549e-05,2.027082e-03,1.472151e-02,3.049211e-05
