# rmse alpha/u,rmse phic/h,rmse h/r,spread alpha/u,spread phic/h,spread h/r
2.605728e-01,6.351278e-03,8.433389e-02,1.927996e-01,2.373932e-01,2.334187e-01
3.624448e-03,2.624959e-02,4.672464e-05,3.040565e-03,2.225946e-02,3.498746e-05
