# rmse alpha/u,rmse phic/h,rmse h/r,spread alpha/u,spread phic/h,spread h/r
2.810266e-02,1.103366e-01,1.551460e-02,2.007666e-01,2.380345e-01,2.181955e-01
8.476230e-04,6.842616e-03,3.325941e-05,8.282193e-04,6.599116e-03,3.909958e-05
