# rmse alpha/u,rmse phic/h,rmse h/r,spread alpha/u,spread phic/h,spread h/r
2.810266e-02,1.103366e-01,1.551460e-02,2.007666e-01,2.380345e-01,2.181955e-01
1.136370e-03,8.550951e-03,3.912444e-05,1.020510e-03,7.875879e-03,4.401913e-05
