# rmse alpha/u,rmse phic/h,rmse h/r,spread alpha/u,spread phic/h,spread h/r
2.810266e-02,1.103366e-01,1.551460e-02,2.007666e-01,2.380345e-01,2.181955e-01
8.369501e-04,6.417809e-03,3.244288e-05,8.131624e-04,6.509128e-03,3.999080e-05
