# rmse alpha/u,rmse phic/h,rmse h/r,spread alpha/u,spread phic/h,spread h/r
2.810266e-02,1.103366e-01,1.551460e-02,2.007666e-01,2.380345e-01,2.181955e-01
1.052658e-03,7.189957e-03,2.983705e-05,9.359259e-04,7.272008e-03,4.084997e-05
