# rmse alpha/u,rmse phic/h,rmse h/r,spread alpha/u,spread phic/h,spread h/r
2.810266e-02,1.103366e-01,1.551460e-02,2.007666e-01,2.380345e-01,2.181955e-01
8.012412e-04,6.120540e-03,2.708645e-05,7.990081e-04,6.176278e-03,3.916439e-05
