# rmse alpha/u,rmse phic/h,rmse h/r,spread alpha/u,spread phic/h,spread h/r
8.043112e-05,5.730885e-02,1.509412e-01,2.029553e-01,2.401346e-01,2.180772e-01
4.929119e-03,3.568074e-02,3.194886e-05,3.230424e-03,2.441338e-02,3.045536e-05
