# rmse alpha/u,rmse phic/h,rmse h/r,spread alpha/u,spread phic/h,spread h/r
1.172617e-01,1.386597e-01,1.174393e-01,1.028934e-01,7.184466e-02,7.927383e-02
8.118260e-04,6.928728e-03,2.189648e-05,8.229233e-04,6.684944e-03,4.666216e-05
