# rmse alpha/u,rmse phic/h,rmse h/r,spread alpha/u,spread phic/h,spread h/r
1.172617e-01,1.386597e-01,1.174393e-01,1.028934e-01,7.184466e-02,7.927383e-02
9.009528e-04,7.137733e-03,2.055605e-05,8.499014e-04,6.756235e-03,4.547969e-05
