# rmse alpha/u,rmse phic/h,rmse h/r,spread alpha/u,spread phic/h,spread h/r
1.172617e-01,1.386597e-01,1.174393e-01,1.028934e-01,7.184466e-02,7.927383e-02
7.889599e-04,6.062329e-03,2.055510e-05,7.828218e-04,6.143654e-03,4.570358e-05
