# rmse alpha/u,rmse phic/h,rmse h/r,spread alpha/u,spread phic/h,spread h/r
1.172617e-01,1.386597e-01,1.174393e-01,1.028934e-01,7.184466e-02,7.927383e-02
8.045107e-04,6.108221e-03,2.272066e-05,8.185620e-04,6.477296e-03,4.722834e-05
