# rmse alpha/u,rmse phic/h,rmse h/r,spread alpha/u,spread phic/h,spread h/r
1.172617e-01,1.386597e-01,1.174393e-01,1.028934e-01,7.184466e-02,7.927383e-02
8.105306e-04,6.314129e-03,1.688553e-05,7.888353e-04,6.220864e-03,4.559444e-05
