# rmse alpha/u,rmse phic/h,rmse h/r,spread alpha/u,spread phic/h,spread h/r
7.081525e-02,7.442384e-02,2.361100e-01,2.029553e-01,2.401346e-01,2.180772e-01
4.233807e-03,3.108485e-02,9.433385e-05,2.453893e-03,1.855974e-02,4.746300e-05
