# rmse alpha/u,rmse phic/h,rmse h/r,spread alpha/u,spread phic/h,spread h/r
7.081525e-02,7.442384e-02,2.361100e-01,2.029553e-01,2.401346e-01,2.180772e-01
3.928645e-03,3.269016e-02,8.755441e-05,3.037193e-03,2.225697e-02,5.127023e-05
