# rmse alpha/u,rmse phic/h,rmse h/r,spread alpha/u,spread phic/h,spread h/r
7.081525e-02,7.442384e-02,2.361100e-01,2.029553e-01,2.401346e-01,2.180772e-01
3.401278e-03,3.040716e-02,9.744880e-05,3.043084e-03,2.041813e-02,5.310566e-05
