# rmse alpha/u,rmse phic/h,rmse h/r,spread alpha/u,spread phic/h,spread h/r
7.081525e-02,7.442384e-02,2.361100e-01,2.029553e-01,2.401346e-01,2.180772e-01
5.001850e-03,3.762680e-02,9.698521e-05,3.461995e-03,2.550421e-02,5.821128e-05
