# rmse alpha/u,rmse phic/h,rmse h/r,spread alpha/u,spread phic/h,spread h/r
7.081525e-02,7.442384e-02,2.361100e-01,2.029553e-01,2.401346e-01,2.180772e-01
4.394952e-03,3.665652e-02,9.710475e-05,3.410191e-03,2.443415e-02,6.128047e-05
