# rmse alpha/u,rmse phic/h,rmse h/r,spread alpha/u,spread phic/h,spread h/r
7.081525e-02,7.442384e-02,2.361100e-01,2.029553e-01,2.401346e-01,2.180772e-01
4.739352e-03,2.893336e-02,9.011873e-05,2.789712e-03,1.987988e-02,5.391004e-05
