# rmse alpha/u,rmse phic/h,rmse h/r,spread alpha/u,spread phic/h,spread h/r
7.081525e-02,7.442384e-02,2.361100e-01,2.029553e-01,2.401346e-01,2.180772e-01
3.640264e-03,2.733873e-02,8.738876e-05,3.162014e-03,2.325237e-02,5.705813e-05
