# rmse alpha/u,rmse phic/h,rmse h/r,spread alpha/u,spread phic/h,spread h/r
1.071350e-02,7.693690e-04,1.789569e-02,1.426727e-01,2.265075e-01,1.580940e-01
8.738614e-04,7.317947e-03,3.012167e-05,8.537951e-04,6.602998e-03,4.710525e-05
