# rmse alpha/u,rmse phic/h,rmse h/r,spread alpha/u,spread phic/h,spread h/r
1.071350e-02,7.693690e-04,1.789569e-02,1.426727e-01,2.265075e-01,1.580940e-01
8.746546e-04,6.458157e-03,2.626569e-05,8.384677e-04,6.487430e-03,4.592658e-05
