# rmse alpha/u,rmse phic/h,rmse h/r,spread alpha/u,spread phic/h,spread h/r
1.071350e-02,7.693690e-04,1.789569e-02,1.426727e-01,2.265075e-01,1.580940e-01
8.421409e-04,7.055659e-03,2.975048e-05,8.549889e-04,6.702171e-03,4.810459e-05
