# rmse alpha/u,rmse phic/h,rmse h/r,spread alpha/u,spread phic/h,spread h/r
7.639042e-03,2.156331e-02,1.890914e-03,1.593925e-01,2.113047e-01,1.635165e-01
8.207981e-04,6.091414e-03,2.143083e-05,8.294413e-04,6.407295e-03,4.093066e-05
