# rmse alpha/u,rmse phic/h,rmse h/r,spread alpha/u,spread phic/h,spread h/r
7.639042e-03,2.156331e-02,1.890914e-03,1.593925e-01,2.113047e-01,1.635165e-01
2.363583e-03,1.401527e-02,3.429689e-05,1.396568e-03,1.005123e-02,4.991238e-05
