# rmse alpha/u,rmse phic/h,rmse h/r,spread alpha/u,spread phic/h,spread h/r
2.711384e-01,2.224599e-01,2.022190e-01,1.811844e-01,2.189349e-01,1.830777e-01
5.191654e-03,3.063298e-02,6.904662e-05,2.655614e-03,1.787058e-02,4.176626e-05
