# rmse alpha/u,rmse phic/h,rmse h/r,spread alpha/u,spread phic/h,spread h/r
2.711384e-01,2.224599e-01,2.022190e-01,1.811844e-01,2.189349e-01,1.830777e-01
2.595322e-03,1.418936e-02,5.642217e-05,2.116807e-03,1.296192e-02,3.522612e-05
