# rmse alpha/u,rmse phic/h,rmse h/r,spread alpha/u,spread phic/h,spread h/r
2.711384e-01,2.224599e-01,2.022190e-01,1.811844e-01,2.189349e-01,1.830777e-01
4.412164e-03,2.544192e-02,5.516292e-05,2.434572e-03,1.685042e-02,3.880466e-05
