# rmse alpha/u,rmse phic/h,rmse h/r,spread alpha/u,spread phic/h,spread h/r
2.711384e-01,2.224599e-01,2.022190e-01,1.811844e-01,2.189349e-01,1.830777e-01
6.028445e-03,3.930234e-02,6.883454e-05,3.007503e-03,2.211819e-02,4.826262e-05
