# rmse alpha/u,rmse phic/h,rmse h/r,spread alpha/u,spread phic/h,spread h/r
2.711384e-01,2.224599e-01,2.022190e-01,1.811844e-01,2.189349e-01,1.830777e-01
4.158203e-03,1.804647e-02,5.989342e-05,2.467331e-03,1.642472e-02,4.686653e-05
