# rmse alpha/u,rmse phic/h,rmse h/r,spread alpha/u,spread phic/h,spread h/r
6.276012e-02,1.136326e-01,4.448275e-02,2.011122e-01,2.284813e-01,1.938860e-01
3.530423e-03,1.997664e-02,4.837131e-05,1.566736e-03,1.057753e-02,2.523187e-05
