# rmse alpha/u,rmse phic/h,rmse h/r,spread alpha/u,spread phic/h,spread h/r
6.276012e-02,1.136326e-01,4.448275e-02,2.011122e-01,2.284813e-01,1.938860e-01
4.155446e-03,2.048588e-02,5.127529e-05,1.769592e-03,1.355990e-02,3.192345e-05
