# rmse alpha/u,rmse phic/h,rmse h/r,spread alpha/u,spread phic/h,spread h/r
6.276012e-02,1.136326e-01,4.448275e-02,2.011122e-01,2.284813e-01,1.938860e-01
4.072177e-03,2.520970e-02,4.808771e-05,1.459985e-03,9.982686e-03,2.340111e-05
