# rmse alpha/u,rmse phic/h,rmse h/r,spread alpha/u,spread phic/h,spread h/r
6.276012e-02,1.136326e-01,4.448275e-02,2.011122e-01,2.284813e-01,1.938860e-01
2.690658e-03,1.254468e-02,4.559855e-05,1.311268e-03,9.227643e-03,2.339765e-05
