# rmse alpha/u,rmse phic/h,rmse h/r,spread alpha/u,spread phic/h,spread h/r
6.276012e-02,1.136326e-01,4.448275e-02,2.011122e-01,2.284813e-01,1.938860e-01
3.517392e-03,1.672501e-02,4.280030e-05,1.364686e-03,9.564488e-03,2.349410e-05
