# rmse alpha/u,rmse phic/h,rmse h/r,spread alpha/u,spread phic/h,spread h/r
1.932091e-02,1.130513e-04,3.275848e-02,1.309281e-01,9.619069e-02,7.264767e-02
3.424654e-03,1.795785e-02,5.527473e-05,2.365366e-03,1.553188e-02,4.504982e-05
