# rmse alpha/u,rmse phic/h,rmse h/r,spread alpha/u,spread phic/h,spread h/r
1.932091e-02,1.130513e-04,3.275848e-02,1.309281e-01,9.619069e-02,7.264767e-02
3.411589e-03,2.247764e-02,4.933671e-05,2.716753e-03,1.908424e-02,4.650458e-05
