# rmse alpha/u,rmse phic/h,rmse h/r,spread alpha/u,spread phic/h,spread h/r
1.932091e-02,1.130513e-04,3.275848e-02,1.309281e-01,9.619069e-02,7.264767e-02
2.653068e-03,1.415971e-02,4.143989e-05,1.770847e-03,1.203094e-02,4.628023e-05
