# rmse alpha/u,rmse phic/h,rmse h/r,spread alpha/u,spread phic/h,spread h/r
1.932091e-02,1.130513e-04,3.275848e-02,1.309281e-01,9.619069e-02,7.264767e-02
4.174185e-03,2.857634e-02,2.942661e-05,2.541211e-03,1.853575e-02,4.303442e-05
