# rmse alpha/u,rmse phic/h,rmse h/r,spread alpha/u,spread phic/h,spread h/r
2.007907e-01,1.792586e-04,2.583316e-02,1.546063e-01,1.055767e-01,6.306759e-02
6.631058e-03,3.600711e-02,7.657828e-05,4.222639e-03,2.908528e-02,4.979637e-05
