# rmse alpha/u,rmse phic/h,rmse h/r,spread alpha/u,spread phic/h,spread h/r
2.007907e-01,1.792586e-04,2.583316e-02,1.546063e-01,1.055767e-01,6.306759e-02
3.713016e-03,2.797359e-02,7.694850e-05,3.020166e-03,2.104147e-02,3.941853e-05
