# rmse alpha/u,rmse phic/h,rmse h/r,spread alpha/u,spread phic/h,spread h/r
2.007907e-01,1.792586e-04,2.583316e-02,1.546063e-01,1.055767e-01,6.306759e-02
3.128091e-03,3.855851e-02,9.211754e-05,2.778257e-03,2.133793e-02,4.592048e-05
