# rmse alpha/u,rmse phic/h,rmse h/r,spread alpha/u,spread phic/h,spread h/r
2.007907e-01,1.792586e-04,2.583316e-02,1.546063e-01,1.055767e-01,6.306759e-02
4.736856e-03,3.911454e-02,8.103271e-05,2.923148e-03,2.013622e-02,3.486332e-05
