# rmse alpha/u,rmse phic/h,rmse h/r,spread alpha/u,spread phic/h,spread h/r
2.007907e-01,1.792586e-04,2.583316e-02,1.546063e-01,1.055767e-01,6.306759e-02
6.417802e-03,4.128509e-02,8.794027e-05,3.681418e-03,2.804395e-02,4.607419e-05
