# rmse alpha/u,rmse phic/h,rmse h/r,spread alpha/u,spread phic/h,spread h/r
2.007907e-01,1.792586e-04,2.583316e-02,1.546063e-01,1.055767e-01,6.306759e-02
4.026505e-03,2.571795e-02,5.836848e-05,2.630613e-03,1.813927e-02,3.243612e-05
