# rmse alpha/u,rmse phic/h,rmse h/r,spread alpha/u,spread phic/h,spread h/r
2.007907e-01,1.792586e-04,2.583316e-02,1.546063e-01,1.055767e-01,6.306759e-02
4.470996e-03,2.946469e-02,5.720690e-05,2.645889e-03,1.815222e-02,2.994771e-05
