# rmse alpha/u,rmse phic/h,rmse h/r,spread alpha/u,spread phic/h,spread h/r
2.718154e-02,3.589101e-04,3.543120e-02,1.377970e-01,7.406322e-02,8.990285e-02
5.208432e-03,3.735738e-02,4.965238e-05,3.733631e-03,2.838019e-02,3.776672e-05
