# rmse alpha/u,rmse phic/h,rmse h/r,spread alpha/u,spread phic/h,spread h/r
2.718154e-02,3.589101e-04,3.543120e-02,1.377970e-01,7.406322e-02,8.990285e-02
4.309302e-03,2.650543e-02,4.081231e-05,3.452784e-03,2.505492e-02,3.458115e-05
