# rmse alpha/u,rmse phic/h,rmse h/r,spread alpha/u,spread phic/h,spread h/r
2.718154e-02,3.589101e-04,3.543120e-02,1.377970e-01,7.406322e-02,8.990285e-02
3.179722e-03,2.436979e-02,3.342897e-05,3.552761e-03,2.566040e-02,3.157252e-05
