# rmse alpha/u,rmse phic/h,rmse h/r,spread alpha/u,spread phic/h,spread h/r
2.718154e-02,3.589101e-04,3.543120e-02,1.377970e-01,7.406322e-02,8.990285e-02
4.755200e-03,2.936716e-02,3.573053e-05,3.264045e-03,2.384414e-02,2.786381e-05
