# rmse alpha/u,rmse phic/h,rmse h/r,spread alpha/u,spread phic/h,spread h/r
2.718154e-02,3.589101e-04,3.543120e-02,1.377970e-01,7.406322e-02,8.990285e-02
4.765351e-03,2.954609e-02,3.865731e-05,3.477397e-03,2.614753e-02,3.880509e-05
