# rmse alpha/u,rmse phic/h,rmse h/r,spread alpha/u,spread phic/h,spread h/r
2.718154e-02,3.589101e-04,3.543120e-02,1.377970e-01,7.406322e-02,8.990285e-02
4.979568e-03,3.486759e-02,4.499000e-05,3.138100e-03,2.503360e-02,4.095608e-05
