# rmse alpha/u,rmse phic/h,rmse h/r,spread alpha/u,spread phic/h,spread h/r
2.718154e-02,3.589101e-04,3.543120e-02,1.377970e-01,7.406322e-02,8.990285e-02
5.894882e-03,3.939183e-02,4.885466e-05,3.460230e-03,2.537785e-02,3.799231e-05
