# rmse alpha/u,rmse phic/h,rmse h/r,spread alpha/u,spread phic/h,spread h/r
2.347236e-03,5.174809e-04,3.391814e-03,1.182097e-01,1.117528e-01,8.561901e-02
4.449704e-03,3.077740e-02,4.346535e-05,2.924252e-03,2.297968e-02,5.032869e-05
