# rmse alpha/u,rmse phic/h,rmse h/r,spread alpha/u,spread phic/h,spread h/r
2.347236e-03,5.174809e-04,3.391814e-03,1.182097e-01,1.117528e-01,8.561901e-02
3.495092e-03,2.668983e-02,5.156636e-05,2.541721e-03,1.838100e-02,4.862113e-05
