# rmse alpha/u,rmse phic/h,rmse h/r,spread alpha/u,spread phic/h,spread h/r
2.347236e-03,5.174809e-04,3.391814e-03,1.182097e-01,1.117528e-01,8.561901e-02
4.547880e-03,2.452580e-02,3.106397e-05,2.401526e-03,1.762150e-02,4.199703e-05
