# rmse alpha/u,rmse phic/h,rmse h/r,spread alpha/u,spread phic/h,spread h/r
2.347236e-03,5.174809e-04,3.391814e-03,1.182097e-01,1.117528e-01,8.561901e-02
3.520419e-03,1.872356e-02,2.856708e-05,2.087073e-03,1.499609e-02,3.955928e-05
