# rmse alpha/u,rmse phic/h,rmse h/r,spread alpha/u,spread phic/h,spread h/r
2.986955e-01,1.033119e-01,8.187976e-02,2.007018e-01,2.348895e-01,2.071683e-01
4.864762e-03,3.321950e-02,5.839285e-05,3.737225e-03,2.774677e-02,4.426985e-05
