# rmse alpha/u,rmse phic/h,rmse h/r,spread alpha/u,spread phic/h,spread h/r
2.986955e-01,1.033119e-01,8.187976e-02,2.007018e-01,2.348895e-01,2.071683e-01
3.434175e-03,3.239377e-02,5.132021e-05,3.491887e-03,2.602984e-02,4.320316e-05
