# rmse alpha/u,rmse phic/h,rmse h/r,spread alpha/u,spread phic/h,spread h/r
2.986955e-01,1.033119e-01,8.187976e-02,2.007018e-01,2.348895e-01,2.071683e-01
4.218406e-03,3.654230e-02,5.248543e-05,3.194425e-03,2.515034e-02,4.262639e-05
