# rmse alpha/u,rmse phic/h,rmse h/r,spread alpha/u,spread phic/h,spread h/r
2.986955e-01,1.033119e-01,8.187976e-02,2.007018e-01,2.348895e-01,2.071683e-01
3.705706e-03,1.919973e-02,2.594154e-05,2.833804e-03,1.996031e-02,2.992892e-05
