# rmse alpha/u,rmse phic/h,rmse h/r,spread alpha/u,spread phic/h,spread h/r
2.986955e-01,1.033119e-01,8.187976e-02,2.007018e-01,2.348895e-01,2.071683e-01
4.584104e-03,2.756384e-02,4.904205e-05,3.443084e-03,2.441110e-02,3.903256e-05
