# rmse alpha/u,rmse phic/h,rmse h/r,spread alpha/u,spread phic/h,spread h/r
2.986955e-01,1.033119e-01,8.187976e-02,2.007018e-01,2.348895e-01,2.071683e-01
4.090955e-03,2.615106e-02,4.187227e-05,3.758776e-03,2.789000e-02,4.057226e-05
