# rmse alpha/u,rmse phic/h,rmse h/r,spread alpha/u,spread phic/h,spread h/r
6.267309e-02,1.944979e-01,8.785771e-02,1.906733e-01,1.720275e-01,1.565591e-01
1.445128e-03,1.330813e-02,4.530552e-05,1.048996e-03,7.445973e-03,1.750195e-05
