# rmse alpha/u,rmse phic/h,rmse h/r,spread alpha/u,spread phic/h,spread h/r
6.267309e-02,1.944979e-01,8.785771e-02,1.906733e-01,1.720275e-01,1.565591e-01
1.899396e-03,1.361504e-02,4.292620e-05,1.220656e-03,8.541078e-03,2.191397e-05
