# rmse alpha/u,rmse phic/h,rmse h/r,spread alpha/u,spread phic/h,spread h/r
6.267309e-02,1.944979e-01,8.785771e-02,1.906733e-01,1.720275e-01,1.565591e-01
2.996381e-03,1.981417e-02,3.986967e-05,1.176133e-03,8.768489e-03,2.032660e-05
