# rmse alpha/u,rmse phic/h,rmse h/r,spread alpha/u,spread phic/h,spread h/r
6.267309e-02,1.944979e-01,8.785771e-02,1.906733e-01,1.720275e-01,1.565591e-01
2.297388e-03,1.284749e-02,3.066494e-05,1.350172e-03,9.970092e-03,1.936449e-05
