# rmse alpha/u,rmse phic/h,rmse h/r,spread alpha/u,spread phic/h,spread h/r
6.267309e-02,1.944979e-01,8.785771e-02,1.906733e-01,1.720275e-01,1.565591e-01
2.771905e-03,1.785958e-02,4.074331e-05,1.157363e-03,8.268540e-03,2.041940e-05
