# rmse alpha/u,rmse phic/h,rmse h/r,spread alpha/u,spread phic/h,spread h/r
6.267309e-02,1.944979e-01,8.785771e-02,1.906733e-01,1.720275e-01,1.565591e-01
1.185206e-03,8.560262e-03,3.935730e-05,7.625056e-04,5.752683e-03,1.893817e-05
