# rmse alpha/u,rmse phic/h,rmse h/r,spread alpha/u,spread phic/h,spread h/r
6.267309e-02,1.944979e-01,8.785771e-02,1.906733e-01,1.720275e-01,1.565591e-01
9.208716e-04,7.931206e-03,3.428020e-05,8.527559e-04,6.486463e-03,1.910155e-05
