# rmse alpha/u,rmse phic/h,rmse h/r,spread alpha/u,spread phic/h,spread h/r
6.267309e-02,1.944979e-01,8.785771e-02,1.906733e-01,1.720275e-01,1.565591e-01
3.233177e-03,1.647938e-02,3.161833e-05,1.164438e-03,8.422337e-03,1.788531e-05
