# rmse alpha/u,rmse phic/h,rmse h/r,spread alpha/u,spread phic/h,spread h/r
1.139927e-01,6.407361e-02,5.215126e-02,2.001246e-01,2.441248e-01,2.379109e-01
4.058454e-03,2.464957e-02,6.494072e-05,2.698884e-03,1.924352e-02,4.866532e-05
