# rmse alpha/u,rmse phic/h,rmse h/r,spread alpha/u,spread phic/h,spread h/r
1.139927e-01,6.407361e-02,5.215126e-02,2.001246e-01,2.441248e-01,2.379109e-01
5.587579e-03,3.725089e-02,6.210064e-05,3.761812e-03,2.608073e-02,5.514357e-05
