# rmse alpha/u,rmse phic/h,rmse h/r,spread alpha/u,spread phic/h,spread h/r
1.139927e-01,6.407361e-02,5.215126e-02,2.001246e-01,2.441248e-01,2.379109e-01
4.447055e-03,3.098767e-02,6.634610e-05,3.987625e-03,2.817468e-02,5.686208e-05
