# rmse alpha/u,rmse phic/h,rmse h/r,spread alpha/u,spread phic/h,spread h/r
1.139927e-01,6.407361e-02,5.215126e-02,2.001246e-01,2.441248e-01,2.379109e-01
4.725363e-03,2.527729e-02,4.835020e-05,4.063137e-03,2.666153e-02,5.225637e-05
