# rmse alpha/u,rmse phic/h,rmse h/r,spread alpha/u,spread phic/h,spread h/r
1.139927e-01,6.407361e-02,5.215126e-02,2.001246e-01,2.441248e-01,2.379109e-01
4.025944e-03,2.066790e-02,4.134800e-05,2.842558e-03,1.861972e-02,4.550067e-05
