# rmse alpha/u,rmse phic/h,rmse h/r,spread alpha/u,spread phic/h,spread h/r
1.139927e-01,6.407361e-02,5.215126e-02,2.001246e-01,2.441248e-01,2.379109e-01
2.684978e-03,2.047447e-02,4.970650e-05,2.298297e-03,1.669892e-02,4.628117e-05
