# rmse alpha/u,rmse phic/h,rmse h/r,spread alpha/u,spread phic/h,spread h/r
2.881180e-02,2.074852e-01,2.970417e-01,1.593925e-01,2.113047e-01,1.635165e-01
2.792219e-03,1.753643e-02,7.585485e-05,1.886046e-03,1.384840e-02,5.676906e-05
