# rmse alpha/u,rmse phic/h,rmse h/r,spread alpha/u,spread phic/h,spread h/r
2.881180e-02,2.074852e-01,2.970417e-01,1.593925e-01,2.113047e-01,1.635165e-01
2.788291e-03,1.497119e-02,7.344198e-05,1.802631e-03,1.306817e-02,5.718011e-05
