# rmse alpha/u,rmse phic/h,rmse h/r,spread alpha/u,spread phic/h,spread h/r
2.559698e-01,3.423186e-01,2.323680e-01,1.988589e-01,2.308051e-01,2.125211e-01
3.447933e-03,2.770010e-02,5.828284e-05,3.573555e-03,2.682262e-02,5.939106e-05
