# rmse alpha/u,rmse phic/h,rmse h/r,spread alpha/u,spread phic/h,spread h/r
2.559698e-01,3.423186e-01,2.323680e-01,1.988589e-01,2.308051e-01,2.125211e-01
4.136753e-03,2.968988e-02,5.935307e-05,3.739069e-03,2.886786e-02,6.090344e-05
