# rmse alpha/u,rmse phic/h,rmse h/r,spread alpha/u,spread phic/h,spread h/r
2.559698e-01,3.423186e-01,2.323680e-01,1.988589e-01,2.308051e-01,2.125211e-01
3.182302e-03,3.030605e-02,6.697321e-05,3.916686e-03,3.058266e-02,6.227127e-05
