# rmse alpha/u,rmse phic/h,rmse h/r,spread alpha/u,spread phic/h,spread h/r
2.559698e-01,3.423186e-01,2.323680e-01,1.988589e-01,2.308051e-01,2.125211e-01
3.952245e-03,2.956996e-02,6.752231e-05,3.901265e-03,3.099550e-02,6.416703e-05
