# rmse alpha/u,rmse phic/h,rmse h/r,spread alpha/u,spread phic/h,spread h/r
2.559698e-01,3.423186e-01,2.323680e-01,1.988589e-01,2.308051e-01,2.125211e-01
3.813100e-03,2.435123e-02,6.297813e-05,4.032165e-03,2.965280e-02,6.205522e-05
