# rmse alpha/u,rmse phic/h,rmse h/r,spread alpha/u,spread phic/h,spread h/r
2.559698e-01,3.423186e-01,2.323680e-01,1.988589e-01,2.308051e-01,2.125211e-01
3.822789e-03,2.500441e-02,5.657720e-05,3.230492e-03,2.337836e-02,5.633158e-05
