# rmse alpha/u,rmse phic/h,rmse h/r,spread alpha/u,spread phic/h,spread h/r
2.559698e-01,3.423186e-01,2.323680e-01,1.988589e-01,2.308051e-01,2.125211e-01
4.362018e-03,3.089308e-02,4.978201e-05,2.965007e-03,2.166212e-02,5.246636e-05
