# rmse alpha/u,rmse phic/h,rmse h/r,spread alpha/u,spread phic/h,spread h/r
2.559698e-01,3.423186e-01,2.323680e-01,1.988589e-01,2.308051e-01,2.125211e-01
4.332200e-03,3.074751e-02,4.533271e-05,3.024438e-03,2.177307e-02,4.617327e-05
