# rmse alpha/u,rmse phic/h,rmse h/r,spread alpha/u,spread phic/h,spread h/r
1.805629e-01,1.991121e-04,4.990423e-02,2.029859e-01,2.323825e-01,2.347042e-01
5.895558e-03,3.787739e-02,5.176661e-05,3.458435e-03,2.538019e-02,3.974634e-05
