# rmse alpha/u,rmse phic/h,rmse h/r,spread alpha/u,spread phic/h,spread h/r
1.805629e-01,1.991121e-04,4.990423e-02,2.029859e-01,2.323825e-01,2.347042e-01
4.232569e-03,2.876561e-02,4.283466e-05,3.626453e-03,2.801659e-02,3.914417e-05
