# rmse alpha/u,rmse phic/h,rmse h/r,spread alpha/u,spread phic/h,spread h/r
1.805629e-01,1.991121e-04,4.990423e-02,2.029859e-01,2.323825e-01,2.347042e-01
4.824580e-03,3.661189e-02,5.333094e-05,3.341104e-03,2.432896e-02,3.775695e-05
