# rmse alpha/u,rmse phic/h,rmse h/r,spread alpha/u,spread phic/h,spread h/r
1.805629e-01,1.991121e-04,4.990423e-02,2.029859e-01,2.323825e-01,2.347042e-01
5.635087e-03,3.725022e-02,5.015294e-05,3.816223e-03,2.704296e-02,4.010961e-05
