# rmse alpha/u,rmse phic/h,rmse h/r,spread alpha/u,spread phic/h,spread h/r
1.805629e-01,1.991121e-04,4.990423e-02,2.029859e-01,2.323825e-01,2.347042e-01
4.684890e-03,3.046194e-02,4.877702e-05,2.959548e-03,2.126199e-02,3.927460e-05
