# rmse alpha/u,rmse phic/h,rmse h/r,spread alpha/u,spread phic/h,spread h/r
1.805629e-01,1.991121e-04,4.990423e-02,2.029859e-01,2.323825e-01,2.347042e-01
3.697329e-03,2.853161e-02,4.440516e-05,2.684116e-03,1.906640e-02,3.690992e-05
