# rmse alpha/u,rmse phic/h,rmse h/r,spread alpha/u,spread phic/h,spread h/r
1.805629e-01,1.991121e-04,4.990423e-02,2.029859e-01,2.323825e-01,2.347042e-01
4.036336e-03,2.754094e-02,3.194949e-05,3.409730e-03,2.607960e-02,3.404402e-05
