# rmse alpha/u,rmse phic/h,rmse h/r,spread alpha/u,spread phic/h,spread h/r
3.748152e-01,3.632357e-01,2.350631e-01,2.040651e-01,2.045934e-01,1.851052e-01
8.273506e-04,6.492047e-03,2.223405e-05,8.168279e-04,6.428953e-03,4.323275e-05
