# rmse alpha/u,rmse phic/h,rmse h/r,spread alpha/u,spread phic/h,spread h/r
3.748152e-01,3.632357e-01,2.350631e-01,2.040651e-01,2.045934e-01,1.851052e-01
8.006758e-04,6.573580e-03,2.052065e-05,8.100101e-04,6.373898e-03,4.324577e-05
