# rmse alpha/u,rmse phic/h,rmse h/r,spread alpha/u,spread phic/h,spread h/r
3.748152e-01,3.632357e-01,2.350631e-01,2.040651e-01,2.045934e-01,1.851052e-01
8.628296e-04,6.850356e-03,2.363111e-05,8.837170e-04,6.986587e-03,4.914396e-05
