# rmse alpha/u,rmse phic/h,rmse h/r,spread alpha/u,spread phic/h,spread h/r
3.748152e-01,3.632357e-01,2.350631e-01,2.040651e-01,2.045934e-01,1.851052e-01
8.762744e-04,6.646071e-03,2.262480e-05,8.759928e-04,7.138694e-03,4.889705e-05
