# rmse alpha/u,rmse phic/h,rmse h/r,spread alpha/u,spread phic/h,spread h/r
4.737206e-03,7.815135e-03,5.191593e-02,1.145699e-01,8.860299e-02,6.881118e-02
2.010525e-03,1.856197e-02,4.140970e-05,1.788209e-03,1.379444e-02,4.895044e-05
