# rmse alpha/u,rmse phic/h,rmse h/r,spread alpha/u,spread phic/h,spread h/r
4.737206e-03,7.815135e-03,5.191593e-02,1.145699e-01,8.860299e-02,6.881118e-02
2.455476e-03,1.176451e-02,3.456026e-05,1.760501e-03,1.207935e-02,4.600017e-05
