# rmse alpha/u,rmse phic/h,rmse h/r,spread alpha/u,spread phic/h,spread h/r
4.737206e-03,7.815135e-03,5.191593e-02,1.145699e-01,8.860299e-02,6.881118e-02
2.694658e-03,2.114889e-02,5.228487e-05,1.650449e-03,1.295668e-02,4.856894e-05
