# rmse alpha/u,rmse phic/h,rmse h/r,spread alpha/u,spread phic/h,spread h/r
4.737206e-03,7.815135e-03,5.191593e-02,1.145699e-01,8.860299e-02,6.881118e-02
2.434777e-03,1.698360e-02,2.861005e-05,2.218634e-03,1.569165e-02,4.763037e-05
