# rmse alpha/u,rmse phic/h,rmse h/r,spread alpha/u,spread phic/h,spread h/r
4.737206e-03,7.815135e-03,5.191593e-02,1.145699e-01,8.860299e-02,6.881118e-02
2.761383e-03,1.648541e-02,3.319754e-05,2.159892e-03,1.623964e-02,4.843352e-05
