# rmse alpha/u,rmse phic/h,rmse h/r,spread alpha/u,spread phic/h,spread h/r
2.425671e-01,3.087724e-02,7.001740e-02,1.906733e-01,1.720275e-01,1.565591e-01
4.782909e-03,3.007205e-02,5.673121e-05,2.541570e-03,1.659055e-02,2.448805e-05
