# rmse alpha/u,rmse phic/h,rmse h/r,spread alpha/u,spread phic/h,spread h/r
2.425671e-01,3.087724e-02,7.001740e-02,1.906733e-01,1.720275e-01,1.565591e-01
6.562923e-03,3.570322e-02,5.173947e-05,2.866767e-03,2.007657e-02,2.865459e-05
