# rmse alpha/u,rmse phic/h,rmse h/r,spread alpha/u,spread phic/h,spread h/r
2.425671e-01,3.087724e-02,7.001740e-02,1.906733e-01,1.720275e-01,1.565591e-01
5.861808e-03,3.404019e-02,5.694565e-05,2.569485e-03,1.733187e-02,2.278387e-05
