# rmse alpha/u,rmse phic/h,rmse h/r,spread alpha/u,spread phic/h,spread h/r
2.425671e-01,3.087724e-02,7.001740e-02,1.906733e-01,1.720275e-01,1.565591e-01
4.935889e-03,3.203334e-02,6.652833e-05,2.498965e-03,1.596823e-02,2.372546e-05
