# rmse alpha/u,rmse phic/h,rmse h/r,spread alpha/u,spread phic/h,spread h/r
2.425671e-01,3.087724e-02,7.001740e-02,1.906733e-01,1.720275e-01,1.565591e-01
3.562794e-03,2.321136e-02,3.807434e-05,1.951832e-03,1.325869e-02,1.591876e-05
