# rmse alpha/u,rmse phic/h,rmse h/r,spread alpha/u,spread phic/h,spread h/r
7.136550e-02,1.322803e-01,3.628527e-01,1.982756e-01,1.909562e-01,1.621428e-01
3.515581e-03,2.374940e-02,4.974788e-05,2.042871e-03,1.406544e-02,4.102460e-05
