# rmse alpha/u,rmse phic/h,rmse h/r,spread alpha/u,spread phic/h,spread h/r
7.136550e-02,1.322803e-01,3.628527e-01,1.982756e-01,1.909562e-01,1.621428e-01
2.592977e-03,1.372045e-02,4.507322e-05,1.698363e-03,1.148365e-02,3.542997e-05
