# rmse alpha/u,rmse phic/h,rmse h/r,spread alpha/u,spread phic/h,spread h/r
7.136550e-02,1.322803e-01,3.628527e-01,1.982756e-01,1.909562e-01,1.621428e-01
2.432200e-03,1.615374e-02,3.738025e-05,1.976558e-03,1.415108e-02,3.691050e-05
