# rmse alpha/u,rmse phic/h,rmse h/r,spread alpha/u,spread phic/h,spread h/r
7.136550e-02,1.322803e-01,3.628527e-01,1.982756e-01,1.909562e-01,1.621428e-01
3.071935e-03,1.874963e-02,5.607047e-05,2.211795e-03,1.652009e-02,4.734171e-05
