# rmse alpha/u,rmse phic/h,rmse h/r,spread alpha/u,spread phic/h,spread h/r
7.136550e-02,1.322803e-01,3.628527e-01,1.982756e-01,1.909562e-01,1.621428e-01
2.345726e-03,1.287294e-02,4.019348e-05,1.539067e-03,1.017408e-02,3.383633e-05
