# rmse alpha/u,rmse phic/h,rmse h/r,spread alpha/u,spread phic/h,spread h/r
7.136550e-02,1.322803e-01,3.628527e-01,1.982756e-01,1.909562e-01,1.621428e-01
3.146807e-03,1.494663e-02,3.401154e-05,2.237376e-03,1.502035e-02,3.478737e-05
