# rmse alpha/u,rmse phic/h,rmse h/r,spread alpha/u,spread phic/h,spread h/r
7.136550e-02,1.322803e-01,3.628527e-01,1.982756e-01,1.909562e-01,1.621428e-01
3.135645e-03,1.996552e-02,4.473721e-05,2.739996e-03,1.883102e-02,4.423433e-05
