# rmse alpha/u,rmse phic/h,rmse h/r,spread alpha/u,spread phic/h,spread h/r
6.695511e-01,4.104171e-01,5.251662e-01,1.811844e-01,2.189349e-01,1.830777e-01
3.328046e-03,1.799601e-02,5.963540e-05,2.339606e-03,1.596126e-02,1.581254e-05
