# rmse alpha/u,rmse phic/h,rmse h/r,spread alpha/u,spread phic/h,spread h/r
6.695511e-01,4.104171e-01,5.251662e-01,1.811844e-01,2.189349e-01,1.830777e-01
3.391190e-03,2.402292e-02,5.843819e-05,2.350130e-03,1.640896e-02,1.635941e-05
