# rmse alpha/u,rmse phic/h,rmse h/r,spread alpha/u,spread phic/h,spread h/r
6.695511e-01,4.104171e-01,5.251662e-01,1.811844e-01,2.189349e-01,1.830777e-01
3.508464e-03,2.555678e-02,4.862814e-05,2.446439e-03,1.628474e-02,1.845260e-05
