# rmse alpha/u,rmse phic/h,rmse h/r,spread alpha/u,spread phic/h,spread h/r
6.695511e-01,4.104171e-01,5.251662e-01,1.811844e-01,2.189349e-01,1.830777e-01
3.572576e-03,2.193522e-02,4.714579e-05,2.516791e-03,1.706727e-02,1.888512e-05
