# rmse alpha/u,rmse phic/h,rmse h/r,spread alpha/u,spread phic/h,spread h/r
6.695511e-01,4.104171e-01,5.251662e-01,1.811844e-01,2.189349e-01,1.830777e-01
4.337958e-03,2.759810e-02,6.616464e-05,2.589030e-03,1.889383e-02,2.152738e-05
