# rmse alpha/u,rmse phic/h,rmse h/r,spread alpha/u,spread phic/h,spread h/r
6.695511e-01,4.104171e-01,5.251662e-01,1.811844e-01,2.189349e-01,1.830777e-01
4.005838e-03,2.347806e-02,6.354737e-05,1.833530e-03,1.182130e-02,1.399499e-05
