# rmse alpha/u,rmse phic/h,rmse h/r,spread alpha/u,spread phic/h,spread h/r
6.695511e-01,4.104171e-01,5.251662e-01,1.811844e-01,2.189349e-01,1.830777e-01
4.008938e-03,2.290744e-02,5.343217e-05,2.287817e-03,1.461239e-02,1.219919e-05
