# rmse alpha/u,rmse phic/h,rmse h/r,spread alpha/u,spread phic/h,spread h/r
6.695511e-01,4.104171e-01,5.251662e-01,1.811844e-01,2.189349e-01,1.830777e-01
3.195302e-03,1.588653e-02,5.302637e-05,1.920559e-03,1.362079e-02,1.858212e-05
