# rmse alpha/u,rmse phic/h,rmse h/r,spread alpha/u,spread phic/h,spread h/r
2.416057e-01,2.590996e-01,1.731207e-01,1.715270e-01,2.236036e-01,1.423155e-01
2.363209e-03,1.861968e-02,5.676655e-05,1.390847e-03,1.033936e-02,4.136239e-05
