# rmse alpha/u,rmse phic/h,rmse h/r,spread alpha/u,spread phic/h,spread h/r
2.416057e-01,2.590996e-01,1.731207e-01,1.715270e-01,2.236036e-01,1.423155e-01
2.333717e-03,1.317031e-02,4.629043e-05,1.424326e-03,1.057607e-02,3.673912e-05
