# rmse alpha/u,rmse phic/h,rmse h/r,spread alpha/u,spread phic/h,spread h/r
2.416057e-01,2.590996e-01,1.731207e-01,1.715270e-01,2.236036e-01,1.423155e-01
1.813811e-03,1.176418e-02,4.139085e-05,1.079580e-03,7.902242e-03,3.204564e-05
