# rmse alpha/u,rmse phic/h,rmse h/r,spread alpha/u,spread phic/h,spread h/r
2.416057e-01,2.590996e-01,1.731207e-01,1.715270e-01,2.236036e-01,1.423155e-01
2.395638e-03,1.543449e-02,4.575385e-05,1.018578e-03,7.584408e-03,3.576402e-05
