# rmse alpha/u,rmse phic/h,rmse h/r,spread alpha/u,spread phic/h,spread h/r
2.416057e-01,2.590996e-01,1.731207e-01,1.715270e-01,2.236036e-01,1.423155e-01
8.482809e-04,6.902203e-03,3.411697e-05,8.474921e-04,6.327348e-03,3.347807e-05
