# rmse alpha/u,rmse phic/h,rmse h/r,spread alpha/u,spread phic/h,spread h/r
7.076035e-03,5.647331e-04,3.091198e-02,1.309733e-01,6.904783e-02,8.450108e-02
3.477242e-03,2.140723e-02,3.673867e-05,2.741435e-03,1.936950e-02,4.160056e-05
