# rmse alpha/u,rmse phic/h,rmse h/r,spread alpha/u,spread phic/h,spread h/r
7.076035e-03,5.647331e-04,3.091198e-02,1.309733e-01,6.904783e-02,8.450108e-02
3.865572e-03,2.774428e-02,2.654366e-05,2.122585e-03,1.519990e-02,3.244911e-05
