# rmse alpha/u,rmse phic/h,rmse h/r,spread alpha/u,spread phic/h,spread h/r
7.076035e-03,5.647331e-04,3.091198e-02,1.309733e-01,6.904783e-02,8.450108e-02
4.876755e-03,3.255832e-02,4.602444e-05,3.324980e-03,2.675829e-02,4.594972e-05
