# rmse alpha/u,rmse phic/h,rmse h/r,spread alpha/u,spread phic/h,spread h/r
7.076035e-03,5.647331e-04,3.091198e-02,1.309733e-01,6.904783e-02,8.450108e-02
4.862723e-03,3.520076e-02,4.899165e-05,3.078354e-03,2.457572e-02,4.826525e-05
