# rmse alpha/u,rmse phic/h,rmse h/r,spread alpha/u,spread phic/h,spread h/r
7.076035e-03,5.647331e-04,3.091198e-02,1.309733e-01,6.904783e-02,8.450108e-02
3.705142e-03,2.247181e-02,4.534798e-05,2.330192e-03,1.579256e-02,3.657178e-05
