# rmse alpha/u,rmse phic/h,rmse h/r,spread alpha/u,spread phic/h,spread h/r
7.076035e-03,5.647331e-04,3.091198e-02,1.309733e-01,6.904783e-02,8.450108e-02
5.265322e-03,3.607315e-02,5.006559e-05,3.113438e-03,2.374708e-02,4.564873e-05
