# rmse alpha/u,rmse phic/h,rmse h/r,spread alpha/u,spread phic/h,spread h/r
5.250549e-03,2.771154e-02,4.633814e-04,1.656333e-01,2.287768e-01,1.567509e-01
8.104580e-04,6.366656e-03,2.384660e-05,8.473791e-04,6.500948e-03,5.062846e-05
