# rmse alpha/u,rmse phic/h,rmse h/r,spread alpha/u,spread phic/h,spread h/r
5.250549e-03,2.771154e-02,4.633814e-04,1.656333e-01,2.287768e-01,1.567509e-01
8.574062e-04,6.929075e-03,2.400772e-05,9.182081e-04,6.994642e-03,5.017528e-05
