# rmse alpha/u,rmse phic/h,rmse h/r,spread alpha/u,spread phic/h,spread h/r
5.250549e-03,2.771154e-02,4.633814e-04,1.656333e-01,2.287768e-01,1.567509e-01
7.991888e-04,6.814397e-03,2.479698e-05,8.272666e-04,6.459622e-03,4.882507e-05
