# rmse alpha/u,rmse phic/h,rmse h/r,spread alpha/u,spread phic/h,spread h/r
8.522601e-06,4.973545e-03,2.743686e-02,6.108606e-02,6.547096e-02,1.148455e-01
8.308230e-04,6.468040e-03,3.292722e-05,8.076256e-04,6.262403e-03,4.381561e-05
