# rmse alpha/u,rmse phic/h,rmse h/r,spread alpha/u,spread phic/h,spread h/r
8.522601e-06,4.973545e-03,2.743686e-02,6.108606e-02,6.547096e-02,1.148455e-01
9.099119e-04,7.118010e-03,2.810137e-05,8.615372e-04,6.743522e-03,4.610962e-05
