# rmse alpha/u,rmse phic/h,rmse h/r,spread alpha/u,spread phic/h,spread h/r
8.522601e-06,4.973545e-03,2.743686e-02,6.108606e-02,6.547096e-02,1.148455e-01
8.789517e-04,7.301404e-03,3.276064e-05,8.487004e-04,6.637791e-03,4.310658e-05
