# rmse alpha/u,rmse phic/h,rmse h/r,spread alpha/u,spread phic/h,spread h/r
8.522601e-06,4.973545e-03,2.743686e-02,6.108606e-02,6.547096e-02,1.148455e-01
8.717837e-04,6.750448e-03,3.103909e-05,8.418710e-04,6.588791e-03,4.228121e-05
