# rmse alpha/u,rmse phic/h,rmse h/r,spread alpha/u,spread phic/h,spread h/r
8.522601e-06,4.973545e-03,2.743686e-02,6.108606e-02,6.547096e-02,1.148455e-01
8.622968e-04,6.650807e-03,3.176422e-05,8.138056e-04,6.351224e-03,4.466200e-05
