# rmse alpha/u,rmse phic/h,rmse h/r,spread alpha/u,spread phic/h,spread h/r
8.522601e-06,4.973545e-03,2.743686e-02,6.108606e-02,6.547096e-02,1.148455e-01
8.387537e-04,6.854227e-03,2.788958e-05,8.358725e-04,6.639651e-03,4.463008e-05
