# rmse alpha/u,rmse phic/h,rmse h/r,spread alpha/u,spread phic/h,spread h/r
1.466087e-02,2.327283e-01,2.474077e-02,1.906733e-01,1.720275e-01,1.565591e-01
4.370430e-03,2.793656e-02,6.843499e-05,3.563011e-03,2.505638e-02,3.779653e-05
