# rmse alpha/u,rmse phic/h,rmse h/r,spread alpha/u,spread phic/h,spread h/r
1.466087e-02,2.327283e-01,2.474077e-02,1.906733e-01,1.720275e-01,1.565591e-01
6.240256e-03,3.651584e-02,5.978287e-05,4.047396e-03,2.996104e-02,3.898583e-05
