# rmse alpha/u,rmse phic/h,rmse h/r,spread alpha/u,spread phic/h,spread h/r
7.526487e-01,3.152545e-01,2.234632e-01,1.354666e-01,2.169042e-01,1.474046e-01
3.861711e-03,2.568330e-02,2.792533e-05,3.117555e-03,2.398890e-02,2.601053e-05
