# rmse alpha/u,rmse phic/h,rmse h/r,spread alpha/u,spread phic/h,spread h/r
7.526487e-01,3.152545e-01,2.234632e-01,1.354666e-01,2.169042e-01,1.474046e-01
4.520289e-03,3.025737e-02,2.701046e-05,3.136657e-03,2.348239e-02,3.370941e-05
