# rmse alpha/u,rmse phic/h,rmse h/r,spread alpha/u,spread phic/h,spread h/r
7.526487e-01,3.152545e-01,2.234632e-01,1.354666e-01,2.169042e-01,1.474046e-01
5.274197e-03,3.272961e-02,3.347781e-05,3.457018e-03,2.686099e-02,3.329429e-05
