# rmse alpha/u,rmse phic/h,rmse h/r,spread alpha/u,spread phic/h,spread h/r
7.526487e-01,3.152545e-01,2.234632e-01,1.354666e-01,2.169042e-01,1.474046e-01
3.144467e-03,2.313823e-02,3.329446e-05,2.793448e-03,2.044773e-02,2.942405e-05
