# rmse alpha/u,rmse phic/h,rmse h/r,spread alpha/u,spread phic/h,spread h/r
1.832451e-02,3.100352e-03,8.756857e-04,1.906733e-01,1.720275e-01,1.565591e-01
3.367140e-03,2.400356e-02,3.402650e-05,2.561100e-03,1.854480e-02,2.808577e-05
