# rmse alpha/u,rmse phic/h,rmse h/r,spread alpha/u,spread phic/h,spread h/r
1.832451e-02,3.100352e-03,8.756857e-04,1.906733e-01,1.720275e-01,1.565591e-01
5.022017e-03,3.369587e-02,6.128939e-05,2.781592e-03,1.957979e-02,3.155387e-05
