# rmse alpha/u,rmse phic/h,rmse h/r,spread alpha/u,spread phic/h,spread h/r
1.832451e-02,3.100352e-03,8.756857e-04,1.906733e-01,1.720275e-01,1.565591e-01
4.758837e-03,3.758463e-02,6.389864e-05,2.629566e-03,1.744878e-02,2.980097e-05
