# rmse alpha/u,rmse phic/h,rmse h/r,spread alpha/u,spread phic/h,spread h/r
1.832451e-02,3.100352e-03,8.756857e-04,1.906733e-01,1.720275e-01,1.565591e-01
3.515126e-03,2.129483e-02,4.946457e-05,1.911566e-03,1.273091e-02,2.202101e-05
