# rmse alpha/u,rmse phic/h,rmse h/r,spread alpha/u,spread phic/h,spread h/r
1.832451e-02,3.100352e-03,8.756857e-04,1.906733e-01,1.720275e-01,1.565591e-01
4.998010e-03,2.497994e-02,3.592244e-05,2.238122e-03,1.472509e-02,2.087544e-05
