# rmse alpha/u,rmse phic/h,rmse h/r,spread alpha/u,spread phic/h,spread h/r
2.762827e-02,2.161882e-03,1.755217e-02,1.247209e-01,8.377445e-02,7.865096e-02
3.362718e-03,2.027363e-02,3.488199e-05,2.150474e-03,1.577827e-02,4.077716e-05
