# rmse alpha/u,rmse phic/h,rmse h/r,spread alpha/u,spread phic/h,spread h/r
2.762827e-02,2.161882e-03,1.755217e-02,1.247209e-01,8.377445e-02,7.865096e-02
4.266416e-03,2.605668e-02,4.111148e-05,2.672384e-03,2.043241e-02,4.069952e-05
