# rmse alpha/u,rmse phic/h,rmse h/r,spread alpha/u,spread phic/h,spread h/r
2.762827e-02,2.161882e-03,1.755217e-02,1.247209e-01,8.377445e-02,7.865096e-02
3.086532e-03,2.086500e-02,4.299200e-05,2.347945e-03,1.722984e-02,4.114577e-05
