# rmse alpha/u,rmse phic/h,rmse h/r,spread alpha/u,spread phic/h,spread h/r
2.762827e-02,2.161882e-03,1.755217e-02,1.247209e-01,8.377445e-02,7.865096e-02
4.574337e-03,2.800097e-02,4.537635e-05,3.299302e-03,2.512522e-02,4.292922e-05
