# rmse alpha/u,rmse phic/h,rmse h/r,spread alpha/u,spread phic/h,spread h/r
2.762827e-02,2.161882e-03,1.755217e-02,1.247209e-01,8.377445e-02,7.865096e-02
4.548063e-03,2.827455e-02,5.294185e-05,2.757316e-03,2.109573e-02,4.537795e-05
