# rmse alpha/u,rmse phic/h,rmse h/r,spread alpha/u,spread phic/h,spread h/r
2.762827e-02,2.161882e-03,1.755217e-02,1.247209e-01,8.377445e-02,7.865096e-02
4.074497e-03,2.386228e-02,3.687470e-05,2.681467e-03,1.803540e-02,3.400096e-05
