# rmse alpha/u,rmse phic/h,rmse h/r,spread alpha/u,spread phic/h,spread h/r
2.762827e-02,2.161882e-03,1.755217e-02,1.247209e-01,8.377445e-02,7.865096e-02
2.131101e-03,1.372850e-02,3.612638e-05,2.084893e-03,1.427305e-02,3.730418e-05
