# rmse alpha/u,rmse phic/h,rmse h/r,spread alpha/u,spread phic/h,spread h/r
6.246953e-02,9.087045e-02,3.528693e-02,2.014417e-01,2.219743e-01,1.900285e-01
3.240175e-03,1.829472e-02,3.950815e-05,2.526951e-03,1.795549e-02,4.802982e-05
