# rmse alpha/u,rmse phic/h,rmse h/r,spread alpha/u,spread phic/h,spread h/r
6.246953e-02,9.087045e-02,3.528693e-02,2.014417e-01,2.219743e-01,1.900285e-01
2.641455e-03,1.761255e-02,3.798709e-05,2.361943e-03,1.703525e-02,4.770430e-05
