# rmse alpha/u,rmse phic/h,rmse h/r,spread alpha/u,spread phic/h,spread h/r
6.246953e-02,9.087045e-02,3.528693e-02,2.014417e-01,2.219743e-01,1.900285e-01
2.794563e-03,1.844477e-02,4.099440e-05,2.556445e-03,1.859932e-02,4.700294e-05
