# rmse alpha/u,rmse phic/h,rmse h/r,spread alpha/u,spread phic/h,spread h/r
6.246953e-02,9.087045e-02,3.528693e-02,2.014417e-01,2.219743e-01,1.900285e-01
3.814219e-03,2.772561e-02,5.151352e-05,3.239491e-03,2.550374e-02,5.780953e-05
