# rmse alpha/u,rmse phic/h,rmse h/r,spread alpha/u,spread phic/h,spread h/r
6.246953e-02,9.087045e-02,3.528693e-02,2.014417e-01,2.219743e-01,1.900285e-01
2.318390e-03,1.534906e-02,2.423577e-05,2.054634e-03,1.456158e-02,3.763991e-05
