# rmse alpha/u,rmse phic/h,rmse h/r,spread alpha/u,spread phic/h,spread h/r
6.246953e-02,9.087045e-02,3.528693e-02,2.014417e-01,2.219743e-01,1.900285e-01
3.729501e-03,2.221634e-02,4.374787e-05,2.461911e-03,1.853068e-02,4.669411e-05
