# rmse alpha/u,rmse phic/h,rmse h/r,spread alpha/u,spread phic/h,spread h/r
6.246953e-02,9.087045e-02,3.528693e-02,2.014417e-01,2.219743e-01,1.900285e-01
3.276698e-03,1.852582e-02,4.091302e-05,2.324599e-03,1.663912e-02,4.615647e-05
