# rmse alpha/u,rmse phic/h,rmse h/r,spread alpha/u,spread phic/h,spread h/r
6.246953e-02,9.087045e-02,3.528693e-02,2.014417e-01,2.219743e-01,1.900285e-01
3.306792e-03,1.830431e-02,3.671663e-05,2.290825e-03,1.647227e-02,4.441797e-05
