# rmse alpha/u,rmse phic/h,rmse h/r,spread alpha/u,spread phic/h,spread h/r
3.279233e-04,5.951337e-03,6.980006e-02,1.927996e-01,2.373932e-01,2.334187e-01
4.522426e-03,3.317455e-02,4.752408e-05,2.395796e-03,1.884655e-02,2.807957e-05
