# rmse alpha/u,rmse phic/h,rmse h/r,spread alpha/u,spread phic/h,spread h/r
3.279233e-04,5.951337e-03,6.980006e-02,1.927996e-01,2.373932e-01,2.334187e-01
3.733787e-03,3.316348e-02,4.482069e-05,2.383150e-03,1.847574e-02,2.882799e-05
