# rmse alpha/u,rmse phic/h,rmse h/r,spread alpha/u,spread phic/h,spread h/r
3.279233e-04,5.951337e-03,6.980006e-02,1.927996e-01,2.373932e-01,2.334187e-01
2.544358e-03,2.007340e-02,4.079772e-05,1.929695e-03,1.375933e-02,2.327110e-05
