# rmse alpha/u,rmse phic/h,rmse h/r,spread alpha/u,spread phic/h,spread h/r
3.279233e-04,5.951337e-03,6.980006e-02,1.927996e-01,2.373932e-01,2.334187e-01
3.784129e-03,1.875756e-02,4.869909e-05,1.871319e-03,1.311317e-02,2.017321e-05
