# rmse alpha/u,rmse phic/h,rmse h/r,spread alpha/u,spread phic/h,spread h/r
3.279233e-04,5.951337e-03,6.980006e-02,1.927996e-01,2.373932e-01,2.334187e-01
3.876601e-03,3.205027e-02,4.904642e-05,2.173283e-03,1.553271e-02,2.394443e-05
