# rmse alpha/u,rmse phic/h,rmse h/r,spread alpha/u,spread phic/h,spread h/r
3.279233e-04,5.951337e-03,6.980006e-02,1.927996e-01,2.373932e-01,2.334187e-01
2.397450e-03,1.286876e-02,4.383335e-05,1.725316e-03,1.208309e-02,1.847927e-05
