# rmse alpha/u,rmse phic/h,rmse h/r,spread alpha/u,spread phic/h,spread h/r
5.121346e-03,5.992238e-03,5.897417e-03,7.005481e-02,1.143797e-01,8.266920e-02
8.589160e-04,6.239666e-03,2.224741e-05,7.982951e-04,6.355217e-03,4.243454e-05
