# rmse alpha/u,rmse phic/h,rmse h/r,spread alpha/u,spread phic/h,spread h/r
5.121346e-03,5.992238e-03,5.897417e-03,7.005481e-02,1.143797e-01,8.266920e-02
8.376278e-04,6.424198e-03,1.961857e-05,8.288050e-04,6.406684e-03,4.355268e-05
