# rmse alpha/u,rmse phic/h,rmse h/r,spread alpha/u,spread phic/h,spread h/r
5.121346e-03,5.992238e-03,5.897417e-03,7.005481e-02,1.143797e-01,8.266920e-02
8.904229e-04,6.871282e-03,2.221781e-05,8.630784e-04,6.755217e-03,4.484053e-05
