# rmse alpha/u,rmse phic/h,rmse h/r,spread alpha/u,spread phic/h,spread h/r
5.121346e-03,5.992238e-03,5.897417e-03,7.005481e-02,1.143797e-01,8.266920e-02
8.462678e-04,6.777011e-03,2.443258e-05,8.373783e-04,6.614379e-03,4.537607e-05
