# rmse alpha/u,rmse phic/h,rmse h/r,spread alpha/u,spread phic/h,spread h/r
5.121346e-03,5.992238e-03,5.897417e-03,7.005481e-02,1.143797e-01,8.266920e-02
1.221090e-03,7.140935e-03,2.265754e-05,9.141087e-04,7.060308e-03,4.546903e-05
