# rmse alpha/u,rmse phic/h,rmse h/r,spread alpha/u,spread phic/h,spread h/r
5.121346e-03,5.992238e-03,5.897417e-03,7.005481e-02,1.143797e-01,8.266920e-02
9.383259e-04,7.271861e-03,2.186997e-05,8.304845e-04,6.419024e-03,4.327131e-05
