# rmse alpha/u,rmse phic/h,rmse h/r,spread alpha/u,spread phic/h,spread h/r
5.121346e-03,5.992238e-03,5.897417e-03,7.005481e-02,1.143797e-01,8.266920e-02
8.687624e-04,6.419037e-03,2.065247e-05,8.499894e-04,6.462837e-03,4.297582e-05
