# rmse alpha/u,rmse phic/h,rmse h/r,spread alpha/u,spread phic/h,spread h/r
1.026564e-02,3.168433e-02,9.748034e-04,1.475959e-01,2.227898e-01,1.507363e-01
8.170085e-04,7.131537e-03,2.344750e-05,8.141618e-04,6.505035e-03,3.539023e-05
