# rmse alpha/u,rmse phic/h,rmse h/r,spread alpha/u,spread phic/h,spread h/r
1.026564e-02,3.168433e-02,9.748034e-04,1.475959e-01,2.227898e-01,1.507363e-01
8.984916e-04,8.341083e-03,3.775448e-05,8.341320e-04,6.836874e-03,3.640515e-05
