# rmse alpha/u,rmse phic/h,rmse h/r,spread alpha/u,spread phic/h,spread h/r
1.026564e-02,3.168433e-02,9.748034e-04,1.475959e-01,2.227898e-01,1.507363e-01
8.107753e-04,6.731651e-03,3.182312e-05,8.108052e-04,6.517406e-03,3.361484e-05
