# rmse alpha/u,rmse phic/h,rmse h/r,spread alpha/u,spread phic/h,spread h/r
2.605893e-02,6.132876e-02,2.022865e-02,1.982756e-01,1.909562e-01,1.621428e-01
3.218407e-03,2.748613e-02,4.174491e-05,2.125896e-03,1.569392e-02,4.418416e-05
