# rmse alpha/u,rmse phic/h,rmse h/r,spread alpha/u,spread phic/h,spread h/r
2.605893e-02,6.132876e-02,2.022865e-02,1.982756e-01,1.909562e-01,1.621428e-01
3.167331e-03,2.327312e-02,5.319767e-05,2.061713e-03,1.546824e-02,4.453699e-05
