# rmse alpha/u,rmse phic/h,rmse h/r,spread alpha/u,spread phic/h,spread h/r
2.605893e-02,6.132876e-02,2.022865e-02,1.982756e-01,1.909562e-01,1.621428e-01
1.918001e-03,1.238332e-02,3.517201e-05,1.611925e-03,1.103378e-02,4.140010e-05
