# rmse alpha/u,rmse phic/h,rmse h/r,spread alpha/u,spread phic/h,spread h/r
1.685138e-01,2.756174e-01,2.948339e-01,1.576495e-01,1.990011e-01,1.997099e-01
3.440058e-03,1.795229e-02,5.476415e-05,2.302209e-03,1.533478e-02,3.965835e-05
