# rmse alpha/u,rmse phic/h,rmse h/r,spread alpha/u,spread phic/h,spread h/r
1.685138e-01,2.756174e-01,2.948339e-01,1.576495e-01,1.990011e-01,1.997099e-01
2.886708e-03,1.639225e-02,5.377930e-05,2.082385e-03,1.396008e-02,3.727456e-05
