# rmse alpha/u,rmse phic/h,rmse h/r,spread alpha/u,spread phic/h,spread h/r
1.685138e-01,2.756174e-01,2.948339e-01,1.576495e-01,1.990011e-01,1.997099e-01
1.984906e-03,1.620109e-02,4.778317e-05,2.093652e-03,1.366839e-02,3.595692e-05
