# rmse alpha/u,rmse phic/h,rmse h/r,spread alpha/u,spread phic/h,spread h/r
1.685138e-01,2.756174e-01,2.948339e-01,1.576495e-01,1.990011e-01,1.997099e-01
5.555159e-03,4.072185e-02,8.227498e-05,2.328836e-03,1.577739e-02,4.001756e-05
