# rmse alpha/u,rmse phic/h,rmse h/r,spread alpha/u,spread phic/h,spread h/r
1.685138e-01,2.756174e-01,2.948339e-01,1.576495e-01,1.990011e-01,1.997099e-01
3.932415e-03,3.099688e-02,7.506924e-05,2.533746e-03,1.797155e-02,4.387922e-05
