# rmse alpha/u,rmse phic/h,rmse h/r,spread alpha/u,spread phic/h,spread h/r
1.685138e-01,2.756174e-01,2.948339e-01,1.576495e-01,1.990011e-01,1.997099e-01
5.752157e-03,2.637994e-02,5.350614e-05,1.906664e-03,1.190630e-02,3.336147e-05
