# rmse alpha/u,rmse phic/h,rmse h/r,spread alpha/u,spread phic/h,spread h/r
2.165083e-03,1.336991e-02,1.767900e-03,2.007018e-01,2.348895e-01,2.071683e-01
3.230737e-03,2.212782e-02,3.787675e-05,2.092558e-03,1.530250e-02,4.125268e-05
