# rmse alpha/u,rmse phic/h,rmse h/r,spread alpha/u,spread phic/h,spread h/r
2.165083e-03,1.336991e-02,1.767900e-03,2.007018e-01,2.348895e-01,2.071683e-01
3.991936e-03,2.072647e-02,3.521451e-05,2.552923e-03,1.744713e-02,4.140404e-05
