# rmse alpha/u,rmse phic/h,rmse h/r,spread alpha/u,spread phic/h,spread h/r
2.165083e-03,1.336991e-02,1.767900e-03,2.007018e-01,2.348895e-01,2.071683e-01
4.399485e-03,2.608315e-02,3.556178e-05,2.557059e-03,1.924061e-02,4.458970e-05
