# rmse alpha/u,rmse phic/h,rmse h/r,spread alpha/u,spread phic/h,spread h/r
2.165083e-03,1.336991e-02,1.767900e-03,2.007018e-01,2.348895e-01,2.071683e-01
2.215042e-03,1.582535e-02,2.842494e-05,1.699245e-03,1.162115e-02,3.521151e-05
