# rmse alpha/u,rmse phic/h,rmse h/r,spread alpha/u,spread phic/h,spread h/r
2.165083e-03,1.336991e-02,1.767900e-03,2.007018e-01,2.348895e-01,2.071683e-01
2.954780e-03,2.400068e-02,3.499578e-05,2.128296e-03,1.536249e-02,3.822258e-05
