# rmse alpha/u,rmse phic/h,rmse h/r,spread alpha/u,spread phic/h,spread h/r
2.165083e-03,1.336991e-02,1.767900e-03,2.007018e-01,2.348895e-01,2.071683e-01
3.070796e-03,1.825734e-02,4.292282e-05,1.804319e-03,1.331034e-02,3.945690e-05
