# rmse alpha/u,rmse phic/h,rmse h/r,spread alpha/u,spread phic/h,spread h/r
1.572433e-01,2.282898e-01,1.486546e-01,1.247299e-01,2.016558e-01,1.417906e-01
8.706855e-04,6.685367e-03,2.544514e-05,7.740877e-04,5.892344e-03,3.542601e-05
