# rmse alpha/u,rmse phic/h,rmse h/r,spread alpha/u,spread phic/h,spread h/r
1.572433e-01,2.282898e-01,1.486546e-01,1.247299e-01,2.016558e-01,1.417906e-01
7.841740e-04,6.192207e-03,2.448845e-05,7.474371e-04,6.043751e-03,3.419980e-05
