# rmse alpha/u,rmse phic/h,rmse h/r,spread alpha/u,spread phic/h,spread h/r
1.572433e-01,2.282898e-01,1.486546e-01,1.247299e-01,2.016558e-01,1.417906e-01
8.130566e-04,6.946555e-03,2.601988e-05,7.788313e-04,6.365323e-03,3.739381e-05
