# rmse alpha/u,rmse phic/h,rmse h/r,spread alpha/u,spread phic/h,spread h/r
1.428899e-01,1.356308e-02,1.221553e-01,2.098071e-01,2.028495e-01,2.182996e-01
4.217839e-03,2.512616e-02,4.976826e-05,3.535049e-03,2.676412e-02,4.428493e-05
