# rmse alpha/u,rmse phic/h,rmse h/r,spread alpha/u,spread phic/h,spread h/r
1.428899e-01,1.356308e-02,1.221553e-01,2.098071e-01,2.028495e-01,2.182996e-01
4.662878e-03,3.258071e-02,5.439916e-05,4.299188e-03,3.411852e-02,4.840148e-05
