# rmse alpha/u,rmse phic/h,rmse h/r,spread alpha/u,spread phic/h,spread h/r
1.428899e-01,1.356308e-02,1.221553e-01,2.098071e-01,2.028495e-01,2.182996e-01
5.932818e-03,3.568307e-02,4.352896e-05,4.594369e-03,3.505609e-02,4.534112e-05
