# rmse alpha/u,rmse phic/h,rmse h/r,spread alpha/u,spread phic/h,spread h/r
1.428899e-01,1.356308e-02,1.221553e-01,2.098071e-01,2.028495e-01,2.182996e-01
4.358441e-03,3.081460e-02,3.717630e-05,3.850887e-03,2.718432e-02,3.357969e-05
