# rmse alpha/u,rmse phic/h,rmse h/r,spread alpha/u,spread phic/h,spread h/r
1.428899e-01,1.356308e-02,1.221553e-01,2.098071e-01,2.028495e-01,2.182996e-01
4.921848e-03,3.600838e-02,6.036451e-05,3.933746e-03,3.240023e-02,4.405213e-05
