# rmse alpha/u,rmse phic/h,rmse h/r,spread alpha/u,spread phic/h,spread h/r
2.123518e-01,7.696262e-03,5.196284e-02,2.007018e-01,2.348895e-01,2.071683e-01
4.682293e-03,2.692996e-02,7.488905e-05,3.352201e-03,2.450819e-02,6.909848e-05
