# rmse alpha/u,rmse phic/h,rmse h/r,spread alpha/u,spread phic/h,spread h/r
2.123518e-01,7.696262e-03,5.196284e-02,2.007018e-01,2.348895e-01,2.071683e-01
4.034030e-03,2.251206e-02,8.872510e-05,3.172790e-03,2.243693e-02,7.037960e-05
