# rmse alpha/u,rmse phic/h,rmse h/r,spread alpha/u,spread phic/h,spread h/r
2.123518e-01,7.696262e-03,5.196284e-02,2.007018e-01,2.348895e-01,2.071683e-01
3.484673e-03,2.158215e-02,8.763404e-05,2.547772e-03,1.753718e-02,6.523530e-05
