# rmse alpha/u,rmse phic/h,rmse h/r,spread alpha/u,spread phic/h,spread h/r
2.123518e-01,7.696262e-03,5.196284e-02,2.007018e-01,2.348895e-01,2.071683e-01
3.727391e-03,2.125328e-02,8.776498e-05,2.464205e-03,1.762242e-02,5.718883e-05
