# rmse alpha/u,rmse phic/h,rmse h/r,spread alpha/u,spread phic/h,spread h/r
1.423802e-01,2.727575e-01,2.560715e-01,1.402536e-01,2.207597e-01,2.039123e-01
1.179948e-03,7.493766e-03,2.625448e-05,9.518284e-04,7.315298e-03,4.424649e-05
