# rmse alpha/u,rmse phic/h,rmse h/r,spread alpha/u,spread phic/h,spread h/r
1.423802e-01,2.727575e-01,2.560715e-01,1.402536e-01,2.207597e-01,2.039123e-01
8.000709e-04,6.107402e-03,1.721297e-05,8.165622e-04,6.289919e-03,4.144275e-05
