# rmse alpha/u,rmse phic/h,rmse h/r,spread alpha/u,spread phic/h,spread h/r
1.423802e-01,2.727575e-01,2.560715e-01,1.402536e-01,2.207597e-01,2.039123e-01
8.465722e-04,6.534473e-03,2.558161e-05,8.457721e-04,6.708576e-03,4.373027e-05
