# rmse alpha/u,rmse phic/h,rmse h/r,spread alpha/u,spread phic/h,spread h/r
1.423802e-01,2.727575e-01,2.560715e-01,1.402536e-01,2.207597e-01,2.039123e-01
8.461194e-04,6.892317e-03,2.020642e-05,8.704812e-04,6.719593e-03,4.315457e-05
