# rmse alpha/u,rmse phic/h,rmse h/r,spread alpha/u,spread phic/h,spread h/r
1.423802e-01,2.727575e-01,2.560715e-01,1.402536e-01,2.207597e-01,2.039123e-01
7.899918e-04,6.125777e-03,1.913643e-05,8.306619e-04,6.497589e-03,4.045329e-05
