# rmse alpha/u,rmse phic/h,rmse h/r,spread alpha/u,spread phic/h,spread h/r
1.423802e-01,2.727575e-01,2.560715e-01,1.402536e-01,2.207597e-01,2.039123e-01
8.196657e-04,6.157439e-03,1.568755e-05,8.210818e-04,6.446400e-03,3.995711e-05
