# rmse alpha/u,rmse phic/h,rmse h/r,spread alpha/u,spread phic/h,spread h/r
2.759298e-02,1.365564e-02,1.261388e-02,2.029553e-01,2.401346e-01,2.180772e-01
3.713381e-03,2.047352e-02,4.135309e-05,2.090533e-03,1.463387e-02,4.857089e-05
