# rmse alpha/u,rmse phic/h,rmse h/r,spread alpha/u,spread phic/h,spread h/r
2.759298e-02,1.365564e-02,1.261388e-02,2.029553e-01,2.401346e-01,2.180772e-01
3.335717e-03,2.078699e-02,3.409420e-05,2.333687e-03,1.647847e-02,4.663323e-05
