# rmse alpha/u,rmse phic/h,rmse h/r,spread alpha/u,spread phic/h,spread h/r
2.759298e-02,1.365564e-02,1.261388e-02,2.029553e-01,2.401346e-01,2.180772e-01
3.244510e-03,2.079825e-02,4.980441e-05,2.691760e-03,2.056967e-02,5.981994e-05
