# rmse alpha/u,rmse phic/h,rmse h/r,spread alpha/u,spread phic/h,spread h/r
2.759298e-02,1.365564e-02,1.261388e-02,2.029553e-01,2.401346e-01,2.180772e-01
3.469884e-03,2.378667e-02,5.646823e-05,2.206829e-03,1.583479e-02,5.545507e-05
