# rmse alpha/u,rmse phic/h,rmse h/r,spread alpha/u,spread phic/h,spread h/r
2.759298e-02,1.365564e-02,1.261388e-02,2.029553e-01,2.401346e-01,2.180772e-01
2.002889e-03,1.220933e-02,4.234860e-05,1.835255e-03,1.275262e-02,4.958814e-05
