# rmse alpha/u,rmse phic/h,rmse h/r,spread alpha/u,spread phic/h,spread h/r
2.759298e-02,1.365564e-02,1.261388e-02,2.029553e-01,2.401346e-01,2.180772e-01
4.169587e-03,3.168346e-02,6.101328e-05,2.571264e-03,1.886650e-02,5.650408e-05
