# rmse alpha/u,rmse phic/h,rmse h/r,spread alpha/u,spread phic/h,spread h/r
2.759298e-02,1.365564e-02,1.261388e-02,2.029553e-01,2.401346e-01,2.180772e-01
3.792130e-03,2.961769e-02,5.581108e-05,2.838756e-03,1.997098e-02,5.695320e-05
