# rmse alpha/u,rmse phic/h,rmse h/r,spread alpha/u,spread phic/h,spread h/r
2.793991e-03,2.252960e-01,5.633592e-01,1.982756e-01,1.909562e-01,1.621428e-01
2.188899e-03,1.105042e-02,6.724393e-05,1.528602e-03,1.009768e-02,5.213725e-05
