# rmse alpha/u,rmse phic/h,rmse h/r,spread alpha/u,spread phic/h,spread h/r
2.793991e-03,2.252960e-01,5.633592e-01,1.982756e-01,1.909562e-01,1.621428e-01
3.916000e-03,2.444392e-02,6.915606e-05,2.283941e-03,1.645359e-02,5.794532e-05
