# rmse alpha/u,rmse phic/h,rmse h/r,spread alpha/u,spread phic/h,spread h/r
6.358728e-03,4.211865e-02,7.043026e-04,1.205860e-01,9.421135e-02,8.375775e-02
1.199797e-03,8.576662e-03,4.611100e-05,1.016924e-03,7.648437e-03,4.767677e-05
