# rmse alpha/u,rmse phic/h,rmse h/r,spread alpha/u,spread phic/h,spread h/r
6.358728e-03,4.211865e-02,7.043026e-04,1.205860e-01,9.421135e-02,8.375775e-02
2.431843e-03,1.341665e-02,4.570487e-05,1.347398e-03,9.635516e-03,5.407355e-05
