# rmse alpha/u,rmse phic/h,rmse h/r,spread alpha/u,spread phic/h,spread h/r
1.569565e-01,1.698306e-01,2.513990e-01,1.927996e-01,2.373932e-01,2.334187e-01
5.833869e-03,4.747413e-02,1.398504e-04,4.045019e-03,3.066770e-02,6.267229e-05
