# rmse alpha/u,rmse phic/h,rmse h/r,spread alpha/u,spread phic/h,spread h/r
1.569565e-01,1.698306e-01,2.513990e-01,1.927996e-01,2.373932e-01,2.334187e-01
6.232316e-03,4.850587e-02,1.479530e-04,3.708202e-03,2.873085e-02,5.956695e-05
