# rmse alpha/u,rmse phic/h,rmse h/r,spread alpha/u,spread phic/h,spread h/r
1.569565e-01,1.698306e-01,2.513990e-01,1.927996e-01,2.373932e-01,2.334187e-01
4.557076e-03,3.409733e-02,1.234071e-04,2.682938e-03,1.955388e-02,4.837403e-05
