# rmse alpha/u,rmse phic/h,rmse h/r,spread alpha/u,spread phic/h,spread h/r
1.569565e-01,1.698306e-01,2.513990e-01,1.927996e-01,2.373932e-01,2.334187e-01
4.640943e-03,3.253634e-02,1.083260e-04,3.162580e-03,2.450396e-02,5.438688e-05
