# rmse alpha/u,rmse phic/h,rmse h/r,spread alpha/u,spread phic/h,spread h/r
5.120912e-01,2.123358e-01,4.167712e-01,1.475959e-01,2.227898e-01,1.507363e-01
4.950621e-03,3.816177e-02,1.101543e-04,4.176574e-03,3.285155e-02,5.768120e-05
