# rmse alpha/u,rmse phic/h,rmse h/r,spread alpha/u,spread phic/h,spread h/r
5.120912e-01,2.123358e-01,4.167712e-01,1.475959e-01,2.227898e-01,1.507363e-01
4.519252e-03,4.045127e-02,1.020884e-04,4.126313e-03,3.318092e-02,5.778493e-05
