# rmse alpha/u,rmse phic/h,rmse h/r,spread alpha/u,spread phic/h,spread h/r
5.120912e-01,2.123358e-01,4.167712e-01,1.475959e-01,2.227898e-01,1.507363e-01
5.122789e-03,3.501638e-02,8.814777e-05,4.239910e-03,3.256562e-02,5.491917e-05
