# rmse alpha/u,rmse phic/h,rmse h/r,spread alpha/u,spread phic/h,spread h/r
5.120912e-01,2.123358e-01,4.167712e-01,1.475959e-01,2.227898e-01,1.507363e-01
4.496816e-03,3.308794e-02,8.042105e-05,4.206056e-03,3.048141e-02,5.931336e-05
