# rmse alpha/u,rmse phic/h,rmse h/r,spread alpha/u,spread phic/h,spread h/r
5.120912e-01,2.123358e-01,4.167712e-01,1.475959e-01,2.227898e-01,1.507363e-01
4.994760e-03,3.374130e-02,7.277426e-05,4.443434e-03,3.325408e-02,5.832642e-05
