# rmse alpha/u,rmse phic/h,rmse h/r,spread alpha/u,spread phic/h,spread h/r
5.120912e-01,2.123358e-01,4.167712e-01,1.475959e-01,2.227898e-01,1.507363e-01
4.762332e-03,3.600848e-02,1.056535e-04,3.673641e-03,2.941503e-02,4.832228e-05
