# rmse alpha/u,rmse phic/h,rmse h/r,spread alpha/u,spread phic/h,spread h/r
1.310018e-01,5.467032e-02,2.166572e-02,1.355064e-01,1.005053e-01,8.040932e-02
3.448573e-03,2.696180e-02,5.885014e-05,2.298237e-03,1.533899e-02,2.751383e-05
