# rmse alpha/u,rmse phic/h,rmse h/r,spread alpha/u,spread phic/h,spread h/r
1.310018e-01,5.467032e-02,2.166572e-02,1.355064e-01,1.005053e-01,8.040932e-02
7.799745e-03,4.618039e-02,6.070900e-05,2.469038e-03,1.655841e-02,3.202238e-05
