# rmse alpha/u,rmse phic/h,rmse h/r,spread alpha/u,spread phic/h,spread h/r
1.310018e-01,5.467032e-02,2.166572e-02,1.355064e-01,1.005053e-01,8.040932e-02
3.782121e-03,2.466213e-02,5.176455e-05,1.984721e-03,1.384543e-02,2.796613e-05
