# rmse alpha/u,rmse phic/h,rmse h/r,spread alpha/u,spread phic/h,spread h/r
1.239376e-02,1.171380e-02,2.015325e-01,1.236640e-01,1.950015e-01,1.984805e-01
4.048564e-03,3.190519e-02,6.913974e-05,2.308206e-03,1.686875e-02,4.274683e-05
