# rmse alpha/u,rmse phic/h,rmse h/r,spread alpha/u,spread phic/h,spread h/r
1.239376e-02,1.171380e-02,2.015325e-01,1.236640e-01,1.950015e-01,1.984805e-01
4.261694e-03,2.419305e-02,6.938745e-05,1.993526e-03,1.473487e-02,4.437349e-05
