# rmse alpha/u,rmse phic/h,rmse h/r,spread alpha/u,spread phic/h,spread h/r
1.239376e-02,1.171380e-02,2.015325e-01,1.236640e-01,1.950015e-01,1.984805e-01
2.555978e-03,1.833133e-02,5.335956e-05,1.717727e-03,1.239222e-02,3.908106e-05
