# rmse alpha/u,rmse phic/h,rmse h/r,spread alpha/u,spread phic/h,spread h/r
1.239376e-02,1.171380e-02,2.015325e-01,1.236640e-01,1.950015e-01,1.984805e-01
3.624092e-03,2.225260e-02,6.247567e-05,1.957816e-03,1.363828e-02,4.203378e-05
