# rmse alpha/u,rmse phic/h,rmse h/r,spread alpha/u,spread phic/h,spread h/r
1.239376e-02,1.171380e-02,2.015325e-01,1.236640e-01,1.950015e-01,1.984805e-01
2.835674e-03,1.656390e-02,4.980674e-05,1.868423e-03,1.338524e-02,4.208798e-05
