# rmse alpha/u,rmse phic/h,rmse h/r,spread alpha/u,spread phic/h,spread h/r
1.239376e-02,1.171380e-02,2.015325e-01,1.236640e-01,1.950015e-01,1.984805e-01
2.540424e-03,1.500938e-02,5.422768e-05,1.385948e-03,9.372778e-03,3.956405e-05
