# rmse alpha/u,rmse phic/h,rmse h/r,spread alpha/u,spread phic/h,spread h/r
1.239376e-02,1.171380e-02,2.015325e-01,1.236640e-01,1.950015e-01,1.984805e-01
2.998483e-03,1.937979e-02,5.897869e-05,1.606096e-03,1.087708e-02,3.672840e-05
