# rmse alpha/u,rmse phic/h,rmse h/r,spread alpha/u,spread phic/h,spread h/r
1.239376e-02,1.171380e-02,2.015325e-01,1.236640e-01,1.950015e-01,1.984805e-01
3.133413e-03,2.389041e-02,5.108068e-05,1.959077e-03,1.322183e-02,3.855265e-05
