# rmse alpha/u,rmse phic/h,rmse h/r,spread alpha/u,spread phic/h,spread h/r
1.021459e-01,1.563623e-03,1.155242e-01,2.029553e-01,2.401346e-01,2.180772e-01
8.282506e-04,6.338045e-03,1.996469e-05,8.478403e-04,6.521338e-03,4.619827e-05
