# rmse alpha/u,rmse phic/h,rmse h/r,spread alpha/u,spread phic/h,spread h/r
1.021459e-01,1.563623e-03,1.155242e-01,2.029553e-01,2.401346e-01,2.180772e-01
8.779385e-04,6.389022e-03,2.266618e-05,8.593185e-04,6.719399e-03,4.562631e-05
