# rmse alpha/u,rmse phic/h,rmse h/r,spread alpha/u,spread phic/h,spread h/r
1.021459e-01,1.563623e-03,1.155242e-01,2.029553e-01,2.401346e-01,2.180772e-01
8.621495e-04,6.944373e-03,2.513689e-05,8.914373e-04,7.081183e-03,4.907732e-05
