# rmse alpha/u,rmse phic/h,rmse h/r,spread alpha/u,spread phic/h,spread h/r
1.021459e-01,1.563623e-03,1.155242e-01,2.029553e-01,2.401346e-01,2.180772e-01
8.535189e-04,6.993711e-03,2.546326e-05,8.663553e-04,6.833314e-03,4.779541e-05
