# rmse alpha/u,rmse phic/h,rmse h/r,spread alpha/u,spread phic/h,spread h/r
1.021459e-01,1.563623e-03,1.155242e-01,2.029553e-01,2.401346e-01,2.180772e-01
8.484270e-04,6.788797e-03,2.233506e-05,8.628591e-04,6.797918e-03,4.805086e-05
