# rmse alpha/u,rmse phic/h,rmse h/r,spread alpha/u,spread phic/h,spread h/r
1.808125e-02,1.775160e-03,1.935669e-02,1.929508e-01,2.327501e-01,1.950669e-01
4.502036e-03,2.834175e-02,5.061000e-05,2.980581e-03,2.067449e-02,4.701700e-05
