# rmse alpha/u,rmse phic/h,rmse h/r,spread alpha/u,spread phic/h,spread h/r
1.808125e-02,1.775160e-03,1.935669e-02,1.929508e-01,2.327501e-01,1.950669e-01
2.647781e-03,1.499560e-02,3.404690e-05,1.764669e-03,1.231852e-02,4.927949e-05
