# rmse alpha/u,rmse phic/h,rmse h/r,spread alpha/u,spread phic/h,spread h/r
1.199254e-01,1.244757e-03,2.592207e-03,1.227256e-01,9.339613e-02,7.010887e-02
3.134976e-03,1.635564e-02,4.284476e-05,1.994720e-03,1.245396e-02,2.852912e-05
