# rmse alpha/u,rmse phic/h,rmse h/r,spread alpha/u,spread phic/h,spread h/r
1.199254e-01,1.244757e-03,2.592207e-03,1.227256e-01,9.339613e-02,7.010887e-02
2.910347e-03,1.730885e-02,6.396091e-05,1.919677e-03,1.371404e-02,3.539654e-05
