# rmse alpha/u,rmse phic/h,rmse h/r,spread alpha/u,spread phic/h,spread h/r
1.199254e-01,1.244757e-03,2.592207e-03,1.227256e-01,9.339613e-02,7.010887e-02
3.916204e-03,2.404542e-02,5.481457e-05,2.444773e-03,1.717960e-02,4.170768e-05
