# rmse alpha/u,rmse phic/h,rmse h/r,spread alpha/u,spread phic/h,spread h/r
1.199254e-01,1.244757e-03,2.592207e-03,1.227256e-01,9.339613e-02,7.010887e-02
3.100083e-03,2.413184e-02,5.732093e-05,2.393279e-03,1.702325e-02,3.896281e-05
