# rmse alpha/u,rmse phic/h,rmse h/r,spread alpha/u,spread phic/h,spread h/r
1.199254e-01,1.244757e-03,2.592207e-03,1.227256e-01,9.339613e-02,7.010887e-02
2.281009e-03,1.957768e-02,5.531353e-05,1.820650e-03,1.190887e-02,2.844342e-05
