# rmse alpha/u,rmse phic/h,rmse h/r,spread alpha/u,spread phic/h,spread h/r
1.199254e-01,1.244757e-03,2.592207e-03,1.227256e-01,9.339613e-02,7.010887e-02
3.582538e-03,2.182677e-02,4.692261e-05,2.168870e-03,1.444112e-02,2.695854e-05
