# rmse alpha/u,rmse phic/h,rmse h/r,spread alpha/u,spread phic/h,spread h/r
4.066140e-03,3.620361e-01,8.392271e-03,2.011122e-01,2.284813e-01,1.938860e-01
1.158022e-03,8.607031e-03,4.211599e-05,9.339285e-04,7.222640e-03,2.752052e-05
