# rmse alpha/u,rmse phic/h,rmse h/r,spread alpha/u,spread phic/h,spread h/r
4.066140e-03,3.620361e-01,8.392271e-03,2.011122e-01,2.284813e-01,1.938860e-01
1.016162e-03,7.814631e-03,2.741386e-05,8.530748e-04,6.620540e-03,2.567313e-05
