# rmse alpha/u,rmse phic/h,rmse h/r,spread alpha/u,spread phic/h,spread h/r
4.066140e-03,3.620361e-01,8.392271e-03,2.011122e-01,2.284813e-01,1.938860e-01
2.340964e-03,9.880474e-03,3.104232e-05,8.695293e-04,6.546777e-03,2.203756e-05
