# rmse alpha/u,rmse phic/h,rmse h/r,spread alpha/u,spread phic/h,spread h/r
4.066140e-03,3.620361e-01,8.392271e-03,2.011122e-01,2.284813e-01,1.938860e-01
1.766312e-03,8.196407e-03,2.672228e-05,9.444482e-04,6.466644e-03,2.224042e-05
