# rmse alpha/u,rmse phic/h,rmse h/r,spread alpha/u,spread phic/h,spread h/r
4.066140e-03,3.620361e-01,8.392271e-03,2.011122e-01,2.284813e-01,1.938860e-01
1.564120e-03,1.167130e-02,2.904118e-05,1.052585e-03,7.751556e-03,2.330482e-05
