# rmse alpha/u,rmse phic/h,rmse h/r,spread alpha/u,spread phic/h,spread h/r
6.752954e-02,8.545409e-03,4.248042e-02,1.740604e-01,2.111154e-01,2.029875e-01
5.421950e-03,3.244503e-02,5.386072e-05,3.692485e-03,2.666649e-02,3.694802e-05
