# rmse alpha/u,rmse phic/h,rmse h/r,spread alpha/u,spread phic/h,spread h/r
6.752954e-02,8.545409e-03,4.248042e-02,1.740604e-01,2.111154e-01,2.029875e-01
5.295012e-03,3.497610e-02,4.606282e-05,3.548462e-03,2.427178e-02,3.345082e-05
