# rmse alpha/u,rmse phic/h,rmse h/r,spread alpha/u,spread phic/h,spread h/r
6.752954e-02,8.545409e-03,4.248042e-02,1.740604e-01,2.111154e-01,2.029875e-01
4.946646e-03,3.878634e-02,4.422464e-05,3.665353e-03,2.709358e-02,3.284288e-05
