# rmse alpha/u,rmse phic/h,rmse h/r,spread alpha/u,spread phic/h,spread h/r
6.752954e-02,8.545409e-03,4.248042e-02,1.740604e-01,2.111154e-01,2.029875e-01
5.134109e-03,3.100525e-02,5.683569e-05,3.140801e-03,2.298173e-02,3.400035e-05
