# rmse alpha/u,rmse phic/h,rmse h/r,spread alpha/u,spread phic/h,spread h/r
6.752954e-02,8.545409e-03,4.248042e-02,1.740604e-01,2.111154e-01,2.029875e-01
3.526764e-03,2.611668e-02,4.565623e-05,2.893793e-03,2.126496e-02,3.333969e-05
