# rmse alpha/u,rmse phic/h,rmse h/r,spread alpha/u,spread phic/h,spread h/r
9.985473e-02,1.418258e-03,2.013708e-02,1.266341e-01,7.535693e-02,5.895731e-02
6.078155e-03,3.488758e-02,7.176586e-05,3.905058e-03,2.788014e-02,5.783960e-05
