# rmse alpha/u,rmse phic/h,rmse h/r,spread alpha/u,spread phic/h,spread h/r
9.985473e-02,1.418258e-03,2.013708e-02,1.266341e-01,7.535693e-02,5.895731e-02
4.644209e-03,3.303815e-02,6.585740e-05,4.074272e-03,2.976992e-02,5.429847e-05
