# rmse alpha/u,rmse phic/h,rmse h/r,spread alpha/u,spread phic/h,spread h/r
9.985473e-02,1.418258e-03,2.013708e-02,1.266341e-01,7.535693e-02,5.895731e-02
3.750003e-03,2.919802e-02,6.295302e-05,4.283676e-03,3.135621e-02,5.435997e-05
