# rmse alpha/u,rmse phic/h,rmse h/r,spread alpha/u,spread phic/h,spread h/r
9.985473e-02,1.418258e-03,2.013708e-02,1.266341e-01,7.535693e-02,5.895731e-02
3.922776e-03,2.626317e-02,7.135209e-05,3.928988e-03,2.894989e-02,5.866363e-05
