# rmse alpha/u,rmse phic/h,rmse h/r,spread alpha/u,spread phic/h,spread h/r
9.985473e-02,1.418258e-03,2.013708e-02,1.266341e-01,7.535693e-02,5.895731e-02
5.316054e-03,3.496838e-02,6.678160e-05,3.841282e-03,2.882160e-02,6.158045e-05
