# rmse alpha/u,rmse phic/h,rmse h/r,spread alpha/u,spread phic/h,spread h/r
9.985473e-02,1.418258e-03,2.013708e-02,1.266341e-01,7.535693e-02,5.895731e-02
4.476066e-03,3.128985e-02,6.170866e-05,3.296470e-03,2.382282e-02,4.730649e-05
