# rmse alpha/u,rmse phic/h,rmse h/r,spread alpha/u,spread phic/h,spread h/r
2.834069e-01,4.691176e-01,3.303814e-01,1.910254e-01,2.103657e-01,1.707528e-01
4.215246e-03,2.939506e-02,2.834957e-05,3.102607e-03,2.204295e-02,2.982007e-05
