# rmse alpha/u,rmse phic/h,rmse h/r,spread alpha/u,spread phic/h,spread h/r
2.834069e-01,4.691176e-01,3.303814e-01,1.910254e-01,2.103657e-01,1.707528e-01
4.318314e-03,2.843603e-02,3.279660e-05,2.885451e-03,2.096720e-02,2.448243e-05
