# rmse alpha/u,rmse phic/h,rmse h/r,spread alpha/u,spread phic/h,spread h/r
2.834069e-01,4.691176e-01,3.303814e-01,1.910254e-01,2.103657e-01,1.707528e-01
3.181312e-03,1.811376e-02,3.143686e-05,2.771175e-03,1.997083e-02,2.520117e-05
