# rmse alpha/u,rmse phic/h,rmse h/r,spread alpha/u,spread phic/h,spread h/r
2.834069e-01,4.691176e-01,3.303814e-01,1.910254e-01,2.103657e-01,1.707528e-01
4.317688e-03,2.883096e-02,2.192492e-05,2.743754e-03,1.817259e-02,2.367411e-05
