# rmse alpha/u,rmse phic/h,rmse h/r,spread alpha/u,spread phic/h,spread h/r
2.834069e-01,4.691176e-01,3.303814e-01,1.910254e-01,2.103657e-01,1.707528e-01
2.959650e-03,2.633530e-02,3.086297e-05,2.402475e-03,1.704632e-02,2.141116e-05
