# rmse alpha/u,rmse phic/h,rmse h/r,spread alpha/u,spread phic/h,spread h/r
9.316434e-02,6.641720e-02,3.475954e-02,2.123994e-01,1.936555e-01,1.948980e-01
1.312645e-03,8.913907e-03,2.528180e-05,1.153997e-03,8.098429e-03,3.215017e-05
