# rmse alpha/u,rmse phic/h,rmse h/r,spread alpha/u,spread phic/h,spread h/r
9.316434e-02,6.641720e-02,3.475954e-02,2.123994e-01,1.936555e-01,1.948980e-01
9.306889e-04,6.998321e-03,2.374427e-05,8.502784e-04,6.381810e-03,3.275367e-05
