# rmse alpha/u,rmse phic/h,rmse h/r,spread alpha/u,spread phic/h,spread h/r
9.316434e-02,6.641720e-02,3.475954e-02,2.123994e-01,1.936555e-01,1.948980e-01
9.627349e-04,7.586669e-03,2.403332e-05,9.328054e-04,6.894304e-03,3.339548e-05
