# rmse alpha/u,rmse phic/h,rmse h/r,spread alpha/u,spread phic/h,spread h/r
9.316434e-02,6.641720e-02,3.475954e-02,2.123994e-01,1.936555e-01,1.948980e-01
1.102114e-03,6.336643e-03,2.322833e-05,8.446713e-04,6.525282e-03,3.313011e-05
