# rmse alpha/u,rmse phic/h,rmse h/r,spread alpha/u,spread phic/h,spread h/r
9.316434e-02,6.641720e-02,3.475954e-02,2.123994e-01,1.936555e-01,1.948980e-01
8.273641e-04,6.320281e-03,2.268266e-05,8.181258e-04,6.187378e-03,3.284820e-05
