# rmse alpha/u,rmse phic/h,rmse h/r,spread alpha/u,spread phic/h,spread h/r
9.316434e-02,6.641720e-02,3.475954e-02,2.123994e-01,1.936555e-01,1.948980e-01
1.365801e-03,8.093193e-03,1.963313e-05,9.120903e-04,6.778063e-03,3.214186e-05
