# rmse alpha/u,rmse phic/h,rmse h/r,spread alpha/u,spread phic/h,spread h/r
1.870855e-01,2.698742e-01,3.606532e-01,1.710100e-01,2.526032e-01,2.161770e-01
2.349797e-03,1.769695e-02,6.330761e-05,1.621385e-03,1.161253e-02,4.896002e-05
