# rmse alpha/u,rmse phic/h,rmse h/r,spread alpha/u,spread phic/h,spread h/r
1.870855e-01,2.698742e-01,3.606532e-01,1.710100e-01,2.526032e-01,2.161770e-01
2.540666e-03,1.484377e-02,3.162319e-05,1.544343e-03,9.835559e-03,4.304931e-05
