# rmse alpha/u,rmse phic/h,rmse h/r,spread alpha/u,spread phic/h,spread h/r
1.870855e-01,2.698742e-01,3.606532e-01,1.710100e-01,2.526032e-01,2.161770e-01
1.752767e-03,1.156485e-02,3.084119e-05,1.687622e-03,1.140766e-02,4.515826e-05
