# rmse alpha/u,rmse phic/h,rmse h/r,spread alpha/u,spread phic/h,spread h/r
1.870855e-01,2.698742e-01,3.606532e-01,1.710100e-01,2.526032e-01,2.161770e-01
1.958142e-03,1.409267e-02,3.910546e-05,1.418639e-03,1.007299e-02,4.257427e-05
