# rmse alpha/u,rmse phic/h,rmse h/r,spread alpha/u,spread phic/h,spread h/r
1.870855e-01,2.698742e-01,3.606532e-01,1.710100e-01,2.526032e-01,2.161770e-01
2.302029e-03,1.770713e-02,4.420493e-05,1.223878e-03,8.934503e-03,4.600571e-05
