# rmse alpha/u,rmse phic/h,rmse h/r,spread alpha/u,spread phic/h,spread h/r
1.870855e-01,2.698742e-01,3.606532e-01,1.710100e-01,2.526032e-01,2.161770e-01
1.403987e-03,7.956482e-03,3.487505e-05,1.053992e-03,7.508708e-03,4.182830e-05
