# rmse alpha/u,rmse phic/h,rmse h/r,spread alpha/u,spread phic/h,spread h/r
9.100143e-03,2.271327e-02,4.453879e-02,1.148592e-01,2.242416e-01,1.589330e-01
8.760870e-04,6.736242e-03,2.434852e-05,8.447951e-04,6.617863e-03,4.705480e-05
