# rmse alpha/u,rmse phic/h,rmse h/r,spread alpha/u,spread phic/h,spread h/r
2.336563e-02,2.553718e-02,2.902759e-01,1.982756e-01,1.909562e-01,1.621428e-01
1.709004e-03,1.100662e-02,3.669745e-05,1.496315e-03,1.030477e-02,3.667550e-05
