# rmse alpha/u,rmse phic/h,rmse h/r,spread alpha/u,spread phic/h,spread h/r
2.336563e-02,2.553718e-02,2.902759e-01,1.982756e-01,1.909562e-01,1.621428e-01
3.173690e-03,2.641619e-02,6.107198e-05,2.115151e-03,1.537018e-02,4.717387e-05
