# rmse alpha/u,rmse phic/h,rmse h/r,spread alpha/u,spread phic/h,spread h/r
2.336563e-02,2.553718e-02,2.902759e-01,1.982756e-01,1.909562e-01,1.621428e-01
3.614697e-03,1.507658e-02,3.657830e-05,2.020439e-03,1.344233e-02,3.790486e-05
