# rmse alpha/u,rmse phic/h,rmse h/r,spread alpha/u,spread phic/h,spread h/r
6.284839e-01,4.139156e-01,2.774719e-01,1.909684e-01,2.207097e-01,2.003914e-01
4.910040e-03,3.362008e-02,1.013310e-04,2.598639e-03,1.844353e-02,5.041820e-05
