# rmse alpha/u,rmse phic/h,rmse h/r,spread alpha/u,spread phic/h,spread h/r
6.284839e-01,4.139156e-01,2.774719e-01,1.909684e-01,2.207097e-01,2.003914e-01
4.671836e-03,3.477826e-02,9.603828e-05,2.192748e-03,1.524944e-02,4.222910e-05
