# rmse alpha/u,rmse phic/h,rmse h/r,spread alpha/u,spread phic/h,spread h/r
6.284839e-01,4.139156e-01,2.774719e-01,1.909684e-01,2.207097e-01,2.003914e-01
2.317998e-03,1.829508e-02,6.877664e-05,2.349684e-03,1.540431e-02,3.845273e-05
