# rmse alpha/u,rmse phic/h,rmse h/r,spread alpha/u,spread phic/h,spread h/r
6.284839e-01,4.139156e-01,2.774719e-01,1.909684e-01,2.207097e-01,2.003914e-01
3.831909e-03,2.892459e-02,9.753379e-05,3.671283e-03,2.426314e-02,4.713714e-05
