# rmse alpha/u,rmse phic/h,rmse h/r,spread alpha/u,spread phic/h,spread h/r
6.284839e-01,4.139156e-01,2.774719e-01,1.909684e-01,2.207097e-01,2.003914e-01
6.543994e-03,3.280572e-02,6.139105e-05,3.196552e-03,2.161309e-02,4.549308e-05
