# rmse alpha/u,rmse phic/h,rmse h/r,spread alpha/u,spread phic/h,spread h/r
6.284839e-01,4.139156e-01,2.774719e-01,1.909684e-01,2.207097e-01,2.003914e-01
5.741172e-03,2.590490e-02,6.886404e-05,2.903706e-03,1.923011e-02,4.229937e-05
