# rmse alpha/u,rmse phic/h,rmse h/r,spread alpha/u,spread phic/h,spread h/r
6.284839e-01,4.139156e-01,2.774719e-01,1.909684e-01,2.207097e-01,2.003914e-01
5.519089e-03,3.457435e-02,7.687815e-05,3.171846e-03,2.090225e-02,4.246069e-05
