# rmse alpha/u,rmse phic/h,rmse h/r,spread alpha/u,spread phic/h,spread h/r
6.284839e-01,4.139156e-01,2.774719e-01,1.909684e-01,2.207097e-01,2.003914e-01
5.309693e-03,3.143944e-02,8.661886e-05,2.874664e-03,1.952054e-02,4.231828e-05
