# rmse alpha/u,rmse phic/h,rmse h/r,spread alpha/u,spread phic/h,spread h/r
6.284839e-01,4.139156e-01,2.774719e-01,1.909684e-01,2.207097e-01,2.003914e-01
5.763866e-03,3.684224e-02,7.439799e-05,3.048017e-03,2.084343e-02,3.923007e-05
