# rmse alpha/u,rmse phic/h,rmse h/r,spread alpha/u,spread phic/h,spread h/r
9.924285e-02,1.200428e-02,3.891067e-02,1.202238e-01,9.075901e-02,6.254896e-02
5.678330e-03,3.802412e-02,6.650593e-05,4.145537e-03,3.203260e-02,5.646358e-05
