# rmse alpha/u,rmse phic/h,rmse h/r,spread alpha/u,spread phic/h,spread h/r
9.924285e-02,1.200428e-02,3.891067e-02,1.202238e-01,9.075901e-02,6.254896e-02
4.161702e-03,3.309229e-02,8.703675e-05,3.382772e-03,2.698788e-02,5.718943e-05
