# rmse alpha/u,rmse phic/h,rmse h/r,spread alpha/u,spread phic/h,spread h/r
9.924285e-02,1.200428e-02,3.891067e-02,1.202238e-01,9.075901e-02,6.254896e-02
4.791138e-03,3.477286e-02,8.181294e-05,3.515861e-03,2.609754e-02,5.490103e-05
