# rmse alpha/u,rmse phic/h,rmse h/r,spread alpha/u,spread phic/h,spread h/r
9.924285e-02,1.200428e-02,3.891067e-02,1.202238e-01,9.075901e-02,6.254896e-02
4.984858e-03,3.559491e-02,7.447487e-05,3.797971e-03,2.813826e-02,5.617869e-05
