# rmse alpha/u,rmse phic/h,rmse h/r,spread alpha/u,spread phic/h,spread h/r
9.924285e-02,1.200428e-02,3.891067e-02,1.202238e-01,9.075901e-02,6.254896e-02
5.847962e-03,3.603257e-02,8.213664e-05,3.996139e-03,2.855297e-02,5.749778e-05
