# rmse alpha/u,rmse phic/h,rmse h/r,spread alpha/u,spread phic/h,spread h/r
9.924285e-02,1.200428e-02,3.891067e-02,1.202238e-01,9.075901e-02,6.254896e-02
3.389060e-03,2.108194e-02,5.186183e-05,3.082398e-03,2.145977e-02,4.583785e-05
