# rmse alpha/u,rmse phic/h,rmse h/r,spread alpha/u,spread phic/h,spread h/r
1.104862e-01,1.553502e-01,1.777440e-01,1.927996e-01,2.373932e-01,2.334187e-01
4.365567e-03,3.631034e-02,3.354819e-05,2.160760e-03,1.561556e-02,3.136262e-05
