# rmse alpha/u,rmse phic/h,rmse h/r,spread alpha/u,spread phic/h,spread h/r
1.104862e-01,1.553502e-01,1.777440e-01,1.927996e-01,2.373932e-01,2.334187e-01
4.751728e-03,3.114934e-02,3.169046e-05,3.164442e-03,2.276857e-02,2.868622e-05
