# rmse alpha/u,rmse phic/h,rmse h/r,spread alpha/u,spread phic/h,spread h/r
1.104862e-01,1.553502e-01,1.777440e-01,1.927996e-01,2.373932e-01,2.334187e-01
3.698735e-03,2.448554e-02,2.719460e-05,2.838579e-03,2.136981e-02,3.104271e-05
