# rmse alpha/u,rmse phic/h,rmse h/r,spread alpha/u,spread phic/h,spread h/r
1.104862e-01,1.553502e-01,1.777440e-01,1.927996e-01,2.373932e-01,2.334187e-01
3.313339e-03,2.357349e-02,2.754915e-05,2.373404e-03,1.794179e-02,2.924007e-05
