# rmse alpha/u,rmse phic/h,rmse h/r,spread alpha/u,spread phic/h,spread h/r
1.104862e-01,1.553502e-01,1.777440e-01,1.927996e-01,2.373932e-01,2.334187e-01
4.135812e-03,2.401519e-02,3.019410e-05,2.027195e-03,1.396213e-02,3.012210e-05
