# rmse alpha/u,rmse phic/h,rmse h/r,spread alpha/u,spread phic/h,spread h/r
8.465168e-03,6.153758e-04,2.932451e-02,1.206444e-01,8.362548e-02,6.922485e-02
2.440849e-03,1.575226e-02,3.365084e-05,1.517953e-03,1.095289e-02,4.735138e-05
