# rmse alpha/u,rmse phic/h,rmse h/r,spread alpha/u,spread phic/h,spread h/r
8.465168e-03,6.153758e-04,2.932451e-02,1.206444e-01,8.362548e-02,6.922485e-02
3.579310e-03,1.734625e-02,3.025018e-05,1.329283e-03,9.554654e-03,4.520569e-05
