# rmse alpha/u,rmse phic/h,rmse h/r,spread alpha/u,spread phic/h,spread h/r
8.465168e-03,6.153758e-04,2.932451e-02,1.206444e-01,8.362548e-02,6.922485e-02
2.386658e-03,1.369159e-02,2.734019e-05,1.094495e-03,8.004250e-03,4.507804e-05
