# rmse alpha/u,rmse phic/h,rmse h/r,spread alpha/u,spread phic/h,spread h/r
1.150455e-01,4.604386e-02,8.325302e-04,2.007018e-01,2.348895e-01,2.071683e-01
7.965966e-04,5.493466e-03,1.283414e-04,7.772279e-04,5.808198e-03,1.277198e-05
