# rmse alpha/u,rmse phic/h,rmse h/r,spread alpha/u,spread phic/h,spread h/r
1.150455e-01,4.604386e-02,8.325302e-04,2.007018e-01,2.348895e-01,2.071683e-01
1.026210e-03,7.831260e-03,1.287612e-04,8.891080e-04,6.506924e-03,1.336795e-05
