# rmse alpha/u,rmse phic/h,rmse h/r,spread alpha/u,spread phic/h,spread h/r
1.150455e-01,4.604386e-02,8.325302e-04,2.007018e-01,2.348895e-01,2.071683e-01
8.618787e-04,6.789949e-03,1.294070e-04,8.560020e-04,6.740245e-03,1.700418e-05
