# rmse alpha/u,rmse phic/h,rmse h/r,spread alpha/u,spread phic/h,spread h/r
1.150455e-01,4.604386e-02,8.325302e-04,2.007018e-01,2.348895e-01,2.071683e-01
8.633169e-04,8.032685e-03,1.383947e-04,9.236444e-04,7.037505e-03,1.781082e-05
