# rmse alpha/u,rmse phic/h,rmse h/r,spread alpha/u,spread phic/h,spread h/r
1.150455e-01,4.604386e-02,8.325302e-04,2.007018e-01,2.348895e-01,2.071683e-01
1.958060e-03,9.022917e-03,1.384184e-04,8.826440e-04,6.425247e-03,1.683824e-05
