# rmse alpha/u,rmse phic/h,rmse h/r,spread alpha/u,spread phic/h,spread h/r
1.150455e-01,4.604386e-02,8.325302e-04,2.007018e-01,2.348895e-01,2.071683e-01
8.464830e-04,6.650253e-03,1.300532e-04,8.329179e-04,6.372643e-03,2.072147e-05
