# rmse alpha/u,rmse phic/h,rmse h/r,spread alpha/u,spread phic/h,spread h/r
1.150455e-01,4.604386e-02,8.325302e-04,2.007018e-01,2.348895e-01,2.071683e-01
8.278836e-04,6.035892e-03,1.290705e-04,8.161470e-04,6.219978e-03,1.981232e-05
