# rmse alpha/u,rmse phic/h,rmse h/r,spread alpha/u,spread phic/h,spread h/r
1.150455e-01,4.604386e-02,8.325302e-04,2.007018e-01,2.348895e-01,2.071683e-01
8.491634e-04,6.084774e-03,1.283301e-04,8.144055e-04,6.240676e-03,2.009283e-05
