# rmse alpha/u,rmse phic/h,rmse h/r,spread alpha/u,spread phic/h,spread h/r
4.525905e-01,1.084062e-01,4.516891e-01,1.475959e-01,2.227898e-01,1.507363e-01
3.866365e-03,2.624622e-02,5.849392e-05,3.086713e-03,1.963578e-02,3.217705e-05
