# rmse alpha/u,rmse phic/h,rmse h/r,spread alpha/u,spread phic/h,spread h/r
4.525905e-01,1.084062e-01,4.516891e-01,1.475959e-01,2.227898e-01,1.507363e-01
3.556353e-03,2.913887e-02,4.404619e-05,2.422761e-03,1.783135e-02,3.275599e-05
