# rmse alpha/u,rmse phic/h,rmse h/r,spread alpha/u,spread phic/h,spread h/r
2.328184e-01,2.650764e-01,2.044258e-01,1.795250e-01,2.190449e-01,1.813643e-01
7.961524e-04,6.270435e-03,2.118847e-05,8.207844e-04,6.522729e-03,4.155681e-05
