# rmse alpha/u,rmse phic/h,rmse h/r,spread alpha/u,spread phic/h,spread h/r
2.328184e-01,2.650764e-01,2.044258e-01,1.795250e-01,2.190449e-01,1.813643e-01
8.385254e-04,6.681121e-03,2.308584e-05,8.393904e-04,6.642868e-03,4.243786e-05
