# rmse alpha/u,rmse phic/h,rmse h/r,spread alpha/u,spread phic/h,spread h/r
2.328184e-01,2.650764e-01,2.044258e-01,1.795250e-01,2.190449e-01,1.813643e-01
8.072989e-04,6.208569e-03,2.075981e-05,8.026850e-04,6.331671e-03,4.262930e-05
