# rmse alpha/u,rmse phic/h,rmse h/r,spread alpha/u,spread phic/h,spread h/r
2.328184e-01,2.650764e-01,2.044258e-01,1.795250e-01,2.190449e-01,1.813643e-01
8.753461e-04,6.976558e-03,2.680379e-05,8.742298e-04,7.006848e-03,4.772992e-05
