# rmse alpha/u,rmse phic/h,rmse h/r,spread alpha/u,spread phic/h,spread h/r
2.328184e-01,2.650764e-01,2.044258e-01,1.795250e-01,2.190449e-01,1.813643e-01
8.163083e-04,6.105791e-03,1.938986e-05,8.144126e-04,6.168847e-03,4.300171e-05
