# rmse alpha/u,rmse phic/h,rmse h/r,spread alpha/u,spread phic/h,spread h/r
2.328184e-01,2.650764e-01,2.044258e-01,1.795250e-01,2.190449e-01,1.813643e-01
8.319706e-04,6.069087e-03,2.646826e-05,8.378405e-04,6.440167e-03,4.428229e-05
