# rmse alpha/u,rmse phic/h,rmse h/r,spread alpha/u,spread phic/h,spread h/r
2.328184e-01,2.650764e-01,2.044258e-01,1.795250e-01,2.190449e-01,1.813643e-01
8.871330e-04,7.094236e-03,2.942910e-05,8.808898e-04,7.046889e-03,4.677165e-05
