# rmse alpha/u,rmse phic/h,rmse h/r,spread alpha/u,spread phic/h,spread h/r
4.926123e-02,1.964043e-02,2.511106e-01,2.011122e-01,2.284813e-01,1.938860e-01
1.273644e-03,9.752539e-03,8.134762e-05,8.008372e-04,6.007971e-03,1.235906e-05
