# rmse alpha/u,rmse phic/h,rmse h/r,spread alpha/u,spread phic/h,spread h/r
4.926123e-02,1.964043e-02,2.511106e-01,2.011122e-01,2.284813e-01,1.938860e-01
2.818473e-03,1.856453e-02,7.770257e-05,1.044399e-03,7.142382e-03,9.222094e-06
