# rmse alpha/u,rmse phic/h,rmse h/r,spread alpha/u,spread phic/h,spread h/r
4.926123e-02,1.964043e-02,2.511106e-01,2.011122e-01,2.284813e-01,1.938860e-01
1.837975e-03,1.008514e-02,9.583937e-05,1.013791e-03,7.247853e-03,1.363400e-05
