# rmse alpha/u,rmse phic/h,rmse h/r,spread alpha/u,spread phic/h,spread h/r
4.926123e-02,1.964043e-02,2.511106e-01,2.011122e-01,2.284813e-01,1.938860e-01
9.708811e-04,7.480490e-03,7.924612e-05,9.171045e-04,6.470592e-03,1.278327e-05
