# rmse alpha/u,rmse phic/h,rmse h/r,spread alpha/u,spread phic/h,spread h/r
4.926123e-02,1.964043e-02,2.511106e-01,2.011122e-01,2.284813e-01,1.938860e-01
2.116960e-03,1.347107e-02,8.976651e-05,1.151120e-03,8.335572e-03,1.461335e-05
