# rmse alpha/u,rmse phic/h,rmse h/r,spread alpha/u,spread phic/h,spread h/r
2.769435e-01,4.139803e-01,4.853120e-01,1.402536e-01,2.207597e-01,2.039123e-01
5.365987e-03,3.978850e-02,3.560867e-05,3.008929e-03,2.447071e-02,3.339315e-05
