# rmse alpha/u,rmse phic/h,rmse h/r,spread alpha/u,spread phic/h,spread h/r
2.769435e-01,4.139803e-01,4.853120e-01,1.402536e-01,2.207597e-01,2.039123e-01
5.014673e-03,3.514065e-02,3.799527e-05,3.810575e-03,3.002777e-02,3.570906e-05
