# rmse alpha/u,rmse phic/h,rmse h/r,spread alpha/u,spread phic/h,spread h/r
2.769435e-01,4.139803e-01,4.853120e-01,1.402536e-01,2.207597e-01,2.039123e-01
2.480594e-03,2.145439e-02,2.774442e-05,2.699632e-03,2.015196e-02,3.026715e-05
