# rmse alpha/u,rmse phic/h,rmse h/r,spread alpha/u,spread phic/h,spread h/r
1.509028e-01,1.190968e-03,3.276822e-01,2.003257e-01,1.978003e-01,1.815101e-01
4.074603e-03,2.806254e-02,8.923279e-05,4.111205e-03,2.988882e-02,5.691287e-05
