# rmse alpha/u,rmse phic/h,rmse h/r,spread alpha/u,spread phic/h,spread h/r
1.509028e-01,1.190968e-03,3.276822e-01,2.003257e-01,1.978003e-01,1.815101e-01
4.499294e-03,3.738510e-02,9.227183e-05,4.536289e-03,3.525865e-02,6.859298e-05
