# rmse alpha/u,rmse phic/h,rmse h/r,spread alpha/u,spread phic/h,spread h/r
1.509028e-01,1.190968e-03,3.276822e-01,2.003257e-01,1.978003e-01,1.815101e-01
4.890912e-03,3.157133e-02,9.593359e-05,4.081626e-03,3.158484e-02,6.400679e-05
