# rmse alpha/u,rmse phic/h,rmse h/r,spread alpha/u,spread phic/h,spread h/r
1.509028e-01,1.190968e-03,3.276822e-01,2.003257e-01,1.978003e-01,1.815101e-01
4.964260e-03,3.056777e-02,7.560871e-05,3.896463e-03,2.794747e-02,5.656208e-05
