# rmse alpha/u,rmse phic/h,rmse h/r,spread alpha/u,spread phic/h,spread h/r
1.509028e-01,1.190968e-03,3.276822e-01,2.003257e-01,1.978003e-01,1.815101e-01
5.042794e-03,4.105023e-02,1.045189e-04,4.216094e-03,3.074489e-02,6.297591e-05
