# rmse alpha/u,rmse phic/h,rmse h/r,spread alpha/u,spread phic/h,spread h/r
1.509028e-01,1.190968e-03,3.276822e-01,2.003257e-01,1.978003e-01,1.815101e-01
4.256024e-03,2.747188e-02,8.548004e-05,3.673346e-03,2.576225e-02,5.923106e-05
