# rmse alpha/u,rmse phic/h,rmse h/r,spread alpha/u,spread phic/h,spread h/r
1.626065e-01,2.257390e-01,1.720590e-01,1.365009e-01,2.056984e-01,1.580122e-01
8.468865e-04,6.484692e-03,7.106509e-05,8.093283e-04,6.314165e-03,2.813688e-05
