# rmse alpha/u,rmse phic/h,rmse h/r,spread alpha/u,spread phic/h,spread h/r
1.626065e-01,2.257390e-01,1.720590e-01,1.365009e-01,2.056984e-01,1.580122e-01
8.459156e-04,8.770384e-03,8.753752e-05,8.163204e-04,6.401082e-03,3.179888e-05
