# rmse alpha/u,rmse phic/h,rmse h/r,spread alpha/u,spread phic/h,spread h/r
1.626065e-01,2.257390e-01,1.720590e-01,1.365009e-01,2.056984e-01,1.580122e-01
9.500220e-04,8.141339e-03,8.813836e-05,8.244158e-04,6.439037e-03,3.158438e-05
