# rmse alpha/u,rmse phic/h,rmse h/r,spread alpha/u,spread phic/h,spread h/r
3.852722e-02,2.337899e-03,2.890596e-03,1.421703e-01,4.884142e-02,8.803736e-02
5.318282e-03,3.698440e-02,4.588588e-05,3.049691e-03,2.097530e-02,2.720200e-05
