# rmse alpha/u,rmse phic/h,rmse h/r,spread alpha/u,spread phic/h,spread h/r
3.852722e-02,2.337899e-03,2.890596e-03,1.421703e-01,4.884142e-02,8.803736e-02
3.990041e-03,2.742500e-02,4.067722e-05,2.510559e-03,1.888001e-02,2.966006e-05
