# rmse alpha/u,rmse phic/h,rmse h/r,spread alpha/u,spread phic/h,spread h/r
3.852722e-02,2.337899e-03,2.890596e-03,1.421703e-01,4.884142e-02,8.803736e-02
4.689952e-03,3.051487e-02,5.035078e-05,2.277192e-03,1.544035e-02,2.336086e-05
