# rmse alpha/u,rmse phic/h,rmse h/r,spread alpha/u,spread phic/h,spread h/r
2.967815e-02,2.652711e-01,5.081828e-01,1.724500e-01,2.357833e-01,1.626367e-01
4.714166e-03,3.578550e-02,1.611229e-05,3.015410e-03,2.146659e-02,7.842233e-06
