# rmse alpha/u,rmse phic/h,rmse h/r,spread alpha/u,spread phic/h,spread h/r
3.784724e-01,2.338602e-01,2.218830e-01,1.990761e-01,1.946838e-01,1.986969e-01
4.093102e-03,2.729608e-02,4.965924e-05,3.708644e-03,2.845529e-02,5.087635e-05
