# rmse alpha/u,rmse phic/h,rmse h/r,spread alpha/u,spread phic/h,spread h/r
3.784724e-01,2.338602e-01,2.218830e-01,1.990761e-01,1.946838e-01,1.986969e-01
4.287456e-03,2.913970e-02,5.344653e-05,3.125687e-03,2.273016e-02,5.236382e-05
