# rmse alpha/u,rmse phic/h,rmse h/r,spread alpha/u,spread phic/h,spread h/r
3.784724e-01,2.338602e-01,2.218830e-01,1.990761e-01,1.946838e-01,1.986969e-01
5.113737e-03,3.364017e-02,5.145415e-05,3.530836e-03,2.660953e-02,5.304430e-05
