# rmse alpha/u,rmse phic/h,rmse h/r,spread alpha/u,spread phic/h,spread h/r
1.121524e-01,1.943390e-05,1.842239e-02,2.178019e-01,1.997102e-01,1.533221e-01
5.226307e-03,3.293492e-02,4.304004e-05,3.705001e-03,2.720313e-02,2.895479e-05
