# rmse alpha/u,rmse phic/h,rmse h/r,spread alpha/u,spread phic/h,spread h/r
1.121524e-01,1.943390e-05,1.842239e-02,2.178019e-01,1.997102e-01,1.533221e-01
3.498413e-03,2.491851e-02,3.616661e-05,2.640554e-03,1.936808e-02,3.099700e-05
