# rmse alpha/u,rmse phic/h,rmse h/r,spread alpha/u,spread phic/h,spread h/r
1.121524e-01,1.943390e-05,1.842239e-02,2.178019e-01,1.997102e-01,1.533221e-01
5.169868e-03,3.254872e-02,4.938366e-05,3.155426e-03,2.471536e-02,3.214841e-05
