# rmse alpha/u,rmse phic/h,rmse h/r,spread alpha/u,spread phic/h,spread h/r
1.121524e-01,1.943390e-05,1.842239e-02,2.178019e-01,1.997102e-01,1.533221e-01
5.600729e-03,2.858473e-02,2.922811e-05,2.326553e-03,1.622451e-02,2.242717e-05
