# rmse alpha/u,rmse phic/h,rmse h/r,spread alpha/u,spread phic/h,spread h/r
1.121524e-01,1.943390e-05,1.842239e-02,2.178019e-01,1.997102e-01,1.533221e-01
6.546064e-03,3.551695e-02,3.573199e-05,4.059739e-03,2.987776e-02,2.921906e-05
