# rmse alpha/u,rmse phic/h,rmse h/r,spread alpha/u,spread phic/h,spread h/r
2.004422e-01,2.477136e-02,8.174915e-02,1.969593e-01,1.699969e-01,1.470455e-01
4.913097e-03,2.856236e-02,5.507327e-05,2.969414e-03,2.092802e-02,3.630317e-05
