# rmse alpha/u,rmse phic/h,rmse h/r,spread alpha/u,spread phic/h,spread h/r
2.004422e-01,2.477136e-02,8.174915e-02,1.969593e-01,1.699969e-01,1.470455e-01
4.049844e-03,2.653169e-02,4.887929e-05,2.952177e-03,2.102009e-02,3.579208e-05
