# rmse alpha/u,rmse phic/h,rmse h/r,spread alpha/u,spread phic/h,spread h/r
2.004422e-01,2.477136e-02,8.174915e-02,1.969593e-01,1.699969e-01,1.470455e-01
4.158863e-03,2.477653e-02,4.182891e-05,2.606070e-03,1.925782e-02,2.962532e-05
