# rmse alpha/u,rmse phic/h,rmse h/r,spread alpha/u,spread phic/h,spread h/r
8.489929e-03,4.625052e-04,2.110911e-04,1.286460e-01,2.369708e-01,1.683449e-01
8.272952e-04,6.464231e-03,1.766730e-05,8.253052e-04,6.558770e-03,4.813745e-05
