# rmse alpha/u,rmse phic/h,rmse h/r,spread alpha/u,spread phic/h,spread h/r
8.489929e-03,4.625052e-04,2.110911e-04,1.286460e-01,2.369708e-01,1.683449e-01
9.011376e-04,6.741267e-03,2.110912e-05,8.567328e-04,6.704333e-03,4.996262e-05
