# rmse alpha/u,rmse phic/h,rmse h/r,spread alpha/u,spread phic/h,spread h/r
8.489929e-03,4.625052e-04,2.110911e-04,1.286460e-01,2.369708e-01,1.683449e-01
7.911125e-04,6.034424e-03,1.900571e-05,7.943982e-04,6.152325e-03,4.719165e-05
