# rmse alpha/u,rmse phic/h,rmse h/r,spread alpha/u,spread phic/h,spread h/r
8.489929e-03,4.625052e-04,2.110911e-04,1.286460e-01,2.369708e-01,1.683449e-01
8.609294e-04,6.568104e-03,2.325623e-05,8.304531e-04,6.747093e-03,4.914034e-05
