# rmse alpha/u,rmse phic/h,rmse h/r,spread alpha/u,spread phic/h,spread h/r
4.431208e-02,2.175504e-04,3.516367e-03,2.014004e-01,1.901024e-01,2.022253e-01
2.600689e-03,1.634531e-02,5.946599e-05,1.922489e-03,1.341229e-02,5.265193e-05
