# rmse alpha/u,rmse phic/h,rmse h/r,spread alpha/u,spread phic/h,spread h/r
4.431208e-02,2.175504e-04,3.516367e-03,2.014004e-01,1.901024e-01,2.022253e-01
2.707547e-03,2.066387e-02,5.874809e-05,1.997370e-03,1.487470e-02,5.752190e-05
