# rmse alpha/u,rmse phic/h,rmse h/r,spread alpha/u,spread phic/h,spread h/r
4.431208e-02,2.175504e-04,3.516367e-03,2.014004e-01,1.901024e-01,2.022253e-01
1.758701e-03,1.574906e-02,4.528761e-05,1.659403e-03,1.168789e-02,5.618479e-05
