# rmse alpha/u,rmse phic/h,rmse h/r,spread alpha/u,spread phic/h,spread h/r
3.293559e-01,5.483630e-02,1.137424e-03,2.064906e-01,1.899857e-01,1.562718e-01
8.857782e-04,6.586977e-03,2.247985e-05,8.464463e-04,6.572913e-03,4.833783e-05
