# rmse alpha/u,rmse phic/h,rmse h/r,spread alpha/u,spread phic/h,spread h/r
3.293559e-01,5.483630e-02,1.137424e-03,2.064906e-01,1.899857e-01,1.562718e-01
8.707885e-04,7.064506e-03,2.289090e-05,8.745997e-04,6.932533e-03,5.056091e-05
