# rmse alpha/u,rmse phic/h,rmse h/r,spread alpha/u,spread phic/h,spread h/r
3.293559e-01,5.483630e-02,1.137424e-03,2.064906e-01,1.899857e-01,1.562718e-01
8.860058e-04,6.815263e-03,2.387220e-05,8.748559e-04,6.965660e-03,5.106403e-05
