# rmse alpha/u,rmse phic/h,rmse h/r,spread alpha/u,spread phic/h,spread h/r
3.293559e-01,5.483630e-02,1.137424e-03,2.064906e-01,1.899857e-01,1.562718e-01
8.525926e-04,6.508473e-03,2.226176e-05,8.517805e-04,6.533577e-03,4.985584e-05
