# rmse alpha/u,rmse phic/h,rmse h/r,spread alpha/u,spread phic/h,spread h/r
3.293559e-01,5.483630e-02,1.137424e-03,2.064906e-01,1.899857e-01,1.562718e-01
8.385883e-04,6.880643e-03,2.362957e-05,8.480219e-04,6.618155e-03,4.904174e-05
