# rmse alpha/u,rmse phic/h,rmse h/r,spread alpha/u,spread phic/h,spread h/r
3.293559e-01,5.483630e-02,1.137424e-03,2.064906e-01,1.899857e-01,1.562718e-01
8.895487e-04,6.712078e-03,2.147912e-05,9.660085e-04,7.092492e-03,4.871614e-05
