# rmse alpha/u,rmse phic/h,rmse h/r,spread alpha/u,spread phic/h,spread h/r
3.591197e-02,1.924309e-02,7.354372e-03,2.007666e-01,2.380345e-01,2.181955e-01
3.926219e-03,2.359721e-02,4.733650e-05,2.452593e-03,1.745574e-02,3.781691e-05
