# rmse alpha/u,rmse phic/h,rmse h/r,spread alpha/u,spread phic/h,spread h/r
2.112408e-01,3.083820e-01,1.651819e-01,2.064906e-01,1.899857e-01,1.562718e-01
1.014147e-03,8.296183e-03,3.086827e-05,8.373758e-04,6.308605e-03,3.704507e-05
