# rmse alpha/u,rmse phic/h,rmse h/r,spread alpha/u,spread phic/h,spread h/r
2.112408e-01,3.083820e-01,1.651819e-01,2.064906e-01,1.899857e-01,1.562718e-01
8.931096e-04,6.677838e-03,2.482301e-05,9.048812e-04,6.919086e-03,4.087535e-05
