# rmse alpha/u,rmse phic/h,rmse h/r,spread alpha/u,spread phic/h,spread h/r
2.112408e-01,3.083820e-01,1.651819e-01,2.064906e-01,1.899857e-01,1.562718e-01
1.155572e-03,7.971493e-03,2.754559e-05,1.009205e-03,7.620033e-03,4.051918e-05
