# rmse alpha/u,rmse phic/h,rmse h/r,spread alpha/u,spread phic/h,spread h/r
2.112408e-01,3.083820e-01,1.651819e-01,2.064906e-01,1.899857e-01,1.562718e-01
8.775283e-04,6.298667e-03,2.380097e-05,9.228553e-04,6.937704e-03,4.112750e-05
