# rmse alpha/u,rmse phic/h,rmse h/r,spread alpha/u,spread phic/h,spread h/r
2.112408e-01,3.083820e-01,1.651819e-01,2.064906e-01,1.899857e-01,1.562718e-01
1.295398e-03,9.133591e-03,2.239932e-05,1.115627e-03,8.046115e-03,4.049409e-05
