# rmse alpha/u,rmse phic/h,rmse h/r,spread alpha/u,spread phic/h,spread h/r
4.880047e-02,4.600782e-02,1.773331e-01,2.011122e-01,2.284813e-01,1.938860e-01
1.174949e-03,1.028422e-02,4.737889e-05,7.720420e-04,5.954354e-03,2.428789e-05
