# rmse alpha/u,rmse phic/h,rmse h/r,spread alpha/u,spread phic/h,spread h/r
4.880047e-02,4.600782e-02,1.773331e-01,2.011122e-01,2.284813e-01,1.938860e-01
8.820596e-04,8.440441e-03,5.906481e-05,7.847422e-04,6.084327e-03,2.651241e-05
