# rmse alpha/u,rmse phic/h,rmse h/r,spread alpha/u,spread phic/h,spread h/r
4.880047e-02,4.600782e-02,1.773331e-01,2.011122e-01,2.284813e-01,1.938860e-01
8.436286e-04,7.228864e-03,5.675288e-05,7.440203e-04,5.608898e-03,2.387768e-05
