# rmse alpha/u,rmse phic/h,rmse h/r,spread alpha/u,spread phic/h,spread h/r
1.103864e-01,4.768910e-02,8.788047e-02,2.007018e-01,2.348895e-01,2.071683e-01
4.796523e-03,2.886235e-02,5.356569e-05,3.935075e-03,3.095475e-02,5.363762e-05
