# rmse alpha/u,rmse phic/h,rmse h/r,spread alpha/u,spread phic/h,spread h/r
1.103864e-01,4.768910e-02,8.788047e-02,2.007018e-01,2.348895e-01,2.071683e-01
5.122837e-03,3.680398e-02,6.069316e-05,4.268057e-03,3.273885e-02,5.863152e-05
