# rmse alpha/u,rmse phic/h,rmse h/r,spread alpha/u,spread phic/h,spread h/r
1.103864e-01,4.768910e-02,8.788047e-02,2.007018e-01,2.348895e-01,2.071683e-01
5.327266e-03,3.806903e-02,5.117501e-05,4.088227e-03,3.154916e-02,4.842135e-05
