# rmse alpha/u,rmse phic/h,rmse h/r,spread alpha/u,spread phic/h,spread h/r
1.838681e-01,9.192650e-02,7.540501e-02,1.118691e-01,9.014802e-02,6.705593e-02
3.473824e-03,1.606969e-02,4.402778e-05,1.814305e-03,1.153652e-02,3.002438e-05
