# rmse alpha/u,rmse phic/h,rmse h/r,spread alpha/u,spread phic/h,spread h/r
1.838681e-01,9.192650e-02,7.540501e-02,1.118691e-01,9.014802e-02,6.705593e-02
2.963697e-03,1.294491e-02,4.263837e-05,1.425145e-03,9.795638e-03,2.796252e-05
