# rmse alpha/u,rmse phic/h,rmse h/r,spread alpha/u,spread phic/h,spread h/r
1.838681e-01,9.192650e-02,7.540501e-02,1.118691e-01,9.014802e-02,6.705593e-02
2.266561e-03,1.200603e-02,3.863439e-05,1.754538e-03,1.145424e-02,2.429384e-05
