# rmse alpha/u,rmse phic/h,rmse h/r,spread alpha/u,spread phic/h,spread h/r
1.838681e-01,9.192650e-02,7.540501e-02,1.118691e-01,9.014802e-02,6.705593e-02
3.608711e-03,2.522715e-02,4.967431e-05,2.571516e-03,1.851659e-02,3.704920e-05
