# rmse alpha/u,rmse phic/h,rmse h/r,spread alpha/u,spread phic/h,spread h/r
1.491719e-01,4.054193e-01,2.609249e-01,1.252033e-01,2.157036e-01,2.323844e-01
8.835032e-04,1.178970e-02,3.200013e-05,8.003707e-04,6.253522e-03,2.713712e-05
