# rmse alpha/u,rmse phic/h,rmse h/r,spread alpha/u,spread phic/h,spread h/r
1.491719e-01,4.054193e-01,2.609249e-01,1.252033e-01,2.157036e-01,2.323844e-01
8.272592e-04,6.579841e-03,2.986197e-05,7.807322e-04,6.103563e-03,2.718693e-05
