# rmse alpha/u,rmse phic/h,rmse h/r,spread alpha/u,spread phic/h,spread h/r
1.491719e-01,4.054193e-01,2.609249e-01,1.252033e-01,2.157036e-01,2.323844e-01
7.670739e-04,5.970818e-03,2.285592e-05,7.313943e-04,5.884752e-03,2.451344e-05
