# rmse alpha/u,rmse phic/h,rmse h/r,spread alpha/u,spread phic/h,spread h/r
3.764032e-02,1.382187e-02,3.242284e-02,1.958685e-01,2.340364e-01,1.900882e-01
4.875184e-03,3.293363e-02,4.754347e-05,4.026994e-03,3.112921e-02,4.970505e-05
