# rmse alpha/u,rmse phic/h,rmse h/r,spread alpha/u,spread phic/h,spread h/r
3.764032e-02,1.382187e-02,3.242284e-02,1.958685e-01,2.340364e-01,1.900882e-01
4.897836e-03,3.859060e-02,4.511014e-05,4.024782e-03,3.294860e-02,4.950230e-05
