# rmse alpha/u,rmse phic/h,rmse h/r,spread alpha/u,spread phic/h,spread h/r
3.764032e-02,1.382187e-02,3.242284e-02,1.958685e-01,2.340364e-01,1.900882e-01
4.220214e-03,3.753182e-02,5.008079e-05,4.089158e-03,3.201390e-02,4.453304e-05
