# rmse alpha/u,rmse phic/h,rmse h/r,spread alpha/u,spread phic/h,spread h/r
3.764032e-02,1.382187e-02,3.242284e-02,1.958685e-01,2.340364e-01,1.900882e-01
4.499013e-03,3.290088e-02,4.979745e-05,4.091527e-03,3.192151e-02,4.357356e-05
