# rmse alpha/u,rmse phic/h,rmse h/r,spread alpha/u,spread phic/h,spread h/r
3.764032e-02,1.382187e-02,3.242284e-02,1.958685e-01,2.340364e-01,1.900882e-01
4.006264e-03,2.728323e-02,3.781527e-05,3.780423e-03,2.691602e-02,3.775758e-05
