# rmse alpha/u,rmse phic/h,rmse h/r,spread alpha/u,spread phic/h,spread h/r
1.062818e-02,2.412453e-02,2.710171e-02,7.493785e-02,9.559883e-02,7.857003e-02
8.050852e-04,6.161300e-03,1.857746e-05,8.349908e-04,6.494796e-03,4.428890e-05
