# rmse alpha/u,rmse phic/h,rmse h/r,spread alpha/u,spread phic/h,spread h/r
1.062818e-02,2.412453e-02,2.710171e-02,7.493785e-02,9.559883e-02,7.857003e-02
8.290606e-04,6.778513e-03,1.953820e-05,8.725376e-04,6.813158e-03,4.634297e-05
