# rmse alpha/u,rmse phic/h,rmse h/r,spread alpha/u,spread phic/h,spread h/r
1.062818e-02,2.412453e-02,2.710171e-02,7.493785e-02,9.559883e-02,7.857003e-02
8.287795e-04,6.665363e-03,1.939935e-05,8.358032e-04,6.657239e-03,4.631091e-05
