# rmse alpha/u,rmse phic/h,rmse h/r,spread alpha/u,spread phic/h,spread h/r
1.062818e-02,2.412453e-02,2.710171e-02,7.493785e-02,9.559883e-02,7.857003e-02
8.982266e-04,6.483469e-03,2.097927e-05,8.631503e-04,6.908925e-03,4.796718e-05
