# rmse alpha/u,rmse phic/h,rmse h/r,spread alpha/u,spread phic/h,spread h/r
1.062818e-02,2.412453e-02,2.710171e-02,7.493785e-02,9.559883e-02,7.857003e-02
8.692202e-04,6.669638e-03,2.077566e-05,8.756671e-04,6.854253e-03,4.605531e-05
