# rmse alpha/u,rmse phic/h,rmse h/r,spread alpha/u,spread phic/h,spread h/r
1.062818e-02,2.412453e-02,2.710171e-02,7.493785e-02,9.559883e-02,7.857003e-02
8.499162e-04,6.866603e-03,2.184934e-05,8.418483e-04,6.702556e-03,4.683640e-05
