# rmse alpha/u,rmse phic/h,rmse h/r,spread alpha/u,spread phic/h,spread h/r
4.505529e-02,3.448609e-01,4.932363e-01,1.498822e-01,1.993221e-01,1.602325e-01
5.549893e-03,4.150882e-02,3.241285e-05,3.486999e-03,2.685000e-02,2.202620e-05
