# rmse alpha/u,rmse phic/h,rmse h/r,spread alpha/u,spread phic/h,spread h/r
4.505529e-02,3.448609e-01,4.932363e-01,1.498822e-01,1.993221e-01,1.602325e-01
4.640842e-03,3.344876e-02,3.162105e-05,3.662372e-03,2.675942e-02,2.036150e-05
