# rmse alpha/u,rmse phic/h,rmse h/r,spread alpha/u,spread phic/h,spread h/r
4.505529e-02,3.448609e-01,4.932363e-01,1.498822e-01,1.993221e-01,1.602325e-01
5.692538e-03,4.005601e-02,2.635951e-05,3.951167e-03,3.099005e-02,2.236191e-05
