# rmse alpha/u,rmse phic/h,rmse h/r,spread alpha/u,spread phic/h,spread h/r
4.505529e-02,3.448609e-01,4.932363e-01,1.498822e-01,1.993221e-01,1.602325e-01
4.738510e-03,2.870301e-02,2.275755e-05,4.014464e-03,3.177768e-02,2.136437e-05
