# rmse alpha/u,rmse phic/h,rmse h/r,spread alpha/u,spread phic/h,spread h/r
3.131927e-01,3.062881e-01,2.184269e-01,1.845160e-01,1.999864e-01,1.808796e-01
2.530958e-03,1.458220e-02,2.535748e-05,1.699930e-03,1.161269e-02,3.624518e-05
