# rmse alpha/u,rmse phic/h,rmse h/r,spread alpha/u,spread phic/h,spread h/r
3.131927e-01,3.062881e-01,2.184269e-01,1.845160e-01,1.999864e-01,1.808796e-01
2.815877e-03,1.340808e-02,3.144129e-05,1.323075e-03,9.492359e-03,3.771055e-05
