# rmse alpha/u,rmse phic/h,rmse h/r,spread alpha/u,spread phic/h,spread h/r
3.131927e-01,3.062881e-01,2.184269e-01,1.845160e-01,1.999864e-01,1.808796e-01
1.887171e-03,1.123232e-02,3.833551e-05,1.437138e-03,1.028578e-02,3.915115e-05
