# rmse alpha/u,rmse phic/h,rmse h/r,spread alpha/u,spread phic/h,spread h/r
3.131927e-01,3.062881e-01,2.184269e-01,1.845160e-01,1.999864e-01,1.808796e-01
2.149554e-03,1.630995e-02,4.715107e-05,1.911858e-03,1.352610e-02,4.432798e-05
