# rmse alpha/u,rmse phic/h,rmse h/r,spread alpha/u,spread phic/h,spread h/r
3.131927e-01,3.062881e-01,2.184269e-01,1.845160e-01,1.999864e-01,1.808796e-01
1.223094e-03,7.719014e-03,2.121830e-05,9.933303e-04,7.323030e-03,3.319952e-05
