# rmse alpha/u,rmse phic/h,rmse h/r,spread alpha/u,spread phic/h,spread h/r
3.131927e-01,3.062881e-01,2.184269e-01,1.845160e-01,1.999864e-01,1.808796e-01
2.482503e-03,1.809149e-02,2.796239e-05,1.898684e-03,1.303314e-02,3.838669e-05
