# rmse alpha/u,rmse phic/h,rmse h/r,spread alpha/u,spread phic/h,spread h/r
1.401811e-01,1.120161e-01,7.957496e-02,1.192498e-01,1.002765e-01,7.377177e-02
2.244941e-03,2.064742e-02,5.017030e-05,1.968373e-03,1.392773e-02,4.363223e-05
