# rmse alpha/u,rmse phic/h,rmse h/r,spread alpha/u,spread phic/h,spread h/r
1.401811e-01,1.120161e-01,7.957496e-02,1.192498e-01,1.002765e-01,7.377177e-02
5.260207e-03,3.290424e-02,5.403636e-05,2.280786e-03,1.605854e-02,4.774839e-05
