# rmse alpha/u,rmse phic/h,rmse h/r,spread alpha/u,spread phic/h,spread h/r
1.401811e-01,1.120161e-01,7.957496e-02,1.192498e-01,1.002765e-01,7.377177e-02
3.724929e-03,2.937674e-02,5.561563e-05,1.808839e-03,1.344395e-02,4.772363e-05
