# rmse alpha/u,rmse phic/h,rmse h/r,spread alpha/u,spread phic/h,spread h/r
1.401811e-01,1.120161e-01,7.957496e-02,1.192498e-01,1.002765e-01,7.377177e-02
2.796248e-03,2.045712e-02,5.075652e-05,2.195312e-03,1.577016e-02,4.664008e-05
