# rmse alpha/u,rmse phic/h,rmse h/r,spread alpha/u,spread phic/h,spread h/r
1.401811e-01,1.120161e-01,7.957496e-02,1.192498e-01,1.002765e-01,7.377177e-02
3.604436e-03,2.521685e-02,5.537531e-05,2.042455e-03,1.387287e-02,4.635557e-05
