# rmse alpha/u,rmse phic/h,rmse h/r,spread alpha/u,spread phic/h,spread h/r
9.718961e-02,1.268524e-04,5.531998e-03,1.422871e-01,9.719001e-02,1.030986e-01
4.399606e-03,3.200245e-02,4.264715e-05,2.892996e-03,2.215932e-02,3.514537e-05
