# rmse alpha/u,rmse phic/h,rmse h/r,spread alpha/u,spread phic/h,spread h/r
9.718961e-02,1.268524e-04,5.531998e-03,1.422871e-01,9.719001e-02,1.030986e-01
5.374272e-03,3.496417e-02,5.567578e-05,3.890993e-03,2.963110e-02,4.757130e-05
