# rmse alpha/u,rmse phic/h,rmse h/r,spread alpha/u,spread phic/h,spread h/r
9.718961e-02,1.268524e-04,5.531998e-03,1.422871e-01,9.719001e-02,1.030986e-01
2.881861e-03,1.675265e-02,3.909748e-05,2.252206e-03,1.486963e-02,3.240262e-05
