# rmse alpha/u,rmse phic/h,rmse h/r,spread alpha/u,spread phic/h,spread h/r
9.718961e-02,1.268524e-04,5.531998e-03,1.422871e-01,9.719001e-02,1.030986e-01
4.577765e-03,3.026198e-02,4.611499e-05,2.688838e-03,1.774733e-02,3.636928e-05
