# rmse alpha/u,rmse phic/h,rmse h/r,spread alpha/u,spread phic/h,spread h/r
1.293189e-01,1.538769e-01,8.668650e-02,2.064906e-01,1.899857e-01,1.562718e-01
1.707492e-03,1.011172e-02,2.445083e-05,1.043421e-03,7.818453e-03,4.293542e-05
