# rmse alpha/u,rmse phic/h,rmse h/r,spread alpha/u,spread phic/h,spread h/r
1.293189e-01,1.538769e-01,8.668650e-02,2.064906e-01,1.899857e-01,1.562718e-01
9.384059e-04,6.748025e-03,1.899953e-05,9.000415e-04,6.950777e-03,4.101382e-05
