# rmse alpha/u,rmse phic/h,rmse h/r,spread alpha/u,spread phic/h,spread h/r
1.293189e-01,1.538769e-01,8.668650e-02,2.064906e-01,1.899857e-01,1.562718e-01
1.898004e-03,9.469691e-03,2.211029e-05,1.102596e-03,8.093481e-03,4.433920e-05
