# rmse alpha/u,rmse phic/h,rmse h/r,spread alpha/u,spread phic/h,spread h/r
1.744734e-02,2.690624e-02,3.306840e-02,2.015448e-01,1.842291e-01,1.982749e-01
3.888020e-03,2.937625e-02,4.725610e-05,2.958819e-03,2.087917e-02,4.661456e-05
