# rmse alpha/u,rmse phic/h,rmse h/r,spread alpha/u,spread phic/h,spread h/r
1.744734e-02,2.690624e-02,3.306840e-02,2.015448e-01,1.842291e-01,1.982749e-01
4.368981e-03,2.424686e-02,5.475339e-05,2.535279e-03,1.848705e-02,4.733054e-05
