# rmse alpha/u,rmse phic/h,rmse h/r,spread alpha/u,spread phic/h,spread h/r
1.744734e-02,2.690624e-02,3.306840e-02,2.015448e-01,1.842291e-01,1.982749e-01
4.300064e-03,2.655990e-02,4.901211e-05,3.096433e-03,2.254740e-02,4.314197e-05
