# rmse alpha/u,rmse phic/h,rmse h/r,spread alpha/u,spread phic/h,spread h/r
1.744734e-02,2.690624e-02,3.306840e-02,2.015448e-01,1.842291e-01,1.982749e-01
3.679001e-03,2.276984e-02,4.286407e-05,2.297186e-03,1.587976e-02,4.076511e-05
