# rmse alpha/u,rmse phic/h,rmse h/r,spread alpha/u,spread phic/h,spread h/r
1.661889e-01,2.992711e-03,3.613550e-04,2.011122e-01,2.284813e-01,1.938860e-01
3.947686e-03,2.402910e-02,3.490256e-05,2.739089e-03,1.743564e-02,1.542911e-05
