# rmse alpha/u,rmse phic/h,rmse h/r,spread alpha/u,spread phic/h,spread h/r
1.661889e-01,2.992711e-03,3.613550e-04,2.011122e-01,2.284813e-01,1.938860e-01
2.435364e-03,1.441463e-02,3.234501e-05,1.959062e-03,1.340561e-02,1.600362e-05
