# rmse alpha/u,rmse phic/h,rmse h/r,spread alpha/u,spread phic/h,spread h/r
1.661889e-01,2.992711e-03,3.613550e-04,2.011122e-01,2.284813e-01,1.938860e-01
4.467533e-03,2.206707e-02,2.524067e-05,2.285506e-03,1.495377e-02,1.708690e-05
