# rmse alpha/u,rmse phic/h,rmse h/r,spread alpha/u,spread phic/h,spread h/r
1.333823e-01,1.541286e-01,2.086932e-01,1.187985e-01,8.823741e-02,8.634273e-02
3.583759e-03,2.110881e-02,6.319482e-05,2.532129e-03,1.786829e-02,3.809834e-05
