# rmse alpha/u,rmse phic/h,rmse h/r,spread alpha/u,spread phic/h,spread h/r
1.333823e-01,1.541286e-01,2.086932e-01,1.187985e-01,8.823741e-02,8.634273e-02
2.651951e-03,1.447119e-02,5.823077e-05,1.773065e-03,1.271333e-02,3.192060e-05
