# rmse alpha/u,rmse phic/h,rmse h/r,spread alpha/u,spread phic/h,spread h/r
1.333823e-01,1.541286e-01,2.086932e-01,1.187985e-01,8.823741e-02,8.634273e-02
3.779144e-03,2.598839e-02,4.558877e-05,2.005646e-03,1.307831e-02,3.356660e-05
