# rmse alpha/u,rmse phic/h,rmse h/r,spread alpha/u,spread phic/h,spread h/r
1.183923e-01,1.657956e-02,9.858076e-02,2.104290e-01,1.784998e-01,2.088715e-01
2.796809e-03,1.718232e-02,6.933488e-05,2.603167e-03,1.850825e-02,4.197705e-05
