# rmse alpha/u,rmse phic/h,rmse h/r,spread alpha/u,spread phic/h,spread h/r
1.183923e-01,1.657956e-02,9.858076e-02,2.104290e-01,1.784998e-01,2.088715e-01
4.911906e-03,3.215437e-02,6.537838e-05,3.958798e-03,2.922684e-02,5.877194e-05
