# rmse alpha/u,rmse phic/h,rmse h/r,spread alpha/u,spread phic/h,spread h/r
1.183923e-01,1.657956e-02,9.858076e-02,2.104290e-01,1.784998e-01,2.088715e-01
5.105226e-03,4.748881e-02,1.022204e-04,4.227475e-03,3.293510e-02,6.896224e-05
