# rmse alpha/u,rmse phic/h,rmse h/r,spread alpha/u,spread phic/h,spread h/r
1.183923e-01,1.657956e-02,9.858076e-02,2.104290e-01,1.784998e-01,2.088715e-01
4.018224e-03,2.521493e-02,6.700889e-05,3.261357e-03,2.344047e-02,5.788301e-05
