# rmse alpha/u,rmse phic/h,rmse h/r,spread alpha/u,spread phic/h,spread h/r
1.183923e-01,1.657956e-02,9.858076e-02,2.104290e-01,1.784998e-01,2.088715e-01
5.678966e-03,3.039551e-02,8.651619e-05,4.025623e-03,3.064453e-02,6.253062e-05
