# rmse alpha/u,rmse phic/h,rmse h/r,spread alpha/u,spread phic/h,spread h/r
1.367254e-01,1.028230e-01,1.335868e-01,8.491561e-02,7.052191e-02,9.576602e-02
4.444427e-03,2.889049e-02,3.332704e-05,2.675103e-03,1.887959e-02,3.401260e-05
