# rmse alpha/u,rmse phic/h,rmse h/r,spread alpha/u,spread phic/h,spread h/r
1.367254e-01,1.028230e-01,1.335868e-01,8.491561e-02,7.052191e-02,9.576602e-02
3.902375e-03,2.528988e-02,4.872048e-05,2.879603e-03,2.115268e-02,4.200588e-05
