# rmse alpha/u,rmse phic/h,rmse h/r,spread alpha/u,spread phic/h,spread h/r
1.367254e-01,1.028230e-01,1.335868e-01,8.491561e-02,7.052191e-02,9.576602e-02
3.903009e-03,2.647732e-02,4.374993e-05,2.174382e-03,1.496035e-02,3.844155e-05
