# rmse alpha/u,rmse phic/h,rmse h/r,spread alpha/u,spread phic/h,spread h/r
1.367254e-01,1.028230e-01,1.335868e-01,8.491561e-02,7.052191e-02,9.576602e-02
3.361675e-03,1.908454e-02,3.857157e-05,2.109457e-03,1.427257e-02,3.737447e-05
