# rmse alpha/u,rmse phic/h,rmse h/r,spread alpha/u,spread phic/h,spread h/r
1.367254e-01,1.028230e-01,1.335868e-01,8.491561e-02,7.052191e-02,9.576602e-02
3.389810e-03,2.497737e-02,3.660297e-05,2.124457e-03,1.463709e-02,3.730597e-05
