# rmse alpha/u,rmse phic/h,rmse h/r,spread alpha/u,spread phic/h,spread h/r
1.367254e-01,1.028230e-01,1.335868e-01,8.491561e-02,7.052191e-02,9.576602e-02
2.541403e-03,1.910645e-02,3.215908e-05,2.130533e-03,1.473767e-02,3.632914e-05
