# rmse alpha/u,rmse phic/h,rmse h/r,spread alpha/u,spread phic/h,spread h/r
1.468706e-01,2.229849e-01,2.243173e-01,1.463073e-01,1.947400e-01,1.931064e-01
8.131467e-04,6.507540e-03,2.342729e-05,7.945674e-04,6.212127e-03,3.345446e-05
