# rmse alpha/u,rmse phic/h,rmse h/r,spread alpha/u,spread phic/h,spread h/r
1.468706e-01,2.229849e-01,2.243173e-01,1.463073e-01,1.947400e-01,1.931064e-01
7.948522e-04,6.028286e-03,1.688952e-05,7.858498e-04,5.976845e-03,3.249146e-05
