# rmse alpha/u,rmse phic/h,rmse h/r,spread alpha/u,spread phic/h,spread h/r
1.468706e-01,2.229849e-01,2.243173e-01,1.463073e-01,1.947400e-01,1.931064e-01
1.025454e-03,8.379318e-03,2.564961e-05,8.949421e-04,6.768460e-03,3.536993e-05
