# rmse alpha/u,rmse phic/h,rmse h/r,spread alpha/u,spread phic/h,spread h/r
1.468706e-01,2.229849e-01,2.243173e-01,1.463073e-01,1.947400e-01,1.931064e-01
8.514306e-04,6.416520e-03,2.094336e-05,8.234121e-04,6.313363e-03,3.324108e-05
