# rmse alpha/u,rmse phic/h,rmse h/r,spread alpha/u,spread phic/h,spread h/r
1.468706e-01,2.229849e-01,2.243173e-01,1.463073e-01,1.947400e-01,1.931064e-01
8.839413e-04,6.709236e-03,2.098251e-05,8.375988e-04,6.593675e-03,3.527801e-05
