# rmse alpha/u,rmse phic/h,rmse h/r,spread alpha/u,spread phic/h,spread h/r
1.468706e-01,2.229849e-01,2.243173e-01,1.463073e-01,1.947400e-01,1.931064e-01
9.485573e-04,7.434742e-03,2.303665e-05,8.172736e-04,6.369324e-03,3.485274e-05
