# rmse alpha/u,rmse phic/h,rmse h/r,spread alpha/u,spread phic/h,spread h/r
1.468706e-01,2.229849e-01,2.243173e-01,1.463073e-01,1.947400e-01,1.931064e-01
7.786423e-04,6.098487e-03,1.895697e-05,7.946757e-04,6.180280e-03,3.239904e-05
