# rmse alpha/u,rmse phic/h,rmse h/r,spread alpha/u,spread phic/h,spread h/r
1.928994e-01,1.575796e-01,6.305430e-02,1.138841e-01,9.516334e-02,6.170301e-02
2.594015e-03,2.602844e-02,6.344498e-05,1.273549e-03,9.609506e-03,3.660441e-05
