# rmse alpha/u,rmse phic/h,rmse h/r,spread alpha/u,spread phic/h,spread h/r
1.928994e-01,1.575796e-01,6.305430e-02,1.138841e-01,9.516334e-02,6.170301e-02
2.137788e-03,1.478287e-02,5.652741e-05,1.065176e-03,7.655173e-03,3.396483e-05
