# rmse alpha/u,rmse phic/h,rmse h/r,spread alpha/u,spread phic/h,spread h/r
1.928994e-01,1.575796e-01,6.305430e-02,1.138841e-01,9.516334e-02,6.170301e-02
9.638471e-04,6.705095e-03,4.176508e-05,8.474104e-04,6.637361e-03,3.166024e-05
