# rmse alpha/u,rmse phic/h,rmse h/r,spread alpha/u,spread phic/h,spread h/r
1.928994e-01,1.575796e-01,6.305430e-02,1.138841e-01,9.516334e-02,6.170301e-02
1.318589e-03,1.107327e-02,3.784139e-05,1.098708e-03,7.804007e-03,2.931199e-05
