# rmse alpha/u,rmse phic/h,rmse h/r,spread alpha/u,spread phic/h,spread h/r
1.928994e-01,1.575796e-01,6.305430e-02,1.138841e-01,9.516334e-02,6.170301e-02
2.907307e-03,1.687140e-02,4.952499e-05,1.691444e-03,1.225005e-02,3.621296e-05
