# rmse alpha/u,rmse phic/h,rmse h/r,spread alpha/u,spread phic/h,spread h/r
1.928994e-01,1.575796e-01,6.305430e-02,1.138841e-01,9.516334e-02,6.170301e-02
8.529483e-04,6.932087e-03,4.081188e-05,8.571769e-04,6.454992e-03,2.924350e-05
