# rmse alpha/u,rmse phic/h,rmse h/r,spread alpha/u,spread phic/h,spread h/r
1.928994e-01,1.575796e-01,6.305430e-02,1.138841e-01,9.516334e-02,6.170301e-02
3.410420e-03,1.413451e-02,3.889843e-05,1.690381e-03,1.125890e-02,3.228770e-05
