# rmse alpha/u,rmse phic/h,rmse h/r,spread alpha/u,spread phic/h,spread h/r
1.928994e-01,1.575796e-01,6.305430e-02,1.138841e-01,9.516334e-02,6.170301e-02
2.569738e-03,1.470690e-02,4.460757e-05,1.558268e-03,1.100733e-02,3.533277e-05
