# rmse alpha/u,rmse phic/h,rmse h/r,spread alpha/u,spread phic/h,spread h/r
1.928994e-01,1.575796e-01,6.305430e-02,1.138841e-01,9.516334e-02,6.170301e-02
3.561510e-03,2.248598e-02,5.471444e-05,1.934299e-03,1.374779e-02,3.878897e-05
