# rmse alpha/u,rmse phic/h,rmse h/r,spread alpha/u,spread phic/h,spread h/r
1.928994e-01,1.575796e-01,6.305430e-02,1.138841e-01,9.516334e-02,6.170301e-02
2.440943e-03,1.345170e-02,4.242807e-05,1.346143e-03,9.035562e-03,3.233146e-05
