# rmse alpha/u,rmse phic/h,rmse h/r,spread alpha/u,spread phic/h,spread h/r
1.796057e-01,5.441994e-01,3.889025e-01,1.795250e-01,2.190449e-01,1.813643e-01
4.056810e-03,2.933584e-02,8.207649e-05,2.282333e-03,1.954509e-02,4.086049e-05
