# rmse alpha/u,rmse phic/h,rmse h/r,spread alpha/u,spread phic/h,spread h/r
1.796057e-01,5.441994e-01,3.889025e-01,1.795250e-01,2.190449e-01,1.813643e-01
3.144595e-03,1.809940e-02,6.825505e-05,2.402366e-03,1.700765e-02,3.666536e-05
