# rmse alpha/u,rmse phic/h,rmse h/r,spread alpha/u,spread phic/h,spread h/r
1.796057e-01,5.441994e-01,3.889025e-01,1.795250e-01,2.190449e-01,1.813643e-01
2.728932e-03,1.564537e-02,5.597223e-05,2.318482e-03,1.578185e-02,3.750999e-05
