# rmse alpha/u,rmse phic/h,rmse h/r,spread alpha/u,spread phic/h,spread h/r
1.796057e-01,5.441994e-01,3.889025e-01,1.795250e-01,2.190449e-01,1.813643e-01
4.439543e-03,3.144500e-02,7.408670e-05,2.499930e-03,1.705096e-02,3.768165e-05
