# rmse alpha/u,rmse phic/h,rmse h/r,spread alpha/u,spread phic/h,spread h/r
1.796057e-01,5.441994e-01,3.889025e-01,1.795250e-01,2.190449e-01,1.813643e-01
4.519055e-03,3.837081e-02,7.575571e-05,2.562523e-03,1.904619e-02,4.488415e-05
