# rmse alpha/u,rmse phic/h,rmse h/r,spread alpha/u,spread phic/h,spread h/r
1.796057e-01,5.441994e-01,3.889025e-01,1.795250e-01,2.190449e-01,1.813643e-01
3.757942e-03,2.386687e-02,6.458903e-05,3.087565e-03,2.285942e-02,5.170514e-05
