# rmse alpha/u,rmse phic/h,rmse h/r,spread alpha/u,spread phic/h,spread h/r
1.796057e-01,5.441994e-01,3.889025e-01,1.795250e-01,2.190449e-01,1.813643e-01
3.537312e-03,2.224171e-02,4.915618e-05,2.460917e-03,1.698149e-02,3.926010e-05
