# rmse alpha/u,rmse phic/h,rmse h/r,spread alpha/u,spread phic/h,spread h/r
1.459557e-01,1.703860e-01,1.799719e-02,2.007018e-01,2.348895e-01,2.071683e-01
8.795758e-04,6.654146e-03,2.312824e-05,8.310010e-04,6.445279e-03,4.499507e-05
