# rmse alpha/u,rmse phic/h,rmse h/r,spread alpha/u,spread phic/h,spread h/r
1.459557e-01,1.703860e-01,1.799719e-02,2.007018e-01,2.348895e-01,2.071683e-01
1.930789e-03,8.481664e-03,2.168447e-05,1.058982e-03,7.716941e-03,4.578294e-05
