# rmse alpha/u,rmse phic/h,rmse h/r,spread alpha/u,spread phic/h,spread h/r
1.459557e-01,1.703860e-01,1.799719e-02,2.007018e-01,2.348895e-01,2.071683e-01
8.853379e-04,8.225645e-03,2.689491e-05,8.684297e-04,6.694306e-03,4.671037e-05
