# rmse alpha/u,rmse phic/h,rmse h/r,spread alpha/u,spread phic/h,spread h/r
1.459557e-01,1.703860e-01,1.799719e-02,2.007018e-01,2.348895e-01,2.071683e-01
8.673821e-04,6.453909e-03,2.242653e-05,8.582011e-04,6.538882e-03,4.735964e-05
