# rmse alpha/u,rmse phic/h,rmse h/r,spread alpha/u,spread phic/h,spread h/r
2.010040e-03,1.790963e-02,9.103295e-04,1.720824e-01,2.375799e-01,1.989910e-01
1.346670e-03,8.825626e-03,2.542929e-05,1.146393e-03,8.677729e-03,4.936348e-05
