# rmse alpha/u,rmse phic/h,rmse h/r,spread alpha/u,spread phic/h,spread h/r
2.010040e-03,1.790963e-02,9.103295e-04,1.720824e-01,2.375799e-01,1.989910e-01
2.306689e-03,1.174584e-02,3.239065e-05,1.284872e-03,9.619444e-03,5.185949e-05
