# rmse alpha/u,rmse phic/h,rmse h/r,spread alpha/u,spread phic/h,spread h/r
2.010040e-03,1.790963e-02,9.103295e-04,1.720824e-01,2.375799e-01,1.989910e-01
2.194097e-03,1.331281e-02,3.400391e-05,1.493219e-03,1.090631e-02,5.636587e-05
