# rmse alpha/u,rmse phic/h,rmse h/r,spread alpha/u,spread phic/h,spread h/r
2.010040e-03,1.790963e-02,9.103295e-04,1.720824e-01,2.375799e-01,1.989910e-01
2.683606e-03,1.219697e-02,5.038564e-05,1.566281e-03,1.092246e-02,5.245037e-05
