# rmse alpha/u,rmse phic/h,rmse h/r,spread alpha/u,spread phic/h,spread h/r
2.010040e-03,1.790963e-02,9.103295e-04,1.720824e-01,2.375799e-01,1.989910e-01
1.184991e-03,1.474452e-02,3.818639e-05,1.208139e-03,9.608156e-03,5.386121e-05
