# rmse alpha/u,rmse phic/h,rmse h/r,spread alpha/u,spread phic/h,spread h/r
2.010040e-03,1.790963e-02,9.103295e-04,1.720824e-01,2.375799e-01,1.989910e-01
1.508589e-03,9.258188e-03,2.828996e-05,1.101614e-03,8.209997e-03,5.236553e-05
