# rmse alpha/u,rmse phic/h,rmse h/r,spread alpha/u,spread phic/h,spread h/r
2.010040e-03,1.790963e-02,9.103295e-04,1.720824e-01,2.375799e-01,1.989910e-01
9.553673e-04,6.778308e-03,2.676481e-05,9.457900e-04,7.047419e-03,4.821467e-05
