# rmse alpha/u,rmse phic/h,rmse h/r,spread alpha/u,spread phic/h,spread h/r
2.010040e-03,1.790963e-02,9.103295e-04,1.720824e-01,2.375799e-01,1.989910e-01
1.298258e-03,1.036833e-02,2.757567e-05,1.332965e-03,9.738068e-03,4.839268e-05
