# rmse alpha/u,rmse phic/h,rmse h/r,spread alpha/u,spread phic/h,spread h/r
1.123552e-01,1.566927e-01,4.439843e-02,2.011122e-01,2.284813e-01,1.938860e-01
8.402119e-04,7.609505e-03,4.614099e-05,7.847402e-04,6.312464e-03,2.914685e-05
