# rmse alpha/u,rmse phic/h,rmse h/r,spread alpha/u,spread phic/h,spread h/r
1.123552e-01,1.566927e-01,4.439843e-02,2.011122e-01,2.284813e-01,1.938860e-01
8.388210e-04,7.026962e-03,2.686631e-05,7.838588e-04,6.123792e-03,2.707617e-05
