# rmse alpha/u,rmse phic/h,rmse h/r,spread alpha/u,spread phic/h,spread h/r
1.123552e-01,1.566927e-01,4.439843e-02,2.011122e-01,2.284813e-01,1.938860e-01
8.592312e-04,7.416948e-03,3.688938e-05,7.950131e-04,6.352741e-03,3.005408e-05
