# rmse alpha/u,rmse phic/h,rmse h/r,spread alpha/u,spread phic/h,spread h/r
2.189174e-01,1.771585e-01,4.037029e-01,1.989032e-01,1.642616e-01,2.076008e-01
6.273710e-03,3.709188e-02,7.039889e-05,2.792713e-03,2.122595e-02,4.012200e-05
