# rmse alpha/u,rmse phic/h,rmse h/r,spread alpha/u,spread phic/h,spread h/r
2.189174e-01,1.771585e-01,4.037029e-01,1.989032e-01,1.642616e-01,2.076008e-01
4.360016e-03,2.649588e-02,5.760074e-05,2.593548e-03,1.743345e-02,3.321966e-05
