# rmse alpha/u,rmse phic/h,rmse h/r,spread alpha/u,spread phic/h,spread h/r
2.189174e-01,1.771585e-01,4.037029e-01,1.989032e-01,1.642616e-01,2.076008e-01
4.814152e-03,3.107318e-02,6.260648e-05,2.983148e-03,2.205085e-02,3.989648e-05
