# rmse alpha/u,rmse phic/h,rmse h/r,spread alpha/u,spread phic/h,spread h/r
2.189174e-01,1.771585e-01,4.037029e-01,1.989032e-01,1.642616e-01,2.076008e-01
2.568246e-03,2.118773e-02,4.731797e-05,2.366223e-03,1.661342e-02,3.466189e-05
