# rmse alpha/u,rmse phic/h,rmse h/r,spread alpha/u,spread phic/h,spread h/r
3.728088e-02,2.869349e-02,7.881487e-02,1.502297e-01,1.096730e-01,6.425008e-02
2.152133e-03,1.401781e-02,4.133773e-05,1.913828e-03,1.322644e-02,2.899393e-05
