# rmse alpha/u,rmse phic/h,rmse h/r,spread alpha/u,spread phic/h,spread h/r
3.728088e-02,2.869349e-02,7.881487e-02,1.502297e-01,1.096730e-01,6.425008e-02
2.524914e-03,1.138851e-02,4.072933e-05,1.422983e-03,9.910092e-03,2.872799e-05
