# rmse alpha/u,rmse phic/h,rmse h/r,spread alpha/u,spread phic/h,spread h/r
3.728088e-02,2.869349e-02,7.881487e-02,1.502297e-01,1.096730e-01,6.425008e-02
1.296807e-03,1.060197e-02,3.434546e-05,1.328031e-03,9.020550e-03,2.737816e-05
