# rmse alpha/u,rmse phic/h,rmse h/r,spread alpha/u,spread phic/h,spread h/r
7.383987e-02,2.015636e-05,5.197799e-03,1.970385e-01,1.814335e-01,2.073460e-01
2.877180e-03,1.520407e-02,5.724301e-05,1.792943e-03,1.222195e-02,4.888768e-05
