# rmse alpha/u,rmse phic/h,rmse h/r,spread alpha/u,spread phic/h,spread h/r
7.383987e-02,2.015636e-05,5.197799e-03,1.970385e-01,1.814335e-01,2.073460e-01
3.382342e-03,1.463906e-02,4.725418e-05,1.766991e-03,1.160702e-02,4.910841e-05
