# rmse alpha/u,rmse phic/h,rmse h/r,spread alpha/u,spread phic/h,spread h/r
1.905641e-01,3.067959e-01,1.731150e-01,2.178019e-01,1.997102e-01,1.533221e-01
8.830236e-04,6.620293e-03,2.806204e-05,8.731654e-04,6.660635e-03,3.530975e-05
