# rmse alpha/u,rmse phic/h,rmse h/r,spread alpha/u,spread phic/h,spread h/r
1.905641e-01,3.067959e-01,1.731150e-01,2.178019e-01,1.997102e-01,1.533221e-01
8.627851e-04,6.730542e-03,3.228294e-05,8.748322e-04,6.808904e-03,3.564633e-05
