# rmse alpha/u,rmse phic/h,rmse h/r,spread alpha/u,spread phic/h,spread h/r
1.905641e-01,3.067959e-01,1.731150e-01,2.178019e-01,1.997102e-01,1.533221e-01
1.326571e-03,7.683032e-03,3.223337e-05,8.874616e-04,6.689464e-03,3.362425e-05
