# rmse alpha/u,rmse phic/h,rmse h/r,spread alpha/u,spread phic/h,spread h/r
1.905641e-01,3.067959e-01,1.731150e-01,2.178019e-01,1.997102e-01,1.533221e-01
1.982750e-03,1.266166e-02,2.633120e-05,1.050467e-03,7.614623e-03,3.418399e-05
