# rmse alpha/u,rmse phic/h,rmse h/r,spread alpha/u,spread phic/h,spread h/r
1.905641e-01,3.067959e-01,1.731150e-01,2.178019e-01,1.997102e-01,1.533221e-01
2.388538e-03,1.339273e-02,3.103806e-05,1.044984e-03,7.651256e-03,3.474942e-05
