# rmse alpha/u,rmse phic/h,rmse h/r,spread alpha/u,spread phic/h,spread h/r
1.905641e-01,3.067959e-01,1.731150e-01,2.178019e-01,1.997102e-01,1.533221e-01
1.063432e-03,6.534723e-03,3.588046e-05,8.796777e-04,6.838659e-03,3.441924e-05
