# rmse alpha/u,rmse phic/h,rmse h/r,spread alpha/u,spread phic/h,spread h/r
3.054545e-02,2.640142e-04,3.546484e-02,1.548007e-01,7.794929e-02,8.222674e-02
3.687668e-03,2.828156e-02,5.025904e-05,2.961338e-03,2.282758e-02,4.474936e-05
