# rmse alpha/u,rmse phic/h,rmse h/r,spread alpha/u,spread phic/h,spread h/r
3.054545e-02,2.640142e-04,3.546484e-02,1.548007e-01,7.794929e-02,8.222674e-02
3.543500e-03,2.194818e-02,5.067836e-05,2.399979e-03,1.588543e-02,3.604592e-05
