# rmse alpha/u,rmse phic/h,rmse h/r,spread alpha/u,spread phic/h,spread h/r
3.054545e-02,2.640142e-04,3.546484e-02,1.548007e-01,7.794929e-02,8.222674e-02
4.390427e-03,2.848559e-02,4.030309e-05,2.377768e-03,1.651137e-02,3.447181e-05
