# rmse alpha/u,rmse phic/h,rmse h/r,spread alpha/u,spread phic/h,spread h/r
3.598251e-02,1.013363e-02,3.744147e-02,1.997506e-01,2.372849e-01,1.790136e-01
4.193010e-03,3.047012e-02,4.223800e-05,3.285261e-03,2.618065e-02,4.636575e-05
