# rmse alpha/u,rmse phic/h,rmse h/r,spread alpha/u,spread phic/h,spread h/r
3.598251e-02,1.013363e-02,3.744147e-02,1.997506e-01,2.372849e-01,1.790136e-01
4.231318e-03,3.497900e-02,4.326419e-05,3.483945e-03,2.683552e-02,4.603505e-05
