# rmse alpha/u,rmse phic/h,rmse h/r,spread alpha/u,spread phic/h,spread h/r
3.598251e-02,1.013363e-02,3.744147e-02,1.997506e-01,2.372849e-01,1.790136e-01
5.360696e-03,2.824473e-02,4.840838e-05,3.850692e-03,2.967593e-02,4.730164e-05
