# rmse alpha/u,rmse phic/h,rmse h/r,spread alpha/u,spread phic/h,spread h/r
3.598251e-02,1.013363e-02,3.744147e-02,1.997506e-01,2.372849e-01,1.790136e-01
5.160970e-03,3.163365e-02,5.018966e-05,4.586407e-03,3.604880e-02,5.561937e-05
