# rmse alpha/u,rmse phic/h,rmse h/r,spread alpha/u,spread phic/h,spread h/r
3.598251e-02,1.013363e-02,3.744147e-02,1.997506e-01,2.372849e-01,1.790136e-01
4.981477e-03,3.188758e-02,4.371796e-05,3.755153e-03,2.890206e-02,4.597055e-05
