# rmse alpha/u,rmse phic/h,rmse h/r,spread alpha/u,spread phic/h,spread h/r
2.358340e-01,4.565487e-01,5.639541e-01,1.837476e-01,2.443896e-01,2.064901e-01
2.207632e-03,1.049236e-02,1.980098e-05,1.542717e-03,1.026769e-02,3.471237e-05
