# rmse alpha/u,rmse phic/h,rmse h/r,spread alpha/u,spread phic/h,spread h/r
2.358340e-01,4.565487e-01,5.639541e-01,1.837476e-01,2.443896e-01,2.064901e-01
2.550505e-03,1.221169e-02,2.587486e-05,1.460153e-03,1.036853e-02,3.900861e-05
