# rmse alpha/u,rmse phic/h,rmse h/r,spread alpha/u,spread phic/h,spread h/r
2.358340e-01,4.565487e-01,5.639541e-01,1.837476e-01,2.443896e-01,2.064901e-01
2.086707e-03,1.754552e-02,3.493476e-05,1.502560e-03,1.104203e-02,4.165008e-05
