# rmse alpha/u,rmse phic/h,rmse h/r,spread alpha/u,spread phic/h,spread h/r
2.358340e-01,4.565487e-01,5.639541e-01,1.837476e-01,2.443896e-01,2.064901e-01
2.272745e-03,1.074218e-02,2.849235e-05,9.800152e-04,7.309154e-03,3.418852e-05
