# rmse alpha/u,rmse phic/h,rmse h/r,spread alpha/u,spread phic/h,spread h/r
2.358340e-01,4.565487e-01,5.639541e-01,1.837476e-01,2.443896e-01,2.064901e-01
8.001394e-04,6.746932e-03,1.928519e-05,8.580644e-04,6.798968e-03,3.461459e-05
