# rmse alpha/u,rmse phic/h,rmse h/r,spread alpha/u,spread phic/h,spread h/r
1.012812e-02,2.467913e-02,3.600822e-04,8.201474e-02,9.079343e-02,7.495027e-02
1.421459e-03,1.548898e-02,2.352772e-05,1.065044e-03,8.104470e-03,4.953272e-05
