# rmse alpha/u,rmse phic/h,rmse h/r,spread alpha/u,spread phic/h,spread h/r
1.012812e-02,2.467913e-02,3.600822e-04,8.201474e-02,9.079343e-02,7.495027e-02
8.553894e-04,6.839452e-03,1.904589e-05,8.539653e-04,6.738605e-03,4.886295e-05
