# rmse alpha/u,rmse phic/h,rmse h/r,spread alpha/u,spread phic/h,spread h/r
4.682633e-02,5.618414e-03,1.196407e-02,1.529805e-01,6.983154e-02,8.824594e-02
5.053002e-03,2.846526e-02,3.751984e-05,3.091738e-03,2.265220e-02,3.893892e-05
