# rmse alpha/u,rmse phic/h,rmse h/r,spread alpha/u,spread phic/h,spread h/r
4.682633e-02,5.618414e-03,1.196407e-02,1.529805e-01,6.983154e-02,8.824594e-02
3.504307e-03,2.627141e-02,5.089772e-05,2.572629e-03,2.001175e-02,4.877683e-05
