# rmse alpha/u,rmse phic/h,rmse h/r,spread alpha/u,spread phic/h,spread h/r
4.682633e-02,5.618414e-03,1.196407e-02,1.529805e-01,6.983154e-02,8.824594e-02
3.413439e-03,2.088480e-02,4.357950e-05,1.946217e-03,1.321818e-02,4.177548e-05
