# rmse alpha/u,rmse phic/h,rmse h/r,spread alpha/u,spread phic/h,spread h/r
2.595243e-01,7.000744e-02,3.251062e-03,1.969593e-01,1.699969e-01,1.470455e-01
9.498671e-04,7.566400e-03,1.662526e-04,9.388681e-04,7.135477e-03,1.728528e-05
