# rmse alpha/u,rmse phic/h,rmse h/r,spread alpha/u,spread phic/h,spread h/r
1.939637e-01,3.129454e-01,2.431075e-01,1.837476e-01,2.443896e-01,2.064901e-01
3.018979e-03,1.844120e-02,3.721717e-05,1.696623e-03,1.283463e-02,5.299679e-05
