# rmse alpha/u,rmse phic/h,rmse h/r,spread alpha/u,spread phic/h,spread h/r
1.939637e-01,3.129454e-01,2.431075e-01,1.837476e-01,2.443896e-01,2.064901e-01
3.249923e-03,1.982210e-02,4.414712e-05,2.176934e-03,1.598047e-02,5.670927e-05
