# rmse alpha/u,rmse phic/h,rmse h/r,spread alpha/u,spread phic/h,spread h/r
1.939637e-01,3.129454e-01,2.431075e-01,1.837476e-01,2.443896e-01,2.064901e-01
2.318014e-03,1.986237e-02,4.951144e-05,2.096668e-03,1.560599e-02,5.417368e-05
