# rmse alpha/u,rmse phic/h,rmse h/r,spread alpha/u,spread phic/h,spread h/r
1.939637e-01,3.129454e-01,2.431075e-01,1.837476e-01,2.443896e-01,2.064901e-01
1.422715e-03,7.692305e-03,2.865217e-05,9.686211e-04,7.115568e-03,4.795750e-05
