# rmse alpha/u,rmse phic/h,rmse h/r,spread alpha/u,spread phic/h,spread h/r
1.458663e-01,1.455274e-01,1.684755e-01,2.007666e-01,2.380345e-01,2.181955e-01
3.928678e-03,2.019757e-02,4.564093e-05,3.526694e-03,2.355779e-02,5.061386e-05
