# rmse alpha/u,rmse phic/h,rmse h/r,spread alpha/u,spread phic/h,spread h/r
1.458663e-01,1.455274e-01,1.684755e-01,2.007666e-01,2.380345e-01,2.181955e-01
4.403632e-03,2.983355e-02,5.342001e-05,3.958862e-03,2.819013e-02,5.424694e-05
