# rmse alpha/u,rmse phic/h,rmse h/r,spread alpha/u,spread phic/h,spread h/r
1.458663e-01,1.455274e-01,1.684755e-01,2.007666e-01,2.380345e-01,2.181955e-01
4.263865e-03,2.872739e-02,5.343101e-05,3.846504e-03,2.774126e-02,5.499625e-05
