# rmse alpha/u,rmse phic/h,rmse h/r,spread alpha/u,spread phic/h,spread h/r
1.458663e-01,1.455274e-01,1.684755e-01,2.007666e-01,2.380345e-01,2.181955e-01
4.031587e-03,2.262366e-02,6.304541e-05,3.519507e-03,2.638592e-02,6.136592e-05
