# rmse alpha/u,rmse phic/h,rmse h/r,spread alpha/u,spread phic/h,spread h/r
1.458663e-01,1.455274e-01,1.684755e-01,2.007666e-01,2.380345e-01,2.181955e-01
4.182998e-03,2.463469e-02,6.730265e-05,3.590729e-03,2.591849e-02,6.021430e-05
