# rmse alpha/u,rmse phic/h,rmse h/r,spread alpha/u,spread phic/h,spread h/r
3.830732e-02,3.215051e-02,6.615110e-02,2.107489e-01,2.293609e-01,1.789789e-01
3.049656e-03,1.444013e-02,3.071648e-05,1.722118e-03,1.144694e-02,4.731513e-05
