# rmse alpha/u,rmse phic/h,rmse h/r,spread alpha/u,spread phic/h,spread h/r
3.830732e-02,3.215051e-02,6.615110e-02,2.107489e-01,2.293609e-01,1.789789e-01
1.813109e-03,1.164634e-02,3.873137e-05,1.813392e-03,1.297995e-02,5.203862e-05
