# rmse alpha/u,rmse phic/h,rmse h/r,spread alpha/u,spread phic/h,spread h/r
3.830732e-02,3.215051e-02,6.615110e-02,2.107489e-01,2.293609e-01,1.789789e-01
2.118553e-03,2.056870e-02,5.509837e-05,1.770405e-03,1.365844e-02,5.370495e-05
