# rmse alpha/u,rmse phic/h,rmse h/r,spread alpha/u,spread phic/h,spread h/r
3.830732e-02,3.215051e-02,6.615110e-02,2.107489e-01,2.293609e-01,1.789789e-01
2.781898e-03,2.081300e-02,4.063800e-05,1.925091e-03,1.378908e-02,5.276349e-05
