# rmse alpha/u,rmse phic/h,rmse h/r,spread alpha/u,spread phic/h,spread h/r
1.020452e-01,1.430017e-02,8.043530e-02,1.647172e-01,2.045747e-01,1.678027e-01
2.977948e-03,2.074330e-02,1.085800e-04,3.289105e-03,2.279597e-02,5.750246e-05
