# rmse alpha/u,rmse phic/h,rmse h/r,spread alpha/u,spread phic/h,spread h/r
1.020452e-01,1.430017e-02,8.043530e-02,1.647172e-01,2.045747e-01,1.678027e-01
4.476308e-03,2.821770e-02,9.493938e-05,3.432881e-03,2.348887e-02,6.461035e-05
