# rmse alpha/u,rmse phic/h,rmse h/r,spread alpha/u,spread phic/h,spread h/r
1.020452e-01,1.430017e-02,8.043530e-02,1.647172e-01,2.045747e-01,1.678027e-01
3.951897e-03,2.557796e-02,5.981117e-05,3.291642e-03,2.312946e-02,5.384726e-05
