# rmse alpha/u,rmse phic/h,rmse h/r,spread alpha/u,spread phic/h,spread h/r
1.020452e-01,1.430017e-02,8.043530e-02,1.647172e-01,2.045747e-01,1.678027e-01
3.469490e-03,2.341567e-02,8.608590e-05,4.057071e-03,2.903672e-02,7.064763e-05
