# rmse alpha/u,rmse phic/h,rmse h/r,spread alpha/u,spread phic/h,spread h/r
3.775797e-02,7.743657e-03,1.097013e-02,1.308408e-01,9.784355e-02,6.819858e-02
5.051442e-03,3.691660e-02,5.284716e-05,3.946240e-03,2.982504e-02,4.533478e-05
