# rmse alpha/u,rmse phic/h,rmse h/r,spread alpha/u,spread phic/h,spread h/r
3.775797e-02,7.743657e-03,1.097013e-02,1.308408e-01,9.784355e-02,6.819858e-02
5.367651e-03,2.889510e-02,4.979817e-05,2.805305e-03,2.152341e-02,4.088704e-05
