# rmse alpha/u,rmse phic/h,rmse h/r,spread alpha/u,spread phic/h,spread h/r
3.775797e-02,7.743657e-03,1.097013e-02,1.308408e-01,9.784355e-02,6.819858e-02
4.522333e-03,2.817344e-02,5.936552e-05,2.896035e-03,2.035371e-02,4.437386e-05
