# rmse alpha/u,rmse phic/h,rmse h/r,spread alpha/u,spread phic/h,spread h/r
3.775797e-02,7.743657e-03,1.097013e-02,1.308408e-01,9.784355e-02,6.819858e-02
3.892035e-03,2.902196e-02,5.017670e-05,3.066260e-03,2.295083e-02,4.081383e-05
