# rmse alpha/u,rmse phic/h,rmse h/r,spread alpha/u,spread phic/h,spread h/r
3.775797e-02,7.743657e-03,1.097013e-02,1.308408e-01,9.784355e-02,6.819858e-02
1.929238e-03,1.724817e-02,3.957038e-05,2.502038e-03,1.869762e-02,3.260421e-05
