# rmse alpha/u,rmse phic/h,rmse h/r,spread alpha/u,spread phic/h,spread h/r
1.054830e-01,9.627432e-03,5.055409e-02,2.007666e-01,2.380345e-01,2.181955e-01
8.172075e-04,6.116170e-03,2.316749e-05,8.036771e-04,6.332178e-03,4.024159e-05
