# rmse alpha/u,rmse phic/h,rmse h/r,spread alpha/u,spread phic/h,spread h/r
1.053217e-01,1.021482e-01,2.536727e-01,1.003997e-01,9.765073e-02,7.656434e-02
4.214251e-03,2.830172e-02,3.968869e-05,2.834813e-03,2.022117e-02,4.249643e-05
