# rmse alpha/u,rmse phic/h,rmse h/r,spread alpha/u,spread phic/h,spread h/r
1.053217e-01,1.021482e-01,2.536727e-01,1.003997e-01,9.765073e-02,7.656434e-02
3.052083e-03,1.548975e-02,4.173516e-05,2.294576e-03,1.669130e-02,4.598715e-05
