# rmse alpha/u,rmse phic/h,rmse h/r,spread alpha/u,spread phic/h,spread h/r
1.053217e-01,1.021482e-01,2.536727e-01,1.003997e-01,9.765073e-02,7.656434e-02
3.538118e-03,2.337208e-02,5.067417e-05,2.056468e-03,1.635731e-02,4.759096e-05
