# rmse alpha/u,rmse phic/h,rmse h/r,spread alpha/u,spread phic/h,spread h/r
1.053217e-01,1.021482e-01,2.536727e-01,1.003997e-01,9.765073e-02,7.656434e-02
2.674871e-03,1.694574e-02,4.026427e-05,2.338360e-03,1.623066e-02,4.450652e-05
