# rmse alpha/u,rmse phic/h,rmse h/r,spread alpha/u,spread phic/h,spread h/r
2.022683e-01,2.280471e-01,2.232597e-01,1.910254e-01,2.103657e-01,1.707528e-01
3.566023e-03,2.561652e-02,7.811172e-05,1.292560e-03,9.403150e-03,2.873357e-05
