# rmse alpha/u,rmse phic/h,rmse h/r,spread alpha/u,spread phic/h,spread h/r
2.022683e-01,2.280471e-01,2.232597e-01,1.910254e-01,2.103657e-01,1.707528e-01
2.497948e-03,1.693615e-02,7.514909e-05,1.147614e-03,8.159241e-03,2.521953e-05
