# rmse alpha/u,rmse phic/h,rmse h/r,spread alpha/u,spread phic/h,spread h/r
2.022683e-01,2.280471e-01,2.232597e-01,1.910254e-01,2.103657e-01,1.707528e-01
2.088273e-03,1.180131e-02,7.541989e-05,1.051412e-03,7.967209e-03,2.404620e-05
