# rmse alpha/u,rmse phic/h,rmse h/r,spread alpha/u,spread phic/h,spread h/r
2.022683e-01,2.280471e-01,2.232597e-01,1.910254e-01,2.103657e-01,1.707528e-01
1.825290e-03,1.087953e-02,7.666378e-05,1.770943e-03,1.206362e-02,2.707962e-05
