# rmse alpha/u,rmse phic/h,rmse h/r,spread alpha/u,spread phic/h,spread h/r
2.022683e-01,2.280471e-01,2.232597e-01,1.910254e-01,2.103657e-01,1.707528e-01
2.733505e-03,2.035517e-02,7.623352e-05,1.602452e-03,1.164151e-02,2.971454e-05
