# rmse alpha/u,rmse phic/h,rmse h/r,spread alpha/u,spread phic/h,spread h/r
2.022683e-01,2.280471e-01,2.232597e-01,1.910254e-01,2.103657e-01,1.707528e-01
1.452816e-03,9.324518e-03,7.171570e-05,9.792270e-04,7.181275e-03,2.264717e-05
