# rmse alpha/u,rmse phic/h,rmse h/r,spread alpha/u,spread phic/h,spread h/r
2.022683e-01,2.280471e-01,2.232597e-01,1.910254e-01,2.103657e-01,1.707528e-01
2.167045e-03,8.603401e-03,8.325985e-05,1.020416e-03,7.114973e-03,2.040020e-05
