# rmse alpha/u,rmse phic/h,rmse h/r,spread alpha/u,spread phic/h,spread h/r
2.022683e-01,2.280471e-01,2.232597e-01,1.910254e-01,2.103657e-01,1.707528e-01
1.561916e-03,1.160309e-02,7.578344e-05,9.385677e-04,7.052078e-03,1.606980e-05
