alpha,phi,h
0.600000,0.888600,0.167400
