# rmse alpha/u,rmse phic/h,rmse h/r,spread alpha/u,spread phic/h,spread h/r
8.596329e-02,9.967891e-02,7.293334e-02,1.832476e-01,2.591463e-01,1.992920e-01
4.764737e-03,3.477726e-02,7.931319e-05,2.318261e-03,1.612892e-02,4.469129e-05
