# rmse alpha/u,rmse phic/h,rmse h/r,spread alpha/u,spread phic/h,spread h/r
8.596329e-02,9.967891e-02,7.293334e-02,1.832476e-01,2.591463e-01,1.992920e-01
3.847864e-03,2.648001e-02,7.321926e-05,2.449295e-03,1.592516e-02,4.083697e-05
