# rmse alpha/u,rmse phic/h,rmse h/r,spread alpha/u,spread phic/h,spread h/r
8.596329e-02,9.967891e-02,7.293334e-02,1.832476e-01,2.591463e-01,1.992920e-01
4.678500e-03,2.590676e-02,6.172096e-05,2.578570e-03,1.825675e-02,3.953364e-05
