# rmse alpha/u,rmse phic/h,rmse h/r,spread alpha/u,spread phic/h,spread h/r
8.596329e-02,9.967891e-02,7.293334e-02,1.832476e-01,2.591463e-01,1.992920e-01
3.482476e-03,2.206593e-02,5.934671e-05,2.491490e-03,1.740840e-02,3.739835e-05
