# rmse alpha/u,rmse phic/h,rmse h/r,spread alpha/u,spread phic/h,spread h/r
8.596329e-02,9.967891e-02,7.293334e-02,1.832476e-01,2.591463e-01,1.992920e-01
4.209915e-03,2.068769e-02,6.110358e-05,1.938479e-03,1.252935e-02,3.244805e-05
