# rmse alpha/u,rmse phic/h,rmse h/r,spread alpha/u,spread phic/h,spread h/r
8.596329e-02,9.967891e-02,7.293334e-02,1.832476e-01,2.591463e-01,1.992920e-01
4.713143e-03,2.685577e-02,7.501699e-05,2.418704e-03,1.712029e-02,3.882705e-05
