# rmse alpha/u,rmse phic/h,rmse h/r,spread alpha/u,spread phic/h,spread h/r
1.799568e-01,1.883777e-02,5.208821e-03,1.306548e-01,8.193348e-02,4.181684e-02
3.463050e-03,2.492783e-02,3.947966e-05,3.062114e-03,2.168803e-02,4.000805e-05
