# rmse alpha/u,rmse phic/h,rmse h/r,spread alpha/u,spread phic/h,spread h/r
1.799568e-01,1.883777e-02,5.208821e-03,1.306548e-01,8.193348e-02,4.181684e-02
2.527838e-03,1.594888e-02,4.943534e-05,2.198746e-03,1.559871e-02,3.851546e-05
