# rmse alpha/u,rmse phic/h,rmse h/r,spread alpha/u,spread phic/h,spread h/r
1.955147e-01,2.528731e-01,2.063129e-01,1.641627e-01,2.176017e-01,1.764511e-01
8.163481e-04,6.342628e-03,4.307161e-05,7.795383e-04,6.048178e-03,2.762113e-05
