# rmse alpha/u,rmse phic/h,rmse h/r,spread alpha/u,spread phic/h,spread h/r
1.955147e-01,2.528731e-01,2.063129e-01,1.641627e-01,2.176017e-01,1.764511e-01
8.871823e-04,7.710925e-03,5.679438e-05,7.834211e-04,6.085156e-03,2.776771e-05
