# rmse alpha/u,rmse phic/h,rmse h/r,spread alpha/u,spread phic/h,spread h/r
1.955147e-01,2.528731e-01,2.063129e-01,1.641627e-01,2.176017e-01,1.764511e-01
8.563380e-04,6.919903e-03,5.213387e-05,7.682430e-04,6.010048e-03,2.667057e-05
