# rmse alpha/u,rmse phic/h,rmse h/r,spread alpha/u,spread phic/h,spread h/r
4.725834e-01,1.309112e-01,1.070503e-01,1.297048e-01,1.029845e-01,7.604000e-02
2.631506e-03,1.886276e-02,4.654836e-05,2.795644e-03,1.978255e-02,4.863553e-05
