# rmse alpha/u,rmse phic/h,rmse h/r,spread alpha/u,spread phic/h,spread h/r
4.725834e-01,1.309112e-01,1.070503e-01,1.297048e-01,1.029845e-01,7.604000e-02
3.175221e-03,2.019441e-02,5.320942e-05,2.657003e-03,1.768684e-02,4.649019e-05
