# rmse alpha/u,rmse phic/h,rmse h/r,spread alpha/u,spread phic/h,spread h/r
4.725834e-01,1.309112e-01,1.070503e-01,1.297048e-01,1.029845e-01,7.604000e-02
2.746331e-03,1.519498e-02,4.916183e-05,2.225520e-03,1.582195e-02,4.363578e-05
