# rmse alpha/u,rmse phic/h,rmse h/r,spread alpha/u,spread phic/h,spread h/r
4.725834e-01,1.309112e-01,1.070503e-01,1.297048e-01,1.029845e-01,7.604000e-02
4.106192e-03,2.362059e-02,4.666188e-05,2.825093e-03,2.065460e-02,4.621976e-05
