# rmse alpha/u,rmse phic/h,rmse h/r,spread alpha/u,spread phic/h,spread h/r
4.725834e-01,1.309112e-01,1.070503e-01,1.297048e-01,1.029845e-01,7.604000e-02
3.523245e-03,1.904901e-02,4.872315e-05,2.587630e-03,1.854961e-02,4.710395e-05
