# rmse alpha/u,rmse phic/h,rmse h/r,spread alpha/u,spread phic/h,spread h/r
2.207811e-01,2.246830e-01,2.071680e-01,1.852359e-01,1.993054e-01,1.610620e-01
1.998450e-03,1.600642e-02,3.372447e-05,1.598124e-03,1.131085e-02,5.222544e-05
