# rmse alpha/u,rmse phic/h,rmse h/r,spread alpha/u,spread phic/h,spread h/r
2.207811e-01,2.246830e-01,2.071680e-01,1.852359e-01,1.993054e-01,1.610620e-01
3.651525e-03,2.010667e-02,4.446167e-05,2.136031e-03,1.508250e-02,5.404701e-05
