# rmse alpha/u,rmse phic/h,rmse h/r,spread alpha/u,spread phic/h,spread h/r
2.207811e-01,2.246830e-01,2.071680e-01,1.852359e-01,1.993054e-01,1.610620e-01
2.942267e-03,1.830396e-02,3.364595e-05,1.691247e-03,1.215420e-02,5.359401e-05
