# rmse alpha/u,rmse phic/h,rmse h/r,spread alpha/u,spread phic/h,spread h/r
6.335684e-04,4.043377e-02,2.396822e-03,1.699231e-01,2.371684e-01,1.419867e-01
1.924918e-03,1.679786e-02,4.484518e-05,1.719338e-03,1.344814e-02,5.832471e-05
