# rmse alpha/u,rmse phic/h,rmse h/r,spread alpha/u,spread phic/h,spread h/r
6.335684e-04,4.043377e-02,2.396822e-03,1.699231e-01,2.371684e-01,1.419867e-01
9.099256e-04,6.712080e-03,2.570926e-05,9.218693e-04,7.203677e-03,4.764224e-05
