# rmse alpha/u,rmse phic/h,rmse h/r,spread alpha/u,spread phic/h,spread h/r
6.335684e-04,4.043377e-02,2.396822e-03,1.699231e-01,2.371684e-01,1.419867e-01
1.668221e-03,9.212900e-03,2.688749e-05,1.317359e-03,9.176642e-03,4.412107e-05
