# rmse alpha/u,rmse phic/h,rmse h/r,spread alpha/u,spread phic/h,spread h/r
6.335684e-04,4.043377e-02,2.396822e-03,1.699231e-01,2.371684e-01,1.419867e-01
3.548496e-03,1.521500e-02,4.717926e-05,1.440462e-03,1.055791e-02,5.315804e-05
