# rmse alpha/u,rmse phic/h,rmse h/r,spread alpha/u,spread phic/h,spread h/r
7.740918e-02,5.546929e-02,3.443436e-01,1.906733e-01,1.720275e-01,1.565591e-01
2.469472e-03,1.365647e-02,6.182715e-05,1.440488e-03,9.369912e-03,2.121683e-05
