# rmse alpha/u,rmse phic/h,rmse h/r,spread alpha/u,spread phic/h,spread h/r
7.740918e-02,5.546929e-02,3.443436e-01,1.906733e-01,1.720275e-01,1.565591e-01
2.215084e-03,1.107053e-02,5.838990e-05,1.208277e-03,8.274031e-03,2.137346e-05
