# rmse alpha/u,rmse phic/h,rmse h/r,spread alpha/u,spread phic/h,spread h/r
7.740918e-02,5.546929e-02,3.443436e-01,1.906733e-01,1.720275e-01,1.565591e-01
3.113468e-03,1.719059e-02,6.688877e-05,1.710923e-03,1.162952e-02,2.353407e-05
