# rmse alpha/u,rmse phic/h,rmse h/r,spread alpha/u,spread phic/h,spread h/r
7.740918e-02,5.546929e-02,3.443436e-01,1.906733e-01,1.720275e-01,1.565591e-01
4.764670e-03,2.203470e-02,6.404933e-05,1.577971e-03,1.005788e-02,2.262883e-05
