# rmse alpha/u,rmse phic/h,rmse h/r,spread alpha/u,spread phic/h,spread h/r
7.740918e-02,5.546929e-02,3.443436e-01,1.906733e-01,1.720275e-01,1.565591e-01
2.482901e-03,1.689341e-02,6.469682e-05,1.852468e-03,1.226734e-02,2.337456e-05
