# rmse alpha/u,rmse phic/h,rmse h/r,spread alpha/u,spread phic/h,spread h/r
7.740918e-02,5.546929e-02,3.443436e-01,1.906733e-01,1.720275e-01,1.565591e-01
2.695867e-03,1.823917e-02,7.256346e-05,1.497271e-03,9.695005e-03,2.353603e-05
