# rmse alpha/u,rmse phic/h,rmse h/r,spread alpha/u,spread phic/h,spread h/r
3.591197e-02,1.924309e-02,7.354372e-03,2.007666e-01,2.380345e-01,2.181955e-01
4.032091e-03,2.980797e-02,8.820801e-05,2.684413e-03,2.000324e-02,5.970438e-05
