# rmse alpha/u,rmse phic/h,rmse h/r,spread alpha/u,spread phic/h,spread h/r
3.591197e-02,1.924309e-02,7.354372e-03,2.007666e-01,2.380345e-01,2.181955e-01
3.628267e-03,2.047723e-02,8.874634e-05,2.035465e-03,1.506459e-02,5.331616e-05
