# rmse alpha/u,rmse phic/h,rmse h/r,spread alpha/u,spread phic/h,spread h/r
3.591197e-02,1.924309e-02,7.354372e-03,2.007666e-01,2.380345e-01,2.181955e-01
4.593320e-03,4.399725e-02,9.533914e-05,2.605580e-03,1.870331e-02,5.455456e-05
