# rmse alpha/u,rmse phic/h,rmse h/r,spread alpha/u,spread phic/h,spread h/r
3.591197e-02,1.924309e-02,7.354372e-03,2.007666e-01,2.380345e-01,2.181955e-01
4.081712e-03,2.532664e-02,8.624852e-05,2.458997e-03,1.697105e-02,5.376821e-05
