# rmse alpha/u,rmse phic/h,rmse h/r,spread alpha/u,spread phic/h,spread h/r
3.591197e-02,1.924309e-02,7.354372e-03,2.007666e-01,2.380345e-01,2.181955e-01
4.396942e-03,2.660456e-02,8.686463e-05,2.248779e-03,1.526202e-02,5.339621e-05
