# rmse alpha/u,rmse phic/h,rmse h/r,spread alpha/u,spread phic/h,spread h/r
3.591197e-02,1.924309e-02,7.354372e-03,2.007666e-01,2.380345e-01,2.181955e-01
3.801346e-03,2.013763e-02,6.750877e-05,2.429504e-03,1.726470e-02,4.883513e-05
