# rmse alpha/u,rmse phic/h,rmse h/r,spread alpha/u,spread phic/h,spread h/r
3.591197e-02,1.924309e-02,7.354372e-03,2.007666e-01,2.380345e-01,2.181955e-01
3.744007e-03,2.671617e-02,7.962541e-05,2.849706e-03,1.914813e-02,5.596767e-05
