# rmse alpha/u,rmse phic/h,rmse h/r,spread alpha/u,spread phic/h,spread h/r
6.539029e-03,1.002604e-01,2.760642e-01,1.969593e-01,1.699969e-01,1.470455e-01
1.899455e-03,9.371995e-03,4.759101e-05,1.382699e-03,9.512937e-03,3.614960e-05
