# rmse alpha/u,rmse phic/h,rmse h/r,spread alpha/u,spread phic/h,spread h/r
6.539029e-03,1.002604e-01,2.760642e-01,1.969593e-01,1.699969e-01,1.470455e-01
1.672595e-03,1.449452e-02,5.327020e-05,1.043477e-03,7.598654e-03,2.872336e-05
