# rmse alpha/u,rmse phic/h,rmse h/r,spread alpha/u,spread phic/h,spread h/r
1.626065e-01,2.257390e-01,1.720590e-01,1.365009e-01,2.056984e-01,1.580122e-01
8.514042e-04,6.587510e-03,1.927037e-05,8.494897e-04,6.608405e-03,4.842461e-05
