# rmse alpha/u,rmse phic/h,rmse h/r,spread alpha/u,spread phic/h,spread h/r
1.626065e-01,2.257390e-01,1.720590e-01,1.365009e-01,2.056984e-01,1.580122e-01
8.690177e-04,6.926202e-03,2.398382e-05,8.751245e-04,7.244250e-03,5.240923e-05
