# rmse alpha/u,rmse phic/h,rmse h/r,spread alpha/u,spread phic/h,spread h/r
1.626065e-01,2.257390e-01,1.720590e-01,1.365009e-01,2.056984e-01,1.580122e-01
8.070025e-04,5.994392e-03,1.915494e-05,8.076162e-04,6.451646e-03,4.657962e-05
