# rmse alpha/u,rmse phic/h,rmse h/r,spread alpha/u,spread phic/h,spread h/r
1.626065e-01,2.257390e-01,1.720590e-01,1.365009e-01,2.056984e-01,1.580122e-01
7.891460e-04,6.173032e-03,1.883293e-05,7.913307e-04,6.140896e-03,4.620311e-05
