# rmse alpha/u,rmse phic/h,rmse h/r,spread alpha/u,spread phic/h,spread h/r
1.626065e-01,2.257390e-01,1.720590e-01,1.365009e-01,2.056984e-01,1.580122e-01
7.784018e-04,6.229379e-03,2.111501e-05,7.929576e-04,6.343299e-03,4.763731e-05
