# rmse alpha/u,rmse phic/h,rmse h/r,spread alpha/u,spread phic/h,spread h/r
1.626065e-01,2.257390e-01,1.720590e-01,1.365009e-01,2.056984e-01,1.580122e-01
8.988659e-04,6.973488e-03,1.937766e-05,8.052464e-04,6.334918e-03,4.732632e-05
