# rmse alpha/u,rmse phic/h,rmse h/r,spread alpha/u,spread phic/h,spread h/r
1.626065e-01,2.257390e-01,1.720590e-01,1.365009e-01,2.056984e-01,1.580122e-01
8.721361e-04,6.533048e-03,2.340531e-05,8.459723e-04,6.795565e-03,4.784354e-05
