# rmse alpha/u,rmse phic/h,rmse h/r,spread alpha/u,spread phic/h,spread h/r
1.626065e-01,2.257390e-01,1.720590e-01,1.365009e-01,2.056984e-01,1.580122e-01
8.951867e-04,7.208056e-03,2.315211e-05,8.863191e-04,7.157454e-03,5.191131e-05
