# rmse alpha/u,rmse phic/h,rmse h/r,spread alpha/u,spread phic/h,spread h/r
5.410463e-02,3.397799e-02,1.762202e-02,2.055290e-01,2.509742e-01,1.985404e-01
2.975620e-03,1.675955e-02,4.256330e-05,2.750724e-03,1.843871e-02,4.282160e-05
