# rmse alpha/u,rmse phic/h,rmse h/r,spread alpha/u,spread phic/h,spread h/r
5.410463e-02,3.397799e-02,1.762202e-02,2.055290e-01,2.509742e-01,1.985404e-01
4.513466e-03,3.044053e-02,5.293780e-05,4.193856e-03,3.051271e-02,5.780863e-05
