# rmse alpha/u,rmse phic/h,rmse h/r,spread alpha/u,spread phic/h,spread h/r
5.410463e-02,3.397799e-02,1.762202e-02,2.055290e-01,2.509742e-01,1.985404e-01
5.299777e-03,3.654551e-02,8.103464e-05,3.222257e-03,2.516359e-02,6.528799e-05
