# rmse alpha/u,rmse phic/h,rmse h/r,spread alpha/u,spread phic/h,spread h/r
5.410463e-02,3.397799e-02,1.762202e-02,2.055290e-01,2.509742e-01,1.985404e-01
3.216301e-03,2.060868e-02,5.412163e-05,3.018483e-03,2.142059e-02,5.579701e-05
