# rmse alpha/u,rmse phic/h,rmse h/r,spread alpha/u,spread phic/h,spread h/r
5.410463e-02,3.397799e-02,1.762202e-02,2.055290e-01,2.509742e-01,1.985404e-01
4.120776e-03,3.806045e-02,6.789309e-05,3.204838e-03,2.329023e-02,5.541288e-05
