# rmse alpha/u,rmse phic/h,rmse h/r,spread alpha/u,spread phic/h,spread h/r
5.410463e-02,3.397799e-02,1.762202e-02,2.055290e-01,2.509742e-01,1.985404e-01
3.186271e-03,1.954751e-02,5.279572e-05,2.223986e-03,1.545023e-02,4.959639e-05
