# rmse alpha/u,rmse phic/h,rmse h/r,spread alpha/u,spread phic/h,spread h/r
5.410463e-02,3.397799e-02,1.762202e-02,2.055290e-01,2.509742e-01,1.985404e-01
4.552816e-03,2.396120e-02,5.339703e-05,2.864678e-03,2.083528e-02,5.400797e-05
