# rmse alpha/u,rmse phic/h,rmse h/r,spread alpha/u,spread phic/h,spread h/r
4.312380e-02,3.709257e-02,1.856805e-03,2.011122e-01,2.284813e-01,1.938860e-01
4.264433e-03,2.060019e-02,3.786429e-05,1.976805e-03,1.202153e-02,3.000163e-05
