# rmse alpha/u,rmse phic/h,rmse h/r,spread alpha/u,spread phic/h,spread h/r
4.312380e-02,3.709257e-02,1.856805e-03,2.011122e-01,2.284813e-01,1.938860e-01
4.541984e-03,2.891168e-02,4.537162e-05,2.600804e-03,1.863741e-02,3.638775e-05
