# rmse alpha/u,rmse phic/h,rmse h/r,spread alpha/u,spread phic/h,spread h/r
4.312380e-02,3.709257e-02,1.856805e-03,2.011122e-01,2.284813e-01,1.938860e-01
3.835649e-03,2.418626e-02,5.704181e-05,1.786404e-03,1.328151e-02,3.806130e-05
