# rmse alpha/u,rmse phic/h,rmse h/r,spread alpha/u,spread phic/h,spread h/r
4.312380e-02,3.709257e-02,1.856805e-03,2.011122e-01,2.284813e-01,1.938860e-01
4.228516e-03,2.540335e-02,5.995464e-05,2.103473e-03,1.434314e-02,3.825873e-05
