# rmse alpha/u,rmse phic/h,rmse h/r,spread alpha/u,spread phic/h,spread h/r
5.977421e-02,6.981751e-02,9.490842e-02,2.112004e-01,2.368405e-01,1.965202e-01
4.322563e-03,3.007390e-02,8.750615e-05,3.594606e-03,2.645176e-02,5.955049e-05
