# rmse alpha/u,rmse phic/h,rmse h/r,spread alpha/u,spread phic/h,spread h/r
5.977421e-02,6.981751e-02,9.490842e-02,2.112004e-01,2.368405e-01,1.965202e-01
4.593774e-03,3.674988e-02,7.158634e-05,3.867139e-03,2.813137e-02,5.738679e-05
