# rmse alpha/u,rmse phic/h,rmse h/r,spread alpha/u,spread phic/h,spread h/r
5.977421e-02,6.981751e-02,9.490842e-02,2.112004e-01,2.368405e-01,1.965202e-01
4.303151e-03,3.291195e-02,6.390552e-05,4.077893e-03,3.165095e-02,5.770438e-05
