# rmse alpha/u,rmse phic/h,rmse h/r,spread alpha/u,spread phic/h,spread h/r
5.977421e-02,6.981751e-02,9.490842e-02,2.112004e-01,2.368405e-01,1.965202e-01
6.051595e-03,3.975396e-02,6.931450e-05,3.809435e-03,2.818545e-02,5.667265e-05
