# rmse alpha/u,rmse phic/h,rmse h/r,spread alpha/u,spread phic/h,spread h/r
5.977421e-02,6.981751e-02,9.490842e-02,2.112004e-01,2.368405e-01,1.965202e-01
4.709548e-03,3.183295e-02,7.244422e-05,3.256159e-03,2.315906e-02,5.649701e-05
