# rmse alpha/u,rmse phic/h,rmse h/r,spread alpha/u,spread phic/h,spread h/r
5.977421e-02,6.981751e-02,9.490842e-02,2.112004e-01,2.368405e-01,1.965202e-01
4.544587e-03,2.353035e-02,5.766580e-05,3.173001e-03,2.200747e-02,4.862580e-05
