# rmse alpha/u,rmse phic/h,rmse h/r,spread alpha/u,spread phic/h,spread h/r
1.702285e-02,2.539248e-05,2.123031e-02,1.228355e-01,8.509807e-02,7.263547e-02
3.564644e-03,2.052577e-02,2.632353e-05,2.206853e-03,1.420255e-02,3.475388e-05
