# rmse alpha/u,rmse phic/h,rmse h/r,spread alpha/u,spread phic/h,spread h/r
1.702285e-02,2.539248e-05,2.123031e-02,1.228355e-01,8.509807e-02,7.263547e-02
2.808716e-03,1.868883e-02,4.283961e-05,1.552380e-03,1.088689e-02,4.009248e-05
