# rmse alpha/u,rmse phic/h,rmse h/r,spread alpha/u,spread phic/h,spread h/r
1.702285e-02,2.539248e-05,2.123031e-02,1.228355e-01,8.509807e-02,7.263547e-02
3.170656e-03,2.436512e-02,3.324995e-05,2.277595e-03,1.673770e-02,4.462903e-05
