# rmse alpha/u,rmse phic/h,rmse h/r,spread alpha/u,spread phic/h,spread h/r
1.702285e-02,2.539248e-05,2.123031e-02,1.228355e-01,8.509807e-02,7.263547e-02
5.044744e-03,2.600854e-02,3.770356e-05,3.177488e-03,2.333740e-02,4.783424e-05
