# rmse alpha/u,rmse phic/h,rmse h/r,spread alpha/u,spread phic/h,spread h/r
1.702285e-02,2.539248e-05,2.123031e-02,1.228355e-01,8.509807e-02,7.263547e-02
2.790269e-03,1.829738e-02,3.707341e-05,1.636963e-03,1.152285e-02,4.369316e-05
