# rmse alpha/u,rmse phic/h,rmse h/r,spread alpha/u,spread phic/h,spread h/r
1.702285e-02,2.539248e-05,2.123031e-02,1.228355e-01,8.509807e-02,7.263547e-02
4.468788e-03,2.534425e-02,3.820949e-05,1.939752e-03,1.341924e-02,4.405159e-05
