# rmse alpha/u,rmse phic/h,rmse h/r,spread alpha/u,spread phic/h,spread h/r
5.308734e-02,5.900571e-03,3.833210e-02,1.273872e-01,9.673452e-02,7.381895e-02
3.119935e-03,3.147792e-02,6.482355e-05,3.909938e-03,3.005265e-02,5.879993e-05
