# rmse alpha/u,rmse phic/h,rmse h/r,spread alpha/u,spread phic/h,spread h/r
5.308734e-02,5.900571e-03,3.833210e-02,1.273872e-01,9.673452e-02,7.381895e-02
4.995889e-03,3.404253e-02,7.732839e-05,3.602205e-03,2.661377e-02,5.759995e-05
