# rmse alpha/u,rmse phic/h,rmse h/r,spread alpha/u,spread phic/h,spread h/r
5.308734e-02,5.900571e-03,3.833210e-02,1.273872e-01,9.673452e-02,7.381895e-02
4.877036e-03,2.854672e-02,6.928678e-05,3.942638e-03,2.845647e-02,5.446072e-05
