# rmse alpha/u,rmse phic/h,rmse h/r,spread alpha/u,spread phic/h,spread h/r
5.308734e-02,5.900571e-03,3.833210e-02,1.273872e-01,9.673452e-02,7.381895e-02
4.096203e-03,3.026020e-02,7.147375e-05,3.343958e-03,2.467818e-02,5.421447e-05
