# rmse alpha/u,rmse phic/h,rmse h/r,spread alpha/u,spread phic/h,spread h/r
4.340578e-01,8.886034e-02,4.353563e-01,1.593925e-01,2.113047e-01,1.635165e-01
4.550746e-03,2.903340e-02,4.008942e-05,3.328384e-03,2.381505e-02,3.862661e-05
