# rmse alpha/u,rmse phic/h,rmse h/r,spread alpha/u,spread phic/h,spread h/r
4.340578e-01,8.886034e-02,4.353563e-01,1.593925e-01,2.113047e-01,1.635165e-01
4.684971e-03,3.891763e-02,6.115612e-05,3.713965e-03,2.710575e-02,3.976420e-05
