# rmse alpha/u,rmse phic/h,rmse h/r,spread alpha/u,spread phic/h,spread h/r
1.458410e-01,4.424498e-02,5.475460e-02,1.927996e-01,2.373932e-01,2.334187e-01
3.836113e-03,2.538512e-02,6.007965e-05,3.868654e-03,2.888707e-02,4.586981e-05
