# rmse alpha/u,rmse phic/h,rmse h/r,spread alpha/u,spread phic/h,spread h/r
1.458410e-01,4.424498e-02,5.475460e-02,1.927996e-01,2.373932e-01,2.334187e-01
4.587959e-03,3.129107e-02,6.022736e-05,4.283145e-03,3.199582e-02,4.910605e-05
