# rmse alpha/u,rmse phic/h,rmse h/r,spread alpha/u,spread phic/h,spread h/r
1.458410e-01,4.424498e-02,5.475460e-02,1.927996e-01,2.373932e-01,2.334187e-01
5.471540e-03,3.152871e-02,5.609949e-05,4.370284e-03,3.250776e-02,4.851275e-05
