# rmse alpha/u,rmse phic/h,rmse h/r,spread alpha/u,spread phic/h,spread h/r
1.458410e-01,4.424498e-02,5.475460e-02,1.927996e-01,2.373932e-01,2.334187e-01
4.846596e-03,2.492510e-02,4.490002e-05,3.214596e-03,2.139441e-02,3.518562e-05
