# rmse alpha/u,rmse phic/h,rmse h/r,spread alpha/u,spread phic/h,spread h/r
1.458410e-01,4.424498e-02,5.475460e-02,1.927996e-01,2.373932e-01,2.334187e-01
4.850705e-03,2.900601e-02,4.445582e-05,3.514396e-03,2.302628e-02,3.252890e-05
