# rmse alpha/u,rmse phic/h,rmse h/r,spread alpha/u,spread phic/h,spread h/r
1.458410e-01,4.424498e-02,5.475460e-02,1.927996e-01,2.373932e-01,2.334187e-01
3.762168e-03,2.491703e-02,4.752184e-05,3.742342e-03,2.631657e-02,4.191495e-05
