# rmse alpha/u,rmse phic/h,rmse h/r,spread alpha/u,spread phic/h,spread h/r
1.458410e-01,4.424498e-02,5.475460e-02,1.927996e-01,2.373932e-01,2.334187e-01
4.747971e-03,2.859859e-02,4.961287e-05,3.809141e-03,2.728966e-02,3.837136e-05
