# rmse alpha/u,rmse phic/h,rmse h/r,spread alpha/u,spread phic/h,spread h/r
1.449674e-01,1.245588e-02,4.676685e-03,1.485701e-01,1.031795e-01,6.833217e-02
4.680341e-03,3.708114e-02,3.633080e-05,2.800954e-03,1.984663e-02,2.111570e-05
