# rmse alpha/u,rmse phic/h,rmse h/r,spread alpha/u,spread phic/h,spread h/r
1.449674e-01,1.245588e-02,4.676685e-03,1.485701e-01,1.031795e-01,6.833217e-02
5.266434e-03,3.242682e-02,3.926157e-05,3.050400e-03,2.187555e-02,2.351912e-05
