# rmse alpha/u,rmse phic/h,rmse h/r,spread alpha/u,spread phic/h,spread h/r
1.449674e-01,1.245588e-02,4.676685e-03,1.485701e-01,1.031795e-01,6.833217e-02
5.258536e-03,2.995576e-02,4.735950e-05,3.652328e-03,2.393068e-02,2.299874e-05
