# rmse alpha/u,rmse phic/h,rmse h/r,spread alpha/u,spread phic/h,spread h/r
4.361820e-02,3.854590e-04,3.512382e-02,1.160575e-01,9.034292e-02,8.422933e-02
4.997566e-03,3.435743e-02,4.912885e-05,3.974771e-03,3.005672e-02,4.572607e-05
