# rmse alpha/u,rmse phic/h,rmse h/r,spread alpha/u,spread phic/h,spread h/r
4.361820e-02,3.854590e-04,3.512382e-02,1.160575e-01,9.034292e-02,8.422933e-02
5.044856e-03,3.258756e-02,4.834177e-05,3.043073e-03,2.342581e-02,4.203675e-05
