# rmse alpha/u,rmse phic/h,rmse h/r,spread alpha/u,spread phic/h,spread h/r
4.361820e-02,3.854590e-04,3.512382e-02,1.160575e-01,9.034292e-02,8.422933e-02
4.888628e-03,3.073870e-02,4.061056e-05,3.643572e-03,2.645956e-02,4.004433e-05
