# rmse alpha/u,rmse phic/h,rmse h/r,spread alpha/u,spread phic/h,spread h/r
4.361820e-02,3.854590e-04,3.512382e-02,1.160575e-01,9.034292e-02,8.422933e-02
5.753939e-03,3.648007e-02,3.923988e-05,4.111681e-03,3.055807e-02,4.227593e-05
