# rmse alpha/u,rmse phic/h,rmse h/r,spread alpha/u,spread phic/h,spread h/r
4.361820e-02,3.854590e-04,3.512382e-02,1.160575e-01,9.034292e-02,8.422933e-02
4.786833e-03,3.079385e-02,5.894099e-05,3.551495e-03,2.678962e-02,4.760972e-05
