# rmse alpha/u,rmse phic/h,rmse h/r,spread alpha/u,spread phic/h,spread h/r
1.351580e-01,2.007509e-05,1.499587e-02,2.007666e-01,2.380345e-01,2.181955e-01
8.369611e-04,6.191733e-03,1.840193e-04,7.739450e-04,6.024423e-03,1.039243e-05
