# rmse alpha/u,rmse phic/h,rmse h/r,spread alpha/u,spread phic/h,spread h/r
1.351580e-01,2.007509e-05,1.499587e-02,2.007666e-01,2.380345e-01,2.181955e-01
9.804793e-04,7.439533e-03,2.092562e-04,8.093190e-04,6.358730e-03,1.563321e-05
