# rmse alpha/u,rmse phic/h,rmse h/r,spread alpha/u,spread phic/h,spread h/r
1.351580e-01,2.007509e-05,1.499587e-02,2.007666e-01,2.380345e-01,2.181955e-01
8.735530e-04,8.082172e-03,2.153134e-04,8.161907e-04,6.438298e-03,1.320079e-05
