# rmse alpha/u,rmse phic/h,rmse h/r,spread alpha/u,spread phic/h,spread h/r
1.351580e-01,2.007509e-05,1.499587e-02,2.007666e-01,2.380345e-01,2.181955e-01
8.456799e-04,7.006880e-03,2.151869e-04,8.164548e-04,6.265006e-03,1.282333e-05
