# rmse alpha/u,rmse phic/h,rmse h/r,spread alpha/u,spread phic/h,spread h/r
1.589837e-01,3.127238e-01,4.072632e-01,1.354666e-01,2.169042e-01,1.474046e-01
4.894982e-03,3.640919e-02,6.370961e-05,3.847145e-03,2.942920e-02,5.385012e-05
