# rmse alpha/u,rmse phic/h,rmse h/r,spread alpha/u,spread phic/h,spread h/r
1.589837e-01,3.127238e-01,4.072632e-01,1.354666e-01,2.169042e-01,1.474046e-01
4.625367e-03,2.369662e-02,8.120838e-05,3.370329e-03,2.564161e-02,5.381656e-05
