# rmse alpha/u,rmse phic/h,rmse h/r,spread alpha/u,spread phic/h,spread h/r
1.589837e-01,3.127238e-01,4.072632e-01,1.354666e-01,2.169042e-01,1.474046e-01
4.217334e-03,2.788406e-02,5.874084e-05,2.192301e-03,1.478943e-02,4.116229e-05
