# rmse alpha/u,rmse phic/h,rmse h/r,spread alpha/u,spread phic/h,spread h/r
1.589837e-01,3.127238e-01,4.072632e-01,1.354666e-01,2.169042e-01,1.474046e-01
2.994790e-03,1.927607e-02,4.173084e-05,2.178895e-03,1.533350e-02,4.163363e-05
