# rmse alpha/u,rmse phic/h,rmse h/r,spread alpha/u,spread phic/h,spread h/r
1.589837e-01,3.127238e-01,4.072632e-01,1.354666e-01,2.169042e-01,1.474046e-01
3.936239e-03,2.327261e-02,4.453946e-05,2.311410e-03,1.635291e-02,4.442019e-05
