# rmse alpha/u,rmse phic/h,rmse h/r,spread alpha/u,spread phic/h,spread h/r
1.310338e-01,1.946770e-03,1.744910e-02,2.122176e-01,2.321346e-01,1.561174e-01
5.183009e-03,3.677118e-02,4.065079e-05,3.081104e-03,2.128571e-02,2.652165e-05
