# rmse alpha/u,rmse phic/h,rmse h/r,spread alpha/u,spread phic/h,spread h/r
1.310338e-01,1.946770e-03,1.744910e-02,2.122176e-01,2.321346e-01,1.561174e-01
4.829918e-03,3.522993e-02,4.674420e-05,3.895954e-03,3.078560e-02,3.586819e-05
