# rmse alpha/u,rmse phic/h,rmse h/r,spread alpha/u,spread phic/h,spread h/r
1.310338e-01,1.946770e-03,1.744910e-02,2.122176e-01,2.321346e-01,1.561174e-01
4.594822e-03,2.665309e-02,4.275809e-05,2.700195e-03,1.723919e-02,2.913228e-05
