# rmse alpha/u,rmse phic/h,rmse h/r,spread alpha/u,spread phic/h,spread h/r
1.310338e-01,1.946770e-03,1.744910e-02,2.122176e-01,2.321346e-01,1.561174e-01
4.301176e-03,3.036523e-02,3.865719e-05,3.083645e-03,2.053879e-02,2.859980e-05
