# rmse alpha/u,rmse phic/h,rmse h/r,spread alpha/u,spread phic/h,spread h/r
1.310338e-01,1.946770e-03,1.744910e-02,2.122176e-01,2.321346e-01,1.561174e-01
5.857066e-03,3.564783e-02,6.340605e-05,3.470058e-03,2.413241e-02,3.090261e-05
