# rmse alpha/u,rmse phic/h,rmse h/r,spread alpha/u,spread phic/h,spread h/r
2.112408e-01,1.034868e-02,2.372915e-01,2.064906e-01,1.899857e-01,1.562718e-01
8.399891e-04,7.062615e-03,2.286286e-05,8.362564e-04,6.657359e-03,4.429583e-05
