# rmse alpha/u,rmse phic/h,rmse h/r,spread alpha/u,spread phic/h,spread h/r
2.112408e-01,1.034868e-02,2.372915e-01,2.064906e-01,1.899857e-01,1.562718e-01
8.372100e-04,6.285210e-03,2.319399e-05,8.336831e-04,6.633669e-03,4.458639e-05
