# rmse alpha/u,rmse phic/h,rmse h/r,spread alpha/u,spread phic/h,spread h/r
2.112408e-01,1.034868e-02,2.372915e-01,2.064906e-01,1.899857e-01,1.562718e-01
8.489694e-04,7.303312e-03,3.061604e-05,8.517865e-04,6.928676e-03,4.707032e-05
