# rmse alpha/u,rmse phic/h,rmse h/r,spread alpha/u,spread phic/h,spread h/r
3.008548e-02,2.561358e-01,3.033893e-01,1.498822e-01,1.993221e-01,1.602325e-01
2.789465e-03,2.476318e-02,3.013746e-05,1.954829e-03,1.479531e-02,3.741228e-05
