# rmse alpha/u,rmse phic/h,rmse h/r,spread alpha/u,spread phic/h,spread h/r
3.008548e-02,2.561358e-01,3.033893e-01,1.498822e-01,1.993221e-01,1.602325e-01
3.542591e-03,2.789692e-02,3.678274e-05,1.991934e-03,1.475403e-02,3.769825e-05
