# rmse alpha/u,rmse phic/h,rmse h/r,spread alpha/u,spread phic/h,spread h/r
3.008548e-02,2.561358e-01,3.033893e-01,1.498822e-01,1.993221e-01,1.602325e-01
3.542971e-03,2.629878e-02,3.450408e-05,1.653746e-03,1.300595e-02,3.810990e-05
