# rmse alpha/u,rmse phic/h,rmse h/r,spread alpha/u,spread phic/h,spread h/r
3.008548e-02,2.561358e-01,3.033893e-01,1.498822e-01,1.993221e-01,1.602325e-01
2.115996e-03,1.538971e-02,3.227778e-05,1.729174e-03,1.232217e-02,3.644299e-05
