# rmse alpha/u,rmse phic/h,rmse h/r,spread alpha/u,spread phic/h,spread h/r
3.008548e-02,2.561358e-01,3.033893e-01,1.498822e-01,1.993221e-01,1.602325e-01
3.418582e-03,2.188911e-02,3.967863e-05,2.101012e-03,1.524857e-02,3.974576e-05
