# rmse alpha/u,rmse phic/h,rmse h/r,spread alpha/u,spread phic/h,spread h/r
3.008548e-02,2.561358e-01,3.033893e-01,1.498822e-01,1.993221e-01,1.602325e-01
3.083907e-03,1.464041e-02,2.620697e-05,1.796741e-03,1.274317e-02,3.384385e-05
