# rmse alpha/u,rmse phic/h,rmse h/r,spread alpha/u,spread phic/h,spread h/r
3.008548e-02,2.561358e-01,3.033893e-01,1.498822e-01,1.993221e-01,1.602325e-01
4.236441e-03,2.894285e-02,2.599482e-05,2.205373e-03,1.571859e-02,3.351940e-05
