# rmse alpha/u,rmse phic/h,rmse h/r,spread alpha/u,spread phic/h,spread h/r
4.357165e-01,7.112102e-02,1.914982e-01,1.618665e-01,6.656560e-02,7.713896e-02
4.166071e-03,2.630698e-02,4.788666e-05,3.488724e-03,2.609788e-02,3.979472e-05
