# rmse alpha/u,rmse phic/h,rmse h/r,spread alpha/u,spread phic/h,spread h/r
4.357165e-01,7.112102e-02,1.914982e-01,1.618665e-01,6.656560e-02,7.713896e-02
4.518955e-03,3.278656e-02,5.520379e-05,2.924610e-03,2.250197e-02,4.449964e-05
