# rmse alpha/u,rmse phic/h,rmse h/r,spread alpha/u,spread phic/h,spread h/r
4.357165e-01,7.112102e-02,1.914982e-01,1.618665e-01,6.656560e-02,7.713896e-02
3.718579e-03,2.155615e-02,5.139247e-05,3.432686e-03,2.364078e-02,4.127130e-05
