# rmse alpha/u,rmse phic/h,rmse h/r,spread alpha/u,spread phic/h,spread h/r
4.357165e-01,7.112102e-02,1.914982e-01,1.618665e-01,6.656560e-02,7.713896e-02
3.266142e-03,2.231552e-02,4.996668e-05,3.295508e-03,2.248012e-02,4.107405e-05
