# rmse alpha/u,rmse phic/h,rmse h/r,spread alpha/u,spread phic/h,spread h/r
4.357165e-01,7.112102e-02,1.914982e-01,1.618665e-01,6.656560e-02,7.713896e-02
3.932687e-03,2.777942e-02,5.483006e-05,3.345091e-03,2.283543e-02,3.976805e-05
