# rmse alpha/u,rmse phic/h,rmse h/r,spread alpha/u,spread phic/h,spread h/r
4.357165e-01,7.112102e-02,1.914982e-01,1.618665e-01,6.656560e-02,7.713896e-02
4.508845e-03,2.397316e-02,5.636850e-05,2.931258e-03,2.163388e-02,4.290405e-05
