# rmse alpha/u,rmse phic/h,rmse h/r,spread alpha/u,spread phic/h,spread h/r
2.139836e-03,2.007854e-02,1.125237e-02,1.035034e-01,8.329941e-02,8.125506e-02
1.095074e-03,7.323176e-03,2.615689e-05,9.729296e-04,7.230973e-03,4.473466e-05
