# rmse alpha/u,rmse phic/h,rmse h/r,spread alpha/u,spread phic/h,spread h/r
2.139836e-03,2.007854e-02,1.125237e-02,1.035034e-01,8.329941e-02,8.125506e-02
1.108427e-03,7.923763e-03,2.301379e-05,8.948949e-04,6.805217e-03,4.409757e-05
