# rmse alpha/u,rmse phic/h,rmse h/r,spread alpha/u,spread phic/h,spread h/r
2.139836e-03,2.007854e-02,1.125237e-02,1.035034e-01,8.329941e-02,8.125506e-02
1.188317e-03,7.077225e-03,2.428372e-05,1.069766e-03,7.615041e-03,4.357259e-05
