# rmse alpha/u,rmse phic/h,rmse h/r,spread alpha/u,spread phic/h,spread h/r
2.139836e-03,2.007854e-02,1.125237e-02,1.035034e-01,8.329941e-02,8.125506e-02
1.394315e-03,7.789989e-03,1.959894e-05,9.990763e-04,7.305778e-03,4.260739e-05
