# rmse alpha/u,rmse phic/h,rmse h/r,spread alpha/u,spread phic/h,spread h/r
2.139836e-03,2.007854e-02,1.125237e-02,1.035034e-01,8.329941e-02,8.125506e-02
1.737453e-03,1.187579e-02,2.862466e-05,1.277236e-03,9.946275e-03,4.603928e-05
