# rmse alpha/u,rmse phic/h,rmse h/r,spread alpha/u,spread phic/h,spread h/r
2.139836e-03,2.007854e-02,1.125237e-02,1.035034e-01,8.329941e-02,8.125506e-02
8.584219e-04,6.112178e-03,2.065949e-05,8.459303e-04,6.661239e-03,4.325589e-05
