# rmse alpha/u,rmse phic/h,rmse h/r,spread alpha/u,spread phic/h,spread h/r
2.004422e-01,4.539245e-01,5.626771e-01,1.969593e-01,1.699969e-01,1.470455e-01
4.264720e-03,2.651080e-02,4.804325e-05,3.115672e-03,2.399062e-02,3.701479e-05
