# rmse alpha/u,rmse phic/h,rmse h/r,spread alpha/u,spread phic/h,spread h/r
2.004422e-01,4.539245e-01,5.626771e-01,1.969593e-01,1.699969e-01,1.470455e-01
3.245351e-03,2.199577e-02,3.991218e-05,1.965861e-03,1.256240e-02,2.332285e-05
