# rmse alpha/u,rmse phic/h,rmse h/r,spread alpha/u,spread phic/h,spread h/r
1.440851e-01,3.664522e-02,1.232460e-01,1.986605e-01,2.211250e-01,2.460379e-01
5.059431e-03,3.057409e-02,6.116784e-05,3.944418e-03,2.987738e-02,4.914045e-05
