# rmse alpha/u,rmse phic/h,rmse h/r,spread alpha/u,spread phic/h,spread h/r
1.440851e-01,3.664522e-02,1.232460e-01,1.986605e-01,2.211250e-01,2.460379e-01
4.931245e-03,3.605274e-02,5.267401e-05,4.160113e-03,3.096459e-02,4.668258e-05
