# rmse alpha/u,rmse phic/h,rmse h/r,spread alpha/u,spread phic/h,spread h/r
1.440851e-01,3.664522e-02,1.232460e-01,1.986605e-01,2.211250e-01,2.460379e-01
5.091082e-03,4.165227e-02,6.901254e-05,3.836537e-03,3.034508e-02,4.441750e-05
