# rmse alpha/u,rmse phic/h,rmse h/r,spread alpha/u,spread phic/h,spread h/r
3.267248e-04,3.017519e-01,1.767367e-02,2.007666e-01,2.380345e-01,2.181955e-01
1.315697e-03,7.659989e-03,2.776904e-05,9.522335e-04,7.431625e-03,3.966296e-05
