# rmse alpha/u,rmse phic/h,rmse h/r,spread alpha/u,spread phic/h,spread h/r
3.267248e-04,3.017519e-01,1.767367e-02,2.007666e-01,2.380345e-01,2.181955e-01
1.214905e-03,1.201096e-02,3.081789e-05,1.181749e-03,8.999612e-03,3.906257e-05
