# rmse alpha/u,rmse phic/h,rmse h/r,spread alpha/u,spread phic/h,spread h/r
3.267248e-04,3.017519e-01,1.767367e-02,2.007666e-01,2.380345e-01,2.181955e-01
2.579287e-03,1.780179e-02,5.051134e-05,1.122484e-03,8.264262e-03,3.919153e-05
