# rmse alpha/u,rmse phic/h,rmse h/r,spread alpha/u,spread phic/h,spread h/r
3.267248e-04,3.017519e-01,1.767367e-02,2.007666e-01,2.380345e-01,2.181955e-01
1.267617e-03,7.403726e-03,2.271042e-05,9.241679e-04,6.900907e-03,3.476823e-05
