# rmse alpha/u,rmse phic/h,rmse h/r,spread alpha/u,spread phic/h,spread h/r
1.044934e-01,1.623343e-01,2.670941e-01,2.029553e-01,2.401346e-01,2.180772e-01
5.388829e-03,3.541360e-02,5.601987e-05,3.686402e-03,2.773992e-02,4.598402e-05
