# rmse alpha/u,rmse phic/h,rmse h/r,spread alpha/u,spread phic/h,spread h/r
1.044934e-01,1.623343e-01,2.670941e-01,2.029553e-01,2.401346e-01,2.180772e-01
4.660127e-03,3.471156e-02,4.661972e-05,3.845137e-03,2.685880e-02,4.011260e-05
