# rmse alpha/u,rmse phic/h,rmse h/r,spread alpha/u,spread phic/h,spread h/r
1.044934e-01,1.623343e-01,2.670941e-01,2.029553e-01,2.401346e-01,2.180772e-01
2.992238e-03,2.461126e-02,4.824167e-05,3.789922e-03,2.741844e-02,4.464144e-05
