# rmse alpha/u,rmse phic/h,rmse h/r,spread alpha/u,spread phic/h,spread h/r
1.044934e-01,1.623343e-01,2.670941e-01,2.029553e-01,2.401346e-01,2.180772e-01
4.886734e-03,3.746145e-02,5.091433e-05,4.027353e-03,3.253308e-02,4.402709e-05
