# rmse alpha/u,rmse phic/h,rmse h/r,spread alpha/u,spread phic/h,spread h/r
1.044934e-01,1.623343e-01,2.670941e-01,2.029553e-01,2.401346e-01,2.180772e-01
4.928972e-03,2.964543e-02,5.436428e-05,4.588073e-03,3.495966e-02,4.820738e-05
