# rmse alpha/u,rmse phic/h,rmse h/r,spread alpha/u,spread phic/h,spread h/r
1.044934e-01,1.623343e-01,2.670941e-01,2.029553e-01,2.401346e-01,2.180772e-01
5.808138e-03,4.291772e-02,5.457621e-05,4.132826e-03,3.401278e-02,4.784181e-05
