# rmse alpha/u,rmse phic/h,rmse h/r,spread alpha/u,spread phic/h,spread h/r
1.044934e-01,1.623343e-01,2.670941e-01,2.029553e-01,2.401346e-01,2.180772e-01
6.361533e-03,4.141819e-02,5.783071e-05,3.604277e-03,2.828603e-02,4.311185e-05
