# rmse alpha/u,rmse phic/h,rmse h/r,spread alpha/u,spread phic/h,spread h/r
1.044934e-01,1.623343e-01,2.670941e-01,2.029553e-01,2.401346e-01,2.180772e-01
4.284512e-03,3.206074e-02,5.202010e-05,3.117972e-03,2.409944e-02,4.112054e-05
