# rmse alpha/u,rmse phic/h,rmse h/r,spread alpha/u,spread phic/h,spread h/r
1.044934e-01,1.623343e-01,2.670941e-01,2.029553e-01,2.401346e-01,2.180772e-01
6.359273e-03,3.790931e-02,4.061798e-05,4.128303e-03,3.094313e-02,4.737634e-05
