# rmse alpha/u,rmse phic/h,rmse h/r,spread alpha/u,spread phic/h,spread h/r
1.044934e-01,1.623343e-01,2.670941e-01,2.029553e-01,2.401346e-01,2.180772e-01
4.583233e-03,3.379630e-02,5.416748e-05,3.207247e-03,2.435993e-02,4.388664e-05
