# rmse alpha/u,rmse phic/h,rmse h/r,spread alpha/u,spread phic/h,spread h/r
1.113277e-02,5.266920e-02,3.210731e-02,1.174386e-01,2.277316e-01,1.265648e-01
8.961280e-04,7.408633e-03,3.614241e-05,8.274621e-04,6.524517e-03,4.130867e-05
