# rmse alpha/u,rmse phic/h,rmse h/r,spread alpha/u,spread phic/h,spread h/r
1.113277e-02,5.266920e-02,3.210731e-02,1.174386e-01,2.277316e-01,1.265648e-01
7.974360e-04,6.293321e-03,3.142323e-05,7.649031e-04,5.962127e-03,4.226405e-05
