# rmse alpha/u,rmse phic/h,rmse h/r,spread alpha/u,spread phic/h,spread h/r
1.113277e-02,5.266920e-02,3.210731e-02,1.174386e-01,2.277316e-01,1.265648e-01
8.459803e-04,7.407763e-03,3.004886e-05,7.818664e-04,6.215806e-03,4.278589e-05
