# rmse alpha/u,rmse phic/h,rmse h/r,spread alpha/u,spread phic/h,spread h/r
1.113277e-02,5.266920e-02,3.210731e-02,1.174386e-01,2.277316e-01,1.265648e-01
9.557174e-04,7.537539e-03,3.207558e-05,7.511996e-04,5.977398e-03,4.070228e-05
