# rmse alpha/u,rmse phic/h,rmse h/r,spread alpha/u,spread phic/h,spread h/r
1.833682e-01,7.985716e-02,7.492950e-02,2.309848e-01,2.337972e-01,2.288616e-01
4.829284e-03,2.616925e-02,5.464579e-05,3.811840e-03,2.831063e-02,3.588609e-05
