# rmse alpha/u,rmse phic/h,rmse h/r,spread alpha/u,spread phic/h,spread h/r
1.833682e-01,7.985716e-02,7.492950e-02,2.309848e-01,2.337972e-01,2.288616e-01
5.807478e-03,3.159707e-02,4.290086e-05,3.944121e-03,2.897991e-02,3.777976e-05
