# rmse alpha/u,rmse phic/h,rmse h/r,spread alpha/u,spread phic/h,spread h/r
1.833682e-01,7.985716e-02,7.492950e-02,2.309848e-01,2.337972e-01,2.288616e-01
5.210881e-03,3.561814e-02,4.669527e-05,3.596421e-03,2.473967e-02,3.632810e-05
