# rmse alpha/u,rmse phic/h,rmse h/r,spread alpha/u,spread phic/h,spread h/r
1.833682e-01,7.985716e-02,7.492950e-02,2.309848e-01,2.337972e-01,2.288616e-01
5.592259e-03,3.649014e-02,5.812605e-05,3.612757e-03,2.673240e-02,3.302277e-05
