# rmse alpha/u,rmse phic/h,rmse h/r,spread alpha/u,spread phic/h,spread h/r
1.833682e-01,7.985716e-02,7.492950e-02,2.309848e-01,2.337972e-01,2.288616e-01
5.331142e-03,3.224840e-02,5.810504e-05,3.269741e-03,2.415626e-02,3.280901e-05
