# rmse alpha/u,rmse phic/h,rmse h/r,spread alpha/u,spread phic/h,spread h/r
2.574933e-02,1.930006e-02,8.087808e-02,1.205912e-01,2.077517e-01,1.818999e-01
8.762847e-04,7.706716e-03,3.403485e-05,8.187553e-04,6.553499e-03,3.868232e-05
