# rmse alpha/u,rmse phic/h,rmse h/r,spread alpha/u,spread phic/h,spread h/r
2.574933e-02,1.930006e-02,8.087808e-02,1.205912e-01,2.077517e-01,1.818999e-01
8.566303e-04,6.587223e-03,2.669814e-05,7.799263e-04,6.168062e-03,3.687689e-05
