# rmse alpha/u,rmse phic/h,rmse h/r,spread alpha/u,spread phic/h,spread h/r
2.574933e-02,1.930006e-02,8.087808e-02,1.205912e-01,2.077517e-01,1.818999e-01
9.011505e-04,7.234464e-03,3.081088e-05,8.122823e-04,6.559014e-03,3.629206e-05
