# rmse alpha/u,rmse phic/h,rmse h/r,spread alpha/u,spread phic/h,spread h/r
2.574933e-02,1.930006e-02,8.087808e-02,1.205912e-01,2.077517e-01,1.818999e-01
8.153652e-04,6.497722e-03,2.801918e-05,7.508692e-04,5.979563e-03,3.534799e-05
