# rmse alpha/u,rmse phic/h,rmse h/r,spread alpha/u,spread phic/h,spread h/r
2.022683e-01,2.280471e-01,2.232597e-01,1.910254e-01,2.103657e-01,1.707528e-01
2.744742e-03,1.524502e-02,3.022083e-05,1.187389e-03,8.322757e-03,3.080564e-05
