# rmse alpha/u,rmse phic/h,rmse h/r,spread alpha/u,spread phic/h,spread h/r
2.022683e-01,2.280471e-01,2.232597e-01,1.910254e-01,2.103657e-01,1.707528e-01
1.197091e-03,7.062854e-03,2.200337e-05,8.405421e-04,6.291436e-03,3.074235e-05
