# rmse alpha/u,rmse phic/h,rmse h/r,spread alpha/u,spread phic/h,spread h/r
2.022683e-01,2.280471e-01,2.232597e-01,1.910254e-01,2.103657e-01,1.707528e-01
9.650715e-04,6.557064e-03,2.460047e-05,8.323009e-04,6.355680e-03,3.019231e-05
