# rmse alpha/u,rmse phic/h,rmse h/r,spread alpha/u,spread phic/h,spread h/r
2.022683e-01,2.280471e-01,2.232597e-01,1.910254e-01,2.103657e-01,1.707528e-01
8.050587e-04,5.900642e-03,1.852827e-05,8.401390e-04,6.175077e-03,2.757854e-05
