# rmse alpha/u,rmse phic/h,rmse h/r,spread alpha/u,spread phic/h,spread h/r
8.769082e-02,4.207116e-03,8.024467e-02,1.483665e-01,8.928014e-02,9.086338e-02
5.029781e-03,2.732065e-02,4.389224e-05,2.586800e-03,1.867156e-02,3.122407e-05
