# rmse alpha/u,rmse phic/h,rmse h/r,spread alpha/u,spread phic/h,spread h/r
8.769082e-02,4.207116e-03,8.024467e-02,1.483665e-01,8.928014e-02,9.086338e-02
4.952203e-03,3.838115e-02,6.206198e-05,3.445311e-03,2.504456e-02,3.508856e-05
