# rmse alpha/u,rmse phic/h,rmse h/r,spread alpha/u,spread phic/h,spread h/r
8.769082e-02,4.207116e-03,8.024467e-02,1.483665e-01,8.928014e-02,9.086338e-02
4.400002e-03,3.154468e-02,5.044319e-05,3.609508e-03,2.721781e-02,3.310829e-05
