# rmse alpha/u,rmse phic/h,rmse h/r,spread alpha/u,spread phic/h,spread h/r
8.769082e-02,4.207116e-03,8.024467e-02,1.483665e-01,8.928014e-02,9.086338e-02
4.321301e-03,2.572801e-02,5.151363e-05,3.316877e-03,2.390535e-02,3.361978e-05
