# rmse alpha/u,rmse phic/h,rmse h/r,spread alpha/u,spread phic/h,spread h/r
8.769082e-02,4.207116e-03,8.024467e-02,1.483665e-01,8.928014e-02,9.086338e-02
4.577580e-03,3.418084e-02,5.319529e-05,3.618307e-03,2.791658e-02,3.283697e-05
