# rmse alpha/u,rmse phic/h,rmse h/r,spread alpha/u,spread phic/h,spread h/r
8.769082e-02,4.207116e-03,8.024467e-02,1.483665e-01,8.928014e-02,9.086338e-02
6.163746e-03,4.348649e-02,5.736454e-05,3.578607e-03,2.910703e-02,3.571730e-05
