# rmse alpha/u,rmse phic/h,rmse h/r,spread alpha/u,spread phic/h,spread h/r
8.769082e-02,4.207116e-03,8.024467e-02,1.483665e-01,8.928014e-02,9.086338e-02
4.964122e-03,3.737988e-02,6.023075e-05,2.935572e-03,2.057369e-02,3.402049e-05
