# rmse alpha/u,rmse phic/h,rmse h/r,spread alpha/u,spread phic/h,spread h/r
8.769082e-02,4.207116e-03,8.024467e-02,1.483665e-01,8.928014e-02,9.086338e-02
5.669843e-03,4.214077e-02,6.477530e-05,3.357956e-03,2.383931e-02,3.554137e-05
