# rmse alpha/u,rmse phic/h,rmse h/r,spread alpha/u,spread phic/h,spread h/r
2.326403e-02,1.958621e-03,1.087974e-02,1.809291e-01,2.332029e-01,1.841066e-01
3.733389e-03,2.295304e-02,4.517935e-05,2.579768e-03,1.854475e-02,5.385412e-05
