# rmse alpha/u,rmse phic/h,rmse h/r,spread alpha/u,spread phic/h,spread h/r
2.326403e-02,1.958621e-03,1.087974e-02,1.809291e-01,2.332029e-01,1.841066e-01
2.246355e-03,1.250377e-02,4.385126e-05,1.557984e-03,1.083060e-02,4.734359e-05
