# rmse alpha/u,rmse phic/h,rmse h/r,spread alpha/u,spread phic/h,spread h/r
2.326403e-02,1.958621e-03,1.087974e-02,1.809291e-01,2.332029e-01,1.841066e-01
4.071909e-03,2.109547e-02,4.517987e-05,1.900568e-03,1.328979e-02,4.642984e-05
