# rmse alpha/u,rmse phic/h,rmse h/r,spread alpha/u,spread phic/h,spread h/r
2.326403e-02,1.958621e-03,1.087974e-02,1.809291e-01,2.332029e-01,1.841066e-01
3.323106e-03,1.873690e-02,4.479123e-05,2.179600e-03,1.607234e-02,4.895811e-05
