# rmse alpha/u,rmse phic/h,rmse h/r,spread alpha/u,spread phic/h,spread h/r
2.326403e-02,1.958621e-03,1.087974e-02,1.809291e-01,2.332029e-01,1.841066e-01
2.946092e-03,2.133126e-02,4.686470e-05,2.161857e-03,1.511725e-02,5.083728e-05
