# rmse alpha/u,rmse phic/h,rmse h/r,spread alpha/u,spread phic/h,spread h/r
2.326403e-02,1.958621e-03,1.087974e-02,1.809291e-01,2.332029e-01,1.841066e-01
3.028141e-03,1.729640e-02,5.560659e-05,1.987478e-03,1.397813e-02,4.870032e-05
