# rmse alpha/u,rmse phic/h,rmse h/r,spread alpha/u,spread phic/h,spread h/r
2.326403e-02,1.958621e-03,1.087974e-02,1.809291e-01,2.332029e-01,1.841066e-01
2.673149e-03,1.486389e-02,5.588133e-05,1.837869e-03,1.284209e-02,5.153694e-05
