# rmse alpha/u,rmse phic/h,rmse h/r,spread alpha/u,spread phic/h,spread h/r
1.082411e-02,2.325725e-02,2.167979e-02,7.119828e-02,6.551883e-02,8.926086e-02
1.129513e-03,7.254484e-03,3.121816e-05,9.685287e-04,6.855456e-03,2.965501e-05
