# rmse alpha/u,rmse phic/h,rmse h/r,spread alpha/u,spread phic/h,spread h/r
1.082411e-02,2.325725e-02,2.167979e-02,7.119828e-02,6.551883e-02,8.926086e-02
1.826446e-03,1.338550e-02,3.819057e-05,1.013512e-03,7.450711e-03,3.223630e-05
