# rmse alpha/u,rmse phic/h,rmse h/r,spread alpha/u,spread phic/h,spread h/r
1.082411e-02,2.325725e-02,2.167979e-02,7.119828e-02,6.551883e-02,8.926086e-02
1.134156e-03,8.522193e-03,3.176780e-05,8.134516e-04,6.345908e-03,2.992658e-05
