# rmse alpha/u,rmse phic/h,rmse h/r,spread alpha/u,spread phic/h,spread h/r
1.082411e-02,2.325725e-02,2.167979e-02,7.119828e-02,6.551883e-02,8.926086e-02
1.363270e-03,1.285194e-02,4.252765e-05,1.032561e-03,8.063259e-03,3.392570e-05
