# rmse alpha/u,rmse phic/h,rmse h/r,spread alpha/u,spread phic/h,spread h/r
1.082411e-02,2.325725e-02,2.167979e-02,7.119828e-02,6.551883e-02,8.926086e-02
9.490220e-04,7.574403e-03,3.740641e-05,8.256326e-04,6.275538e-03,3.145795e-05
