# rmse alpha/u,rmse phic/h,rmse h/r,spread alpha/u,spread phic/h,spread h/r
1.082411e-02,2.325725e-02,2.167979e-02,7.119828e-02,6.551883e-02,8.926086e-02
8.608733e-04,6.402806e-03,3.442635e-05,8.241833e-04,6.012121e-03,3.210510e-05
