# rmse alpha/u,rmse phic/h,rmse h/r,spread alpha/u,spread phic/h,spread h/r
1.082411e-02,2.325725e-02,2.167979e-02,7.119828e-02,6.551883e-02,8.926086e-02
9.873845e-04,7.694542e-03,3.160879e-05,7.593435e-04,5.786606e-03,3.309962e-05
