# rmse alpha/u,rmse phic/h,rmse h/r,spread alpha/u,spread phic/h,spread h/r
3.180560e-01,3.905240e-01,2.224458e-01,1.813633e-01,2.153254e-01,1.756998e-01
8.405035e-04,6.484909e-03,1.675633e-04,7.593107e-04,5.868807e-03,1.731689e-05
