# rmse alpha/u,rmse phic/h,rmse h/r,spread alpha/u,spread phic/h,spread h/r
3.180560e-01,3.905240e-01,2.224458e-01,1.813633e-01,2.153254e-01,1.756998e-01
8.593566e-04,6.125477e-03,1.755987e-04,7.796705e-04,6.029219e-03,1.709955e-05
