# rmse alpha/u,rmse phic/h,rmse h/r,spread alpha/u,spread phic/h,spread h/r
3.180560e-01,3.905240e-01,2.224458e-01,1.813633e-01,2.153254e-01,1.756998e-01
8.581053e-04,6.717224e-03,1.787002e-04,8.450067e-04,6.479009e-03,1.882684e-05
