# rmse alpha/u,rmse phic/h,rmse h/r,spread alpha/u,spread phic/h,spread h/r
3.180560e-01,3.905240e-01,2.224458e-01,1.813633e-01,2.153254e-01,1.756998e-01
8.785605e-04,6.724851e-03,1.763424e-04,8.452980e-04,6.818609e-03,2.401530e-05
