# rmse alpha/u,rmse phic/h,rmse h/r,spread alpha/u,spread phic/h,spread h/r
1.121524e-01,1.943390e-05,1.842239e-02,2.178019e-01,1.997102e-01,1.533221e-01
5.605462e-03,3.352086e-02,4.826159e-05,3.722362e-03,2.591234e-02,4.678708e-05
