# rmse alpha/u,rmse phic/h,rmse h/r,spread alpha/u,spread phic/h,spread h/r
1.121524e-01,1.943390e-05,1.842239e-02,2.178019e-01,1.997102e-01,1.533221e-01
2.832679e-03,3.302242e-02,5.498066e-05,2.852141e-03,2.236839e-02,4.935658e-05
