# rmse alpha/u,rmse phic/h,rmse h/r,spread alpha/u,spread phic/h,spread h/r
1.121524e-01,1.943390e-05,1.842239e-02,2.178019e-01,1.997102e-01,1.533221e-01
4.360713e-03,2.419582e-02,4.889186e-05,3.238182e-03,2.207467e-02,4.302812e-05
