# rmse alpha/u,rmse phic/h,rmse h/r,spread alpha/u,spread phic/h,spread h/r
1.121524e-01,1.943390e-05,1.842239e-02,2.178019e-01,1.997102e-01,1.533221e-01
4.217472e-03,2.541165e-02,5.297687e-05,3.176499e-03,2.335312e-02,4.755323e-05
