# rmse alpha/u,rmse phic/h,rmse h/r,spread alpha/u,spread phic/h,spread h/r
1.121524e-01,1.943390e-05,1.842239e-02,2.178019e-01,1.997102e-01,1.533221e-01
4.768013e-03,2.589643e-02,4.401465e-05,2.444111e-03,1.563139e-02,3.652500e-05
