# rmse alpha/u,rmse phic/h,rmse h/r,spread alpha/u,spread phic/h,spread h/r
1.121524e-01,1.943390e-05,1.842239e-02,2.178019e-01,1.997102e-01,1.533221e-01
4.462479e-03,3.304849e-02,5.951697e-05,2.998501e-03,2.237109e-02,4.538367e-05
