# rmse alpha/u,rmse phic/h,rmse h/r,spread alpha/u,spread phic/h,spread h/r
2.467384e-02,1.676110e-03,4.243290e-02,1.455860e-01,8.447288e-02,1.072837e-01
5.931931e-03,3.499738e-02,6.304356e-05,2.878440e-03,1.910542e-02,4.413577e-05
