# rmse alpha/u,rmse phic/h,rmse h/r,spread alpha/u,spread phic/h,spread h/r
2.467384e-02,1.676110e-03,4.243290e-02,1.455860e-01,8.447288e-02,1.072837e-01
4.954122e-03,3.359546e-02,7.366677e-05,3.657072e-03,2.636814e-02,5.729392e-05
