# rmse alpha/u,rmse phic/h,rmse h/r,spread alpha/u,spread phic/h,spread h/r
2.467384e-02,1.676110e-03,4.243290e-02,1.455860e-01,8.447288e-02,1.072837e-01
4.578399e-03,2.730116e-02,6.642557e-05,2.769206e-03,1.830112e-02,4.532357e-05
