# rmse alpha/u,rmse phic/h,rmse h/r,spread alpha/u,spread phic/h,spread h/r
2.467384e-02,1.676110e-03,4.243290e-02,1.455860e-01,8.447288e-02,1.072837e-01
6.156796e-03,4.015123e-02,8.392992e-05,3.258134e-03,2.305886e-02,5.322269e-05
