# rmse alpha/u,rmse phic/h,rmse h/r,spread alpha/u,spread phic/h,spread h/r
2.467384e-02,1.676110e-03,4.243290e-02,1.455860e-01,8.447288e-02,1.072837e-01
4.750537e-03,3.682998e-02,7.571047e-05,3.099783e-03,2.205707e-02,5.652113e-05
