# rmse alpha/u,rmse phic/h,rmse h/r,spread alpha/u,spread phic/h,spread h/r
2.467384e-02,1.676110e-03,4.243290e-02,1.455860e-01,8.447288e-02,1.072837e-01
4.493878e-03,2.628012e-02,6.355900e-05,2.992099e-03,2.088687e-02,5.034765e-05
