# rmse alpha/u,rmse phic/h,rmse h/r,spread alpha/u,spread phic/h,spread h/r
1.018476e-01,1.522086e-01,3.903976e-01,1.969593e-01,1.699969e-01,1.470455e-01
4.000554e-03,2.578398e-02,5.139578e-05,3.044186e-03,2.140875e-02,4.203512e-05
