# rmse alpha/u,rmse phic/h,rmse h/r,spread alpha/u,spread phic/h,spread h/r
1.018476e-01,1.522086e-01,3.903976e-01,1.969593e-01,1.699969e-01,1.470455e-01
2.908604e-03,1.738873e-02,5.460752e-05,1.912028e-03,1.289477e-02,3.641698e-05
