# rmse alpha/u,rmse phic/h,rmse h/r,spread alpha/u,spread phic/h,spread h/r
1.018476e-01,1.522086e-01,3.903976e-01,1.969593e-01,1.699969e-01,1.470455e-01
3.852981e-03,2.473592e-02,3.599328e-05,2.140528e-03,1.375009e-02,2.902988e-05
