# rmse alpha/u,rmse phic/h,rmse h/r,spread alpha/u,spread phic/h,spread h/r
5.340082e-02,1.294125e-02,2.783865e-02,1.349411e-01,1.061208e-01,8.757232e-02
4.507280e-03,3.662393e-02,7.777160e-05,2.877686e-03,2.285585e-02,5.534131e-05
