# rmse alpha/u,rmse phic/h,rmse h/r,spread alpha/u,spread phic/h,spread h/r
5.340082e-02,1.294125e-02,2.783865e-02,1.349411e-01,1.061208e-01,8.757232e-02
3.312160e-03,2.803664e-02,7.197692e-05,2.809505e-03,2.122102e-02,4.747271e-05
