# rmse alpha/u,rmse phic/h,rmse h/r,spread alpha/u,spread phic/h,spread h/r
5.340082e-02,1.294125e-02,2.783865e-02,1.349411e-01,1.061208e-01,8.757232e-02
4.110456e-03,2.619270e-02,6.100833e-05,2.271494e-03,1.566230e-02,4.450871e-05
