# rmse alpha/u,rmse phic/h,rmse h/r,spread alpha/u,spread phic/h,spread h/r
5.340082e-02,1.294125e-02,2.783865e-02,1.349411e-01,1.061208e-01,8.757232e-02
3.777826e-03,1.948512e-02,6.069313e-05,2.306008e-03,1.522390e-02,4.339161e-05
