# rmse alpha/u,rmse phic/h,rmse h/r,spread alpha/u,spread phic/h,spread h/r
6.289772e-02,4.161812e-03,6.816372e-03,1.367449e-01,8.839886e-02,6.711149e-02
6.019627e-03,3.756708e-02,4.748326e-05,2.690063e-03,1.828952e-02,3.572378e-05
