# rmse alpha/u,rmse phic/h,rmse h/r,spread alpha/u,spread phic/h,spread h/r
6.289772e-02,4.161812e-03,6.816372e-03,1.367449e-01,8.839886e-02,6.711149e-02
5.319210e-03,3.221757e-02,4.357670e-05,3.608628e-03,2.554722e-02,3.289690e-05
