# rmse alpha/u,rmse phic/h,rmse h/r,spread alpha/u,spread phic/h,spread h/r
6.289772e-02,4.161812e-03,6.816372e-03,1.367449e-01,8.839886e-02,6.711149e-02
4.372060e-03,3.278291e-02,4.718586e-05,3.803271e-03,2.768673e-02,3.664985e-05
