# rmse alpha/u,rmse phic/h,rmse h/r,spread alpha/u,spread phic/h,spread h/r
6.289772e-02,4.161812e-03,6.816372e-03,1.367449e-01,8.839886e-02,6.711149e-02
5.788588e-03,3.577769e-02,4.934340e-05,3.824910e-03,2.926213e-02,4.134461e-05
