# rmse alpha/u,rmse phic/h,rmse h/r,spread alpha/u,spread phic/h,spread h/r
6.195605e-01,5.113382e-01,3.010061e-01,1.847168e-01,2.479040e-01,2.153381e-01
5.170781e-03,3.156969e-02,6.863611e-05,1.783425e-03,1.246373e-02,2.640600e-05
