# rmse alpha/u,rmse phic/h,rmse h/r,spread alpha/u,spread phic/h,spread h/r
6.195605e-01,5.113382e-01,3.010061e-01,1.847168e-01,2.479040e-01,2.153381e-01
8.017967e-03,5.101482e-02,5.366907e-05,3.290410e-03,2.233170e-02,3.655488e-05
