# rmse alpha/u,rmse phic/h,rmse h/r,spread alpha/u,spread phic/h,spread h/r
6.195605e-01,5.113382e-01,3.010061e-01,1.847168e-01,2.479040e-01,2.153381e-01
4.070072e-03,2.773712e-02,3.618028e-05,2.642112e-03,1.714873e-02,2.164633e-05
