# rmse alpha/u,rmse phic/h,rmse h/r,spread alpha/u,spread phic/h,spread h/r
6.195605e-01,5.113382e-01,3.010061e-01,1.847168e-01,2.479040e-01,2.153381e-01
5.759116e-03,3.684572e-02,4.973994e-05,2.788458e-03,1.802781e-02,2.170828e-05
