# rmse alpha/u,rmse phic/h,rmse h/r,spread alpha/u,spread phic/h,spread h/r
6.195605e-01,5.113382e-01,3.010061e-01,1.847168e-01,2.479040e-01,2.153381e-01
4.462197e-03,2.945982e-02,4.980475e-05,3.023033e-03,2.132090e-02,2.835594e-05
