# rmse alpha/u,rmse phic/h,rmse h/r,spread alpha/u,spread phic/h,spread h/r
3.395984e-01,8.785744e-02,1.694488e-01,1.258072e-01,6.342876e-02,8.502134e-02
4.754334e-03,3.027674e-02,5.820502e-05,3.343643e-03,2.528870e-02,5.321957e-05
