# rmse alpha/u,rmse phic/h,rmse h/r,spread alpha/u,spread phic/h,spread h/r
3.395984e-01,8.785744e-02,1.694488e-01,1.258072e-01,6.342876e-02,8.502134e-02
3.867170e-03,3.240097e-02,6.745704e-05,3.223658e-03,2.466607e-02,5.580399e-05
