# rmse alpha/u,rmse phic/h,rmse h/r,spread alpha/u,spread phic/h,spread h/r
3.395984e-01,8.785744e-02,1.694488e-01,1.258072e-01,6.342876e-02,8.502134e-02
5.554321e-03,3.780019e-02,7.307157e-05,3.666929e-03,2.866674e-02,5.917241e-05
