# rmse alpha/u,rmse phic/h,rmse h/r,spread alpha/u,spread phic/h,spread h/r
3.395984e-01,8.785744e-02,1.694488e-01,1.258072e-01,6.342876e-02,8.502134e-02
5.414219e-03,3.466620e-02,6.108289e-05,3.897388e-03,2.890645e-02,5.143325e-05
