# rmse alpha/u,rmse phic/h,rmse h/r,spread alpha/u,spread phic/h,spread h/r
3.395984e-01,8.785744e-02,1.694488e-01,1.258072e-01,6.342876e-02,8.502134e-02
5.093555e-03,3.437399e-02,7.097247e-05,3.266240e-03,2.527385e-02,5.912436e-05
