# rmse alpha/u,rmse phic/h,rmse h/r,spread alpha/u,spread phic/h,spread h/r
3.395984e-01,8.785744e-02,1.694488e-01,1.258072e-01,6.342876e-02,8.502134e-02
4.123184e-03,3.195780e-02,7.406663e-05,3.426761e-03,2.543453e-02,5.067475e-05
