# rmse alpha/u,rmse phic/h,rmse h/r,spread alpha/u,spread phic/h,spread h/r
3.395984e-01,8.785744e-02,1.694488e-01,1.258072e-01,6.342876e-02,8.502134e-02
5.712495e-03,3.432449e-02,5.174034e-05,3.623300e-03,2.526250e-02,4.998118e-05
