# rmse alpha/u,rmse phic/h,rmse h/r,spread alpha/u,spread phic/h,spread h/r
2.347272e-01,3.322448e-01,6.150757e-01,1.872850e-01,2.322742e-01,2.037886e-01
9.068318e-04,7.294243e-03,3.199040e-05,8.803190e-04,7.112629e-03,4.717823e-05
