# rmse alpha/u,rmse phic/h,rmse h/r,spread alpha/u,spread phic/h,spread h/r
2.347272e-01,3.322448e-01,6.150757e-01,1.872850e-01,2.322742e-01,2.037886e-01
7.983258e-04,6.206975e-03,2.177511e-05,8.103114e-04,6.336314e-03,4.217502e-05
