# rmse alpha/u,rmse phic/h,rmse h/r,spread alpha/u,spread phic/h,spread h/r
2.347272e-01,3.322448e-01,6.150757e-01,1.872850e-01,2.322742e-01,2.037886e-01
8.049577e-04,6.353017e-03,2.021788e-05,8.065529e-04,6.392149e-03,4.216943e-05
