# rmse alpha/u,rmse phic/h,rmse h/r,spread alpha/u,spread phic/h,spread h/r
2.589960e-02,8.026186e-04,4.670679e-03,2.007666e-01,2.380345e-01,2.181955e-01
4.861997e-03,2.432979e-02,6.418729e-05,2.061770e-03,1.422426e-02,3.880002e-05
