# rmse alpha/u,rmse phic/h,rmse h/r,spread alpha/u,spread phic/h,spread h/r
2.589960e-02,8.026186e-04,4.670679e-03,2.007666e-01,2.380345e-01,2.181955e-01
2.712414e-03,1.831194e-02,4.742151e-05,1.930462e-03,1.389525e-02,3.806879e-05
