# rmse alpha/u,rmse phic/h,rmse h/r,spread alpha/u,spread phic/h,spread h/r
2.589960e-02,8.026186e-04,4.670679e-03,2.007666e-01,2.380345e-01,2.181955e-01
3.717941e-03,2.067817e-02,5.440904e-05,2.381626e-03,1.715541e-02,3.421313e-05
