# rmse alpha/u,rmse phic/h,rmse h/r,spread alpha/u,spread phic/h,spread h/r
2.589960e-02,8.026186e-04,4.670679e-03,2.007666e-01,2.380345e-01,2.181955e-01
2.944513e-03,1.643022e-02,5.829745e-05,2.044458e-03,1.530451e-02,3.625842e-05
