# rmse alpha/u,rmse phic/h,rmse h/r,spread alpha/u,spread phic/h,spread h/r
2.589960e-02,8.026186e-04,4.670679e-03,2.007666e-01,2.380345e-01,2.181955e-01
3.642248e-03,2.456106e-02,5.113631e-05,1.928497e-03,1.405579e-02,3.807150e-05
