# rmse alpha/u,rmse phic/h,rmse h/r,spread alpha/u,spread phic/h,spread h/r
2.589960e-02,8.026186e-04,4.670679e-03,2.007666e-01,2.380345e-01,2.181955e-01
3.922641e-03,2.740372e-02,5.321635e-05,2.457751e-03,1.658442e-02,3.663783e-05
