# rmse alpha/u,rmse phic/h,rmse h/r,spread alpha/u,spread phic/h,spread h/r
2.589960e-02,8.026186e-04,4.670679e-03,2.007666e-01,2.380345e-01,2.181955e-01
5.312617e-03,2.298256e-02,6.147658e-05,1.898259e-03,1.299450e-02,3.635570e-05
