# rmse alpha/u,rmse phic/h,rmse h/r,spread alpha/u,spread phic/h,spread h/r
5.295563e-03,3.005982e-04,4.416518e-02,1.365223e-01,2.180640e-01,1.827084e-01
3.307085e-03,2.017072e-02,4.520211e-05,9.639922e-04,7.589256e-03,4.495728e-05
