# rmse alpha/u,rmse phic/h,rmse h/r,spread alpha/u,spread phic/h,spread h/r
5.295563e-03,3.005982e-04,4.416518e-02,1.365223e-01,2.180640e-01,1.827084e-01
2.095188e-03,1.078910e-02,4.535128e-05,9.286467e-04,7.054075e-03,4.400121e-05
