# rmse alpha/u,rmse phic/h,rmse h/r,spread alpha/u,spread phic/h,spread h/r
5.295563e-03,3.005982e-04,4.416518e-02,1.365223e-01,2.180640e-01,1.827084e-01
3.263829e-03,1.576763e-02,2.569179e-05,1.284877e-03,9.066469e-03,4.603736e-05
