# rmse alpha/u,rmse phic/h,rmse h/r,spread alpha/u,spread phic/h,spread h/r
5.295563e-03,3.005982e-04,4.416518e-02,1.365223e-01,2.180640e-01,1.827084e-01
2.781087e-03,1.601318e-02,3.605217e-05,9.976819e-04,7.490187e-03,4.535317e-05
