# rmse alpha/u,rmse phic/h,rmse h/r,spread alpha/u,spread phic/h,spread h/r
5.295563e-03,3.005982e-04,4.416518e-02,1.365223e-01,2.180640e-01,1.827084e-01
1.204730e-03,9.967513e-03,2.261377e-05,9.834531e-04,7.313839e-03,4.349361e-05
