# rmse alpha/u,rmse phic/h,rmse h/r,spread alpha/u,spread phic/h,spread h/r
5.295563e-03,3.005982e-04,4.416518e-02,1.365223e-01,2.180640e-01,1.827084e-01
3.534177e-03,1.617730e-02,2.523708e-05,1.874562e-03,1.252200e-02,4.694218e-05
