# rmse alpha/u,rmse phic/h,rmse h/r,spread alpha/u,spread phic/h,spread h/r
1.852982e-02,9.051822e-05,1.351023e-02,1.359019e-01,1.542414e-01,2.077208e-01
8.151115e-04,6.473059e-03,2.022221e-05,8.300691e-04,6.513902e-03,5.342465e-05
