# rmse alpha/u,rmse phic/h,rmse h/r,spread alpha/u,spread phic/h,spread h/r
1.852982e-02,9.051822e-05,1.351023e-02,1.359019e-01,1.542414e-01,2.077208e-01
8.461525e-04,6.305916e-03,2.294330e-05,8.432197e-04,6.644132e-03,5.415173e-05
