# rmse alpha/u,rmse phic/h,rmse h/r,spread alpha/u,spread phic/h,spread h/r
1.852982e-02,9.051822e-05,1.351023e-02,1.359019e-01,1.542414e-01,2.077208e-01
8.636091e-04,6.812065e-03,2.066409e-05,8.577055e-04,6.988892e-03,5.357091e-05
