# rmse alpha/u,rmse phic/h,rmse h/r,spread alpha/u,spread phic/h,spread h/r
1.852982e-02,9.051822e-05,1.351023e-02,1.359019e-01,1.542414e-01,2.077208e-01
8.613326e-04,6.722566e-03,1.825209e-05,8.559766e-04,6.794524e-03,5.314624e-05
