# rmse alpha/u,rmse phic/h,rmse h/r,spread alpha/u,spread phic/h,spread h/r
4.199779e-03,1.685568e-03,5.507026e-03,2.011122e-01,2.284813e-01,1.938860e-01
2.914186e-03,2.369228e-02,6.327646e-05,1.608103e-03,1.152692e-02,1.540206e-05
