# rmse alpha/u,rmse phic/h,rmse h/r,spread alpha/u,spread phic/h,spread h/r
4.199779e-03,1.685568e-03,5.507026e-03,2.011122e-01,2.284813e-01,1.938860e-01
3.986073e-03,2.172975e-02,5.159504e-05,1.747261e-03,1.205119e-02,1.756903e-05
