# rmse alpha/u,rmse phic/h,rmse h/r,spread alpha/u,spread phic/h,spread h/r
2.297269e-01,3.639714e-01,5.954417e-01,1.837476e-01,2.443896e-01,2.064901e-01
8.403799e-04,6.918708e-03,2.389590e-05,8.696784e-04,6.850365e-03,4.567028e-05
