# rmse alpha/u,rmse phic/h,rmse h/r,spread alpha/u,spread phic/h,spread h/r
2.297269e-01,3.639714e-01,5.954417e-01,1.837476e-01,2.443896e-01,2.064901e-01
8.955985e-04,7.086047e-03,2.421281e-05,8.883461e-04,7.181708e-03,4.865312e-05
