# rmse alpha/u,rmse phic/h,rmse h/r,spread alpha/u,spread phic/h,spread h/r
3.327033e-02,7.122775e-03,1.759084e-02,1.235949e-01,2.354257e-01,2.112475e-01
9.809920e-04,7.041652e-03,2.074827e-05,8.448661e-04,6.585650e-03,4.989105e-05
