# rmse alpha/u,rmse phic/h,rmse h/r,spread alpha/u,spread phic/h,spread h/r
3.327033e-02,7.122775e-03,1.759084e-02,1.235949e-01,2.354257e-01,2.112475e-01
8.830567e-04,6.792219e-03,2.228885e-05,8.881506e-04,7.134424e-03,5.212741e-05
