# rmse alpha/u,rmse phic/h,rmse h/r,spread alpha/u,spread phic/h,spread h/r
3.327033e-02,7.122775e-03,1.759084e-02,1.235949e-01,2.354257e-01,2.112475e-01
8.704360e-04,6.992561e-03,2.059851e-05,8.829003e-04,7.210502e-03,5.319067e-05
