# rmse alpha/u,rmse phic/h,rmse h/r,spread alpha/u,spread phic/h,spread h/r
5.460531e-03,6.268129e-03,5.452725e-01,2.064906e-01,1.899857e-01,1.562718e-01
1.449471e-03,1.137141e-02,4.769316e-05,1.385318e-03,9.832808e-03,3.981397e-05
