# rmse alpha/u,rmse phic/h,rmse h/r,spread alpha/u,spread phic/h,spread h/r
5.460531e-03,6.268129e-03,5.452725e-01,2.064906e-01,1.899857e-01,1.562718e-01
8.483560e-04,6.045883e-03,2.965959e-05,8.380700e-04,6.529222e-03,3.768776e-05
