# rmse alpha/u,rmse phic/h,rmse h/r,spread alpha/u,spread phic/h,spread h/r
5.460531e-03,6.268129e-03,5.452725e-01,2.064906e-01,1.899857e-01,1.562718e-01
1.892649e-03,9.665131e-03,4.411365e-05,1.148936e-03,8.320671e-03,3.892622e-05
