# rmse alpha/u,rmse phic/h,rmse h/r,spread alpha/u,spread phic/h,spread h/r
5.460531e-03,6.268129e-03,5.452725e-01,2.064906e-01,1.899857e-01,1.562718e-01
9.982788e-04,6.728087e-03,3.679166e-05,9.037750e-04,6.898162e-03,3.725023e-05
