# rmse alpha/u,rmse phic/h,rmse h/r,spread alpha/u,spread phic/h,spread h/r
5.460531e-03,6.268129e-03,5.452725e-01,2.064906e-01,1.899857e-01,1.562718e-01
1.359888e-03,7.498177e-03,3.129075e-05,9.782272e-04,7.101611e-03,3.563884e-05
