# rmse alpha/u,rmse phic/h,rmse h/r,spread alpha/u,spread phic/h,spread h/r
5.460531e-03,6.268129e-03,5.452725e-01,2.064906e-01,1.899857e-01,1.562718e-01
8.847243e-04,6.946729e-03,3.096667e-05,9.205059e-04,6.870507e-03,3.647407e-05
