# rmse alpha/u,rmse phic/h,rmse h/r,spread alpha/u,spread phic/h,spread h/r
5.460531e-03,6.268129e-03,5.452725e-01,2.064906e-01,1.899857e-01,1.562718e-01
8.334456e-04,6.277289e-03,3.719070e-05,8.342033e-04,6.642503e-03,3.771265e-05
