# rmse alpha/u,rmse phic/h,rmse h/r,spread alpha/u,spread phic/h,spread h/r
5.460531e-03,6.268129e-03,5.452725e-01,2.064906e-01,1.899857e-01,1.562718e-01
9.126117e-04,5.993288e-03,3.064635e-05,8.551523e-04,6.519981e-03,3.454698e-05
