# rmse alpha/u,rmse phic/h,rmse h/r,spread alpha/u,spread phic/h,spread h/r
5.460531e-03,6.268129e-03,5.452725e-01,2.064906e-01,1.899857e-01,1.562718e-01
2.151775e-03,1.514135e-02,4.831850e-05,1.603443e-03,1.207311e-02,4.221823e-05
