# rmse alpha/u,rmse phic/h,rmse h/r,spread alpha/u,spread phic/h,spread h/r
5.460531e-03,6.268129e-03,5.452725e-01,2.064906e-01,1.899857e-01,1.562718e-01
8.480309e-04,6.783717e-03,3.305945e-05,8.331162e-04,6.424986e-03,3.691839e-05
