# rmse alpha/u,rmse phic/h,rmse h/r,spread alpha/u,spread phic/h,spread h/r
5.460531e-03,6.268129e-03,5.452725e-01,2.064906e-01,1.899857e-01,1.562718e-01
8.359479e-04,6.449286e-03,2.720810e-05,8.651815e-04,6.620625e-03,3.592816e-05
