# rmse alpha/u,rmse phic/h,rmse h/r,spread alpha/u,spread phic/h,spread h/r
1.068185e-01,8.314731e-06,1.082229e-02,1.719932e-01,1.921263e-01,1.856927e-01
4.074874e-03,2.073186e-02,6.395205e-05,2.116460e-03,1.386162e-02,3.816245e-05
