# rmse alpha/u,rmse phic/h,rmse h/r,spread alpha/u,spread phic/h,spread h/r
1.068185e-01,8.314731e-06,1.082229e-02,1.719932e-01,1.921263e-01,1.856927e-01
4.194771e-03,2.356816e-02,6.386834e-05,2.743514e-03,1.844287e-02,4.982527e-05
