# rmse alpha/u,rmse phic/h,rmse h/r,spread alpha/u,spread phic/h,spread h/r
1.068185e-01,8.314731e-06,1.082229e-02,1.719932e-01,1.921263e-01,1.856927e-01
3.262201e-03,2.565310e-02,6.609713e-05,1.948033e-03,1.389124e-02,4.319787e-05
