# rmse alpha/u,rmse phic/h,rmse h/r,spread alpha/u,spread phic/h,spread h/r
1.068185e-01,8.314731e-06,1.082229e-02,1.719932e-01,1.921263e-01,1.856927e-01
2.952852e-03,2.007867e-02,5.996022e-05,1.444569e-03,9.901864e-03,3.699127e-05
