# rmse alpha/u,rmse phic/h,rmse h/r,spread alpha/u,spread phic/h,spread h/r
1.068185e-01,8.314731e-06,1.082229e-02,1.719932e-01,1.921263e-01,1.856927e-01
2.185502e-03,1.867786e-02,7.243108e-05,1.510390e-03,1.055444e-02,3.859030e-05
