# rmse alpha/u,rmse phic/h,rmse h/r,spread alpha/u,spread phic/h,spread h/r
1.068185e-01,8.314731e-06,1.082229e-02,1.719932e-01,1.921263e-01,1.856927e-01
2.514863e-03,1.331804e-02,5.818114e-05,1.261782e-03,9.339476e-03,3.754711e-05
