# rmse alpha/u,rmse phic/h,rmse h/r,spread alpha/u,spread phic/h,spread h/r
1.068185e-01,8.314731e-06,1.082229e-02,1.719932e-01,1.921263e-01,1.856927e-01
3.247017e-03,1.312886e-02,5.808819e-05,1.214801e-03,8.425625e-03,4.002272e-05
