# rmse alpha/u,rmse phic/h,rmse h/r,spread alpha/u,spread phic/h,spread h/r
1.068185e-01,8.314731e-06,1.082229e-02,1.719932e-01,1.921263e-01,1.856927e-01
4.318499e-03,1.594652e-02,5.615252e-05,1.301707e-03,8.317959e-03,3.804483e-05
