# rmse alpha/u,rmse phic/h,rmse h/r,spread alpha/u,spread phic/h,spread h/r
2.165371e-01,3.329667e-01,3.912788e-01,1.354666e-01,2.169042e-01,1.474046e-01
2.953126e-03,1.875033e-02,6.381463e-05,1.917983e-03,1.460083e-02,2.586059e-05
