# rmse alpha/u,rmse phic/h,rmse h/r,spread alpha/u,spread phic/h,spread h/r
2.165371e-01,3.329667e-01,3.912788e-01,1.354666e-01,2.169042e-01,1.474046e-01
2.575148e-03,2.023887e-02,5.694800e-05,1.190278e-03,8.747799e-03,2.631722e-05
