# rmse alpha/u,rmse phic/h,rmse h/r,spread alpha/u,spread phic/h,spread h/r
2.165371e-01,3.329667e-01,3.912788e-01,1.354666e-01,2.169042e-01,1.474046e-01
2.972333e-03,1.497557e-02,6.770168e-05,1.587951e-03,1.120708e-02,2.061048e-05
