# rmse alpha/u,rmse phic/h,rmse h/r,spread alpha/u,spread phic/h,spread h/r
2.165371e-01,3.329667e-01,3.912788e-01,1.354666e-01,2.169042e-01,1.474046e-01
1.100386e-03,7.386697e-03,6.158620e-05,9.181347e-04,6.758936e-03,2.274759e-05
