# rmse alpha/u,rmse phic/h,rmse h/r,spread alpha/u,spread phic/h,spread h/r
2.165371e-01,3.329667e-01,3.912788e-01,1.354666e-01,2.169042e-01,1.474046e-01
1.287963e-03,9.699181e-03,5.463781e-05,9.292494e-04,6.966665e-03,2.062683e-05
