# rmse alpha/u,rmse phic/h,rmse h/r,spread alpha/u,spread phic/h,spread h/r
2.165371e-01,3.329667e-01,3.912788e-01,1.354666e-01,2.169042e-01,1.474046e-01
1.913468e-03,2.092472e-02,6.388191e-05,1.241778e-03,9.680044e-03,2.630502e-05
