# rmse alpha/u,rmse phic/h,rmse h/r,spread alpha/u,spread phic/h,spread h/r
2.165371e-01,3.329667e-01,3.912788e-01,1.354666e-01,2.169042e-01,1.474046e-01
1.620820e-03,1.143553e-02,5.039396e-05,1.187280e-03,8.526427e-03,1.857213e-05
