# rmse alpha/u,rmse phic/h,rmse h/r,spread alpha/u,spread phic/h,spread h/r
2.165371e-01,3.329667e-01,3.912788e-01,1.354666e-01,2.169042e-01,1.474046e-01
3.072040e-03,1.738066e-02,5.060559e-05,1.550961e-03,1.048982e-02,1.945569e-05
