# rmse alpha/u,rmse phic/h,rmse h/r,spread alpha/u,spread phic/h,spread h/r
2.183241e-02,3.859904e-03,8.050197e-02,1.203038e-01,6.766516e-02,6.759261e-02
4.166252e-03,3.025123e-02,5.024036e-05,3.607141e-03,2.703273e-02,4.547272e-05
