# rmse alpha/u,rmse phic/h,rmse h/r,spread alpha/u,spread phic/h,spread h/r
2.183241e-02,3.859904e-03,8.050197e-02,1.203038e-01,6.766516e-02,6.759261e-02
4.706424e-03,3.086752e-02,6.687635e-05,3.383815e-03,2.521191e-02,5.144923e-05
