# rmse alpha/u,rmse phic/h,rmse h/r,spread alpha/u,spread phic/h,spread h/r
2.183241e-02,3.859904e-03,8.050197e-02,1.203038e-01,6.766516e-02,6.759261e-02
4.368983e-03,2.566102e-02,6.201593e-05,4.288649e-03,3.184616e-02,5.729992e-05
