# rmse alpha/u,rmse phic/h,rmse h/r,spread alpha/u,spread phic/h,spread h/r
2.183241e-02,3.859904e-03,8.050197e-02,1.203038e-01,6.766516e-02,6.759261e-02
5.290639e-03,3.840144e-02,6.763040e-05,3.945478e-03,3.018194e-02,5.536053e-05
