# rmse alpha/u,rmse phic/h,rmse h/r,spread alpha/u,spread phic/h,spread h/r
2.183241e-02,3.859904e-03,8.050197e-02,1.203038e-01,6.766516e-02,6.759261e-02
4.041679e-03,3.312381e-02,5.523500e-05,3.690260e-03,2.678375e-02,4.387419e-05
