# rmse alpha/u,rmse phic/h,rmse h/r,spread alpha/u,spread phic/h,spread h/r
1.523062e-01,4.335167e-01,2.829486e-01,1.273473e-01,2.300883e-01,2.154004e-01
8.462703e-04,6.567280e-03,2.215282e-05,8.461153e-04,6.720843e-03,4.206366e-05
