# rmse alpha/u,rmse phic/h,rmse h/r,spread alpha/u,spread phic/h,spread h/r
1.523062e-01,4.335167e-01,2.829486e-01,1.273473e-01,2.300883e-01,2.154004e-01
8.859934e-04,8.035267e-03,2.629657e-05,8.617625e-04,6.842096e-03,4.326150e-05
