# rmse alpha/u,rmse phic/h,rmse h/r,spread alpha/u,spread phic/h,spread h/r
1.523062e-01,4.335167e-01,2.829486e-01,1.273473e-01,2.300883e-01,2.154004e-01
8.380911e-04,6.487017e-03,2.146969e-05,8.366578e-04,6.546225e-03,4.430801e-05
