# rmse alpha/u,rmse phic/h,rmse h/r,spread alpha/u,spread phic/h,spread h/r
1.523062e-01,4.335167e-01,2.829486e-01,1.273473e-01,2.300883e-01,2.154004e-01
8.190534e-04,6.841902e-03,3.259265e-05,8.367795e-04,6.701784e-03,4.493637e-05
