# rmse alpha/u,rmse phic/h,rmse h/r,spread alpha/u,spread phic/h,spread h/r
7.667402e-01,2.852917e-01,2.229661e-01,1.365009e-01,2.056984e-01,1.580122e-01
3.298844e-03,2.007539e-02,2.491135e-05,3.240127e-03,2.465480e-02,2.374317e-05
