# rmse alpha/u,rmse phic/h,rmse h/r,spread alpha/u,spread phic/h,spread h/r
7.667402e-01,2.852917e-01,2.229661e-01,1.365009e-01,2.056984e-01,1.580122e-01
3.250701e-03,2.067865e-02,2.198518e-05,2.606010e-03,1.818875e-02,2.085990e-05
