# rmse alpha/u,rmse phic/h,rmse h/r,spread alpha/u,spread phic/h,spread h/r
7.667402e-01,2.852917e-01,2.229661e-01,1.365009e-01,2.056984e-01,1.580122e-01
3.624335e-03,1.836965e-02,3.276194e-05,3.144112e-03,2.292367e-02,2.555368e-05
