# rmse alpha/u,rmse phic/h,rmse h/r,spread alpha/u,spread phic/h,spread h/r
7.667402e-01,2.852917e-01,2.229661e-01,1.365009e-01,2.056984e-01,1.580122e-01
3.641155e-03,2.299143e-02,3.366522e-05,2.958868e-03,2.130622e-02,2.637696e-05
