# rmse alpha/u,rmse phic/h,rmse h/r,spread alpha/u,spread phic/h,spread h/r
7.667402e-01,2.852917e-01,2.229661e-01,1.365009e-01,2.056984e-01,1.580122e-01
4.111370e-03,3.199286e-02,3.384522e-05,3.103092e-03,2.351842e-02,2.554025e-05
