# rmse alpha/u,rmse phic/h,rmse h/r,spread alpha/u,spread phic/h,spread h/r
7.667402e-01,2.852917e-01,2.229661e-01,1.365009e-01,2.056984e-01,1.580122e-01
3.031436e-03,1.884640e-02,3.321260e-05,2.601746e-03,1.932271e-02,2.808218e-05
