# rmse alpha/u,rmse phic/h,rmse h/r,spread alpha/u,spread phic/h,spread h/r
8.730968e-02,2.508349e-02,1.648929e-02,1.537970e-01,7.915719e-02,6.049469e-02
4.307557e-03,2.917350e-02,4.889904e-05,2.199195e-03,1.410193e-02,2.710936e-05
