# rmse alpha/u,rmse phic/h,rmse h/r,spread alpha/u,spread phic/h,spread h/r
8.730968e-02,2.508349e-02,1.648929e-02,1.537970e-01,7.915719e-02,6.049469e-02
5.855810e-03,3.532184e-02,4.807640e-05,3.171757e-03,2.148994e-02,2.594080e-05
