# rmse alpha/u,rmse phic/h,rmse h/r,spread alpha/u,spread phic/h,spread h/r
8.730968e-02,2.508349e-02,1.648929e-02,1.537970e-01,7.915719e-02,6.049469e-02
4.999653e-03,3.099873e-02,5.483167e-05,2.798123e-03,1.950578e-02,2.652731e-05
