# rmse alpha/u,rmse phic/h,rmse h/r,spread alpha/u,spread phic/h,spread h/r
8.730968e-02,2.508349e-02,1.648929e-02,1.537970e-01,7.915719e-02,6.049469e-02
4.641731e-03,2.954400e-02,5.586050e-05,2.716592e-03,1.870325e-02,3.016494e-05
