# rmse alpha/u,rmse phic/h,rmse h/r,spread alpha/u,spread phic/h,spread h/r
8.730968e-02,2.508349e-02,1.648929e-02,1.537970e-01,7.915719e-02,6.049469e-02
2.663963e-03,3.243822e-02,6.329842e-05,2.140443e-03,1.656154e-02,2.902497e-05
