# rmse alpha/u,rmse phic/h,rmse h/r,spread alpha/u,spread phic/h,spread h/r
8.730968e-02,2.508349e-02,1.648929e-02,1.537970e-01,7.915719e-02,6.049469e-02
3.730987e-03,2.168911e-02,5.366506e-05,2.364003e-03,1.611529e-02,2.386394e-05
