# rmse alpha/u,rmse phic/h,rmse h/r,spread alpha/u,spread phic/h,spread h/r
9.316434e-02,6.641720e-02,3.475954e-02,2.123994e-01,1.936555e-01,1.948980e-01
9.361994e-04,8.426135e-03,1.081393e-04,8.965172e-04,6.337107e-03,1.184811e-05
