# rmse alpha/u,rmse phic/h,rmse h/r,spread alpha/u,spread phic/h,spread h/r
9.316434e-02,6.641720e-02,3.475954e-02,2.123994e-01,1.936555e-01,1.948980e-01
9.410266e-04,8.311417e-03,1.083575e-04,8.386477e-04,6.299732e-03,1.494245e-05
