# rmse alpha/u,rmse phic/h,rmse h/r,spread alpha/u,spread phic/h,spread h/r
9.316434e-02,6.641720e-02,3.475954e-02,2.123994e-01,1.936555e-01,1.948980e-01
1.303381e-03,9.698762e-03,1.080318e-04,9.771142e-04,7.536533e-03,1.116589e-05
