# rmse alpha/u,rmse phic/h,rmse h/r,spread alpha/u,spread phic/h,spread h/r
9.316434e-02,6.641720e-02,3.475954e-02,2.123994e-01,1.936555e-01,1.948980e-01
1.010229e-03,1.198673e-02,1.238476e-04,8.970072e-04,6.483091e-03,1.579435e-05
