# rmse alpha/u,rmse phic/h,rmse h/r,spread alpha/u,spread phic/h,spread h/r
9.316434e-02,6.641720e-02,3.475954e-02,2.123994e-01,1.936555e-01,1.948980e-01
1.912824e-03,9.539079e-03,1.205323e-04,8.665064e-04,6.246365e-03,1.478105e-05
