# rmse alpha/u,rmse phic/h,rmse h/r,spread alpha/u,spread phic/h,spread h/r
9.316434e-02,6.641720e-02,3.475954e-02,2.123994e-01,1.936555e-01,1.948980e-01
1.135025e-03,6.688541e-03,1.161681e-04,8.198595e-04,6.182815e-03,1.521503e-05
