# rmse alpha/u,rmse phic/h,rmse h/r,spread alpha/u,spread phic/h,spread h/r
9.316434e-02,6.641720e-02,3.475954e-02,2.123994e-01,1.936555e-01,1.948980e-01
1.474210e-03,8.774518e-03,1.110707e-04,8.226446e-04,6.142695e-03,1.272217e-05
