# rmse alpha/u,rmse phic/h,rmse h/r,spread alpha/u,spread phic/h,spread h/r
1.086909e-01,7.353970e-02,1.575688e-01,1.015539e-01,7.333733e-02,7.911654e-02
8.964415e-04,6.846825e-03,3.535695e-05,8.352458e-04,6.630309e-03,4.781826e-05
