# rmse alpha/u,rmse phic/h,rmse h/r,spread alpha/u,spread phic/h,spread h/r
1.086909e-01,7.353970e-02,1.575688e-01,1.015539e-01,7.333733e-02,7.911654e-02
8.513330e-04,6.426065e-03,2.487772e-05,8.129818e-04,6.180236e-03,4.585530e-05
