# rmse alpha/u,rmse phic/h,rmse h/r,spread alpha/u,spread phic/h,spread h/r
1.086909e-01,7.353970e-02,1.575688e-01,1.015539e-01,7.333733e-02,7.911654e-02
8.616165e-04,6.611924e-03,3.674477e-05,8.336303e-04,6.621066e-03,4.729751e-05
