# rmse alpha/u,rmse phic/h,rmse h/r,spread alpha/u,spread phic/h,spread h/r
1.086909e-01,7.353970e-02,1.575688e-01,1.015539e-01,7.333733e-02,7.911654e-02
8.419392e-04,6.867859e-03,2.566635e-05,8.041793e-04,6.453839e-03,4.613266e-05
