# rmse alpha/u,rmse phic/h,rmse h/r,spread alpha/u,spread phic/h,spread h/r
3.259568e-02,1.566441e-02,3.967793e-02,1.633829e-01,2.359221e-01,1.343989e-01
8.480958e-04,7.235875e-03,3.170029e-05,8.477362e-04,6.656348e-03,4.339084e-05
