# rmse alpha/u,rmse phic/h,rmse h/r,spread alpha/u,spread phic/h,spread h/r
3.259568e-02,1.566441e-02,3.967793e-02,1.633829e-01,2.359221e-01,1.343989e-01
8.606232e-04,7.036033e-03,3.888232e-05,8.458801e-04,6.726870e-03,4.362271e-05
