# rmse alpha/u,rmse phic/h,rmse h/r,spread alpha/u,spread phic/h,spread h/r
3.259568e-02,1.566441e-02,3.967793e-02,1.633829e-01,2.359221e-01,1.343989e-01
9.099169e-04,7.875590e-03,4.671271e-05,8.423686e-04,6.766674e-03,4.304366e-05
