# rmse alpha/u,rmse phic/h,rmse h/r,spread alpha/u,spread phic/h,spread h/r
3.259568e-02,1.566441e-02,3.967793e-02,1.633829e-01,2.359221e-01,1.343989e-01
8.548361e-04,7.062783e-03,3.675265e-05,8.253683e-04,6.747198e-03,4.282621e-05
