# rmse alpha/u,rmse phic/h,rmse h/r,spread alpha/u,spread phic/h,spread h/r
3.259568e-02,1.566441e-02,3.967793e-02,1.633829e-01,2.359221e-01,1.343989e-01
8.365806e-04,6.592712e-03,3.517757e-05,8.179115e-04,6.524460e-03,4.181232e-05
