# rmse alpha/u,rmse phic/h,rmse h/r,spread alpha/u,spread phic/h,spread h/r
3.259568e-02,1.566441e-02,3.967793e-02,1.633829e-01,2.359221e-01,1.343989e-01
9.013760e-04,9.205396e-03,3.783769e-05,8.306900e-04,6.498966e-03,4.318945e-05
