# rmse alpha/u,rmse phic/h,rmse h/r,spread alpha/u,spread phic/h,spread h/r
3.259568e-02,1.566441e-02,3.967793e-02,1.633829e-01,2.359221e-01,1.343989e-01
8.857179e-04,7.813617e-03,3.282051e-05,8.722188e-04,6.866473e-03,4.376116e-05
