# rmse alpha/u,rmse phic/h,rmse h/r,spread alpha/u,spread phic/h,spread h/r
1.408000e-01,2.238648e-01,1.587371e-01,1.231593e-01,1.001692e-01,7.261699e-02
8.814589e-04,7.304407e-03,2.576677e-05,8.583665e-04,6.904631e-03,5.132162e-05
