# rmse alpha/u,rmse phic/h,rmse h/r,spread alpha/u,spread phic/h,spread h/r
1.408000e-01,2.238648e-01,1.587371e-01,1.231593e-01,1.001692e-01,7.261699e-02
8.644637e-04,7.216271e-03,2.726079e-05,8.582623e-04,6.823909e-03,5.253683e-05
