# rmse alpha/u,rmse phic/h,rmse h/r,spread alpha/u,spread phic/h,spread h/r
1.408000e-01,2.238648e-01,1.587371e-01,1.231593e-01,1.001692e-01,7.261699e-02
8.709367e-04,6.405335e-03,1.987895e-05,8.382750e-04,6.619863e-03,5.137999e-05
