# rmse alpha/u,rmse phic/h,rmse h/r,spread alpha/u,spread phic/h,spread h/r
1.408000e-01,2.238648e-01,1.587371e-01,1.231593e-01,1.001692e-01,7.261699e-02
9.099027e-04,7.146465e-03,2.147543e-05,8.799414e-04,6.913353e-03,5.277877e-05
