# rmse alpha/u,rmse phic/h,rmse h/r,spread alpha/u,spread phic/h,spread h/r
1.408000e-01,2.238648e-01,1.587371e-01,1.231593e-01,1.001692e-01,7.261699e-02
8.951379e-04,7.790320e-03,2.407736e-05,8.810004e-04,7.163161e-03,5.262565e-05
