# rmse alpha/u,rmse phic/h,rmse h/r,spread alpha/u,spread phic/h,spread h/r
1.326599e-01,4.099514e-04,3.242754e-01,2.014417e-01,2.219743e-01,1.900285e-01
4.980559e-03,3.859062e-02,8.863264e-05,3.651191e-03,2.746303e-02,5.618152e-05
