# rmse alpha/u,rmse phic/h,rmse h/r,spread alpha/u,spread phic/h,spread h/r
1.326599e-01,4.099514e-04,3.242754e-01,2.014417e-01,2.219743e-01,1.900285e-01
4.775094e-03,3.295930e-02,1.016521e-04,3.773895e-03,2.928476e-02,7.209681e-05
