# rmse alpha/u,rmse phic/h,rmse h/r,spread alpha/u,spread phic/h,spread h/r
1.326599e-01,4.099514e-04,3.242754e-01,2.014417e-01,2.219743e-01,1.900285e-01
5.307576e-03,3.385744e-02,9.379660e-05,4.319331e-03,3.122588e-02,6.538631e-05
