# rmse alpha/u,rmse phic/h,rmse h/r,spread alpha/u,spread phic/h,spread h/r
4.082480e-02,2.180480e-02,5.725473e-02,1.338902e-01,9.703770e-02,7.819269e-02
4.727492e-03,3.437254e-02,6.003374e-05,3.293164e-03,2.366042e-02,5.090705e-05
