# rmse alpha/u,rmse phic/h,rmse h/r,spread alpha/u,spread phic/h,spread h/r
4.082480e-02,2.180480e-02,5.725473e-02,1.338902e-01,9.703770e-02,7.819269e-02
3.417397e-03,2.080550e-02,5.753472e-05,2.959137e-03,2.068127e-02,5.122631e-05
