# rmse alpha/u,rmse phic/h,rmse h/r,spread alpha/u,spread phic/h,spread h/r
2.042078e-01,2.541856e-01,2.067015e-01,1.674265e-01,2.226131e-01,1.935605e-01
9.599434e-04,6.981250e-03,3.362482e-05,8.265720e-04,6.505677e-03,4.336461e-05
