# rmse alpha/u,rmse phic/h,rmse h/r,spread alpha/u,spread phic/h,spread h/r
2.042078e-01,2.541856e-01,2.067015e-01,1.674265e-01,2.226131e-01,1.935605e-01
8.847020e-04,6.931539e-03,3.221340e-05,8.525766e-04,6.819121e-03,4.367736e-05
