# rmse alpha/u,rmse phic/h,rmse h/r,spread alpha/u,spread phic/h,spread h/r
2.042078e-01,2.541856e-01,2.067015e-01,1.674265e-01,2.226131e-01,1.935605e-01
8.226283e-04,6.564437e-03,3.373227e-05,8.190421e-04,6.681744e-03,4.377148e-05
