# rmse alpha/u,rmse phic/h,rmse h/r,spread alpha/u,spread phic/h,spread h/r
2.042078e-01,2.541856e-01,2.067015e-01,1.674265e-01,2.226131e-01,1.935605e-01
8.013530e-04,6.216523e-03,3.166986e-05,8.223450e-04,6.465291e-03,4.471689e-05
