# rmse alpha/u,rmse phic/h,rmse h/r,spread alpha/u,spread phic/h,spread h/r
2.042078e-01,2.541856e-01,2.067015e-01,1.674265e-01,2.226131e-01,1.935605e-01
7.958115e-04,6.206785e-03,2.910635e-05,7.882775e-04,6.140214e-03,4.006006e-05
