# rmse alpha/u,rmse phic/h,rmse h/r,spread alpha/u,spread phic/h,spread h/r
2.042078e-01,2.541856e-01,2.067015e-01,1.674265e-01,2.226131e-01,1.935605e-01
7.745720e-04,6.271828e-03,2.904468e-05,7.760506e-04,6.064997e-03,3.982978e-05
