# rmse alpha/u,rmse phic/h,rmse h/r,spread alpha/u,spread phic/h,spread h/r
5.250549e-03,2.771154e-02,4.633814e-04,1.656333e-01,2.287768e-01,1.567509e-01
8.322785e-04,5.832497e-03,1.841550e-05,8.252577e-04,6.378087e-03,3.853505e-05
