# rmse alpha/u,rmse phic/h,rmse h/r,spread alpha/u,spread phic/h,spread h/r
5.250549e-03,2.771154e-02,4.633814e-04,1.656333e-01,2.287768e-01,1.567509e-01
8.081405e-04,6.011150e-03,2.137886e-05,8.199322e-04,6.363149e-03,3.946987e-05
