# rmse alpha/u,rmse phic/h,rmse h/r,spread alpha/u,spread phic/h,spread h/r
5.250549e-03,2.771154e-02,4.633814e-04,1.656333e-01,2.287768e-01,1.567509e-01
8.851452e-04,7.092988e-03,2.579324e-05,9.198825e-04,7.239047e-03,4.451449e-05
