# rmse alpha/u,rmse phic/h,rmse h/r,spread alpha/u,spread phic/h,spread h/r
5.250549e-03,2.771154e-02,4.633814e-04,1.656333e-01,2.287768e-01,1.567509e-01
8.974346e-04,6.683791e-03,1.953296e-05,8.543441e-04,6.597278e-03,4.090415e-05
