# rmse alpha/u,rmse phic/h,rmse h/r,spread alpha/u,spread phic/h,spread h/r
5.250549e-03,2.771154e-02,4.633814e-04,1.656333e-01,2.287768e-01,1.567509e-01
8.712532e-04,7.829848e-03,2.072058e-05,9.876264e-04,7.348945e-03,3.878960e-05
