# rmse alpha/u,rmse phic/h,rmse h/r,spread alpha/u,spread phic/h,spread h/r
1.099368e-02,2.510904e-01,5.975570e-01,1.969593e-01,1.699969e-01,1.470455e-01
2.245997e-03,1.203782e-02,8.086262e-05,1.563760e-03,1.046340e-02,4.673434e-05
