# rmse alpha/u,rmse phic/h,rmse h/r,spread alpha/u,spread phic/h,spread h/r
1.099368e-02,2.510904e-01,5.975570e-01,1.969593e-01,1.699969e-01,1.470455e-01
3.261698e-03,1.825621e-02,8.412373e-05,2.633418e-03,1.829473e-02,5.764454e-05
