# rmse alpha/u,rmse phic/h,rmse h/r,spread alpha/u,spread phic/h,spread h/r
8.381287e-02,8.683010e-02,2.110094e-01,2.007666e-01,2.380345e-01,2.181955e-01
4.281070e-03,2.988156e-02,7.969674e-05,3.210596e-03,2.264356e-02,4.664438e-05
