# rmse alpha/u,rmse phic/h,rmse h/r,spread alpha/u,spread phic/h,spread h/r
8.381287e-02,8.683010e-02,2.110094e-01,2.007666e-01,2.380345e-01,2.181955e-01
4.648219e-03,3.115502e-02,1.094913e-04,3.076753e-03,2.114170e-02,5.201245e-05
