# rmse alpha/u,rmse phic/h,rmse h/r,spread alpha/u,spread phic/h,spread h/r
8.381287e-02,8.683010e-02,2.110094e-01,2.007666e-01,2.380345e-01,2.181955e-01
3.878028e-03,2.734028e-02,9.983265e-05,2.631299e-03,1.843552e-02,4.831912e-05
