# rmse alpha/u,rmse phic/h,rmse h/r,spread alpha/u,spread phic/h,spread h/r
1.051863e-04,1.540141e-02,2.028290e-03,1.334010e-01,7.342206e-02,7.679611e-02
1.616604e-03,8.971786e-03,4.102607e-05,9.041133e-04,7.282398e-03,4.856057e-05
