# rmse alpha/u,rmse phic/h,rmse h/r,spread alpha/u,spread phic/h,spread h/r
1.066546e-01,5.519391e-04,3.045892e-02,1.302798e-01,9.120349e-02,7.817673e-02
3.364008e-03,2.795686e-02,3.915815e-05,3.918312e-03,2.926276e-02,3.891635e-05
