# rmse alpha/u,rmse phic/h,rmse h/r,spread alpha/u,spread phic/h,spread h/r
1.066546e-01,5.519391e-04,3.045892e-02,1.302798e-01,9.120349e-02,7.817673e-02
5.389806e-03,3.394999e-02,4.430793e-05,4.203178e-03,3.184867e-02,3.645682e-05
