# rmse alpha/u,rmse phic/h,rmse h/r,spread alpha/u,spread phic/h,spread h/r
8.545061e-03,4.084113e-02,4.663947e-03,1.379349e-01,2.216182e-01,1.667081e-01
8.811661e-04,6.785854e-03,2.305083e-05,8.647405e-04,6.737951e-03,4.669881e-05
