# rmse alpha/u,rmse phic/h,rmse h/r,spread alpha/u,spread phic/h,spread h/r
8.545061e-03,4.084113e-02,4.663947e-03,1.379349e-01,2.216182e-01,1.667081e-01
9.051944e-04,8.231198e-03,3.391312e-05,9.183756e-04,7.081259e-03,4.676078e-05
