# rmse alpha/u,rmse phic/h,rmse h/r,spread alpha/u,spread phic/h,spread h/r
8.545061e-03,4.084113e-02,4.663947e-03,1.379349e-01,2.216182e-01,1.667081e-01
8.419010e-04,6.833736e-03,2.434228e-05,8.240727e-04,6.501610e-03,4.437829e-05
