# rmse alpha/u,rmse phic/h,rmse h/r,spread alpha/u,spread phic/h,spread h/r
1.199490e-01,5.424942e-03,3.973040e-04,1.279999e-01,1.064021e-01,7.195837e-02
4.995117e-03,2.926593e-02,5.185555e-05,2.859227e-03,2.161765e-02,5.416678e-05
