# rmse alpha/u,rmse phic/h,rmse h/r,spread alpha/u,spread phic/h,spread h/r
1.199490e-01,5.424942e-03,3.973040e-04,1.279999e-01,1.064021e-01,7.195837e-02
2.992579e-03,2.036515e-02,6.175346e-05,2.274119e-03,1.549807e-02,4.996296e-05
