# rmse alpha/u,rmse phic/h,rmse h/r,spread alpha/u,spread phic/h,spread h/r
1.199490e-01,5.424942e-03,3.973040e-04,1.279999e-01,1.064021e-01,7.195837e-02
3.128882e-03,1.816923e-02,6.116845e-05,2.230982e-03,1.505532e-02,4.612143e-05
