# rmse alpha/u,rmse phic/h,rmse h/r,spread alpha/u,spread phic/h,spread h/r
1.199490e-01,5.424942e-03,3.973040e-04,1.279999e-01,1.064021e-01,7.195837e-02
2.969689e-03,1.890653e-02,6.651971e-05,2.272971e-03,1.617901e-02,4.373602e-05
