# rmse alpha/u,rmse phic/h,rmse h/r,spread alpha/u,spread phic/h,spread h/r
1.199490e-01,5.424942e-03,3.973040e-04,1.279999e-01,1.064021e-01,7.195837e-02
3.945825e-03,2.585439e-02,5.690850e-05,3.236768e-03,2.307553e-02,5.021939e-05
