# rmse alpha/u,rmse phic/h,rmse h/r,spread alpha/u,spread phic/h,spread h/r
1.199490e-01,5.424942e-03,3.973040e-04,1.279999e-01,1.064021e-01,7.195837e-02
4.172144e-03,2.472375e-02,6.156707e-05,3.095405e-03,2.274040e-02,5.834551e-05
