# rmse alpha/u,rmse phic/h,rmse h/r,spread alpha/u,spread phic/h,spread h/r
5.849685e-02,7.995647e-03,5.815302e-02,1.738920e-01,2.448466e-01,1.681315e-01
8.066688e-04,7.063895e-03,2.530110e-05,7.942989e-04,6.101343e-03,2.719700e-05
