# rmse alpha/u,rmse phic/h,rmse h/r,spread alpha/u,spread phic/h,spread h/r
5.849685e-02,7.995647e-03,5.815302e-02,1.738920e-01,2.448466e-01,1.681315e-01
8.244013e-04,7.050620e-03,2.947909e-05,7.693153e-04,5.935490e-03,2.763684e-05
