# rmse alpha/u,rmse phic/h,rmse h/r,spread alpha/u,spread phic/h,spread h/r
5.849685e-02,7.995647e-03,5.815302e-02,1.738920e-01,2.448466e-01,1.681315e-01
8.110354e-04,6.532730e-03,2.931001e-05,7.650443e-04,5.945147e-03,2.736699e-05
