# rmse alpha/u,rmse phic/h,rmse h/r,spread alpha/u,spread phic/h,spread h/r
5.849685e-02,7.995647e-03,5.815302e-02,1.738920e-01,2.448466e-01,1.681315e-01
8.300559e-04,6.559801e-03,2.724600e-05,7.752062e-04,6.211204e-03,2.792932e-05
