# rmse alpha/u,rmse phic/h,rmse h/r,spread alpha/u,spread phic/h,spread h/r
5.849685e-02,7.995647e-03,5.815302e-02,1.738920e-01,2.448466e-01,1.681315e-01
9.308446e-04,8.249537e-03,3.519083e-05,8.131110e-04,6.385784e-03,2.788842e-05
