# rmse alpha/u,rmse phic/h,rmse h/r,spread alpha/u,spread phic/h,spread h/r
2.672033e-02,2.383677e-02,2.998339e-01,2.178019e-01,1.997102e-01,1.533221e-01
2.138632e-03,1.343864e-02,3.906391e-05,1.472077e-03,1.046235e-02,3.596486e-05
