# rmse alpha/u,rmse phic/h,rmse h/r,spread alpha/u,spread phic/h,spread h/r
2.672033e-02,2.383677e-02,2.998339e-01,2.178019e-01,1.997102e-01,1.533221e-01
3.198647e-03,2.258969e-02,4.859459e-05,1.716881e-03,1.238178e-02,3.713036e-05
