# rmse alpha/u,rmse phic/h,rmse h/r,spread alpha/u,spread phic/h,spread h/r
2.672033e-02,2.383677e-02,2.998339e-01,2.178019e-01,1.997102e-01,1.533221e-01
3.472248e-03,1.503000e-02,3.208019e-05,1.681383e-03,1.176558e-02,3.069077e-05
