# rmse alpha/u,rmse phic/h,rmse h/r,spread alpha/u,spread phic/h,spread h/r
1.286135e-02,4.643602e-02,1.871855e-05,1.278737e-01,2.396298e-01,1.887712e-01
8.691381e-04,6.260908e-03,1.913447e-05,8.463492e-04,6.637496e-03,4.687951e-05
