# rmse alpha/u,rmse phic/h,rmse h/r,spread alpha/u,spread phic/h,spread h/r
1.286135e-02,4.643602e-02,1.871855e-05,1.278737e-01,2.396298e-01,1.887712e-01
8.618969e-04,7.239212e-03,2.605083e-05,9.277292e-04,7.386852e-03,4.827853e-05
