# rmse alpha/u,rmse phic/h,rmse h/r,spread alpha/u,spread phic/h,spread h/r
1.286135e-02,4.643602e-02,1.871855e-05,1.278737e-01,2.396298e-01,1.887712e-01
8.275737e-04,6.839305e-03,2.156476e-05,8.458114e-04,6.666205e-03,4.842299e-05
