# rmse alpha/u,rmse phic/h,rmse h/r,spread alpha/u,spread phic/h,spread h/r
9.752897e-02,7.507103e-02,3.561276e-02,2.004119e-01,2.167927e-01,1.908257e-01
2.174518e-03,1.826841e-02,1.281457e-04,8.077276e-04,6.177891e-03,1.113352e-05
