# rmse alpha/u,rmse phic/h,rmse h/r,spread alpha/u,spread phic/h,spread h/r
9.752897e-02,7.507103e-02,3.561276e-02,2.004119e-01,2.167927e-01,1.908257e-01
1.083040e-03,9.630793e-03,1.217354e-04,8.289222e-04,6.335692e-03,7.968204e-06
