# rmse alpha/u,rmse phic/h,rmse h/r,spread alpha/u,spread phic/h,spread h/r
9.752897e-02,7.507103e-02,3.561276e-02,2.004119e-01,2.167927e-01,1.908257e-01
1.170476e-03,1.032650e-02,1.336032e-04,7.979247e-04,6.070829e-03,1.168581e-05
