# rmse alpha/u,rmse phic/h,rmse h/r,spread alpha/u,spread phic/h,spread h/r
9.752897e-02,7.507103e-02,3.561276e-02,2.004119e-01,2.167927e-01,1.908257e-01
1.090858e-03,9.279694e-03,1.329795e-04,7.894562e-04,5.967199e-03,1.079710e-05
