# rmse alpha/u,rmse phic/h,rmse h/r,spread alpha/u,spread phic/h,spread h/r
9.752897e-02,7.507103e-02,3.561276e-02,2.004119e-01,2.167927e-01,1.908257e-01
8.783817e-04,6.660440e-03,1.313993e-04,7.652233e-04,5.840256e-03,1.086282e-05
