# rmse alpha/u,rmse phic/h,rmse h/r,spread alpha/u,spread phic/h,spread h/r
9.752897e-02,7.507103e-02,3.561276e-02,2.004119e-01,2.167927e-01,1.908257e-01
1.288264e-03,8.786939e-03,1.206125e-04,7.762296e-04,5.884587e-03,9.403602e-06
