# rmse alpha/u,rmse phic/h,rmse h/r,spread alpha/u,spread phic/h,spread h/r
9.752897e-02,7.507103e-02,3.561276e-02,2.004119e-01,2.167927e-01,1.908257e-01
1.973682e-03,1.233279e-02,1.160878e-04,7.840773e-04,5.918509e-03,9.401204e-06
