# rmse alpha/u,rmse phic/h,rmse h/r,spread alpha/u,spread phic/h,spread h/r
1.077247e-02,1.204996e-01,1.865310e-04,2.007666e-01,2.380345e-01,2.181955e-01
4.442466e-03,3.021183e-02,3.546662e-05,2.692980e-03,2.013939e-02,3.071158e-05
