# rmse alpha/u,rmse phic/h,rmse h/r,spread alpha/u,spread phic/h,spread h/r
1.077247e-02,1.204996e-01,1.865310e-04,2.007666e-01,2.380345e-01,2.181955e-01
3.845083e-03,2.352346e-02,3.037322e-05,2.671727e-03,1.848186e-02,2.750276e-05
