# rmse alpha/u,rmse phic/h,rmse h/r,spread alpha/u,spread phic/h,spread h/r
1.077247e-02,1.204996e-01,1.865310e-04,2.007666e-01,2.380345e-01,2.181955e-01
4.422583e-03,2.388514e-02,2.684006e-05,2.736171e-03,1.908439e-02,2.785328e-05
