# rmse alpha/u,rmse phic/h,rmse h/r,spread alpha/u,spread phic/h,spread h/r
1.077247e-02,1.204996e-01,1.865310e-04,2.007666e-01,2.380345e-01,2.181955e-01
3.541004e-03,2.687890e-02,2.943790e-05,2.877421e-03,2.096775e-02,2.678091e-05
