# rmse alpha/u,rmse phic/h,rmse h/r,spread alpha/u,spread phic/h,spread h/r
1.077247e-02,1.204996e-01,1.865310e-04,2.007666e-01,2.380345e-01,2.181955e-01
4.718432e-03,2.626285e-02,3.319352e-05,2.961076e-03,2.243988e-02,2.883296e-05
