# rmse alpha/u,rmse phic/h,rmse h/r,spread alpha/u,spread phic/h,spread h/r
1.077247e-02,1.204996e-01,1.865310e-04,2.007666e-01,2.380345e-01,2.181955e-01
4.480807e-03,2.958312e-02,2.725268e-05,2.740519e-03,1.938861e-02,2.684968e-05
