# rmse alpha/u,rmse phic/h,rmse h/r,spread alpha/u,spread phic/h,spread h/r
1.029821e-01,1.960159e-02,2.105672e-02,2.011122e-01,2.284813e-01,1.938860e-01
8.141509e-04,6.520693e-03,2.346373e-05,7.826453e-04,6.162265e-03,2.496328e-05
