# rmse alpha/u,rmse phic/h,rmse h/r,spread alpha/u,spread phic/h,spread h/r
1.029821e-01,1.960159e-02,2.105672e-02,2.011122e-01,2.284813e-01,1.938860e-01
2.151252e-03,1.233782e-02,3.039162e-05,8.806564e-04,6.630910e-03,2.342928e-05
