# rmse alpha/u,rmse phic/h,rmse h/r,spread alpha/u,spread phic/h,spread h/r
1.029821e-01,1.960159e-02,2.105672e-02,2.011122e-01,2.284813e-01,1.938860e-01
8.549413e-04,6.521382e-03,2.301268e-05,7.737523e-04,5.922064e-03,2.454755e-05
