# rmse alpha/u,rmse phic/h,rmse h/r,spread alpha/u,spread phic/h,spread h/r
2.644049e-02,3.052624e-02,9.788701e-02,1.167905e-01,8.633504e-02,6.349007e-02
5.266709e-03,3.499860e-02,5.643268e-05,4.578273e-03,3.730983e-02,5.386781e-05
