# rmse alpha/u,rmse phic/h,rmse h/r,spread alpha/u,spread phic/h,spread h/r
2.644049e-02,3.052624e-02,9.788701e-02,1.167905e-01,8.633504e-02,6.349007e-02
5.317695e-03,3.503384e-02,6.075852e-05,4.515944e-03,3.690989e-02,5.391088e-05
