# rmse alpha/u,rmse phic/h,rmse h/r,spread alpha/u,spread phic/h,spread h/r
3.118602e-02,4.422992e-03,7.429528e-03,1.336559e-01,8.175705e-02,8.460251e-02
3.768004e-03,2.820830e-02,6.305171e-05,3.296375e-03,2.476437e-02,4.668027e-05
