# rmse alpha/u,rmse phic/h,rmse h/r,spread alpha/u,spread phic/h,spread h/r
3.118602e-02,4.422992e-03,7.429528e-03,1.336559e-01,8.175705e-02,8.460251e-02
3.694179e-03,2.181831e-02,5.374396e-05,2.642906e-03,1.912300e-02,4.265816e-05
