# rmse alpha/u,rmse phic/h,rmse h/r,spread alpha/u,spread phic/h,spread h/r
3.118602e-02,4.422992e-03,7.429528e-03,1.336559e-01,8.175705e-02,8.460251e-02
3.867252e-03,3.066793e-02,5.942349e-05,2.555487e-03,1.791343e-02,3.752774e-05
