# rmse alpha/u,rmse phic/h,rmse h/r,spread alpha/u,spread phic/h,spread h/r
3.118602e-02,4.422992e-03,7.429528e-03,1.336559e-01,8.175705e-02,8.460251e-02
4.460127e-03,2.977024e-02,5.942296e-05,2.537034e-03,1.649313e-02,3.480236e-05
