# rmse alpha/u,rmse phic/h,rmse h/r,spread alpha/u,spread phic/h,spread h/r
3.118602e-02,4.422992e-03,7.429528e-03,1.336559e-01,8.175705e-02,8.460251e-02
4.558490e-03,2.696491e-02,4.728571e-05,2.744386e-03,1.789925e-02,2.989355e-05
