# rmse alpha/u,rmse phic/h,rmse h/r,spread alpha/u,spread phic/h,spread h/r
3.118602e-02,4.422992e-03,7.429528e-03,1.336559e-01,8.175705e-02,8.460251e-02
4.622017e-03,3.086579e-02,4.515513e-05,3.611287e-03,2.760647e-02,4.527040e-05
