# rmse alpha/u,rmse phic/h,rmse h/r,spread alpha/u,spread phic/h,spread h/r
3.118602e-02,4.422992e-03,7.429528e-03,1.336559e-01,8.175705e-02,8.460251e-02
3.591827e-03,2.846515e-02,4.869565e-05,3.371298e-03,2.514369e-02,4.543721e-05
