# rmse alpha/u,rmse phic/h,rmse h/r,spread alpha/u,spread phic/h,spread h/r
2.280745e-02,4.692306e-03,9.403902e-03,1.110656e-01,7.211763e-02,6.783899e-02
8.552933e-04,6.476224e-03,3.347941e-05,7.816562e-04,6.084641e-03,3.863728e-05
