# rmse alpha/u,rmse phic/h,rmse h/r,spread alpha/u,spread phic/h,spread h/r
2.280745e-02,4.692306e-03,9.403902e-03,1.110656e-01,7.211763e-02,6.783899e-02
8.323279e-04,7.461301e-03,5.508360e-05,7.792854e-04,6.252568e-03,3.993550e-05
