# rmse alpha/u,rmse phic/h,rmse h/r,spread alpha/u,spread phic/h,spread h/r
2.280745e-02,4.692306e-03,9.403902e-03,1.110656e-01,7.211763e-02,6.783899e-02
9.000082e-04,7.325989e-03,3.964252e-05,8.097152e-04,6.574951e-03,3.777503e-05
