# rmse alpha/u,rmse phic/h,rmse h/r,spread alpha/u,spread phic/h,spread h/r
2.280745e-02,4.692306e-03,9.403902e-03,1.110656e-01,7.211763e-02,6.783899e-02
8.465699e-04,6.709803e-03,3.751977e-05,7.867905e-04,6.326419e-03,3.779229e-05
