# rmse alpha/u,rmse phic/h,rmse h/r,spread alpha/u,spread phic/h,spread h/r
2.280745e-02,4.692306e-03,9.403902e-03,1.110656e-01,7.211763e-02,6.783899e-02
9.653914e-04,8.172729e-03,3.347430e-05,7.916882e-04,6.133758e-03,3.923342e-05
