# rmse alpha/u,rmse phic/h,rmse h/r,spread alpha/u,spread phic/h,spread h/r
2.280745e-02,4.692306e-03,9.403902e-03,1.110656e-01,7.211763e-02,6.783899e-02
1.093953e-03,8.840999e-03,3.567032e-05,8.013147e-04,6.330967e-03,3.822231e-05
