# rmse alpha/u,rmse phic/h,rmse h/r,spread alpha/u,spread phic/h,spread h/r
2.280745e-02,4.692306e-03,9.403902e-03,1.110656e-01,7.211763e-02,6.783899e-02
9.522333e-04,7.470816e-03,3.620819e-05,7.943007e-04,6.271999e-03,3.767941e-05
