# rmse alpha/u,rmse phic/h,rmse h/r,spread alpha/u,spread phic/h,spread h/r
2.280745e-02,4.692306e-03,9.403902e-03,1.110656e-01,7.211763e-02,6.783899e-02
7.805820e-04,6.247143e-03,3.912291e-05,7.485929e-04,5.886787e-03,3.733442e-05
