# rmse alpha/u,rmse phic/h,rmse h/r,spread alpha/u,spread phic/h,spread h/r
1.221365e-01,2.439800e-03,6.366549e-03,2.011122e-01,2.284813e-01,1.938860e-01
8.408187e-04,6.852170e-03,3.005612e-05,7.887684e-04,6.285367e-03,2.698396e-05
