# rmse alpha/u,rmse phic/h,rmse h/r,spread alpha/u,spread phic/h,spread h/r
1.221365e-01,2.439800e-03,6.366549e-03,2.011122e-01,2.284813e-01,1.938860e-01
8.126638e-04,6.441971e-03,3.093264e-05,7.652600e-04,5.928044e-03,2.629135e-05
