# rmse alpha/u,rmse phic/h,rmse h/r,spread alpha/u,spread phic/h,spread h/r
1.221365e-01,2.439800e-03,6.366549e-03,2.011122e-01,2.284813e-01,1.938860e-01
8.907415e-04,6.537198e-03,2.904760e-05,7.946788e-04,6.151827e-03,2.542021e-05
