# rmse alpha/u,rmse phic/h,rmse h/r,spread alpha/u,spread phic/h,spread h/r
1.221365e-01,2.439800e-03,6.366549e-03,2.011122e-01,2.284813e-01,1.938860e-01
8.252960e-04,6.564952e-03,2.475555e-05,7.513576e-04,5.764026e-03,2.502865e-05
