# rmse alpha/u,rmse phic/h,rmse h/r,spread alpha/u,spread phic/h,spread h/r
1.221365e-01,2.439800e-03,6.366549e-03,2.011122e-01,2.284813e-01,1.938860e-01
9.483555e-04,7.189634e-03,3.115325e-05,8.025197e-04,6.214365e-03,2.738458e-05
