# rmse alpha/u,rmse phic/h,rmse h/r,spread alpha/u,spread phic/h,spread h/r
5.646738e-02,5.078954e-02,3.524598e-02,2.123994e-01,1.936555e-01,1.948980e-01
2.727738e-03,1.580449e-02,5.562798e-05,2.174855e-03,1.598576e-02,3.970067e-05
