# rmse alpha/u,rmse phic/h,rmse h/r,spread alpha/u,spread phic/h,spread h/r
5.646738e-02,5.078954e-02,3.524598e-02,2.123994e-01,1.936555e-01,1.948980e-01
3.633111e-03,2.612970e-02,6.636821e-05,2.878428e-03,2.115342e-02,5.051534e-05
