# rmse alpha/u,rmse phic/h,rmse h/r,spread alpha/u,spread phic/h,spread h/r
5.646738e-02,5.078954e-02,3.524598e-02,2.123994e-01,1.936555e-01,1.948980e-01
3.745152e-03,1.992028e-02,5.356057e-05,2.026060e-03,1.350900e-02,3.724065e-05
