# rmse alpha/u,rmse phic/h,rmse h/r,spread alpha/u,spread phic/h,spread h/r
5.646738e-02,5.078954e-02,3.524598e-02,2.123994e-01,1.936555e-01,1.948980e-01
3.012133e-03,1.584286e-02,4.518363e-05,1.616213e-03,1.114764e-02,3.275672e-05
