alpha,phi,h
0.000650,899.775720,90.230020
