# rmse alpha/u,rmse phic/h,rmse h/r,spread alpha/u,spread phic/h,spread h/r
1.561429e-01,3.430904e-01,1.846576e-01,1.969593e-01,1.699969e-01,1.470455e-01
8.184682e-04,6.389953e-03,2.107767e-05,8.136356e-04,6.315727e-03,3.583832e-05
