# rmse alpha/u,rmse phic/h,rmse h/r,spread alpha/u,spread phic/h,spread h/r
1.561429e-01,3.430904e-01,1.846576e-01,1.969593e-01,1.699969e-01,1.470455e-01
1.003257e-03,7.088051e-03,2.761864e-05,9.348341e-04,6.947980e-03,3.766938e-05
