# rmse alpha/u,rmse phic/h,rmse h/r,spread alpha/u,spread phic/h,spread h/r
1.561429e-01,3.430904e-01,1.846576e-01,1.969593e-01,1.699969e-01,1.470455e-01
1.193988e-03,7.818738e-03,2.855850e-05,8.427776e-04,6.421927e-03,3.554874e-05
