# rmse alpha/u,rmse phic/h,rmse h/r,spread alpha/u,spread phic/h,spread h/r
5.355296e-02,6.014968e-03,7.162526e-02,1.973567e-01,2.036259e-01,2.040178e-01
4.578868e-03,3.116438e-02,7.248065e-05,3.490689e-03,2.641871e-02,5.566623e-05
