# rmse alpha/u,rmse phic/h,rmse h/r,spread alpha/u,spread phic/h,spread h/r
5.355296e-02,6.014968e-03,7.162526e-02,1.973567e-01,2.036259e-01,2.040178e-01
5.068178e-03,3.102997e-02,5.701400e-05,3.839639e-03,2.805479e-02,5.193457e-05
