# rmse alpha/u,rmse phic/h,rmse h/r,spread alpha/u,spread phic/h,spread h/r
5.355296e-02,6.014968e-03,7.162526e-02,1.973567e-01,2.036259e-01,2.040178e-01
4.613746e-03,2.757004e-02,5.883126e-05,3.450233e-03,2.459802e-02,4.857532e-05
