# rmse alpha/u,rmse phic/h,rmse h/r,spread alpha/u,spread phic/h,spread h/r
5.355296e-02,6.014968e-03,7.162526e-02,1.973567e-01,2.036259e-01,2.040178e-01
5.343934e-03,3.143095e-02,5.895572e-05,3.466154e-03,2.635741e-02,4.756573e-05
