# rmse alpha/u,rmse phic/h,rmse h/r,spread alpha/u,spread phic/h,spread h/r
1.458663e-01,1.537271e-01,4.315689e-02,2.007666e-01,2.380345e-01,2.181955e-01
8.352534e-04,6.395270e-03,2.130485e-05,8.244924e-04,6.373717e-03,4.213657e-05
