# rmse alpha/u,rmse phic/h,rmse h/r,spread alpha/u,spread phic/h,spread h/r
1.458663e-01,1.537271e-01,4.315689e-02,2.007666e-01,2.380345e-01,2.181955e-01
8.343922e-04,6.780356e-03,2.630973e-05,8.340140e-04,6.580401e-03,4.384365e-05
