# rmse alpha/u,rmse phic/h,rmse h/r,spread alpha/u,spread phic/h,spread h/r
9.395203e-02,3.197915e-02,2.335412e-02,1.939071e-01,1.844223e-01,1.851386e-01
2.925252e-03,1.782296e-02,4.996225e-05,2.843054e-03,2.005889e-02,4.722181e-05
