# rmse alpha/u,rmse phic/h,rmse h/r,spread alpha/u,spread phic/h,spread h/r
9.395203e-02,3.197915e-02,2.335412e-02,1.939071e-01,1.844223e-01,1.851386e-01
4.677093e-03,2.718374e-02,5.321484e-05,4.233038e-03,2.984520e-02,5.135637e-05
