# rmse alpha/u,rmse phic/h,rmse h/r,spread alpha/u,spread phic/h,spread h/r
9.395203e-02,3.197915e-02,2.335412e-02,1.939071e-01,1.844223e-01,1.851386e-01
5.797554e-03,2.681726e-02,5.303707e-05,3.742678e-03,2.657355e-02,5.063808e-05
