# rmse alpha/u,rmse phic/h,rmse h/r,spread alpha/u,spread phic/h,spread h/r
9.395203e-02,3.197915e-02,2.335412e-02,1.939071e-01,1.844223e-01,1.851386e-01
3.853718e-03,2.615975e-02,4.609808e-05,3.464224e-03,2.327920e-02,4.582045e-05
