# rmse alpha/u,rmse phic/h,rmse h/r,spread alpha/u,spread phic/h,spread h/r
9.395203e-02,3.197915e-02,2.335412e-02,1.939071e-01,1.844223e-01,1.851386e-01
3.810298e-03,2.152661e-02,4.467105e-05,3.279912e-03,2.330582e-02,4.245072e-05
