# rmse alpha/u,rmse phic/h,rmse h/r,spread alpha/u,spread phic/h,spread h/r
9.395203e-02,3.197915e-02,2.335412e-02,1.939071e-01,1.844223e-01,1.851386e-01
4.490854e-03,2.813902e-02,4.709742e-05,3.308835e-03,2.420337e-02,4.436154e-05
