# rmse alpha/u,rmse phic/h,rmse h/r,spread alpha/u,spread phic/h,spread h/r
2.976181e-02,3.898256e-04,5.397062e-02,2.042697e-01,2.354507e-01,1.700407e-01
3.274541e-03,1.726742e-02,3.874947e-05,1.539640e-03,1.086297e-02,5.372732e-05
