# rmse alpha/u,rmse phic/h,rmse h/r,spread alpha/u,spread phic/h,spread h/r
2.976181e-02,3.898256e-04,5.397062e-02,2.042697e-01,2.354507e-01,1.700407e-01
8.579926e-04,6.861924e-03,2.406412e-05,8.889563e-04,6.801725e-03,4.302594e-05
