# rmse alpha/u,rmse phic/h,rmse h/r,spread alpha/u,spread phic/h,spread h/r
2.976181e-02,3.898256e-04,5.397062e-02,2.042697e-01,2.354507e-01,1.700407e-01
2.501013e-03,1.684589e-02,5.873975e-05,1.724870e-03,1.235945e-02,5.529036e-05
