# rmse alpha/u,rmse phic/h,rmse h/r,spread alpha/u,spread phic/h,spread h/r
2.976181e-02,3.898256e-04,5.397062e-02,2.042697e-01,2.354507e-01,1.700407e-01
1.642264e-03,1.014250e-02,5.021895e-05,1.148876e-03,8.628395e-03,5.194141e-05
