# rmse alpha/u,rmse phic/h,rmse h/r,spread alpha/u,spread phic/h,spread h/r
1.865392e-01,3.162437e-01,2.659340e-01,1.463073e-01,1.947400e-01,1.931064e-01
1.021707e-03,7.725598e-03,1.007965e-04,7.886887e-04,5.939063e-03,2.852633e-05
