# rmse alpha/u,rmse phic/h,rmse h/r,spread alpha/u,spread phic/h,spread h/r
1.865392e-01,3.162437e-01,2.659340e-01,1.463073e-01,1.947400e-01,1.931064e-01
8.167472e-04,6.172562e-03,8.873265e-05,7.740355e-04,6.031130e-03,2.707317e-05
