# rmse alpha/u,rmse phic/h,rmse h/r,spread alpha/u,spread phic/h,spread h/r
1.865392e-01,3.162437e-01,2.659340e-01,1.463073e-01,1.947400e-01,1.931064e-01
8.099255e-04,5.970889e-03,7.926576e-05,7.647204e-04,5.819678e-03,2.581426e-05
