# rmse alpha/u,rmse phic/h,rmse h/r,spread alpha/u,spread phic/h,spread h/r
1.865392e-01,3.162437e-01,2.659340e-01,1.463073e-01,1.947400e-01,1.931064e-01
9.493216e-04,6.601828e-03,8.970655e-05,7.832325e-04,5.878845e-03,2.587196e-05
