# rmse alpha/u,rmse phic/h,rmse h/r,spread alpha/u,spread phic/h,spread h/r
1.011931e-01,2.939479e-04,1.784816e-02,1.927996e-01,2.373932e-01,2.334187e-01
8.500200e-04,6.583962e-03,1.820121e-04,7.919102e-04,5.985380e-03,1.190406e-05
