# rmse alpha/u,rmse phic/h,rmse h/r,spread alpha/u,spread phic/h,spread h/r
1.011931e-01,2.939479e-04,1.784816e-02,1.927996e-01,2.373932e-01,2.334187e-01
8.369078e-04,6.710488e-03,1.807203e-04,7.663409e-04,5.834892e-03,1.183194e-05
