# rmse alpha/u,rmse phic/h,rmse h/r,spread alpha/u,spread phic/h,spread h/r
1.011931e-01,2.939479e-04,1.784816e-02,1.927996e-01,2.373932e-01,2.334187e-01
8.621933e-04,8.461006e-03,2.224414e-04,8.116745e-04,6.243984e-03,1.180381e-05
