# rmse alpha/u,rmse phic/h,rmse h/r,spread alpha/u,spread phic/h,spread h/r
1.592030e-01,1.432825e-03,1.436440e-01,1.518711e-01,7.935980e-02,8.806930e-02
4.547298e-03,3.434273e-02,4.987267e-05,3.889861e-03,2.975996e-02,3.718739e-05
