# rmse alpha/u,rmse phic/h,rmse h/r,spread alpha/u,spread phic/h,spread h/r
1.592030e-01,1.432825e-03,1.436440e-01,1.518711e-01,7.935980e-02,8.806930e-02
5.307531e-03,3.183849e-02,4.937581e-05,4.474340e-03,3.246730e-02,3.619880e-05
