# rmse alpha/u,rmse phic/h,rmse h/r,spread alpha/u,spread phic/h,spread h/r
1.592030e-01,1.432825e-03,1.436440e-01,1.518711e-01,7.935980e-02,8.806930e-02
4.236598e-03,3.394715e-02,3.802203e-05,3.495580e-03,2.543710e-02,2.740608e-05
