# rmse alpha/u,rmse phic/h,rmse h/r,spread alpha/u,spread phic/h,spread h/r
1.592030e-01,1.432825e-03,1.436440e-01,1.518711e-01,7.935980e-02,8.806930e-02
3.591007e-03,2.136701e-02,3.883348e-05,3.438932e-03,2.467528e-02,3.120009e-05
