# rmse alpha/u,rmse phic/h,rmse h/r,spread alpha/u,spread phic/h,spread h/r
3.207384e-02,6.525126e-04,1.232307e-02,2.011122e-01,2.284813e-01,1.938860e-01
4.481862e-03,2.545102e-02,6.518493e-05,1.716424e-03,1.125833e-02,2.003233e-05
