# rmse alpha/u,rmse phic/h,rmse h/r,spread alpha/u,spread phic/h,spread h/r
3.207384e-02,6.525126e-04,1.232307e-02,2.011122e-01,2.284813e-01,1.938860e-01
4.903777e-03,2.766801e-02,8.728894e-05,2.072721e-03,1.377106e-02,1.927280e-05
