# rmse alpha/u,rmse phic/h,rmse h/r,spread alpha/u,spread phic/h,spread h/r
3.207384e-02,6.525126e-04,1.232307e-02,2.011122e-01,2.284813e-01,1.938860e-01
4.040717e-03,1.794561e-02,7.535747e-05,1.283643e-03,9.329489e-03,1.953622e-05
