# rmse alpha/u,rmse phic/h,rmse h/r,spread alpha/u,spread phic/h,spread h/r
3.207384e-02,6.525126e-04,1.232307e-02,2.011122e-01,2.284813e-01,1.938860e-01
3.010848e-03,1.585951e-02,7.299129e-05,1.635559e-03,1.080214e-02,1.857505e-05
