# rmse alpha/u,rmse phic/h,rmse h/r,spread alpha/u,spread phic/h,spread h/r
3.207384e-02,6.525126e-04,1.232307e-02,2.011122e-01,2.284813e-01,1.938860e-01
3.852647e-03,2.247565e-02,6.978023e-05,1.777766e-03,1.265669e-02,1.981219e-05
