# rmse alpha/u,rmse phic/h,rmse h/r,spread alpha/u,spread phic/h,spread h/r
2.004422e-01,2.477136e-02,8.174915e-02,1.969593e-01,1.699969e-01,1.470455e-01
4.237417e-03,2.415952e-02,5.005587e-05,2.768706e-03,1.945308e-02,2.976842e-05
