# rmse alpha/u,rmse phic/h,rmse h/r,spread alpha/u,spread phic/h,spread h/r
2.004422e-01,2.477136e-02,8.174915e-02,1.969593e-01,1.699969e-01,1.470455e-01
3.379561e-03,2.544958e-02,4.396676e-05,2.472768e-03,1.791187e-02,3.145584e-05
