# rmse alpha/u,rmse phic/h,rmse h/r,spread alpha/u,spread phic/h,spread h/r
2.004422e-01,2.477136e-02,8.174915e-02,1.969593e-01,1.699969e-01,1.470455e-01
3.186100e-03,2.077500e-02,3.633714e-05,2.660058e-03,1.801642e-02,3.287116e-05
