# rmse alpha/u,rmse phic/h,rmse h/r,spread alpha/u,spread phic/h,spread h/r
7.901803e-02,2.761583e-02,1.224337e-01,2.043906e-01,1.975462e-01,2.037665e-01
5.096715e-03,4.595842e-02,7.409882e-05,4.447736e-03,3.465453e-02,6.467055e-05
