# rmse alpha/u,rmse phic/h,rmse h/r,spread alpha/u,spread phic/h,spread h/r
7.901803e-02,2.761583e-02,1.224337e-01,2.043906e-01,1.975462e-01,2.037665e-01
3.981895e-03,2.478718e-02,5.898731e-05,4.056170e-03,3.002013e-02,5.866503e-05
