# rmse alpha/u,rmse phic/h,rmse h/r,spread alpha/u,spread phic/h,spread h/r
7.901803e-02,2.761583e-02,1.224337e-01,2.043906e-01,1.975462e-01,2.037665e-01
4.278843e-03,3.401962e-02,8.079365e-05,3.902642e-03,2.964532e-02,6.087230e-05
