# rmse alpha/u,rmse phic/h,rmse h/r,spread alpha/u,spread phic/h,spread h/r
7.901803e-02,2.761583e-02,1.224337e-01,2.043906e-01,1.975462e-01,2.037665e-01
4.565258e-03,2.615946e-02,4.972073e-05,2.818551e-03,2.025342e-02,4.265725e-05
