# rmse alpha/u,rmse phic/h,rmse h/r,spread alpha/u,spread phic/h,spread h/r
1.909819e-03,2.837716e-02,7.360702e-04,1.724500e-01,2.357833e-01,1.626367e-01
8.997745e-04,7.525305e-03,2.981872e-05,8.310596e-04,6.331140e-03,3.622098e-05
