# rmse alpha/u,rmse phic/h,rmse h/r,spread alpha/u,spread phic/h,spread h/r
1.909819e-03,2.837716e-02,7.360702e-04,1.724500e-01,2.357833e-01,1.626367e-01
8.943666e-04,6.739257e-03,2.880202e-05,7.725818e-04,6.045120e-03,3.494898e-05
