# rmse alpha/u,rmse phic/h,rmse h/r,spread alpha/u,spread phic/h,spread h/r
1.909819e-03,2.837716e-02,7.360702e-04,1.724500e-01,2.357833e-01,1.626367e-01
8.448574e-04,6.817821e-03,2.978232e-05,7.835593e-04,6.063183e-03,3.504969e-05
