# rmse alpha/u,rmse phic/h,rmse h/r,spread alpha/u,spread phic/h,spread h/r
1.909819e-03,2.837716e-02,7.360702e-04,1.724500e-01,2.357833e-01,1.626367e-01
2.603906e-03,1.331883e-02,4.068721e-05,9.689580e-04,7.441148e-03,3.892105e-05
