# rmse alpha/u,rmse phic/h,rmse h/r,spread alpha/u,spread phic/h,spread h/r
1.694244e-01,5.700228e-01,3.758916e-01,1.674265e-01,2.226131e-01,1.935605e-01
2.492961e-03,1.440201e-02,4.405852e-05,2.184394e-03,1.583031e-02,3.324527e-05
