# rmse alpha/u,rmse phic/h,rmse h/r,spread alpha/u,spread phic/h,spread h/r
1.694244e-01,5.700228e-01,3.758916e-01,1.674265e-01,2.226131e-01,1.935605e-01
3.931877e-03,2.710886e-02,6.063147e-05,2.362970e-03,1.609713e-02,3.500919e-05
