# rmse alpha/u,rmse phic/h,rmse h/r,spread alpha/u,spread phic/h,spread h/r
1.694244e-01,5.700228e-01,3.758916e-01,1.674265e-01,2.226131e-01,1.935605e-01
4.559207e-03,2.237308e-02,4.481795e-05,2.145867e-03,1.450482e-02,3.330595e-05
