# rmse alpha/u,rmse phic/h,rmse h/r,spread alpha/u,spread phic/h,spread h/r
1.375823e-01,2.187417e-01,1.545530e-01,8.393048e-02,9.932205e-02,6.559434e-02
8.337466e-04,6.640153e-03,1.879114e-05,8.197834e-04,6.400041e-03,4.813847e-05
