# rmse alpha/u,rmse phic/h,rmse h/r,spread alpha/u,spread phic/h,spread h/r
1.375823e-01,2.187417e-01,1.545530e-01,8.393048e-02,9.932205e-02,6.559434e-02
8.486824e-04,6.449314e-03,1.991926e-05,8.392295e-04,6.542968e-03,4.772296e-05
