# rmse alpha/u,rmse phic/h,rmse h/r,spread alpha/u,spread phic/h,spread h/r
1.375823e-01,2.187417e-01,1.545530e-01,8.393048e-02,9.932205e-02,6.559434e-02
1.030419e-03,7.691828e-03,2.074757e-05,9.864784e-04,7.501471e-03,5.002943e-05
