# rmse alpha/u,rmse phic/h,rmse h/r,spread alpha/u,spread phic/h,spread h/r
1.375823e-01,2.187417e-01,1.545530e-01,8.393048e-02,9.932205e-02,6.559434e-02
8.579806e-04,6.924453e-03,2.099310e-05,8.494280e-04,6.755818e-03,4.747764e-05
