# rmse alpha/u,rmse phic/h,rmse h/r,spread alpha/u,spread phic/h,spread h/r
1.375823e-01,2.187417e-01,1.545530e-01,8.393048e-02,9.932205e-02,6.559434e-02
8.547208e-04,6.725949e-03,2.306966e-05,8.546118e-04,6.791503e-03,4.904639e-05
