# rmse alpha/u,rmse phic/h,rmse h/r,spread alpha/u,spread phic/h,spread h/r
1.216186e-01,3.802702e-02,1.272165e-02,1.940487e-01,2.234441e-01,2.197781e-01
3.587286e-03,2.202379e-02,5.672676e-05,2.842045e-03,1.843989e-02,4.695204e-05
