# rmse alpha/u,rmse phic/h,rmse h/r,spread alpha/u,spread phic/h,spread h/r
1.216186e-01,3.802702e-02,1.272165e-02,1.940487e-01,2.234441e-01,2.197781e-01
3.820909e-03,2.346046e-02,5.845598e-05,2.994713e-03,2.208789e-02,5.379382e-05
