# rmse alpha/u,rmse phic/h,rmse h/r,spread alpha/u,spread phic/h,spread h/r
1.216186e-01,3.802702e-02,1.272165e-02,1.940487e-01,2.234441e-01,2.197781e-01
3.620921e-03,2.557645e-02,5.962341e-05,2.793808e-03,1.973593e-02,4.937577e-05
