# rmse alpha/u,rmse phic/h,rmse h/r,spread alpha/u,spread phic/h,spread h/r
1.216186e-01,3.802702e-02,1.272165e-02,1.940487e-01,2.234441e-01,2.197781e-01
3.952959e-03,3.308969e-02,6.130745e-05,2.644402e-03,1.928053e-02,4.973005e-05
