# rmse alpha/u,rmse phic/h,rmse h/r,spread alpha/u,spread phic/h,spread h/r
1.216186e-01,3.802702e-02,1.272165e-02,1.940487e-01,2.234441e-01,2.197781e-01
5.209318e-03,3.320208e-02,4.689620e-05,3.050132e-03,2.278887e-02,4.874830e-05
