# rmse alpha/u,rmse phic/h,rmse h/r,spread alpha/u,spread phic/h,spread h/r
1.216186e-01,3.802702e-02,1.272165e-02,1.940487e-01,2.234441e-01,2.197781e-01
2.389467e-03,1.168657e-02,3.962997e-05,1.982633e-03,1.380777e-02,3.876754e-05
