# rmse alpha/u,rmse phic/h,rmse h/r,spread alpha/u,spread phic/h,spread h/r
5.448571e-02,4.717115e-02,3.698076e-01,1.969593e-01,1.699969e-01,1.470455e-01
1.872204e-03,1.068473e-02,3.150830e-05,1.654745e-03,1.075223e-02,2.788327e-05
