# rmse alpha/u,rmse phic/h,rmse h/r,spread alpha/u,spread phic/h,spread h/r
5.448571e-02,4.717115e-02,3.698076e-01,1.969593e-01,1.699969e-01,1.470455e-01
2.093574e-03,1.340518e-02,3.704797e-05,1.893255e-03,1.304382e-02,3.100912e-05
