# rmse alpha/u,rmse phic/h,rmse h/r,spread alpha/u,spread phic/h,spread h/r
5.448571e-02,4.717115e-02,3.698076e-01,1.969593e-01,1.699969e-01,1.470455e-01
2.844234e-03,1.672607e-02,4.441470e-05,1.839836e-03,1.302007e-02,3.373713e-05
