# rmse alpha/u,rmse phic/h,rmse h/r,spread alpha/u,spread phic/h,spread h/r
1.627445e-01,3.265630e-01,3.844328e-01,1.387709e-01,2.166638e-01,1.639076e-01
4.648469e-03,2.771710e-02,2.436087e-05,2.745681e-03,1.987739e-02,3.238071e-05
