# rmse alpha/u,rmse phic/h,rmse h/r,spread alpha/u,spread phic/h,spread h/r
1.627445e-01,3.265630e-01,3.844328e-01,1.387709e-01,2.166638e-01,1.639076e-01
4.392968e-03,3.097017e-02,3.145822e-05,3.433985e-03,2.775158e-02,3.664559e-05
