# rmse alpha/u,rmse phic/h,rmse h/r,spread alpha/u,spread phic/h,spread h/r
1.627445e-01,3.265630e-01,3.844328e-01,1.387709e-01,2.166638e-01,1.639076e-01
4.571916e-03,2.621537e-02,3.494898e-05,3.135057e-03,2.377244e-02,3.741245e-05
