# rmse alpha/u,rmse phic/h,rmse h/r,spread alpha/u,spread phic/h,spread h/r
1.627445e-01,3.265630e-01,3.844328e-01,1.387709e-01,2.166638e-01,1.639076e-01
4.096594e-03,2.789787e-02,3.350375e-05,3.292715e-03,2.570068e-02,4.122976e-05
