# rmse alpha/u,rmse phic/h,rmse h/r,spread alpha/u,spread phic/h,spread h/r
1.627445e-01,3.265630e-01,3.844328e-01,1.387709e-01,2.166638e-01,1.639076e-01
3.238069e-03,2.062435e-02,2.623196e-05,1.982153e-03,1.412291e-02,3.690786e-05
