# rmse alpha/u,rmse phic/h,rmse h/r,spread alpha/u,spread phic/h,spread h/r
1.627445e-01,3.265630e-01,3.844328e-01,1.387709e-01,2.166638e-01,1.639076e-01
3.245736e-03,2.306857e-02,2.620635e-05,2.322548e-03,1.648190e-02,3.743967e-05
