# rmse alpha/u,rmse phic/h,rmse h/r,spread alpha/u,spread phic/h,spread h/r
2.628243e-01,1.008147e-01,1.539822e-01,1.241895e-01,7.976492e-02,7.960744e-02
2.863833e-03,2.307963e-02,5.909525e-05,3.406316e-03,2.623969e-02,5.231352e-05
