# rmse alpha/u,rmse phic/h,rmse h/r,spread alpha/u,spread phic/h,spread h/r
2.628243e-01,1.008147e-01,1.539822e-01,1.241895e-01,7.976492e-02,7.960744e-02
4.797070e-03,2.847269e-02,6.785706e-05,3.067656e-03,2.218185e-02,4.708731e-05
