# rmse alpha/u,rmse phic/h,rmse h/r,spread alpha/u,spread phic/h,spread h/r
2.628243e-01,1.008147e-01,1.539822e-01,1.241895e-01,7.976492e-02,7.960744e-02
4.046330e-03,2.414512e-02,6.749202e-05,3.139991e-03,2.089974e-02,3.897068e-05
