# rmse alpha/u,rmse phic/h,rmse h/r,spread alpha/u,spread phic/h,spread h/r
2.533853e-02,2.592492e-02,2.452888e-02,1.274804e-01,9.340535e-02,5.825822e-02
5.400743e-03,3.750435e-02,5.309345e-05,3.269974e-03,2.306716e-02,3.081982e-05
