# rmse alpha/u,rmse phic/h,rmse h/r,spread alpha/u,spread phic/h,spread h/r
2.533853e-02,2.592492e-02,2.452888e-02,1.274804e-01,9.340535e-02,5.825822e-02
5.256942e-03,3.443797e-02,4.254865e-05,2.864567e-03,2.077578e-02,3.303370e-05
