# rmse alpha/u,rmse phic/h,rmse h/r,spread alpha/u,spread phic/h,spread h/r
2.533853e-02,2.592492e-02,2.452888e-02,1.274804e-01,9.340535e-02,5.825822e-02
4.187019e-03,2.804073e-02,5.349878e-05,2.882665e-03,2.043075e-02,3.209376e-05
