# rmse alpha/u,rmse phic/h,rmse h/r,spread alpha/u,spread phic/h,spread h/r
2.533853e-02,2.592492e-02,2.452888e-02,1.274804e-01,9.340535e-02,5.825822e-02
5.572521e-03,3.452881e-02,5.326121e-05,2.700311e-03,1.823837e-02,2.876070e-05
