# rmse alpha/u,rmse phic/h,rmse h/r,spread alpha/u,spread phic/h,spread h/r
2.533853e-02,2.592492e-02,2.452888e-02,1.274804e-01,9.340535e-02,5.825822e-02
4.701268e-03,2.872200e-02,4.251037e-05,2.568978e-03,1.800717e-02,2.965936e-05
