# rmse alpha/u,rmse phic/h,rmse h/r,spread alpha/u,spread phic/h,spread h/r
1.055591e-01,5.994113e-03,2.287765e-02,2.007018e-01,2.348895e-01,2.071683e-01
8.787038e-04,6.696325e-03,1.809819e-04,8.023992e-04,6.074775e-03,2.055312e-05
