# rmse alpha/u,rmse phic/h,rmse h/r,spread alpha/u,spread phic/h,spread h/r
1.055591e-01,5.994113e-03,2.287765e-02,2.007018e-01,2.348895e-01,2.071683e-01
8.102518e-04,6.074548e-03,1.770606e-04,7.971585e-04,6.149440e-03,1.901720e-05
