# rmse alpha/u,rmse phic/h,rmse h/r,spread alpha/u,spread phic/h,spread h/r
1.055591e-01,5.994113e-03,2.287765e-02,2.007018e-01,2.348895e-01,2.071683e-01
8.802970e-04,6.985542e-03,1.768437e-04,8.623688e-04,6.699973e-03,1.915429e-05
