# rmse alpha/u,rmse phic/h,rmse h/r,spread alpha/u,spread phic/h,spread h/r
1.055591e-01,5.994113e-03,2.287765e-02,2.007018e-01,2.348895e-01,2.071683e-01
8.480633e-04,7.338113e-03,1.731105e-04,8.129148e-04,6.361024e-03,2.264256e-05
