# rmse alpha/u,rmse phic/h,rmse h/r,spread alpha/u,spread phic/h,spread h/r
1.055591e-01,5.994113e-03,2.287765e-02,2.007018e-01,2.348895e-01,2.071683e-01
8.747323e-04,8.097144e-03,1.822913e-04,8.038899e-04,6.252531e-03,2.019556e-05
