# rmse alpha/u,rmse phic/h,rmse h/r,spread alpha/u,spread phic/h,spread h/r
1.055591e-01,5.994113e-03,2.287765e-02,2.007018e-01,2.348895e-01,2.071683e-01
8.913904e-04,6.693535e-03,1.724716e-04,8.166976e-04,6.190313e-03,1.837142e-05
