# rmse alpha/u,rmse phic/h,rmse h/r,spread alpha/u,spread phic/h,spread h/r
1.313770e-01,4.654490e-02,5.759061e-03,2.029553e-01,2.401346e-01,2.180772e-01
8.356678e-04,6.579094e-03,2.117575e-05,8.618029e-04,6.893487e-03,4.760132e-05
