# rmse alpha/u,rmse phic/h,rmse h/r,spread alpha/u,spread phic/h,spread h/r
1.313770e-01,4.654490e-02,5.759061e-03,2.029553e-01,2.401346e-01,2.180772e-01
8.774300e-04,6.719168e-03,2.220436e-05,8.682279e-04,6.755483e-03,4.541049e-05
