# rmse alpha/u,rmse phic/h,rmse h/r,spread alpha/u,spread phic/h,spread h/r
1.313770e-01,4.654490e-02,5.759061e-03,2.029553e-01,2.401346e-01,2.180772e-01
9.247695e-04,7.792179e-03,2.438812e-05,9.475332e-04,7.295662e-03,4.726248e-05
