# rmse alpha/u,rmse phic/h,rmse h/r,spread alpha/u,spread phic/h,spread h/r
1.313770e-01,4.654490e-02,5.759061e-03,2.029553e-01,2.401346e-01,2.180772e-01
8.575505e-04,6.921677e-03,1.997180e-05,8.547715e-04,6.676531e-03,4.649564e-05
