# rmse alpha/u,rmse phic/h,rmse h/r,spread alpha/u,spread phic/h,spread h/r
1.313770e-01,4.654490e-02,5.759061e-03,2.029553e-01,2.401346e-01,2.180772e-01
9.029873e-04,7.273370e-03,1.884080e-05,8.896171e-04,6.884547e-03,4.735153e-05
