# rmse alpha/u,rmse phic/h,rmse h/r,spread alpha/u,spread phic/h,spread h/r
1.313770e-01,4.654490e-02,5.759061e-03,2.029553e-01,2.401346e-01,2.180772e-01
8.502225e-04,6.331897e-03,2.194299e-05,8.564115e-04,6.614633e-03,4.708652e-05
