# rmse alpha/u,rmse phic/h,rmse h/r,spread alpha/u,spread phic/h,spread h/r
1.313770e-01,4.654490e-02,5.759061e-03,2.029553e-01,2.401346e-01,2.180772e-01
9.064477e-04,6.291865e-03,2.251999e-05,9.989417e-04,7.250195e-03,4.792710e-05
