# rmse alpha/u,rmse phic/h,rmse h/r,spread alpha/u,spread phic/h,spread h/r
4.094117e-03,3.034586e-04,4.592628e-02,1.609057e-01,2.194001e-01,1.897945e-01
8.173867e-04,6.301958e-03,2.026739e-05,8.242625e-04,6.438356e-03,5.168085e-05
