# rmse alpha/u,rmse phic/h,rmse h/r,spread alpha/u,spread phic/h,spread h/r
4.094117e-03,3.034586e-04,4.592628e-02,1.609057e-01,2.194001e-01,1.897945e-01
8.351282e-04,6.703607e-03,1.829179e-05,8.375974e-04,6.429174e-03,5.142753e-05
