# rmse alpha/u,rmse phic/h,rmse h/r,spread alpha/u,spread phic/h,spread h/r
4.094117e-03,3.034586e-04,4.592628e-02,1.609057e-01,2.194001e-01,1.897945e-01
9.123188e-04,7.231735e-03,2.889875e-05,8.929773e-04,7.084074e-03,5.559481e-05
