# rmse alpha/u,rmse phic/h,rmse h/r,spread alpha/u,spread phic/h,spread h/r
4.094117e-03,3.034586e-04,4.592628e-02,1.609057e-01,2.194001e-01,1.897945e-01
9.322104e-04,7.273043e-03,2.827282e-05,9.058698e-04,7.513688e-03,5.697117e-05
