# rmse alpha/u,rmse phic/h,rmse h/r,spread alpha/u,spread phic/h,spread h/r
7.276790e-02,2.013042e-03,4.815681e-02,1.832535e-01,2.018609e-01,1.727059e-01
4.784240e-03,3.357551e-02,6.382287e-05,3.976957e-03,2.923086e-02,5.263711e-05
