# rmse alpha/u,rmse phic/h,rmse h/r,spread alpha/u,spread phic/h,spread h/r
7.276790e-02,2.013042e-03,4.815681e-02,1.832535e-01,2.018609e-01,1.727059e-01
5.628351e-03,3.096797e-02,5.924562e-05,3.388907e-03,2.278720e-02,3.751280e-05
