# rmse alpha/u,rmse phic/h,rmse h/r,spread alpha/u,spread phic/h,spread h/r
7.276790e-02,2.013042e-03,4.815681e-02,1.832535e-01,2.018609e-01,1.727059e-01
5.465282e-03,2.966032e-02,4.864165e-05,2.906816e-03,2.085703e-02,3.352549e-05
