# rmse alpha/u,rmse phic/h,rmse h/r,spread alpha/u,spread phic/h,spread h/r
7.276790e-02,2.013042e-03,4.815681e-02,1.832535e-01,2.018609e-01,1.727059e-01
4.276708e-03,3.659337e-02,5.833814e-05,2.902022e-03,2.053473e-02,3.550285e-05
