# rmse alpha/u,rmse phic/h,rmse h/r,spread alpha/u,spread phic/h,spread h/r
7.276790e-02,2.013042e-03,4.815681e-02,1.832535e-01,2.018609e-01,1.727059e-01
4.355735e-03,3.390281e-02,6.021321e-05,3.008106e-03,2.210321e-02,3.764830e-05
