# rmse alpha/u,rmse phic/h,rmse h/r,spread alpha/u,spread phic/h,spread h/r
3.781852e-01,3.343965e-01,2.360234e-01,2.042022e-01,1.992226e-01,1.814630e-01
8.310141e-04,6.904599e-03,1.325703e-04,7.985295e-04,6.315149e-03,2.327730e-05
