# rmse alpha/u,rmse phic/h,rmse h/r,spread alpha/u,spread phic/h,spread h/r
3.781852e-01,3.343965e-01,2.360234e-01,2.042022e-01,1.992226e-01,1.814630e-01
1.111547e-03,8.876296e-03,1.332645e-04,7.854593e-04,6.067669e-03,2.122658e-05
