# rmse alpha/u,rmse phic/h,rmse h/r,spread alpha/u,spread phic/h,spread h/r
3.781852e-01,3.343965e-01,2.360234e-01,2.042022e-01,1.992226e-01,1.814630e-01
9.176613e-04,7.386287e-03,1.564611e-04,8.525887e-04,6.700718e-03,2.580558e-05
