# rmse alpha/u,rmse phic/h,rmse h/r,spread alpha/u,spread phic/h,spread h/r
3.781852e-01,3.343965e-01,2.360234e-01,2.042022e-01,1.992226e-01,1.814630e-01
9.041342e-04,8.059540e-03,1.595323e-04,8.063516e-04,6.458104e-03,2.557688e-05
