# rmse alpha/u,rmse phic/h,rmse h/r,spread alpha/u,spread phic/h,spread h/r
3.781852e-01,3.343965e-01,2.360234e-01,2.042022e-01,1.992226e-01,1.814630e-01
8.314451e-04,6.380448e-03,1.634116e-04,8.025863e-04,6.271093e-03,2.422085e-05
