# rmse alpha/u,rmse phic/h,rmse h/r,spread alpha/u,spread phic/h,spread h/r
2.679516e-03,8.779932e-03,1.495442e-03,1.218657e-01,9.515775e-02,8.448791e-02
1.079950e-03,6.877042e-03,3.172665e-05,1.095593e-03,7.570726e-03,4.692576e-05
