# rmse alpha/u,rmse phic/h,rmse h/r,spread alpha/u,spread phic/h,spread h/r
2.679516e-03,8.779932e-03,1.495442e-03,1.218657e-01,9.515775e-02,8.448791e-02
1.199958e-03,6.155418e-03,2.455468e-05,9.654082e-04,6.786171e-03,4.346532e-05
