# rmse alpha/u,rmse phic/h,rmse h/r,spread alpha/u,spread phic/h,spread h/r
2.679516e-03,8.779932e-03,1.495442e-03,1.218657e-01,9.515775e-02,8.448791e-02
1.793377e-03,9.927552e-03,3.972350e-05,1.044851e-03,7.844623e-03,4.679305e-05
