# rmse alpha/u,rmse phic/h,rmse h/r,spread alpha/u,spread phic/h,spread h/r
2.679516e-03,8.779932e-03,1.495442e-03,1.218657e-01,9.515775e-02,8.448791e-02
2.601167e-03,1.267471e-02,3.323897e-05,1.260571e-03,8.931921e-03,4.604157e-05
