# rmse alpha/u,rmse phic/h,rmse h/r,spread alpha/u,spread phic/h,spread h/r
4.692899e-03,1.342870e-02,3.194433e-03,7.554821e-02,1.101896e-01,8.410772e-02
9.511066e-04,6.864348e-03,1.881618e-05,9.566079e-04,7.071922e-03,4.726632e-05
