# rmse alpha/u,rmse phic/h,rmse h/r,spread alpha/u,spread phic/h,spread h/r
4.692899e-03,1.342870e-02,3.194433e-03,7.554821e-02,1.101896e-01,8.410772e-02
9.194807e-04,6.364406e-03,2.272341e-05,9.917347e-04,7.177424e-03,4.816087e-05
