# rmse alpha/u,rmse phic/h,rmse h/r,spread alpha/u,spread phic/h,spread h/r
3.781852e-01,3.343965e-01,2.360234e-01,2.042022e-01,1.992226e-01,1.814630e-01
8.383558e-04,6.539320e-03,2.034896e-05,8.323291e-04,6.488472e-03,4.771817e-05
