# rmse alpha/u,rmse phic/h,rmse h/r,spread alpha/u,spread phic/h,spread h/r
3.781852e-01,3.343965e-01,2.360234e-01,2.042022e-01,1.992226e-01,1.814630e-01
8.570683e-04,6.432409e-03,2.165765e-05,8.453303e-04,6.591909e-03,4.735260e-05
