# rmse alpha/u,rmse phic/h,rmse h/r,spread alpha/u,spread phic/h,spread h/r
3.781852e-01,3.343965e-01,2.360234e-01,2.042022e-01,1.992226e-01,1.814630e-01
2.021053e-03,1.589200e-02,3.680190e-05,1.051447e-03,8.323538e-03,4.915103e-05
