# rmse alpha/u,rmse phic/h,rmse h/r,spread alpha/u,spread phic/h,spread h/r
3.781852e-01,3.343965e-01,2.360234e-01,2.042022e-01,1.992226e-01,1.814630e-01
8.557694e-04,6.846554e-03,2.157377e-05,8.506334e-04,6.765240e-03,4.637133e-05
