# rmse alpha/u,rmse phic/h,rmse h/r,spread alpha/u,spread phic/h,spread h/r
1.627445e-01,3.265630e-01,3.844328e-01,1.387709e-01,2.166638e-01,1.639076e-01
4.076744e-03,2.682141e-02,5.129022e-05,3.229549e-03,2.340583e-02,4.335421e-05
