# rmse alpha/u,rmse phic/h,rmse h/r,spread alpha/u,spread phic/h,spread h/r
1.627445e-01,3.265630e-01,3.844328e-01,1.387709e-01,2.166638e-01,1.639076e-01
3.692031e-03,2.357286e-02,5.913326e-05,3.081827e-03,2.282754e-02,4.852617e-05
