# rmse alpha/u,rmse phic/h,rmse h/r,spread alpha/u,spread phic/h,spread h/r
1.627445e-01,3.265630e-01,3.844328e-01,1.387709e-01,2.166638e-01,1.639076e-01
3.961726e-03,2.871916e-02,6.758202e-05,3.728784e-03,2.887666e-02,6.106909e-05
