# rmse alpha/u,rmse phic/h,rmse h/r,spread alpha/u,spread phic/h,spread h/r
1.627445e-01,3.265630e-01,3.844328e-01,1.387709e-01,2.166638e-01,1.639076e-01
4.419392e-03,2.962955e-02,5.952895e-05,2.392545e-03,1.742008e-02,4.353355e-05
