# rmse alpha/u,rmse phic/h,rmse h/r,spread alpha/u,spread phic/h,spread h/r
1.714544e-01,2.596752e-01,1.866842e-01,1.387709e-01,2.166638e-01,1.639076e-01
8.296062e-04,6.928128e-03,2.150736e-05,8.404071e-04,6.862682e-03,5.053051e-05
