# rmse alpha/u,rmse phic/h,rmse h/r,spread alpha/u,spread phic/h,spread h/r
1.714544e-01,2.596752e-01,1.866842e-01,1.387709e-01,2.166638e-01,1.639076e-01
8.577285e-04,6.456121e-03,1.651788e-05,8.473538e-04,6.617919e-03,5.069879e-05
