# rmse alpha/u,rmse phic/h,rmse h/r,spread alpha/u,spread phic/h,spread h/r
1.714544e-01,2.596752e-01,1.866842e-01,1.387709e-01,2.166638e-01,1.639076e-01
8.563727e-04,7.001194e-03,2.190082e-05,8.770746e-04,7.085172e-03,5.274222e-05
