# rmse alpha/u,rmse phic/h,rmse h/r,spread alpha/u,spread phic/h,spread h/r
1.714544e-01,2.596752e-01,1.866842e-01,1.387709e-01,2.166638e-01,1.639076e-01
8.299916e-04,7.071656e-03,1.877131e-05,8.516687e-04,6.768187e-03,5.130804e-05
