# rmse alpha/u,rmse phic/h,rmse h/r,spread alpha/u,spread phic/h,spread h/r
2.350713e-02,1.294524e-01,6.148921e-04,1.927996e-01,2.373932e-01,2.334187e-01
3.024051e-03,2.187019e-02,3.300483e-05,2.036302e-03,1.362893e-02,2.643303e-05
