# rmse alpha/u,rmse phic/h,rmse h/r,spread alpha/u,spread phic/h,spread h/r
2.350713e-02,1.294524e-01,6.148921e-04,1.927996e-01,2.373932e-01,2.334187e-01
2.550894e-03,1.598305e-02,3.862343e-05,2.041704e-03,1.381536e-02,2.784581e-05
