# rmse alpha/u,rmse phic/h,rmse h/r,spread alpha/u,spread phic/h,spread h/r
8.780942e-02,1.687744e-01,1.258501e-01,2.007018e-01,2.348895e-01,2.071683e-01
8.824036e-04,7.451621e-03,7.260882e-05,8.709287e-04,6.745803e-03,4.391104e-05
