# rmse alpha/u,rmse phic/h,rmse h/r,spread alpha/u,spread phic/h,spread h/r
8.780942e-02,1.687744e-01,1.258501e-01,2.007018e-01,2.348895e-01,2.071683e-01
8.210279e-04,6.656797e-03,4.214976e-05,8.232800e-04,6.486935e-03,4.297984e-05
