# rmse alpha/u,rmse phic/h,rmse h/r,spread alpha/u,spread phic/h,spread h/r
8.780942e-02,1.687744e-01,1.258501e-01,2.007018e-01,2.348895e-01,2.071683e-01
8.928211e-04,7.210632e-03,4.192124e-05,7.966060e-04,6.223464e-03,4.201504e-05
