# rmse alpha/u,rmse phic/h,rmse h/r,spread alpha/u,spread phic/h,spread h/r
8.780942e-02,1.687744e-01,1.258501e-01,2.007018e-01,2.348895e-01,2.071683e-01
8.432369e-04,7.118570e-03,3.539453e-05,8.071085e-04,6.251625e-03,4.222787e-05
