# rmse alpha/u,rmse phic/h,rmse h/r,spread alpha/u,spread phic/h,spread h/r
8.780942e-02,1.687744e-01,1.258501e-01,2.007018e-01,2.348895e-01,2.071683e-01
1.079192e-03,7.938930e-03,3.385202e-05,8.038495e-04,6.240643e-03,4.301116e-05
