# rmse alpha/u,rmse phic/h,rmse h/r,spread alpha/u,spread phic/h,spread h/r
1.159396e-01,2.883385e-01,4.465769e-01,2.108986e-01,2.184920e-01,1.878878e-01
4.777372e-03,3.887839e-02,6.742762e-05,3.302792e-03,2.410210e-02,3.657837e-05
