# rmse alpha/u,rmse phic/h,rmse h/r,spread alpha/u,spread phic/h,spread h/r
1.159396e-01,2.883385e-01,4.465769e-01,2.108986e-01,2.184920e-01,1.878878e-01
5.298214e-03,3.527648e-02,6.197587e-05,3.742342e-03,2.892605e-02,4.528778e-05
