# rmse alpha/u,rmse phic/h,rmse h/r,spread alpha/u,spread phic/h,spread h/r
1.159396e-01,2.883385e-01,4.465769e-01,2.108986e-01,2.184920e-01,1.878878e-01
4.871927e-03,5.209482e-02,8.222908e-05,4.021275e-03,3.254987e-02,5.102837e-05
