# rmse alpha/u,rmse phic/h,rmse h/r,spread alpha/u,spread phic/h,spread h/r
1.159396e-01,2.883385e-01,4.465769e-01,2.108986e-01,2.184920e-01,1.878878e-01
3.816359e-03,2.735663e-02,6.839404e-05,3.731185e-03,2.773507e-02,4.514161e-05
