# rmse alpha/u,rmse phic/h,rmse h/r,spread alpha/u,spread phic/h,spread h/r
1.159396e-01,2.883385e-01,4.465769e-01,2.108986e-01,2.184920e-01,1.878878e-01
4.754946e-03,3.245686e-02,6.004776e-05,3.204240e-03,2.341184e-02,4.537686e-05
