# rmse alpha/u,rmse phic/h,rmse h/r,spread alpha/u,spread phic/h,spread h/r
1.159396e-01,2.883385e-01,4.465769e-01,2.108986e-01,2.184920e-01,1.878878e-01
4.646480e-03,3.773761e-02,6.520454e-05,3.450280e-03,2.629658e-02,4.490022e-05
