# rmse alpha/u,rmse phic/h,rmse h/r,spread alpha/u,spread phic/h,spread h/r
1.159396e-01,2.883385e-01,4.465769e-01,2.108986e-01,2.184920e-01,1.878878e-01
4.320130e-03,2.667513e-02,5.956034e-05,2.819651e-03,1.943401e-02,3.999782e-05
