# rmse alpha/u,rmse phic/h,rmse h/r,spread alpha/u,spread phic/h,spread h/r
1.159396e-01,2.883385e-01,4.465769e-01,2.108986e-01,2.184920e-01,1.878878e-01
4.232673e-03,2.676854e-02,4.828922e-05,2.755717e-03,1.912193e-02,3.678658e-05
