# rmse alpha/u,rmse phic/h,rmse h/r,spread alpha/u,spread phic/h,spread h/r
1.159396e-01,2.883385e-01,4.465769e-01,2.108986e-01,2.184920e-01,1.878878e-01
3.458471e-03,2.843767e-02,8.098505e-05,2.894486e-03,2.091921e-02,4.351297e-05
