# rmse alpha/u,rmse phic/h,rmse h/r,spread alpha/u,spread phic/h,spread h/r
1.159396e-01,2.883385e-01,4.465769e-01,2.108986e-01,2.184920e-01,1.878878e-01
4.074976e-03,2.770359e-02,5.550564e-05,2.512324e-03,1.878712e-02,3.646299e-05
