# rmse alpha/u,rmse phic/h,rmse h/r,spread alpha/u,spread phic/h,spread h/r
3.667983e-03,9.101280e-06,7.529781e-02,1.287998e-01,2.218034e-01,2.009259e-01
1.744694e-03,9.752929e-03,2.557167e-05,1.181567e-03,8.837964e-03,4.337995e-05
