# rmse alpha/u,rmse phic/h,rmse h/r,spread alpha/u,spread phic/h,spread h/r
3.667983e-03,9.101280e-06,7.529781e-02,1.287998e-01,2.218034e-01,2.009259e-01
3.571486e-03,2.042737e-02,3.799091e-05,1.261918e-03,9.136333e-03,4.381396e-05
