# rmse alpha/u,rmse phic/h,rmse h/r,spread alpha/u,spread phic/h,spread h/r
3.667983e-03,9.101280e-06,7.529781e-02,1.287998e-01,2.218034e-01,2.009259e-01
3.068154e-03,1.145461e-02,3.139035e-05,1.074094e-03,7.669581e-03,4.329660e-05
