# rmse alpha/u,rmse phic/h,rmse h/r,spread alpha/u,spread phic/h,spread h/r
3.667983e-03,9.101280e-06,7.529781e-02,1.287998e-01,2.218034e-01,2.009259e-01
2.256238e-03,1.419845e-02,5.145527e-05,1.420975e-03,1.039517e-02,4.755136e-05
