# rmse alpha/u,rmse phic/h,rmse h/r,spread alpha/u,spread phic/h,spread h/r
5.432575e-02,1.244337e-03,9.016176e-03,1.233697e-01,9.987461e-02,8.351417e-02
4.345097e-03,3.145084e-02,5.704449e-05,3.984958e-03,2.963014e-02,5.252927e-05
