# rmse alpha/u,rmse phic/h,rmse h/r,spread alpha/u,spread phic/h,spread h/r
5.432575e-02,1.244337e-03,9.016176e-03,1.233697e-01,9.987461e-02,8.351417e-02
4.061670e-03,2.638798e-02,7.243276e-05,3.239122e-03,2.308166e-02,5.110072e-05
