# rmse alpha/u,rmse phic/h,rmse h/r,spread alpha/u,spread phic/h,spread h/r
5.432575e-02,1.244337e-03,9.016176e-03,1.233697e-01,9.987461e-02,8.351417e-02
3.101089e-03,1.953873e-02,5.254857e-05,3.212769e-03,2.278817e-02,4.945511e-05
