# rmse alpha/u,rmse phic/h,rmse h/r,spread alpha/u,spread phic/h,spread h/r
5.432575e-02,1.244337e-03,9.016176e-03,1.233697e-01,9.987461e-02,8.351417e-02
2.172683e-03,2.025486e-02,5.017508e-05,3.030943e-03,2.265284e-02,4.485689e-05
