# rmse alpha/u,rmse phic/h,rmse h/r,spread alpha/u,spread phic/h,spread h/r
6.945786e-03,6.337703e-03,3.062984e-02,5.027011e-02,8.301970e-02,7.399297e-02
4.063723e-03,2.690600e-02,3.565467e-05,2.547057e-03,1.947458e-02,4.012676e-05
