# rmse alpha/u,rmse phic/h,rmse h/r,spread alpha/u,spread phic/h,spread h/r
6.945786e-03,6.337703e-03,3.062984e-02,5.027011e-02,8.301970e-02,7.399297e-02
5.083555e-03,2.976445e-02,4.488042e-05,2.924099e-03,2.106874e-02,4.138288e-05
