# rmse alpha/u,rmse phic/h,rmse h/r,spread alpha/u,spread phic/h,spread h/r
6.945786e-03,6.337703e-03,3.062984e-02,5.027011e-02,8.301970e-02,7.399297e-02
4.026030e-03,3.328431e-02,4.822332e-05,2.871646e-03,2.270973e-02,4.251123e-05
