# rmse alpha/u,rmse phic/h,rmse h/r,spread alpha/u,spread phic/h,spread h/r
6.945786e-03,6.337703e-03,3.062984e-02,5.027011e-02,8.301970e-02,7.399297e-02
3.688939e-03,2.601402e-02,4.489435e-05,2.936423e-03,2.163081e-02,4.276443e-05
