# rmse alpha/u,rmse phic/h,rmse h/r,spread alpha/u,spread phic/h,spread h/r
2.358657e-02,6.221442e-05,1.777155e-02,1.260624e-01,8.270077e-02,6.561456e-02
3.683776e-03,2.668585e-02,7.841958e-05,3.043041e-03,2.304405e-02,6.152155e-05
