# rmse alpha/u,rmse phic/h,rmse h/r,spread alpha/u,spread phic/h,spread h/r
2.358657e-02,6.221442e-05,1.777155e-02,1.260624e-01,8.270077e-02,6.561456e-02
3.294476e-03,1.756430e-02,5.578117e-05,2.936889e-03,2.021942e-02,5.611761e-05
