# rmse alpha/u,rmse phic/h,rmse h/r,spread alpha/u,spread phic/h,spread h/r
2.358657e-02,6.221442e-05,1.777155e-02,1.260624e-01,8.270077e-02,6.561456e-02
5.536043e-03,2.998182e-02,6.460481e-05,3.566582e-03,2.508245e-02,5.851005e-05
