# rmse alpha/u,rmse phic/h,rmse h/r,spread alpha/u,spread phic/h,spread h/r
2.358657e-02,6.221442e-05,1.777155e-02,1.260624e-01,8.270077e-02,6.561456e-02
4.756559e-03,2.922810e-02,7.164740e-05,3.345652e-03,2.444714e-02,6.118944e-05
