# rmse alpha/u,rmse phic/h,rmse h/r,spread alpha/u,spread phic/h,spread h/r
2.358657e-02,6.221442e-05,1.777155e-02,1.260624e-01,8.270077e-02,6.561456e-02
4.972887e-03,2.331647e-02,6.302136e-05,2.089446e-03,1.478601e-02,5.047506e-05
