# rmse alpha/u,rmse phic/h,rmse h/r,spread alpha/u,spread phic/h,spread h/r
1.287393e-01,1.228936e-02,5.973613e-02,1.767123e-01,1.093529e-01,7.791308e-02
4.962172e-03,3.437505e-02,5.013112e-05,3.777605e-03,2.667677e-02,2.837648e-05
