# rmse alpha/u,rmse phic/h,rmse h/r,spread alpha/u,spread phic/h,spread h/r
1.287393e-01,1.228936e-02,5.973613e-02,1.767123e-01,1.093529e-01,7.791308e-02
5.639133e-03,3.562692e-02,5.698423e-05,4.072140e-03,3.121582e-02,3.270584e-05
