# rmse alpha/u,rmse phic/h,rmse h/r,spread alpha/u,spread phic/h,spread h/r
1.287393e-01,1.228936e-02,5.973613e-02,1.767123e-01,1.093529e-01,7.791308e-02
5.718996e-03,3.877136e-02,4.983188e-05,4.437595e-03,3.202810e-02,3.309793e-05
