# rmse alpha/u,rmse phic/h,rmse h/r,spread alpha/u,spread phic/h,spread h/r
1.287393e-01,1.228936e-02,5.973613e-02,1.767123e-01,1.093529e-01,7.791308e-02
4.958484e-03,3.317091e-02,4.998515e-05,4.306618e-03,3.224949e-02,3.253353e-05
