# rmse alpha/u,rmse phic/h,rmse h/r,spread alpha/u,spread phic/h,spread h/r
1.287393e-01,1.228936e-02,5.973613e-02,1.767123e-01,1.093529e-01,7.791308e-02
5.051510e-03,3.243967e-02,5.147937e-05,3.553417e-03,2.542395e-02,3.040629e-05
