# rmse alpha/u,rmse phic/h,rmse h/r,spread alpha/u,spread phic/h,spread h/r
3.554274e-01,1.085407e-01,5.004036e-02,1.927996e-01,2.373932e-01,2.334187e-01
3.835941e-03,3.215871e-02,6.434581e-05,3.391778e-03,2.507416e-02,4.306316e-05
