# rmse alpha/u,rmse phic/h,rmse h/r,spread alpha/u,spread phic/h,spread h/r
3.554274e-01,1.085407e-01,5.004036e-02,1.927996e-01,2.373932e-01,2.334187e-01
4.371415e-03,3.180372e-02,5.419361e-05,2.544515e-03,1.836123e-02,3.436497e-05
