# rmse alpha/u,rmse phic/h,rmse h/r,spread alpha/u,spread phic/h,spread h/r
1.063442e-01,2.668461e-01,5.122879e-03,2.064906e-01,1.899857e-01,1.562718e-01
5.758513e-03,4.200077e-02,2.062322e-05,4.082512e-03,3.566278e-02,2.160118e-05
