# rmse alpha/u,rmse phic/h,rmse h/r,spread alpha/u,spread phic/h,spread h/r
1.063442e-01,2.668461e-01,5.122879e-03,2.064906e-01,1.899857e-01,1.562718e-01
4.413318e-03,3.604016e-02,1.561255e-05,4.586947e-03,3.803728e-02,2.343375e-05
