# rmse alpha/u,rmse phic/h,rmse h/r,spread alpha/u,spread phic/h,spread h/r
1.063442e-01,2.668461e-01,5.122879e-03,2.064906e-01,1.899857e-01,1.562718e-01
4.669800e-03,3.357410e-02,2.246839e-05,4.067793e-03,3.100860e-02,2.312534e-05
