# rmse alpha/u,rmse phic/h,rmse h/r,spread alpha/u,spread phic/h,spread h/r
1.063442e-01,2.668461e-01,5.122879e-03,2.064906e-01,1.899857e-01,1.562718e-01
5.357009e-03,3.247968e-02,1.730189e-05,4.126714e-03,3.234587e-02,2.025914e-05
