# rmse alpha/u,rmse phic/h,rmse h/r,spread alpha/u,spread phic/h,spread h/r
2.840558e-01,2.479621e-01,2.750958e-01,2.019725e-01,2.331036e-01,2.184864e-01
3.644956e-03,1.926761e-02,4.888807e-05,2.649801e-03,1.908829e-02,4.924904e-05
