# rmse alpha/u,rmse phic/h,rmse h/r,spread alpha/u,spread phic/h,spread h/r
2.840558e-01,2.479621e-01,2.750958e-01,2.019725e-01,2.331036e-01,2.184864e-01
4.418918e-03,3.082597e-02,5.736425e-05,2.893695e-03,2.248562e-02,5.245351e-05
