# rmse alpha/u,rmse phic/h,rmse h/r,spread alpha/u,spread phic/h,spread h/r
2.840558e-01,2.479621e-01,2.750958e-01,2.019725e-01,2.331036e-01,2.184864e-01
5.636956e-03,3.529706e-02,6.353152e-05,3.194715e-03,2.458148e-02,6.161163e-05
