# rmse alpha/u,rmse phic/h,rmse h/r,spread alpha/u,spread phic/h,spread h/r
2.840558e-01,2.479621e-01,2.750958e-01,2.019725e-01,2.331036e-01,2.184864e-01
4.983944e-03,3.014802e-02,5.708794e-05,3.592463e-03,2.521128e-02,6.162998e-05
