# rmse alpha/u,rmse phic/h,rmse h/r,spread alpha/u,spread phic/h,spread h/r
2.840558e-01,2.479621e-01,2.750958e-01,2.019725e-01,2.331036e-01,2.184864e-01
4.974168e-03,3.102558e-02,3.965383e-05,2.609044e-03,1.782092e-02,4.515317e-05
