# rmse alpha/u,rmse phic/h,rmse h/r,spread alpha/u,spread phic/h,spread h/r
1.395256e-02,5.255604e-02,6.783050e-02,1.664987e-01,1.961597e-01,2.066448e-01
5.307560e-03,3.136883e-02,5.737806e-05,2.715855e-03,1.858647e-02,5.391774e-05
