# rmse alpha/u,rmse phic/h,rmse h/r,spread alpha/u,spread phic/h,spread h/r
1.395256e-02,5.255604e-02,6.783050e-02,1.664987e-01,1.961597e-01,2.066448e-01
4.513584e-03,2.404341e-02,6.588247e-05,2.120312e-03,1.499571e-02,5.369819e-05
