# rmse alpha/u,rmse phic/h,rmse h/r,spread alpha/u,spread phic/h,spread h/r
1.395256e-02,5.255604e-02,6.783050e-02,1.664987e-01,1.961597e-01,2.066448e-01
2.847630e-03,1.676178e-02,5.236007e-05,1.880984e-03,1.230283e-02,4.802277e-05
