# rmse alpha/u,rmse phic/h,rmse h/r,spread alpha/u,spread phic/h,spread h/r
1.395256e-02,5.255604e-02,6.783050e-02,1.664987e-01,1.961597e-01,2.066448e-01
3.062062e-03,2.214576e-02,5.174595e-05,2.217759e-03,1.629584e-02,5.403202e-05
