# rmse alpha/u,rmse phic/h,rmse h/r,spread alpha/u,spread phic/h,spread h/r
1.395256e-02,5.255604e-02,6.783050e-02,1.664987e-01,1.961597e-01,2.066448e-01
3.116456e-03,2.466610e-02,5.768680e-05,1.985327e-03,1.467611e-02,5.209839e-05
