# rmse alpha/u,rmse phic/h,rmse h/r,spread alpha/u,spread phic/h,spread h/r
1.395256e-02,5.255604e-02,6.783050e-02,1.664987e-01,1.961597e-01,2.066448e-01
4.221968e-03,3.157642e-02,5.935385e-05,2.018017e-03,1.489256e-02,5.239941e-05
