# rmse alpha/u,rmse phic/h,rmse h/r,spread alpha/u,spread phic/h,spread h/r
1.395256e-02,5.255604e-02,6.783050e-02,1.664987e-01,1.961597e-01,2.066448e-01
3.200574e-03,2.429698e-02,4.740038e-05,1.638744e-03,1.205114e-02,5.349309e-05
