# rmse alpha/u,rmse phic/h,rmse h/r,spread alpha/u,spread phic/h,spread h/r
1.300391e-03,1.122044e-01,2.541249e-01,1.906733e-01,1.720275e-01,1.565591e-01
2.047170e-03,1.285936e-02,2.538510e-05,1.327939e-03,9.195575e-03,2.116394e-05
