# rmse alpha/u,rmse phic/h,rmse h/r,spread alpha/u,spread phic/h,spread h/r
1.300391e-03,1.122044e-01,2.541249e-01,1.906733e-01,1.720275e-01,1.565591e-01
2.911715e-03,1.418170e-02,3.900508e-05,1.552007e-03,1.030931e-02,2.439120e-05
