# rmse alpha/u,rmse phic/h,rmse h/r,spread alpha/u,spread phic/h,spread h/r
1.300391e-03,1.122044e-01,2.541249e-01,1.906733e-01,1.720275e-01,1.565591e-01
2.262501e-03,1.303204e-02,2.991195e-05,1.632471e-03,1.089129e-02,2.188550e-05
