# rmse alpha/u,rmse phic/h,rmse h/r,spread alpha/u,spread phic/h,spread h/r
1.300391e-03,1.122044e-01,2.541249e-01,1.906733e-01,1.720275e-01,1.565591e-01
2.242099e-03,1.365801e-02,4.097131e-05,1.173581e-03,8.271331e-03,2.421738e-05
