# rmse alpha/u,rmse phic/h,rmse h/r,spread alpha/u,spread phic/h,spread h/r
1.300391e-03,1.122044e-01,2.541249e-01,1.906733e-01,1.720275e-01,1.565591e-01
8.182594e-04,6.579946e-03,3.860199e-05,8.183088e-04,6.140450e-03,2.167086e-05
