# rmse alpha/u,rmse phic/h,rmse h/r,spread alpha/u,spread phic/h,spread h/r
1.300391e-03,1.122044e-01,2.541249e-01,1.906733e-01,1.720275e-01,1.565591e-01
1.652581e-03,1.073224e-02,2.828369e-05,1.074745e-03,7.344283e-03,1.942645e-05
