# rmse alpha/u,rmse phic/h,rmse h/r,spread alpha/u,spread phic/h,spread h/r
1.694244e-01,5.700228e-01,3.758916e-01,1.674265e-01,2.226131e-01,1.935605e-01
2.238172e-03,1.820482e-02,2.454023e-05,2.352972e-03,1.752208e-02,3.139236e-05
