# rmse alpha/u,rmse phic/h,rmse h/r,spread alpha/u,spread phic/h,spread h/r
1.694244e-01,5.700228e-01,3.758916e-01,1.674265e-01,2.226131e-01,1.935605e-01
3.011948e-03,2.055540e-02,2.984570e-05,2.570515e-03,1.939922e-02,3.274252e-05
