# rmse alpha/u,rmse phic/h,rmse h/r,spread alpha/u,spread phic/h,spread h/r
1.694244e-01,5.700228e-01,3.758916e-01,1.674265e-01,2.226131e-01,1.935605e-01
4.465953e-03,2.470047e-02,3.267475e-05,2.879856e-03,2.218645e-02,3.447362e-05
