# rmse alpha/u,rmse phic/h,rmse h/r,spread alpha/u,spread phic/h,spread h/r
1.694244e-01,5.700228e-01,3.758916e-01,1.674265e-01,2.226131e-01,1.935605e-01
4.620498e-03,2.152691e-02,2.902858e-05,2.548646e-03,1.820219e-02,2.951297e-05
