# rmse alpha/u,rmse phic/h,rmse h/r,spread alpha/u,spread phic/h,spread h/r
1.694244e-01,5.700228e-01,3.758916e-01,1.674265e-01,2.226131e-01,1.935605e-01
3.963295e-03,2.542237e-02,2.863749e-05,2.613401e-03,1.903398e-02,3.043340e-05
