# rmse alpha/u,rmse phic/h,rmse h/r,spread alpha/u,spread phic/h,spread h/r
1.694244e-01,5.700228e-01,3.758916e-01,1.674265e-01,2.226131e-01,1.935605e-01
3.649239e-03,2.286475e-02,2.356034e-05,2.680064e-03,1.979402e-02,3.312349e-05
