# rmse alpha/u,rmse phic/h,rmse h/r,spread alpha/u,spread phic/h,spread h/r
1.811063e-02,3.590834e-02,8.147350e-02,1.817245e-01,2.345713e-01,1.989367e-01
4.096038e-03,3.040728e-02,6.416065e-05,3.983737e-03,3.232654e-02,6.533878e-05
