# rmse alpha/u,rmse phic/h,rmse h/r,spread alpha/u,spread phic/h,spread h/r
1.666163e-02,2.014946e-02,2.236616e-03,1.278213e-01,7.736939e-02,8.568770e-02
8.351928e-04,6.063505e-03,2.735282e-05,8.129701e-04,6.407022e-03,4.442991e-05
