# rmse alpha/u,rmse phic/h,rmse h/r,spread alpha/u,spread phic/h,spread h/r
1.666163e-02,2.014946e-02,2.236616e-03,1.278213e-01,7.736939e-02,8.568770e-02
2.502957e-03,1.590005e-02,4.741289e-05,1.484816e-03,1.130171e-02,5.248837e-05
