# rmse alpha/u,rmse phic/h,rmse h/r,spread alpha/u,spread phic/h,spread h/r
1.666163e-02,2.014946e-02,2.236616e-03,1.278213e-01,7.736939e-02,8.568770e-02
2.136586e-03,1.432089e-02,4.509292e-05,1.340934e-03,1.009224e-02,5.236789e-05
