# rmse alpha/u,rmse phic/h,rmse h/r,spread alpha/u,spread phic/h,spread h/r
1.666163e-02,2.014946e-02,2.236616e-03,1.278213e-01,7.736939e-02,8.568770e-02
2.593326e-03,1.558192e-02,6.026113e-05,1.289425e-03,9.258619e-03,5.089933e-05
