# rmse alpha/u,rmse phic/h,rmse h/r,spread alpha/u,spread phic/h,spread h/r
1.666163e-02,2.014946e-02,2.236616e-03,1.278213e-01,7.736939e-02,8.568770e-02
8.779888e-04,6.746536e-03,3.132868e-05,8.427122e-04,6.662775e-03,4.690436e-05
