# rmse alpha/u,rmse phic/h,rmse h/r,spread alpha/u,spread phic/h,spread h/r
1.666163e-02,2.014946e-02,2.236616e-03,1.278213e-01,7.736939e-02,8.568770e-02
8.539652e-04,6.977797e-03,2.676753e-05,8.940815e-04,6.968157e-03,4.612990e-05
