# rmse alpha/u,rmse phic/h,rmse h/r,spread alpha/u,spread phic/h,spread h/r
1.666163e-02,2.014946e-02,2.236616e-03,1.278213e-01,7.736939e-02,8.568770e-02
1.738989e-03,9.886532e-03,3.028163e-05,9.933842e-04,7.496868e-03,4.657057e-05
