# rmse alpha/u,rmse phic/h,rmse h/r,spread alpha/u,spread phic/h,spread h/r
1.037074e-01,3.315729e-01,2.136122e-01,9.986862e-02,1.045211e-01,8.222280e-02
8.249076e-04,6.752819e-03,2.585982e-05,8.106630e-04,6.382298e-03,4.655963e-05
