# rmse alpha/u,rmse phic/h,rmse h/r,spread alpha/u,spread phic/h,spread h/r
1.037074e-01,3.315729e-01,2.136122e-01,9.986862e-02,1.045211e-01,8.222280e-02
1.074810e-03,7.935935e-03,2.710133e-05,9.562534e-04,7.219481e-03,4.459071e-05
