# rmse alpha/u,rmse phic/h,rmse h/r,spread alpha/u,spread phic/h,spread h/r
1.037074e-01,3.315729e-01,2.136122e-01,9.986862e-02,1.045211e-01,8.222280e-02
8.555812e-04,6.691562e-03,3.125101e-05,8.241771e-04,6.371117e-03,4.631219e-05
