# rmse alpha/u,rmse phic/h,rmse h/r,spread alpha/u,spread phic/h,spread h/r
1.037074e-01,3.315729e-01,2.136122e-01,9.986862e-02,1.045211e-01,8.222280e-02
8.465672e-04,6.522047e-03,3.122739e-05,8.101060e-04,6.245851e-03,4.644681e-05
