# rmse alpha/u,rmse phic/h,rmse h/r,spread alpha/u,spread phic/h,spread h/r
2.256405e-01,1.272039e-01,1.136869e-01,1.543946e-01,1.176638e-01,6.855999e-02
3.148185e-03,1.881075e-02,5.635711e-05,1.491041e-03,1.063072e-02,3.745418e-05
