# rmse alpha/u,rmse phic/h,rmse h/r,spread alpha/u,spread phic/h,spread h/r
2.256405e-01,1.272039e-01,1.136869e-01,1.543946e-01,1.176638e-01,6.855999e-02
1.885184e-03,1.036264e-02,4.166128e-05,1.540749e-03,1.026286e-02,3.373031e-05
