# rmse alpha/u,rmse phic/h,rmse h/r,spread alpha/u,spread phic/h,spread h/r
2.256405e-01,1.272039e-01,1.136869e-01,1.543946e-01,1.176638e-01,6.855999e-02
3.213004e-03,2.199588e-02,4.860437e-05,1.415671e-03,1.012478e-02,3.789050e-05
