# rmse alpha/u,rmse phic/h,rmse h/r,spread alpha/u,spread phic/h,spread h/r
2.256405e-01,1.272039e-01,1.136869e-01,1.543946e-01,1.176638e-01,6.855999e-02
5.035880e-03,2.857008e-02,5.801962e-05,1.691773e-03,1.102119e-02,3.441192e-05
