# rmse alpha/u,rmse phic/h,rmse h/r,spread alpha/u,spread phic/h,spread h/r
2.256405e-01,1.272039e-01,1.136869e-01,1.543946e-01,1.176638e-01,6.855999e-02
1.326444e-03,9.645647e-03,5.153963e-05,1.178411e-03,8.038299e-03,3.596928e-05
