# rmse alpha/u,rmse phic/h,rmse h/r,spread alpha/u,spread phic/h,spread h/r
2.256405e-01,1.272039e-01,1.136869e-01,1.543946e-01,1.176638e-01,6.855999e-02
1.080791e-03,1.456374e-02,4.934292e-05,1.017992e-03,7.682292e-03,3.360871e-05
