# rmse alpha/u,rmse phic/h,rmse h/r,spread alpha/u,spread phic/h,spread h/r
1.631400e-03,2.215317e-01,5.620886e-01,2.064906e-01,1.899857e-01,1.562718e-01
2.377807e-03,1.332849e-02,6.024187e-05,1.485371e-03,1.014504e-02,5.126092e-05
