# rmse alpha/u,rmse phic/h,rmse h/r,spread alpha/u,spread phic/h,spread h/r
1.631400e-03,2.215317e-01,5.620886e-01,2.064906e-01,1.899857e-01,1.562718e-01
1.195910e-03,9.173995e-03,5.178213e-05,1.274915e-03,8.860820e-03,4.883463e-05
