# rmse alpha/u,rmse phic/h,rmse h/r,spread alpha/u,spread phic/h,spread h/r
1.631400e-03,2.215317e-01,5.620886e-01,2.064906e-01,1.899857e-01,1.562718e-01
2.777800e-03,1.542820e-02,5.090724e-05,1.739704e-03,1.163438e-02,5.082005e-05
