# rmse alpha/u,rmse phic/h,rmse h/r,spread alpha/u,spread phic/h,spread h/r
1.631400e-03,2.215317e-01,5.620886e-01,2.064906e-01,1.899857e-01,1.562718e-01
3.330231e-03,1.761256e-02,7.291987e-05,2.817894e-03,2.003782e-02,6.536645e-05
