# rmse alpha/u,rmse phic/h,rmse h/r,spread alpha/u,spread phic/h,spread h/r
1.631400e-03,2.215317e-01,5.620886e-01,2.064906e-01,1.899857e-01,1.562718e-01
1.553244e-03,1.177613e-02,6.268149e-05,1.613913e-03,1.106172e-02,5.400964e-05
