# rmse alpha/u,rmse phic/h,rmse h/r,spread alpha/u,spread phic/h,spread h/r
2.986955e-01,1.033119e-01,8.187976e-02,2.007018e-01,2.348895e-01,2.071683e-01
4.096010e-03,2.437823e-02,5.351219e-05,2.963954e-03,2.000383e-02,4.099984e-05
