# rmse alpha/u,rmse phic/h,rmse h/r,spread alpha/u,spread phic/h,spread h/r
2.986955e-01,1.033119e-01,8.187976e-02,2.007018e-01,2.348895e-01,2.071683e-01
3.558953e-03,4.184891e-02,6.809806e-05,3.323381e-03,2.530337e-02,4.883419e-05
