# rmse alpha/u,rmse phic/h,rmse h/r,spread alpha/u,spread phic/h,spread h/r
2.986955e-01,1.033119e-01,8.187976e-02,2.007018e-01,2.348895e-01,2.071683e-01
4.406348e-03,2.357836e-02,5.393235e-05,3.370882e-03,2.279499e-02,3.857499e-05
