# rmse alpha/u,rmse phic/h,rmse h/r,spread alpha/u,spread phic/h,spread h/r
2.986955e-01,1.033119e-01,8.187976e-02,2.007018e-01,2.348895e-01,2.071683e-01
2.909774e-03,2.027719e-02,5.490175e-05,2.390988e-03,1.668909e-02,4.515063e-05
