# rmse alpha/u,rmse phic/h,rmse h/r,spread alpha/u,spread phic/h,spread h/r
2.986955e-01,1.033119e-01,8.187976e-02,2.007018e-01,2.348895e-01,2.071683e-01
3.558447e-03,2.360399e-02,4.897665e-05,3.822513e-03,2.652929e-02,4.443390e-05
