# rmse alpha/u,rmse phic/h,rmse h/r,spread alpha/u,spread phic/h,spread h/r
2.986955e-01,1.033119e-01,8.187976e-02,2.007018e-01,2.348895e-01,2.071683e-01
3.252680e-03,2.866379e-02,5.397514e-05,2.459530e-03,1.840101e-02,4.141607e-05
