# rmse alpha/u,rmse phic/h,rmse h/r,spread alpha/u,spread phic/h,spread h/r
2.986955e-01,1.033119e-01,8.187976e-02,2.007018e-01,2.348895e-01,2.071683e-01
2.547521e-03,1.723096e-02,4.646818e-05,2.227074e-03,1.598383e-02,3.593373e-05
