# rmse alpha/u,rmse phic/h,rmse h/r,spread alpha/u,spread phic/h,spread h/r
2.166880e-01,1.943753e-01,4.260948e-01,1.750298e-01,1.929871e-01,2.258974e-01
5.317406e-03,3.892828e-02,6.945024e-05,3.717756e-03,2.943782e-02,5.887232e-05
