# rmse alpha/u,rmse phic/h,rmse h/r,spread alpha/u,spread phic/h,spread h/r
2.166880e-01,1.943753e-01,4.260948e-01,1.750298e-01,1.929871e-01,2.258974e-01
5.199237e-03,3.777167e-02,7.656724e-05,3.346789e-03,2.650783e-02,5.557543e-05
