# rmse alpha/u,rmse phic/h,rmse h/r,spread alpha/u,spread phic/h,spread h/r
2.166880e-01,1.943753e-01,4.260948e-01,1.750298e-01,1.929871e-01,2.258974e-01
4.703435e-03,2.779659e-02,6.717395e-05,3.305471e-03,2.423135e-02,5.117290e-05
