# rmse alpha/u,rmse phic/h,rmse h/r,spread alpha/u,spread phic/h,spread h/r
2.166880e-01,1.943753e-01,4.260948e-01,1.750298e-01,1.929871e-01,2.258974e-01
4.346717e-03,3.572273e-02,6.371091e-05,3.930176e-03,3.023746e-02,5.568501e-05
