# rmse alpha/u,rmse phic/h,rmse h/r,spread alpha/u,spread phic/h,spread h/r
2.166880e-01,1.943753e-01,4.260948e-01,1.750298e-01,1.929871e-01,2.258974e-01
4.559090e-03,2.696083e-02,6.448054e-05,3.523451e-03,2.545270e-02,5.549819e-05
