# rmse alpha/u,rmse phic/h,rmse h/r,spread alpha/u,spread phic/h,spread h/r
2.166880e-01,1.943753e-01,4.260948e-01,1.750298e-01,1.929871e-01,2.258974e-01
4.955603e-03,2.730667e-02,5.563714e-05,2.858439e-03,1.976413e-02,4.724511e-05
