# rmse alpha/u,rmse phic/h,rmse h/r,spread alpha/u,spread phic/h,spread h/r
2.166880e-01,1.943753e-01,4.260948e-01,1.750298e-01,1.929871e-01,2.258974e-01
3.538891e-03,2.019553e-02,5.310395e-05,2.650848e-03,1.825750e-02,4.825552e-05
