# rmse alpha/u,rmse phic/h,rmse h/r,spread alpha/u,spread phic/h,spread h/r
3.201486e-01,3.709132e-01,3.047936e-01,1.044797e-01,9.776834e-02,7.794805e-02
4.427997e-03,2.742725e-02,6.971122e-05,4.066130e-03,3.302110e-02,7.860122e-05
