# rmse alpha/u,rmse phic/h,rmse h/r,spread alpha/u,spread phic/h,spread h/r
3.717003e-01,2.753249e-01,3.105183e-01,1.990119e-01,1.770977e-01,2.034113e-01
5.263516e-03,2.382906e-02,5.890287e-05,2.869170e-03,1.921520e-02,4.834526e-05
