# rmse alpha/u,rmse phic/h,rmse h/r,spread alpha/u,spread phic/h,spread h/r
3.717003e-01,2.753249e-01,3.105183e-01,1.990119e-01,1.770977e-01,2.034113e-01
4.337553e-03,2.973577e-02,6.515426e-05,3.141432e-03,2.302980e-02,5.638459e-05
