# rmse alpha/u,rmse phic/h,rmse h/r,spread alpha/u,spread phic/h,spread h/r
3.717003e-01,2.753249e-01,3.105183e-01,1.990119e-01,1.770977e-01,2.034113e-01
3.730961e-03,3.241872e-02,7.382124e-05,3.811354e-03,2.659421e-02,5.617555e-05
