# rmse alpha/u,rmse phic/h,rmse h/r,spread alpha/u,spread phic/h,spread h/r
3.717003e-01,2.753249e-01,3.105183e-01,1.990119e-01,1.770977e-01,2.034113e-01
5.328781e-03,3.086349e-02,6.596163e-05,4.044637e-03,2.984980e-02,5.919024e-05
