# rmse alpha/u,rmse phic/h,rmse h/r,spread alpha/u,spread phic/h,spread h/r
3.717003e-01,2.753249e-01,3.105183e-01,1.990119e-01,1.770977e-01,2.034113e-01
5.365596e-03,3.803305e-02,8.941042e-05,3.621931e-03,2.639651e-02,6.639869e-05
