# rmse alpha/u,rmse phic/h,rmse h/r,spread alpha/u,spread phic/h,spread h/r
3.717003e-01,2.753249e-01,3.105183e-01,1.990119e-01,1.770977e-01,2.034113e-01
5.728759e-03,3.838337e-02,7.550522e-05,3.354619e-03,2.456454e-02,6.373708e-05
