# rmse alpha/u,rmse phic/h,rmse h/r,spread alpha/u,spread phic/h,spread h/r
3.717003e-01,2.753249e-01,3.105183e-01,1.990119e-01,1.770977e-01,2.034113e-01
5.267203e-03,2.959808e-02,6.410235e-05,2.804102e-03,2.037618e-02,5.720683e-05
