# rmse alpha/u,rmse phic/h,rmse h/r,spread alpha/u,spread phic/h,spread h/r
3.717003e-01,2.753249e-01,3.105183e-01,1.990119e-01,1.770977e-01,2.034113e-01
5.544895e-03,3.334716e-02,8.235382e-05,3.024551e-03,2.143704e-02,5.362244e-05
