# rmse alpha/u,rmse phic/h,rmse h/r,spread alpha/u,spread phic/h,spread h/r
2.111918e-02,8.192276e-02,2.521302e-01,2.064906e-01,1.899857e-01,1.562718e-01
8.253454e-04,6.241650e-03,2.604067e-05,8.324064e-04,6.488308e-03,3.523230e-05
