# rmse alpha/u,rmse phic/h,rmse h/r,spread alpha/u,spread phic/h,spread h/r
2.111918e-02,8.192276e-02,2.521302e-01,2.064906e-01,1.899857e-01,1.562718e-01
2.374085e-03,1.374768e-02,3.866418e-05,1.601098e-03,1.119773e-02,4.326113e-05
