# rmse alpha/u,rmse phic/h,rmse h/r,spread alpha/u,spread phic/h,spread h/r
2.111918e-02,8.192276e-02,2.521302e-01,2.064906e-01,1.899857e-01,1.562718e-01
1.911237e-03,1.091405e-02,3.196978e-05,1.372168e-03,9.804538e-03,4.089737e-05
