# rmse alpha/u,rmse phic/h,rmse h/r,spread alpha/u,spread phic/h,spread h/r
2.111918e-02,8.192276e-02,2.521302e-01,2.064906e-01,1.899857e-01,1.562718e-01
8.325965e-04,6.772112e-03,2.665878e-05,9.051360e-04,6.986175e-03,3.668811e-05
