# rmse alpha/u,rmse phic/h,rmse h/r,spread alpha/u,spread phic/h,spread h/r
3.657021e-02,2.537028e-02,3.808752e-02,1.313688e-01,1.029344e-01,7.329638e-02
2.743270e-03,1.523992e-02,4.107625e-05,2.148015e-03,1.429760e-02,4.718456e-05
