# rmse alpha/u,rmse phic/h,rmse h/r,spread alpha/u,spread phic/h,spread h/r
2.648909e-02,6.824781e-03,3.268603e-02,1.963514e-01,1.825803e-01,2.103652e-01
4.958116e-03,3.039423e-02,6.517454e-05,3.957650e-03,3.058053e-02,6.317856e-05
