# rmse alpha/u,rmse phic/h,rmse h/r,spread alpha/u,spread phic/h,spread h/r
2.648909e-02,6.824781e-03,3.268603e-02,1.963514e-01,1.825803e-01,2.103652e-01
3.789448e-03,2.604983e-02,5.232236e-05,3.059165e-03,2.247530e-02,5.719585e-05
