# rmse alpha/u,rmse phic/h,rmse h/r,spread alpha/u,spread phic/h,spread h/r
2.648909e-02,6.824781e-03,3.268603e-02,1.963514e-01,1.825803e-01,2.103652e-01
3.809459e-03,2.265201e-02,5.290176e-05,2.553222e-03,1.910015e-02,5.544393e-05
