# rmse alpha/u,rmse phic/h,rmse h/r,spread alpha/u,spread phic/h,spread h/r
2.648909e-02,6.824781e-03,3.268603e-02,1.963514e-01,1.825803e-01,2.103652e-01
4.514140e-03,2.667320e-02,5.710994e-05,2.926917e-03,1.904542e-02,4.531152e-05
