# rmse alpha/u,rmse phic/h,rmse h/r,spread alpha/u,spread phic/h,spread h/r
1.304821e-01,1.209660e-01,1.792806e-01,1.214937e-01,9.562950e-02,8.765430e-02
3.137149e-03,1.661956e-02,4.057179e-05,2.065588e-03,1.474073e-02,5.248031e-05
