# rmse alpha/u,rmse phic/h,rmse h/r,spread alpha/u,spread phic/h,spread h/r
1.304821e-01,1.209660e-01,1.792806e-01,1.214937e-01,9.562950e-02,8.765430e-02
2.614615e-03,1.683797e-02,3.509695e-05,1.961329e-03,1.357786e-02,4.463064e-05
