# rmse alpha/u,rmse phic/h,rmse h/r,spread alpha/u,spread phic/h,spread h/r
1.304821e-01,1.209660e-01,1.792806e-01,1.214937e-01,9.562950e-02,8.765430e-02
4.163439e-03,2.703049e-02,4.094695e-05,2.954254e-03,2.196212e-02,5.251978e-05
