# rmse alpha/u,rmse phic/h,rmse h/r,spread alpha/u,spread phic/h,spread h/r
1.304821e-01,1.209660e-01,1.792806e-01,1.214937e-01,9.562950e-02,8.765430e-02
5.314443e-03,3.397391e-02,6.034619e-05,3.457926e-03,2.538665e-02,6.061511e-05
