# rmse alpha/u,rmse phic/h,rmse h/r,spread alpha/u,spread phic/h,spread h/r
1.304821e-01,1.209660e-01,1.792806e-01,1.214937e-01,9.562950e-02,8.765430e-02
3.972245e-03,2.747460e-02,5.917906e-05,2.247504e-03,1.660795e-02,5.720248e-05
