# rmse alpha/u,rmse phic/h,rmse h/r,spread alpha/u,spread phic/h,spread h/r
1.304821e-01,1.209660e-01,1.792806e-01,1.214937e-01,9.562950e-02,8.765430e-02
3.040590e-03,1.895130e-02,4.768043e-05,1.728320e-03,1.311632e-02,5.186919e-05
