# rmse alpha/u,rmse phic/h,rmse h/r,spread alpha/u,spread phic/h,spread h/r
1.304821e-01,1.209660e-01,1.792806e-01,1.214937e-01,9.562950e-02,8.765430e-02
3.335767e-03,2.136620e-02,3.956436e-05,2.089977e-03,1.342949e-02,4.839352e-05
