# rmse alpha/u,rmse phic/h,rmse h/r,spread alpha/u,spread phic/h,spread h/r
1.304821e-01,1.209660e-01,1.792806e-01,1.214937e-01,9.562950e-02,8.765430e-02
3.036112e-03,2.949330e-02,6.209288e-05,2.019962e-03,1.456878e-02,5.505298e-05
