# rmse alpha/u,rmse phic/h,rmse h/r,spread alpha/u,spread phic/h,spread h/r
1.304821e-01,1.209660e-01,1.792806e-01,1.214937e-01,9.562950e-02,8.765430e-02
4.668518e-03,2.407522e-02,5.675512e-05,1.487304e-03,1.038644e-02,4.941108e-05
