# rmse alpha/u,rmse phic/h,rmse h/r,spread alpha/u,spread phic/h,spread h/r
1.304821e-01,1.209660e-01,1.792806e-01,1.214937e-01,9.562950e-02,8.765430e-02
2.402081e-03,1.208048e-02,4.459945e-05,1.080407e-03,7.869843e-03,4.734353e-05
