# rmse alpha/u,rmse phic/h,rmse h/r,spread alpha/u,spread phic/h,spread h/r
2.026173e-03,1.210350e-03,1.916929e-02,1.290381e-01,8.476924e-02,6.700703e-02
3.935671e-03,2.230621e-02,3.888880e-05,2.066323e-03,1.646706e-02,3.178368e-05
