# rmse alpha/u,rmse phic/h,rmse h/r,spread alpha/u,spread phic/h,spread h/r
2.026173e-03,1.210350e-03,1.916929e-02,1.290381e-01,8.476924e-02,6.700703e-02
4.503351e-03,3.354333e-02,4.257923e-05,2.151147e-03,1.434777e-02,2.974395e-05
