# rmse alpha/u,rmse phic/h,rmse h/r,spread alpha/u,spread phic/h,spread h/r
2.026173e-03,1.210350e-03,1.916929e-02,1.290381e-01,8.476924e-02,6.700703e-02
4.218482e-03,2.380942e-02,3.861087e-05,2.009178e-03,1.398368e-02,2.732279e-05
