# rmse alpha/u,rmse phic/h,rmse h/r,spread alpha/u,spread phic/h,spread h/r
2.026173e-03,1.210350e-03,1.916929e-02,1.290381e-01,8.476924e-02,6.700703e-02
3.678179e-03,2.323659e-02,4.671870e-05,1.785518e-03,1.295070e-02,2.804144e-05
