# rmse alpha/u,rmse phic/h,rmse h/r,spread alpha/u,spread phic/h,spread h/r
5.476146e-05,4.299326e-06,2.374153e-03,1.316409e-01,7.563344e-02,7.454484e-02
2.113383e-03,1.716927e-02,3.316391e-05,1.748196e-03,1.337904e-02,5.070421e-05
