# rmse alpha/u,rmse phic/h,rmse h/r,spread alpha/u,spread phic/h,spread h/r
5.476146e-05,4.299326e-06,2.374153e-03,1.316409e-01,7.563344e-02,7.454484e-02
2.270448e-03,1.465767e-02,3.346792e-05,1.371230e-03,1.051604e-02,4.887861e-05
