# rmse alpha/u,rmse phic/h,rmse h/r,spread alpha/u,spread phic/h,spread h/r
5.476146e-05,4.299326e-06,2.374153e-03,1.316409e-01,7.563344e-02,7.454484e-02
1.035957e-03,6.336944e-03,2.044756e-05,9.213703e-04,6.705043e-03,4.246196e-05
