# rmse alpha/u,rmse phic/h,rmse h/r,spread alpha/u,spread phic/h,spread h/r
5.476146e-05,4.299326e-06,2.374153e-03,1.316409e-01,7.563344e-02,7.454484e-02
2.491827e-03,1.220348e-02,3.075204e-05,2.020617e-03,1.327296e-02,4.544939e-05
