# rmse alpha/u,rmse phic/h,rmse h/r,spread alpha/u,spread phic/h,spread h/r
5.476146e-05,4.299326e-06,2.374153e-03,1.316409e-01,7.563344e-02,7.454484e-02
3.397484e-03,2.460604e-02,4.481233e-05,2.046963e-03,1.594708e-02,5.209195e-05
