# rmse alpha/u,rmse phic/h,rmse h/r,spread alpha/u,spread phic/h,spread h/r
5.476146e-05,4.299326e-06,2.374153e-03,1.316409e-01,7.563344e-02,7.454484e-02
3.540592e-03,2.309170e-02,4.934083e-05,1.687797e-03,1.206646e-02,4.990475e-05
