# rmse alpha/u,rmse phic/h,rmse h/r,spread alpha/u,spread phic/h,spread h/r
5.476146e-05,4.299326e-06,2.374153e-03,1.316409e-01,7.563344e-02,7.454484e-02
1.233824e-03,7.082391e-03,2.463498e-05,1.052093e-03,7.939179e-03,4.352651e-05
