# rmse alpha/u,rmse phic/h,rmse h/r,spread alpha/u,spread phic/h,spread h/r
5.476146e-05,4.299326e-06,2.374153e-03,1.316409e-01,7.563344e-02,7.454484e-02
1.180556e-03,8.455788e-03,2.601097e-05,1.069348e-03,8.160334e-03,4.594719e-05
