# rmse alpha/u,rmse phic/h,rmse h/r,spread alpha/u,spread phic/h,spread h/r
1.019206e-01,1.167940e-03,7.502280e-03,2.019819e-01,2.104901e-01,1.641442e-01
3.536321e-03,1.788397e-02,3.887793e-05,2.388822e-03,1.542223e-02,3.626097e-05
