# rmse alpha/u,rmse phic/h,rmse h/r,spread alpha/u,spread phic/h,spread h/r
1.019206e-01,1.167940e-03,7.502280e-03,2.019819e-01,2.104901e-01,1.641442e-01
3.128667e-03,2.031924e-02,4.525620e-05,2.463378e-03,1.712013e-02,4.802397e-05
