# rmse alpha/u,rmse phic/h,rmse h/r,spread alpha/u,spread phic/h,spread h/r
1.019206e-01,1.167940e-03,7.502280e-03,2.019819e-01,2.104901e-01,1.641442e-01
3.203024e-03,1.853775e-02,4.694220e-05,2.704107e-03,1.843438e-02,4.685181e-05
