# rmse alpha/u,rmse phic/h,rmse h/r,spread alpha/u,spread phic/h,spread h/r
1.323259e-01,1.143831e-01,6.270484e-02,2.011122e-01,2.284813e-01,1.938860e-01
2.301394e-03,1.309424e-02,1.680881e-04,8.728329e-04,6.131792e-03,9.536469e-06
