# rmse alpha/u,rmse phic/h,rmse h/r,spread alpha/u,spread phic/h,spread h/r
1.323259e-01,1.143831e-01,6.270484e-02,2.011122e-01,2.284813e-01,1.938860e-01
1.293194e-03,1.481281e-02,1.735504e-04,7.881255e-04,5.843012e-03,9.061371e-06
