# rmse alpha/u,rmse phic/h,rmse h/r,spread alpha/u,spread phic/h,spread h/r
1.323259e-01,1.143831e-01,6.270484e-02,2.011122e-01,2.284813e-01,1.938860e-01
1.120199e-03,1.284161e-02,1.646907e-04,7.629229e-04,5.526753e-03,8.193267e-06
