# rmse alpha/u,rmse phic/h,rmse h/r,spread alpha/u,spread phic/h,spread h/r
1.323259e-01,1.143831e-01,6.270484e-02,2.011122e-01,2.284813e-01,1.938860e-01
1.561607e-03,1.412285e-02,1.564953e-04,7.595396e-04,5.620633e-03,1.001075e-05
