# rmse alpha/u,rmse phic/h,rmse h/r,spread alpha/u,spread phic/h,spread h/r
1.323259e-01,1.143831e-01,6.270484e-02,2.011122e-01,2.284813e-01,1.938860e-01
1.327361e-03,9.604258e-03,1.472012e-04,7.605499e-04,5.800294e-03,9.984445e-06
