# rmse alpha/u,rmse phic/h,rmse h/r,spread alpha/u,spread phic/h,spread h/r
1.323259e-01,1.143831e-01,6.270484e-02,2.011122e-01,2.284813e-01,1.938860e-01
1.017257e-03,1.656687e-02,1.602345e-04,7.821551e-04,5.853414e-03,1.084474e-05
