# rmse alpha/u,rmse phic/h,rmse h/r,spread alpha/u,spread phic/h,spread h/r
1.323259e-01,1.143831e-01,6.270484e-02,2.011122e-01,2.284813e-01,1.938860e-01
1.142769e-03,1.774251e-02,1.596631e-04,7.750630e-04,5.758685e-03,1.120188e-05
