# rmse alpha/u,rmse phic/h,rmse h/r,spread alpha/u,spread phic/h,spread h/r
1.509499e-02,2.420129e-04,1.808355e-02,1.256850e-01,1.657617e-01,2.095475e-01
8.740842e-04,7.029651e-03,2.391504e-05,8.609686e-04,6.970718e-03,5.252670e-05
