# rmse alpha/u,rmse phic/h,rmse h/r,spread alpha/u,spread phic/h,spread h/r
1.509499e-02,2.420129e-04,1.808355e-02,1.256850e-01,1.657617e-01,2.095475e-01
8.578125e-04,7.034860e-03,3.521626e-05,8.600342e-04,6.887862e-03,5.367239e-05
