# rmse alpha/u,rmse phic/h,rmse h/r,spread alpha/u,spread phic/h,spread h/r
1.509499e-02,2.420129e-04,1.808355e-02,1.256850e-01,1.657617e-01,2.095475e-01
7.939382e-04,6.194441e-03,2.097199e-05,8.033825e-04,6.266407e-03,4.854885e-05
