# rmse alpha/u,rmse phic/h,rmse h/r,spread alpha/u,spread phic/h,spread h/r
1.509499e-02,2.420129e-04,1.808355e-02,1.256850e-01,1.657617e-01,2.095475e-01
8.450126e-04,6.751896e-03,2.295161e-05,8.601440e-04,6.709453e-03,5.351172e-05
