# rmse alpha/u,rmse phic/h,rmse h/r,spread alpha/u,spread phic/h,spread h/r
2.388816e-01,3.948483e-01,6.079923e-01,1.847168e-01,2.479040e-01,2.153381e-01
7.742047e-04,6.368547e-03,2.073371e-05,7.408372e-04,5.966391e-03,2.400788e-05
