# rmse alpha/u,rmse phic/h,rmse h/r,spread alpha/u,spread phic/h,spread h/r
2.388816e-01,3.948483e-01,6.079923e-01,1.847168e-01,2.479040e-01,2.153381e-01
8.642350e-04,6.775068e-03,3.328935e-05,8.075930e-04,6.366686e-03,2.837487e-05
