# rmse alpha/u,rmse phic/h,rmse h/r,spread alpha/u,spread phic/h,spread h/r
2.388816e-01,3.948483e-01,6.079923e-01,1.847168e-01,2.479040e-01,2.153381e-01
1.007188e-03,7.070042e-03,2.591388e-05,7.583893e-04,5.905316e-03,2.653540e-05
