# rmse alpha/u,rmse phic/h,rmse h/r,spread alpha/u,spread phic/h,spread h/r
1.766300e-04,3.017808e-02,1.452174e-04,1.738920e-01,2.448466e-01,1.681315e-01
2.707053e-03,1.885942e-02,4.822760e-05,1.190622e-03,9.241310e-03,4.170728e-05
