# rmse alpha/u,rmse phic/h,rmse h/r,spread alpha/u,spread phic/h,spread h/r
1.766300e-04,3.017808e-02,1.452174e-04,1.738920e-01,2.448466e-01,1.681315e-01
1.098658e-03,8.318506e-03,3.518332e-05,8.852395e-04,6.686594e-03,3.649395e-05
