# rmse alpha/u,rmse phic/h,rmse h/r,spread alpha/u,spread phic/h,spread h/r
1.769631e-02,5.961450e-03,8.034428e-02,1.390027e-01,1.862979e-01,2.202525e-01
2.823463e-03,1.861357e-02,4.241860e-05,1.647113e-03,1.256539e-02,5.075951e-05
