# rmse alpha/u,rmse phic/h,rmse h/r,spread alpha/u,spread phic/h,spread h/r
1.769631e-02,5.961450e-03,8.034428e-02,1.390027e-01,1.862979e-01,2.202525e-01
2.379998e-03,1.184998e-02,3.764947e-05,2.012715e-03,1.411451e-02,5.084284e-05
