# rmse alpha/u,rmse phic/h,rmse h/r,spread alpha/u,spread phic/h,spread h/r
1.769631e-02,5.961450e-03,8.034428e-02,1.390027e-01,1.862979e-01,2.202525e-01
2.339179e-03,1.730965e-02,5.022665e-05,1.817007e-03,1.435960e-02,5.324136e-05
