# rmse alpha/u,rmse phic/h,rmse h/r,spread alpha/u,spread phic/h,spread h/r
1.769631e-02,5.961450e-03,8.034428e-02,1.390027e-01,1.862979e-01,2.202525e-01
2.176225e-03,1.555901e-02,2.755246e-05,2.151570e-03,1.532795e-02,5.071754e-05
