# rmse alpha/u,rmse phic/h,rmse h/r,spread alpha/u,spread phic/h,spread h/r
1.522774e-02,7.332855e-02,5.227388e-01,1.633829e-01,2.359221e-01,1.343989e-01
1.031097e-03,7.501608e-03,3.854413e-05,1.126044e-03,7.823430e-03,4.007592e-05
