# rmse alpha/u,rmse phic/h,rmse h/r,spread alpha/u,spread phic/h,spread h/r
1.522774e-02,7.332855e-02,5.227388e-01,1.633829e-01,2.359221e-01,1.343989e-01
1.224864e-03,8.382669e-03,2.838750e-05,1.183615e-03,8.605758e-03,4.224691e-05
