# rmse alpha/u,rmse phic/h,rmse h/r,spread alpha/u,spread phic/h,spread h/r
1.104116e-01,4.796460e-04,1.028762e-02,2.095794e-01,2.139915e-01,1.698800e-01
3.431123e-03,1.920335e-02,4.120336e-05,2.731840e-03,1.717167e-02,3.781247e-05
