# rmse alpha/u,rmse phic/h,rmse h/r,spread alpha/u,spread phic/h,spread h/r
1.104116e-01,4.796460e-04,1.028762e-02,2.095794e-01,2.139915e-01,1.698800e-01
3.741127e-03,2.207792e-02,4.698229e-05,2.521804e-03,1.772201e-02,4.518289e-05
