# rmse alpha/u,rmse phic/h,rmse h/r,spread alpha/u,spread phic/h,spread h/r
1.104116e-01,4.796460e-04,1.028762e-02,2.095794e-01,2.139915e-01,1.698800e-01
4.513626e-03,2.488011e-02,5.639771e-05,2.875089e-03,1.994835e-02,4.894877e-05
