# rmse alpha/u,rmse phic/h,rmse h/r,spread alpha/u,spread phic/h,spread h/r
1.104116e-01,4.796460e-04,1.028762e-02,2.095794e-01,2.139915e-01,1.698800e-01
2.398055e-03,1.347743e-02,4.011429e-05,1.453771e-03,9.494466e-03,3.889400e-05
