# rmse alpha/u,rmse phic/h,rmse h/r,spread alpha/u,spread phic/h,spread h/r
1.104116e-01,4.796460e-04,1.028762e-02,2.095794e-01,2.139915e-01,1.698800e-01
3.266457e-03,1.788161e-02,3.279286e-05,1.987870e-03,1.322476e-02,3.754081e-05
