# rmse alpha/u,rmse phic/h,rmse h/r,spread alpha/u,spread phic/h,spread h/r
8.151198e-03,1.192704e-03,5.417702e-02,1.473713e-01,2.267931e-01,1.824476e-01
8.945295e-04,6.991294e-03,2.188179e-05,9.445958e-04,7.206390e-03,4.818824e-05
