# rmse alpha/u,rmse phic/h,rmse h/r,spread alpha/u,spread phic/h,spread h/r
8.151198e-03,1.192704e-03,5.417702e-02,1.473713e-01,2.267931e-01,1.824476e-01
2.537209e-03,2.535208e-02,5.220247e-05,1.138251e-03,8.667597e-03,5.168677e-05
