# rmse alpha/u,rmse phic/h,rmse h/r,spread alpha/u,spread phic/h,spread h/r
8.151198e-03,1.192704e-03,5.417702e-02,1.473713e-01,2.267931e-01,1.824476e-01
1.450197e-03,9.371726e-03,3.128934e-05,1.087286e-03,7.852431e-03,4.933061e-05
