# rmse alpha/u,rmse phic/h,rmse h/r,spread alpha/u,spread phic/h,spread h/r
8.151198e-03,1.192704e-03,5.417702e-02,1.473713e-01,2.267931e-01,1.824476e-01
2.685833e-03,1.422832e-02,3.448950e-05,1.103170e-03,7.892015e-03,5.032394e-05
