# rmse alpha/u,rmse phic/h,rmse h/r,spread alpha/u,spread phic/h,spread h/r
8.151198e-03,1.192704e-03,5.417702e-02,1.473713e-01,2.267931e-01,1.824476e-01
2.632520e-03,1.505306e-02,2.718503e-05,1.700057e-03,1.158409e-02,5.192274e-05
