# rmse alpha/u,rmse phic/h,rmse h/r,spread alpha/u,spread phic/h,spread h/r
1.123552e-01,1.566927e-01,4.439843e-02,2.011122e-01,2.284813e-01,1.938860e-01
8.258611e-04,6.530451e-03,5.409820e-05,7.645935e-04,6.060501e-03,2.465497e-05
