# rmse alpha/u,rmse phic/h,rmse h/r,spread alpha/u,spread phic/h,spread h/r
1.123552e-01,1.566927e-01,4.439843e-02,2.011122e-01,2.284813e-01,1.938860e-01
8.571163e-04,6.596077e-03,3.483360e-05,7.618846e-04,6.025483e-03,2.468200e-05
