# rmse alpha/u,rmse phic/h,rmse h/r,spread alpha/u,spread phic/h,spread h/r
1.123552e-01,1.566927e-01,4.439843e-02,2.011122e-01,2.284813e-01,1.938860e-01
8.307399e-04,6.467231e-03,4.065394e-05,7.886777e-04,6.049288e-03,2.429151e-05
