# rmse alpha/u,rmse phic/h,rmse h/r,spread alpha/u,spread phic/h,spread h/r
2.095064e-01,2.286842e-01,2.093363e-01,1.674265e-01,2.226131e-01,1.935605e-01
2.466359e-03,1.219408e-02,2.358021e-05,1.377759e-03,9.870223e-03,3.687112e-05
