# rmse alpha/u,rmse phic/h,rmse h/r,spread alpha/u,spread phic/h,spread h/r
2.095064e-01,2.286842e-01,2.093363e-01,1.674265e-01,2.226131e-01,1.935605e-01
2.505152e-03,2.369300e-02,5.738863e-05,1.273123e-03,1.005288e-02,4.065454e-05
