# rmse alpha/u,rmse phic/h,rmse h/r,spread alpha/u,spread phic/h,spread h/r
2.095064e-01,2.286842e-01,2.093363e-01,1.674265e-01,2.226131e-01,1.935605e-01
1.685950e-03,9.215958e-03,1.788104e-05,1.015356e-03,7.202940e-03,3.124195e-05
