# rmse alpha/u,rmse phic/h,rmse h/r,spread alpha/u,spread phic/h,spread h/r
2.095064e-01,2.286842e-01,2.093363e-01,1.674265e-01,2.226131e-01,1.935605e-01
1.140429e-03,1.052762e-02,4.165629e-05,1.108813e-03,8.316442e-03,3.801691e-05
