# rmse alpha/u,rmse phic/h,rmse h/r,spread alpha/u,spread phic/h,spread h/r
2.095064e-01,2.286842e-01,2.093363e-01,1.674265e-01,2.226131e-01,1.935605e-01
1.344043e-03,8.422752e-03,2.441418e-05,1.088528e-03,7.700333e-03,3.508256e-05
