# rmse alpha/u,rmse phic/h,rmse h/r,spread alpha/u,spread phic/h,spread h/r
1.489086e-01,7.553730e-02,6.561455e-02,2.063834e-01,2.434281e-01,2.058277e-01
5.102444e-03,3.313238e-02,9.477481e-05,3.207640e-03,2.332541e-02,5.627026e-05
