# rmse alpha/u,rmse phic/h,rmse h/r,spread alpha/u,spread phic/h,spread h/r
1.489086e-01,7.553730e-02,6.561455e-02,2.063834e-01,2.434281e-01,2.058277e-01
4.917754e-03,2.628598e-02,7.837280e-05,2.994037e-03,1.880056e-02,4.744043e-05
