# rmse alpha/u,rmse phic/h,rmse h/r,spread alpha/u,spread phic/h,spread h/r
1.489086e-01,7.553730e-02,6.561455e-02,2.063834e-01,2.434281e-01,2.058277e-01
4.721130e-03,2.880932e-02,6.068632e-05,3.691183e-03,2.550897e-02,5.603327e-05
