# rmse alpha/u,rmse phic/h,rmse h/r,spread alpha/u,spread phic/h,spread h/r
1.489086e-01,7.553730e-02,6.561455e-02,2.063834e-01,2.434281e-01,2.058277e-01
3.969503e-03,2.990651e-02,7.066794e-05,2.346159e-03,1.738555e-02,4.998159e-05
