# rmse alpha/u,rmse phic/h,rmse h/r,spread alpha/u,spread phic/h,spread h/r
1.489086e-01,7.553730e-02,6.561455e-02,2.063834e-01,2.434281e-01,2.058277e-01
2.944412e-03,1.824772e-02,5.021963e-05,2.188060e-03,1.563891e-02,4.301232e-05
