# rmse alpha/u,rmse phic/h,rmse h/r,spread alpha/u,spread phic/h,spread h/r
7.740918e-02,5.546929e-02,3.443436e-01,1.906733e-01,1.720275e-01,1.565591e-01
3.199160e-03,1.328512e-02,2.322010e-05,1.805870e-03,1.198084e-02,1.853317e-05
