# rmse alpha/u,rmse phic/h,rmse h/r,spread alpha/u,spread phic/h,spread h/r
7.740918e-02,5.546929e-02,3.443436e-01,1.906733e-01,1.720275e-01,1.565591e-01
1.962999e-03,1.358612e-02,3.995029e-05,1.596790e-03,1.121757e-02,2.287841e-05
