# rmse alpha/u,rmse phic/h,rmse h/r,spread alpha/u,spread phic/h,spread h/r
7.740918e-02,5.546929e-02,3.443436e-01,1.906733e-01,1.720275e-01,1.565591e-01
2.987259e-03,1.930390e-02,3.784659e-05,2.046776e-03,1.389351e-02,2.368832e-05
