# rmse alpha/u,rmse phic/h,rmse h/r,spread alpha/u,spread phic/h,spread h/r
7.740918e-02,5.546929e-02,3.443436e-01,1.906733e-01,1.720275e-01,1.565591e-01
3.090561e-03,2.231142e-02,4.706434e-05,1.709035e-03,1.183613e-02,2.586042e-05
