# rmse alpha/u,rmse phic/h,rmse h/r,spread alpha/u,spread phic/h,spread h/r
7.740918e-02,5.546929e-02,3.443436e-01,1.906733e-01,1.720275e-01,1.565591e-01
2.809925e-03,1.725921e-02,4.558904e-05,1.678793e-03,1.072349e-02,2.506973e-05
