# rmse alpha/u,rmse phic/h,rmse h/r,spread alpha/u,spread phic/h,spread h/r
7.740918e-02,5.546929e-02,3.443436e-01,1.906733e-01,1.720275e-01,1.565591e-01
1.788555e-03,1.090354e-02,3.271476e-05,1.704459e-03,1.157158e-02,2.433256e-05
