# rmse alpha/u,rmse phic/h,rmse h/r,spread alpha/u,spread phic/h,spread h/r
1.039705e-03,5.675274e-02,1.897007e-01,2.007018e-01,2.348895e-01,2.071683e-01
4.795282e-03,3.118002e-02,3.036084e-05,3.457014e-03,2.696775e-02,2.665385e-05
