# rmse alpha/u,rmse phic/h,rmse h/r,spread alpha/u,spread phic/h,spread h/r
1.039705e-03,5.675274e-02,1.897007e-01,2.007018e-01,2.348895e-01,2.071683e-01
3.391550e-03,2.754259e-02,2.754817e-05,3.466617e-03,2.664673e-02,2.584696e-05
