# rmse alpha/u,rmse phic/h,rmse h/r,spread alpha/u,spread phic/h,spread h/r
1.039705e-03,5.675274e-02,1.897007e-01,2.007018e-01,2.348895e-01,2.071683e-01
5.567802e-03,3.252450e-02,2.007534e-05,3.562712e-03,2.593945e-02,2.268013e-05
