# rmse alpha/u,rmse phic/h,rmse h/r,spread alpha/u,spread phic/h,spread h/r
1.039705e-03,5.675274e-02,1.897007e-01,2.007018e-01,2.348895e-01,2.071683e-01
5.104487e-03,3.690330e-02,3.155932e-05,3.615272e-03,2.798040e-02,3.002930e-05
