# rmse alpha/u,rmse phic/h,rmse h/r,spread alpha/u,spread phic/h,spread h/r
1.039705e-03,5.675274e-02,1.897007e-01,2.007018e-01,2.348895e-01,2.071683e-01
4.738367e-03,3.240972e-02,2.345242e-05,3.399678e-03,2.626732e-02,2.928658e-05
