# rmse alpha/u,rmse phic/h,rmse h/r,spread alpha/u,spread phic/h,spread h/r
1.039705e-03,5.675274e-02,1.897007e-01,2.007018e-01,2.348895e-01,2.071683e-01
5.252753e-03,3.177154e-02,2.279273e-05,3.358154e-03,2.437038e-02,2.757021e-05
