# rmse alpha/u,rmse phic/h,rmse h/r,spread alpha/u,spread phic/h,spread h/r
1.039705e-03,5.675274e-02,1.897007e-01,2.007018e-01,2.348895e-01,2.071683e-01
4.883733e-03,3.188259e-02,2.326294e-05,3.431410e-03,2.488738e-02,2.906866e-05
