# rmse alpha/u,rmse phic/h,rmse h/r,spread alpha/u,spread phic/h,spread h/r
1.056029e-03,1.984020e-01,2.832858e-02,1.546879e-01,2.359289e-01,1.710094e-01
1.119281e-03,6.621096e-03,2.158133e-05,1.101769e-03,7.848226e-03,4.853761e-05
