# rmse alpha/u,rmse phic/h,rmse h/r,spread alpha/u,spread phic/h,spread h/r
1.056029e-03,1.984020e-01,2.832858e-02,1.546879e-01,2.359289e-01,1.710094e-01
1.580034e-03,1.212890e-02,2.993176e-05,1.155843e-03,8.660451e-03,5.126446e-05
