# rmse alpha/u,rmse phic/h,rmse h/r,spread alpha/u,spread phic/h,spread h/r
1.056029e-03,1.984020e-01,2.832858e-02,1.546879e-01,2.359289e-01,1.710094e-01
1.975361e-03,1.123555e-02,2.335520e-05,1.086928e-03,8.200008e-03,4.854803e-05
