# rmse alpha/u,rmse phic/h,rmse h/r,spread alpha/u,spread phic/h,spread h/r
1.056029e-03,1.984020e-01,2.832858e-02,1.546879e-01,2.359289e-01,1.710094e-01
2.734878e-03,1.328560e-02,3.461622e-05,1.082547e-03,8.420272e-03,4.956274e-05
