# rmse alpha/u,rmse phic/h,rmse h/r,spread alpha/u,spread phic/h,spread h/r
1.056029e-03,1.984020e-01,2.832858e-02,1.546879e-01,2.359289e-01,1.710094e-01
8.630512e-04,6.708574e-03,2.145409e-05,8.606643e-04,6.700828e-03,4.943695e-05
