# rmse alpha/u,rmse phic/h,rmse h/r,spread alpha/u,spread phic/h,spread h/r
1.056029e-03,1.984020e-01,2.832858e-02,1.546879e-01,2.359289e-01,1.710094e-01
8.434381e-04,6.511354e-03,2.124421e-05,8.405848e-04,6.515893e-03,4.871540e-05
