# rmse alpha/u,rmse phic/h,rmse h/r,spread alpha/u,spread phic/h,spread h/r
1.056029e-03,1.984020e-01,2.832858e-02,1.546879e-01,2.359289e-01,1.710094e-01
8.822882e-04,6.929170e-03,2.185034e-05,8.967270e-04,7.055198e-03,4.990584e-05
