# rmse alpha/u,rmse phic/h,rmse h/r,spread alpha/u,spread phic/h,spread h/r
2.770218e-04,1.482031e-01,3.768291e-01,2.108986e-01,2.184920e-01,1.878878e-01
4.893678e-03,2.903778e-02,4.378006e-05,2.132513e-03,1.551081e-02,2.966229e-05
