# rmse alpha/u,rmse phic/h,rmse h/r,spread alpha/u,spread phic/h,spread h/r
2.770218e-04,1.482031e-01,3.768291e-01,2.108986e-01,2.184920e-01,1.878878e-01
3.745041e-03,2.481368e-02,5.337538e-05,2.187295e-03,1.562427e-02,2.937090e-05
