# rmse alpha/u,rmse phic/h,rmse h/r,spread alpha/u,spread phic/h,spread h/r
2.770218e-04,1.482031e-01,3.768291e-01,2.108986e-01,2.184920e-01,1.878878e-01
3.649344e-03,2.227677e-02,4.910738e-05,1.607574e-03,1.073792e-02,2.585953e-05
