# rmse alpha/u,rmse phic/h,rmse h/r,spread alpha/u,spread phic/h,spread h/r
2.770218e-04,1.482031e-01,3.768291e-01,2.108986e-01,2.184920e-01,1.878878e-01
2.189290e-03,1.314763e-02,3.438465e-05,1.525214e-03,9.784345e-03,1.743205e-05
