# rmse alpha/u,rmse phic/h,rmse h/r,spread alpha/u,spread phic/h,spread h/r
2.770218e-04,1.482031e-01,3.768291e-01,2.108986e-01,2.184920e-01,1.878878e-01
4.134668e-03,2.771393e-02,3.120705e-05,2.018709e-03,1.432943e-02,1.857549e-05
