# rmse alpha/u,rmse phic/h,rmse h/r,spread alpha/u,spread phic/h,spread h/r
2.770218e-04,1.482031e-01,3.768291e-01,2.108986e-01,2.184920e-01,1.878878e-01
2.895179e-03,2.126892e-02,4.395176e-05,2.492029e-03,1.841788e-02,3.404552e-05
