# rmse alpha/u,rmse phic/h,rmse h/r,spread alpha/u,spread phic/h,spread h/r
2.770218e-04,1.482031e-01,3.768291e-01,2.108986e-01,2.184920e-01,1.878878e-01
3.072418e-03,2.883491e-02,5.196306e-05,2.234802e-03,1.699351e-02,3.280697e-05
