# rmse alpha/u,rmse phic/h,rmse h/r,spread alpha/u,spread phic/h,spread h/r
5.128541e-02,8.319578e-03,1.071160e-03,1.290803e-01,1.029829e-01,8.132383e-02
4.281381e-03,2.934494e-02,4.314324e-05,3.886917e-03,2.790174e-02,4.241030e-05
