# rmse alpha/u,rmse phic/h,rmse h/r,spread alpha/u,spread phic/h,spread h/r
5.128541e-02,8.319578e-03,1.071160e-03,1.290803e-01,1.029829e-01,8.132383e-02
4.977367e-03,3.291427e-02,4.888070e-05,4.478926e-03,3.399197e-02,5.106228e-05
