# rmse alpha/u,rmse phic/h,rmse h/r,spread alpha/u,spread phic/h,spread h/r
5.128541e-02,8.319578e-03,1.071160e-03,1.290803e-01,1.029829e-01,8.132383e-02
4.742799e-03,3.314309e-02,6.008549e-05,3.253451e-03,2.500594e-02,5.390827e-05
