# rmse alpha/u,rmse phic/h,rmse h/r,spread alpha/u,spread phic/h,spread h/r
5.128541e-02,8.319578e-03,1.071160e-03,1.290803e-01,1.029829e-01,8.132383e-02
2.608528e-03,2.221158e-02,5.255374e-05,2.488947e-03,1.787592e-02,4.213619e-05
