# rmse alpha/u,rmse phic/h,rmse h/r,spread alpha/u,spread phic/h,spread h/r
5.128541e-02,8.319578e-03,1.071160e-03,1.290803e-01,1.029829e-01,8.132383e-02
4.936004e-03,2.832140e-02,4.792100e-05,3.561324e-03,2.562385e-02,4.441989e-05
