# rmse alpha/u,rmse phic/h,rmse h/r,spread alpha/u,spread phic/h,spread h/r
5.128541e-02,8.319578e-03,1.071160e-03,1.290803e-01,1.029829e-01,8.132383e-02
4.499353e-03,2.881044e-02,4.849866e-05,2.833480e-03,2.171829e-02,4.612972e-05
