# rmse alpha/u,rmse phic/h,rmse h/r,spread alpha/u,spread phic/h,spread h/r
5.128541e-02,8.319578e-03,1.071160e-03,1.290803e-01,1.029829e-01,8.132383e-02
4.900915e-03,3.207535e-02,3.465002e-05,3.789729e-03,2.810189e-02,4.085164e-05
