# rmse alpha/u,rmse phic/h,rmse h/r,spread alpha/u,spread phic/h,spread h/r
5.128541e-02,8.319578e-03,1.071160e-03,1.290803e-01,1.029829e-01,8.132383e-02
2.658027e-03,2.041603e-02,3.933926e-05,2.491478e-03,1.750386e-02,3.978591e-05
