# rmse alpha/u,rmse phic/h,rmse h/r,spread alpha/u,spread phic/h,spread h/r
1.300391e-03,1.122044e-01,2.541249e-01,1.906733e-01,1.720275e-01,1.565591e-01
3.049852e-03,1.607026e-02,6.217099e-05,1.733575e-03,1.165021e-02,3.695546e-05
