# rmse alpha/u,rmse phic/h,rmse h/r,spread alpha/u,spread phic/h,spread h/r
1.300391e-03,1.122044e-01,2.541249e-01,1.906733e-01,1.720275e-01,1.565591e-01
3.040793e-03,1.889392e-02,5.282385e-05,1.627736e-03,1.106387e-02,3.473974e-05
