# rmse alpha/u,rmse phic/h,rmse h/r,spread alpha/u,spread phic/h,spread h/r
1.300391e-03,1.122044e-01,2.541249e-01,1.906733e-01,1.720275e-01,1.565591e-01
2.466549e-03,1.595034e-02,6.120611e-05,1.495749e-03,1.058664e-02,3.171215e-05
