# rmse alpha/u,rmse phic/h,rmse h/r,spread alpha/u,spread phic/h,spread h/r
1.300391e-03,1.122044e-01,2.541249e-01,1.906733e-01,1.720275e-01,1.565591e-01
2.920086e-03,1.699421e-02,6.099493e-05,1.265439e-03,9.211994e-03,3.085388e-05
