# rmse alpha/u,rmse phic/h,rmse h/r,spread alpha/u,spread phic/h,spread h/r
1.300391e-03,1.122044e-01,2.541249e-01,1.906733e-01,1.720275e-01,1.565591e-01
1.201435e-03,8.881096e-03,6.790331e-05,9.266228e-04,7.096664e-03,2.604785e-05
