# rmse alpha/u,rmse phic/h,rmse h/r,spread alpha/u,spread phic/h,spread h/r
1.300391e-03,1.122044e-01,2.541249e-01,1.906733e-01,1.720275e-01,1.565591e-01
1.430198e-03,1.025103e-02,4.713622e-05,1.130290e-03,8.208833e-03,2.586961e-05
