# rmse alpha/u,rmse phic/h,rmse h/r,spread alpha/u,spread phic/h,spread h/r
5.898201e-04,1.915406e-01,2.509926e-02,1.982756e-01,1.909562e-01,1.621428e-01
4.679450e-03,3.490481e-02,7.914338e-05,4.369176e-03,3.442345e-02,5.694420e-05
