# rmse alpha/u,rmse phic/h,rmse h/r,spread alpha/u,spread phic/h,spread h/r
5.898201e-04,1.915406e-01,2.509926e-02,1.982756e-01,1.909562e-01,1.621428e-01
5.033700e-03,3.456779e-02,7.363742e-05,4.332481e-03,3.384415e-02,5.477243e-05
