# rmse alpha/u,rmse phic/h,rmse h/r,spread alpha/u,spread phic/h,spread h/r
5.898201e-04,1.915406e-01,2.509926e-02,1.982756e-01,1.909562e-01,1.621428e-01
4.398915e-03,3.192737e-02,7.937450e-05,4.343412e-03,3.419569e-02,5.280156e-05
