# rmse alpha/u,rmse phic/h,rmse h/r,spread alpha/u,spread phic/h,spread h/r
5.898201e-04,1.915406e-01,2.509926e-02,1.982756e-01,1.909562e-01,1.621428e-01
5.961090e-03,4.049392e-02,7.921591e-05,4.227810e-03,3.229563e-02,5.640196e-05
