# rmse alpha/u,rmse phic/h,rmse h/r,spread alpha/u,spread phic/h,spread h/r
7.455212e-02,9.303327e-02,1.736954e-02,1.402960e-01,1.001318e-01,7.243082e-02
2.852626e-03,1.855973e-02,3.149998e-05,2.231673e-03,1.535778e-02,4.189442e-05
