# rmse alpha/u,rmse phic/h,rmse h/r,spread alpha/u,spread phic/h,spread h/r
7.455212e-02,9.303327e-02,1.736954e-02,1.402960e-01,1.001318e-01,7.243082e-02
3.522544e-03,2.161658e-02,4.742804e-05,3.222545e-03,2.372798e-02,5.429402e-05
