# rmse alpha/u,rmse phic/h,rmse h/r,spread alpha/u,spread phic/h,spread h/r
7.455212e-02,9.303327e-02,1.736954e-02,1.402960e-01,1.001318e-01,7.243082e-02
2.065711e-03,1.228252e-02,3.412693e-05,1.780182e-03,1.151669e-02,3.672138e-05
