# rmse alpha/u,rmse phic/h,rmse h/r,spread alpha/u,spread phic/h,spread h/r
7.455212e-02,9.303327e-02,1.736954e-02,1.402960e-01,1.001318e-01,7.243082e-02
2.931703e-03,2.378249e-02,3.932643e-05,2.627798e-03,1.871654e-02,4.673518e-05
