# rmse alpha/u,rmse phic/h,rmse h/r,spread alpha/u,spread phic/h,spread h/r
7.455212e-02,9.303327e-02,1.736954e-02,1.402960e-01,1.001318e-01,7.243082e-02
3.401404e-03,2.164443e-02,3.862581e-05,2.867742e-03,1.993967e-02,4.683816e-05
