# rmse alpha/u,rmse phic/h,rmse h/r,spread alpha/u,spread phic/h,spread h/r
7.455212e-02,9.303327e-02,1.736954e-02,1.402960e-01,1.001318e-01,7.243082e-02
3.211815e-03,2.423601e-02,3.385392e-05,2.933292e-03,2.094843e-02,4.382461e-05
