# rmse alpha/u,rmse phic/h,rmse h/r,spread alpha/u,spread phic/h,spread h/r
7.455212e-02,9.303327e-02,1.736954e-02,1.402960e-01,1.001318e-01,7.243082e-02
4.062982e-03,2.858467e-02,4.876853e-05,2.741033e-03,1.945994e-02,5.092841e-05
