# rmse alpha/u,rmse phic/h,rmse h/r,spread alpha/u,spread phic/h,spread h/r
6.706193e-03,5.298970e-02,1.392014e-01,1.927996e-01,2.373932e-01,2.334187e-01
5.406918e-03,4.282755e-02,2.828367e-05,2.988730e-03,2.236447e-02,2.717210e-05
