# rmse alpha/u,rmse phic/h,rmse h/r,spread alpha/u,spread phic/h,spread h/r
6.706193e-03,5.298970e-02,1.392014e-01,1.927996e-01,2.373932e-01,2.334187e-01
4.227563e-03,2.529025e-02,3.532201e-05,2.674007e-03,1.953084e-02,2.295101e-05
