# rmse alpha/u,rmse phic/h,rmse h/r,spread alpha/u,spread phic/h,spread h/r
6.706193e-03,5.298970e-02,1.392014e-01,1.927996e-01,2.373932e-01,2.334187e-01
3.503414e-03,2.398048e-02,3.261899e-05,2.600790e-03,1.790591e-02,2.005326e-05
