# rmse alpha/u,rmse phic/h,rmse h/r,spread alpha/u,spread phic/h,spread h/r
2.905936e-01,5.110423e-01,2.891234e-01,1.845160e-01,1.999864e-01,1.808796e-01
4.441950e-03,3.066144e-02,3.442469e-05,3.478686e-03,2.838862e-02,4.007877e-05
