# rmse alpha/u,rmse phic/h,rmse h/r,spread alpha/u,spread phic/h,spread h/r
2.905936e-01,5.110423e-01,2.891234e-01,1.845160e-01,1.999864e-01,1.808796e-01
4.507879e-03,3.153690e-02,3.678827e-05,3.360800e-03,2.691151e-02,3.866504e-05
