# rmse alpha/u,rmse phic/h,rmse h/r,spread alpha/u,spread phic/h,spread h/r
2.905936e-01,5.110423e-01,2.891234e-01,1.845160e-01,1.999864e-01,1.808796e-01
4.809123e-03,3.182207e-02,3.442305e-05,3.645297e-03,2.750828e-02,3.590717e-05
