# rmse alpha/u,rmse phic/h,rmse h/r,spread alpha/u,spread phic/h,spread h/r
2.905936e-01,5.110423e-01,2.891234e-01,1.845160e-01,1.999864e-01,1.808796e-01
4.458987e-03,2.647760e-02,2.176940e-05,3.022106e-03,2.074224e-02,2.449529e-05
