# rmse alpha/u,rmse phic/h,rmse h/r,spread alpha/u,spread phic/h,spread h/r
2.905936e-01,5.110423e-01,2.891234e-01,1.845160e-01,1.999864e-01,1.808796e-01
4.191265e-03,2.483487e-02,3.404122e-05,2.963172e-03,2.169737e-02,2.649800e-05
