# rmse alpha/u,rmse phic/h,rmse h/r,spread alpha/u,spread phic/h,spread h/r
5.783978e-02,9.231170e-02,4.037524e-02,2.108986e-01,2.184920e-01,1.878878e-01
3.918384e-03,2.138089e-02,3.173295e-05,2.804372e-03,1.965452e-02,4.740891e-05
