# rmse alpha/u,rmse phic/h,rmse h/r,spread alpha/u,spread phic/h,spread h/r
5.783978e-02,9.231170e-02,4.037524e-02,2.108986e-01,2.184920e-01,1.878878e-01
3.983504e-03,2.492393e-02,4.219389e-05,3.309391e-03,2.495645e-02,5.437499e-05
