# rmse alpha/u,rmse phic/h,rmse h/r,spread alpha/u,spread phic/h,spread h/r
5.783978e-02,9.231170e-02,4.037524e-02,2.108986e-01,2.184920e-01,1.878878e-01
2.706311e-03,1.669509e-02,2.439392e-05,2.163201e-03,1.492161e-02,4.016132e-05
