# rmse alpha/u,rmse phic/h,rmse h/r,spread alpha/u,spread phic/h,spread h/r
5.783978e-02,9.231170e-02,4.037524e-02,2.108986e-01,2.184920e-01,1.878878e-01
2.417036e-03,1.912057e-02,4.415277e-05,2.116292e-03,1.564264e-02,4.827193e-05
