# rmse alpha/u,rmse phic/h,rmse h/r,spread alpha/u,spread phic/h,spread h/r
5.783978e-02,9.231170e-02,4.037524e-02,2.108986e-01,2.184920e-01,1.878878e-01
3.658175e-03,2.495281e-02,4.640703e-05,2.732611e-03,1.963913e-02,5.099286e-05
