# rmse alpha/u,rmse phic/h,rmse h/r,spread alpha/u,spread phic/h,spread h/r
5.783978e-02,9.231170e-02,4.037524e-02,2.108986e-01,2.184920e-01,1.878878e-01
2.808783e-03,1.620189e-02,4.312608e-05,2.428831e-03,1.700968e-02,4.576606e-05
