# rmse alpha/u,rmse phic/h,rmse h/r,spread alpha/u,spread phic/h,spread h/r
4.011994e-04,3.554092e-03,2.138963e-03,6.332831e-02,1.053171e-01,6.481399e-02
8.346524e-04,6.557804e-03,1.977559e-05,8.446240e-04,6.586907e-03,4.777446e-05
