# rmse alpha/u,rmse phic/h,rmse h/r,spread alpha/u,spread phic/h,spread h/r
4.011994e-04,3.554092e-03,2.138963e-03,6.332831e-02,1.053171e-01,6.481399e-02
9.019613e-04,7.089915e-03,2.585524e-05,8.883107e-04,7.144522e-03,5.055697e-05
