# rmse alpha/u,rmse phic/h,rmse h/r,spread alpha/u,spread phic/h,spread h/r
4.011994e-04,3.554092e-03,2.138963e-03,6.332831e-02,1.053171e-01,6.481399e-02
8.658784e-04,6.591867e-03,2.373934e-05,8.618889e-04,6.855697e-03,4.937986e-05
