# rmse alpha/u,rmse phic/h,rmse h/r,spread alpha/u,spread phic/h,spread h/r
4.011994e-04,3.554092e-03,2.138963e-03,6.332831e-02,1.053171e-01,6.481399e-02
8.326305e-04,6.320473e-03,2.073489e-05,8.316634e-04,6.456942e-03,4.704124e-05
