# rmse alpha/u,rmse phic/h,rmse h/r,spread alpha/u,spread phic/h,spread h/r
4.011994e-04,3.554092e-03,2.138963e-03,6.332831e-02,1.053171e-01,6.481399e-02
8.124359e-04,6.307300e-03,2.105252e-05,8.381835e-04,6.460393e-03,4.736199e-05
