# rmse alpha/u,rmse phic/h,rmse h/r,spread alpha/u,spread phic/h,spread h/r
4.011994e-04,3.554092e-03,2.138963e-03,6.332831e-02,1.053171e-01,6.481399e-02
9.134056e-04,6.826882e-03,1.951296e-05,9.045967e-04,7.056049e-03,4.990976e-05
