# rmse alpha/u,rmse phic/h,rmse h/r,spread alpha/u,spread phic/h,spread h/r
2.200178e-01,3.185831e-01,3.689474e-01,1.387709e-01,2.166638e-01,1.639076e-01
2.659814e-03,1.635786e-02,3.454121e-05,2.178993e-03,1.564893e-02,4.424329e-05
