# rmse alpha/u,rmse phic/h,rmse h/r,spread alpha/u,spread phic/h,spread h/r
2.200178e-01,3.185831e-01,3.689474e-01,1.387709e-01,2.166638e-01,1.639076e-01
1.787606e-03,7.556352e-03,1.788658e-05,1.383527e-03,9.808103e-03,3.799931e-05
