# rmse alpha/u,rmse phic/h,rmse h/r,spread alpha/u,spread phic/h,spread h/r
2.200178e-01,3.185831e-01,3.689474e-01,1.387709e-01,2.166638e-01,1.639076e-01
2.220082e-03,1.436750e-02,2.208669e-05,1.899851e-03,1.353277e-02,4.209353e-05
