# rmse alpha/u,rmse phic/h,rmse h/r,spread alpha/u,spread phic/h,spread h/r
8.606989e-02,1.333669e-01,8.374695e-02,2.011122e-01,2.284813e-01,1.938860e-01
5.232887e-03,3.177350e-02,4.277161e-05,3.761916e-03,2.533634e-02,2.869792e-05
