# rmse alpha/u,rmse phic/h,rmse h/r,spread alpha/u,spread phic/h,spread h/r
8.606989e-02,1.333669e-01,8.374695e-02,2.011122e-01,2.284813e-01,1.938860e-01
2.958498e-03,2.212446e-02,4.458640e-05,2.371483e-03,1.642772e-02,2.253657e-05
