# rmse alpha/u,rmse phic/h,rmse h/r,spread alpha/u,spread phic/h,spread h/r
8.606989e-02,1.333669e-01,8.374695e-02,2.011122e-01,2.284813e-01,1.938860e-01
4.419614e-03,2.460105e-02,5.397796e-05,2.268930e-03,1.572608e-02,2.115062e-05
