# rmse alpha/u,rmse phic/h,rmse h/r,spread alpha/u,spread phic/h,spread h/r
4.570483e-03,2.879987e-01,1.483597e-02,1.927996e-01,2.373932e-01,2.334187e-01
8.302787e-04,6.064382e-03,2.447735e-05,8.105568e-04,6.134674e-03,3.254841e-05
