# rmse alpha/u,rmse phic/h,rmse h/r,spread alpha/u,spread phic/h,spread h/r
4.570483e-03,2.879987e-01,1.483597e-02,1.927996e-01,2.373932e-01,2.334187e-01
8.113327e-04,6.065170e-03,2.130203e-05,7.831700e-04,6.025662e-03,3.055787e-05
