# rmse alpha/u,rmse phic/h,rmse h/r,spread alpha/u,spread phic/h,spread h/r
4.570483e-03,2.879987e-01,1.483597e-02,1.927996e-01,2.373932e-01,2.334187e-01
9.178703e-04,6.834183e-03,2.555799e-05,8.881959e-04,6.668633e-03,3.420557e-05
