# rmse alpha/u,rmse phic/h,rmse h/r,spread alpha/u,spread phic/h,spread h/r
5.483316e-02,2.795590e-02,2.605689e-02,2.110270e-01,2.337531e-01,1.478892e-01
3.253720e-03,2.161365e-02,4.786787e-05,3.015881e-03,2.168921e-02,3.793666e-05
