# rmse alpha/u,rmse phic/h,rmse h/r,spread alpha/u,spread phic/h,spread h/r
5.483316e-02,2.795590e-02,2.605689e-02,2.110270e-01,2.337531e-01,1.478892e-01
3.142532e-03,2.494150e-02,4.712797e-05,2.722219e-03,1.941171e-02,4.106191e-05
