# rmse alpha/u,rmse phic/h,rmse h/r,spread alpha/u,spread phic/h,spread h/r
5.483316e-02,2.795590e-02,2.605689e-02,2.110270e-01,2.337531e-01,1.478892e-01
5.428440e-03,3.094647e-02,5.231639e-05,3.568584e-03,2.568723e-02,4.648847e-05
