# rmse alpha/u,rmse phic/h,rmse h/r,spread alpha/u,spread phic/h,spread h/r
5.483316e-02,2.795590e-02,2.605689e-02,2.110270e-01,2.337531e-01,1.478892e-01
3.677336e-03,2.858145e-02,4.837351e-05,2.741561e-03,2.080535e-02,4.630024e-05
