# rmse alpha/u,rmse phic/h,rmse h/r,spread alpha/u,spread phic/h,spread h/r
3.092292e-02,2.252364e-02,1.863092e-03,9.442268e-02,8.298809e-02,8.700514e-02
1.179264e-03,8.870652e-03,3.639641e-05,8.735406e-04,6.914898e-03,4.782492e-05
