# rmse alpha/u,rmse phic/h,rmse h/r,spread alpha/u,spread phic/h,spread h/r
3.092292e-02,2.252364e-02,1.863092e-03,9.442268e-02,8.298809e-02,8.700514e-02
8.187781e-04,6.306551e-03,2.907575e-05,8.263815e-04,6.460448e-03,4.526234e-05
