# rmse alpha/u,rmse phic/h,rmse h/r,spread alpha/u,spread phic/h,spread h/r
3.092292e-02,2.252364e-02,1.863092e-03,9.442268e-02,8.298809e-02,8.700514e-02
8.495897e-04,5.941481e-03,2.890778e-05,8.184897e-04,6.448173e-03,4.449337e-05
