# rmse alpha/u,rmse phic/h,rmse h/r,spread alpha/u,spread phic/h,spread h/r
3.092292e-02,2.252364e-02,1.863092e-03,9.442268e-02,8.298809e-02,8.700514e-02
8.672379e-04,6.629368e-03,3.466050e-05,8.360771e-04,6.532004e-03,4.660517e-05
