# rmse alpha/u,rmse phic/h,rmse h/r,spread alpha/u,spread phic/h,spread h/r
3.092292e-02,2.252364e-02,1.863092e-03,9.442268e-02,8.298809e-02,8.700514e-02
7.925488e-04,6.895109e-03,3.265528e-05,8.116207e-04,6.427098e-03,4.380507e-05
