# rmse alpha/u,rmse phic/h,rmse h/r,spread alpha/u,spread phic/h,spread h/r
3.092292e-02,2.252364e-02,1.863092e-03,9.442268e-02,8.298809e-02,8.700514e-02
8.982879e-04,7.146036e-03,3.158038e-05,8.495229e-04,6.755777e-03,4.581140e-05
