# rmse alpha/u,rmse phic/h,rmse h/r,spread alpha/u,spread phic/h,spread h/r
3.092292e-02,2.252364e-02,1.863092e-03,9.442268e-02,8.298809e-02,8.700514e-02
1.815093e-03,9.302063e-03,3.572830e-05,8.715939e-04,6.750456e-03,4.336526e-05
