# rmse alpha/u,rmse phic/h,rmse h/r,spread alpha/u,spread phic/h,spread h/r
3.092292e-02,2.252364e-02,1.863092e-03,9.442268e-02,8.298809e-02,8.700514e-02
8.628562e-04,7.351255e-03,4.317152e-05,8.491163e-04,6.984236e-03,4.638642e-05
