# rmse alpha/u,rmse phic/h,rmse h/r,spread alpha/u,spread phic/h,spread h/r
3.399439e-01,2.169589e-01,2.515621e-01,1.354666e-01,2.169042e-01,1.474046e-01
1.602946e-03,1.188866e-02,2.981347e-05,1.250150e-03,9.009744e-03,3.165207e-05
