# rmse alpha/u,rmse phic/h,rmse h/r,spread alpha/u,spread phic/h,spread h/r
3.399439e-01,2.169589e-01,2.515621e-01,1.354666e-01,2.169042e-01,1.474046e-01
3.096015e-03,1.551844e-02,2.986382e-05,1.371111e-03,9.263920e-03,2.928851e-05
