# rmse alpha/u,rmse phic/h,rmse h/r,spread alpha/u,spread phic/h,spread h/r
3.399439e-01,2.169589e-01,2.515621e-01,1.354666e-01,2.169042e-01,1.474046e-01
2.706334e-03,1.347363e-02,2.582548e-05,2.154957e-03,1.458761e-02,2.586367e-05
