# rmse alpha/u,rmse phic/h,rmse h/r,spread alpha/u,spread phic/h,spread h/r
3.399439e-01,2.169589e-01,2.515621e-01,1.354666e-01,2.169042e-01,1.474046e-01
3.051724e-03,2.256987e-02,2.548435e-05,2.596635e-03,1.717174e-02,2.717439e-05
