# rmse alpha/u,rmse phic/h,rmse h/r,spread alpha/u,spread phic/h,spread h/r
3.399439e-01,2.169589e-01,2.515621e-01,1.354666e-01,2.169042e-01,1.474046e-01
3.938646e-03,3.083187e-02,4.228331e-05,3.026325e-03,2.210778e-02,3.533988e-05
