# rmse alpha/u,rmse phic/h,rmse h/r,spread alpha/u,spread phic/h,spread h/r
1.045329e-01,1.075312e-01,4.223788e-02,9.366033e-02,8.131749e-02,3.746183e-02
8.056500e-04,6.260325e-03,1.787451e-05,8.151684e-04,6.275170e-03,4.680203e-05
