# rmse alpha/u,rmse phic/h,rmse h/r,spread alpha/u,spread phic/h,spread h/r
1.045329e-01,1.075312e-01,4.223788e-02,9.366033e-02,8.131749e-02,3.746183e-02
8.715241e-04,6.999058e-03,1.802749e-05,8.649953e-04,6.834063e-03,4.954228e-05
