# rmse alpha/u,rmse phic/h,rmse h/r,spread alpha/u,spread phic/h,spread h/r
1.045329e-01,1.075312e-01,4.223788e-02,9.366033e-02,8.131749e-02,3.746183e-02
8.763734e-04,7.033670e-03,2.316578e-05,8.881535e-04,7.107539e-03,5.123784e-05
