# rmse alpha/u,rmse phic/h,rmse h/r,spread alpha/u,spread phic/h,spread h/r
2.756457e-01,2.335581e-01,2.156883e-01,1.961997e-01,1.925928e-01,1.873612e-01
1.491370e-03,1.283443e-02,3.835524e-05,1.544559e-03,1.049077e-02,4.023377e-05
