# rmse alpha/u,rmse phic/h,rmse h/r,spread alpha/u,spread phic/h,spread h/r
2.756457e-01,2.335581e-01,2.156883e-01,1.961997e-01,1.925928e-01,1.873612e-01
2.492215e-03,1.446250e-02,3.556169e-05,2.280092e-03,1.518822e-02,4.510986e-05
