# rmse alpha/u,rmse phic/h,rmse h/r,spread alpha/u,spread phic/h,spread h/r
2.756457e-01,2.335581e-01,2.156883e-01,1.961997e-01,1.925928e-01,1.873612e-01
3.205495e-03,1.789022e-02,4.411822e-05,1.871609e-03,1.319242e-02,4.462061e-05
