# rmse alpha/u,rmse phic/h,rmse h/r,spread alpha/u,spread phic/h,spread h/r
2.756457e-01,2.335581e-01,2.156883e-01,1.961997e-01,1.925928e-01,1.873612e-01
3.023788e-03,1.545652e-02,3.451915e-05,1.780994e-03,1.229145e-02,4.114595e-05
