# rmse alpha/u,rmse phic/h,rmse h/r,spread alpha/u,spread phic/h,spread h/r
1.762916e-01,2.050559e-01,2.629512e-01,1.745525e-01,1.960058e-01,1.712005e-01
4.147089e-03,2.718985e-02,6.187754e-05,2.642783e-03,1.919350e-02,5.966838e-05
