# rmse alpha/u,rmse phic/h,rmse h/r,spread alpha/u,spread phic/h,spread h/r
1.762916e-01,2.050559e-01,2.629512e-01,1.745525e-01,1.960058e-01,1.712005e-01
3.789385e-03,1.743880e-02,4.930596e-05,2.102458e-03,1.424202e-02,5.401220e-05
