# rmse alpha/u,rmse phic/h,rmse h/r,spread alpha/u,spread phic/h,spread h/r
1.762916e-01,2.050559e-01,2.629512e-01,1.745525e-01,1.960058e-01,1.712005e-01
2.758848e-03,1.277066e-02,2.653997e-05,1.550199e-03,1.074160e-02,4.600523e-05
