# rmse alpha/u,rmse phic/h,rmse h/r,spread alpha/u,spread phic/h,spread h/r
1.762916e-01,2.050559e-01,2.629512e-01,1.745525e-01,1.960058e-01,1.712005e-01
1.837057e-03,1.120806e-02,3.062268e-05,1.019920e-03,7.591101e-03,4.653804e-05
