# rmse alpha/u,rmse phic/h,rmse h/r,spread alpha/u,spread phic/h,spread h/r
1.267690e-01,3.911374e-02,5.324770e-02,1.972052e-01,2.277279e-01,1.912586e-01
4.589018e-03,4.026178e-02,7.380972e-05,4.755786e-03,3.719795e-02,6.335421e-05
