# rmse alpha/u,rmse phic/h,rmse h/r,spread alpha/u,spread phic/h,spread h/r
1.267690e-01,3.911374e-02,5.324770e-02,1.972052e-01,2.277279e-01,1.912586e-01
4.996953e-03,3.039868e-02,6.133325e-05,5.043436e-03,4.168355e-02,6.314349e-05
