# rmse alpha/u,rmse phic/h,rmse h/r,spread alpha/u,spread phic/h,spread h/r
1.267690e-01,3.911374e-02,5.324770e-02,1.972052e-01,2.277279e-01,1.912586e-01
5.272494e-03,3.408475e-02,5.782881e-05,5.131923e-03,4.056655e-02,6.114328e-05
