# rmse alpha/u,rmse phic/h,rmse h/r,spread alpha/u,spread phic/h,spread h/r
6.892471e-03,3.185946e-02,1.523083e-04,1.626002e-01,2.304234e-01,1.894793e-01
1.932016e-03,9.594442e-03,2.946106e-05,1.399014e-03,1.012338e-02,4.672197e-05
