# rmse alpha/u,rmse phic/h,rmse h/r,spread alpha/u,spread phic/h,spread h/r
6.892471e-03,3.185946e-02,1.523083e-04,1.626002e-01,2.304234e-01,1.894793e-01
2.342327e-03,1.486076e-02,3.274664e-05,1.505529e-03,1.061409e-02,5.049983e-05
