# rmse alpha/u,rmse phic/h,rmse h/r,spread alpha/u,spread phic/h,spread h/r
6.892471e-03,3.185946e-02,1.523083e-04,1.626002e-01,2.304234e-01,1.894793e-01
1.689687e-03,1.100560e-02,3.400981e-05,1.294102e-03,9.386053e-03,4.566514e-05
