# rmse alpha/u,rmse phic/h,rmse h/r,spread alpha/u,spread phic/h,spread h/r
1.149661e-01,3.758966e-02,1.049444e-02,2.007666e-01,2.380345e-01,2.181955e-01
8.394424e-04,6.544879e-03,1.996345e-05,9.488506e-04,7.008366e-03,4.135124e-05
