# rmse alpha/u,rmse phic/h,rmse h/r,spread alpha/u,spread phic/h,spread h/r
1.149661e-01,3.758966e-02,1.049444e-02,2.007666e-01,2.380345e-01,2.181955e-01
8.478357e-04,6.311321e-03,2.082717e-05,8.301178e-04,6.514404e-03,4.213869e-05
