# rmse alpha/u,rmse phic/h,rmse h/r,spread alpha/u,spread phic/h,spread h/r
1.149661e-01,3.758966e-02,1.049444e-02,2.007666e-01,2.380345e-01,2.181955e-01
1.056847e-03,6.638240e-03,2.366057e-05,9.485263e-04,6.987757e-03,4.262038e-05
