# rmse alpha/u,rmse phic/h,rmse h/r,spread alpha/u,spread phic/h,spread h/r
6.928277e-02,2.474466e-02,3.087472e-02,1.252070e-01,9.239469e-02,7.690225e-02
4.571523e-03,3.053507e-02,5.138991e-05,3.457857e-03,2.497577e-02,4.643299e-05
