# rmse alpha/u,rmse phic/h,rmse h/r,spread alpha/u,spread phic/h,spread h/r
6.663563e-02,2.828061e-02,8.389748e-02,1.738920e-01,2.448466e-01,1.681315e-01
3.662626e-03,2.106181e-02,2.828659e-05,2.645626e-03,1.720794e-02,1.293287e-05
