# rmse alpha/u,rmse phic/h,rmse h/r,spread alpha/u,spread phic/h,spread h/r
6.663563e-02,2.828061e-02,8.389748e-02,1.738920e-01,2.448466e-01,1.681315e-01
4.806541e-03,3.417915e-02,2.427350e-05,3.047017e-03,2.162322e-02,1.691027e-05
