# rmse alpha/u,rmse phic/h,rmse h/r,spread alpha/u,spread phic/h,spread h/r
6.663563e-02,2.828061e-02,8.389748e-02,1.738920e-01,2.448466e-01,1.681315e-01
4.032002e-03,2.348446e-02,3.624915e-05,3.020113e-03,2.128724e-02,2.026683e-05
