# rmse alpha/u,rmse phic/h,rmse h/r,spread alpha/u,spread phic/h,spread h/r
6.663563e-02,2.828061e-02,8.389748e-02,1.738920e-01,2.448466e-01,1.681315e-01
3.663469e-03,2.286933e-02,3.057284e-05,2.406701e-03,1.659288e-02,1.998564e-05
