# rmse alpha/u,rmse phic/h,rmse h/r,spread alpha/u,spread phic/h,spread h/r
6.663563e-02,2.828061e-02,8.389748e-02,1.738920e-01,2.448466e-01,1.681315e-01
4.762442e-03,2.575725e-02,3.381861e-05,2.333306e-03,1.534194e-02,1.448828e-05
