# rmse alpha/u,rmse phic/h,rmse h/r,spread alpha/u,spread phic/h,spread h/r
1.759034e-01,1.039259e-01,1.098625e-01,1.729650e-01,1.033958e-01,1.064448e-01
1.898852e-03,1.154224e-02,2.314885e-05,1.458355e-03,1.035845e-02,3.217483e-05
