# rmse alpha/u,rmse phic/h,rmse h/r,spread alpha/u,spread phic/h,spread h/r
1.759034e-01,1.039259e-01,1.098625e-01,1.729650e-01,1.033958e-01,1.064448e-01
2.864601e-03,2.343462e-02,3.580892e-05,1.897819e-03,1.357889e-02,3.369289e-05
