# rmse alpha/u,rmse phic/h,rmse h/r,spread alpha/u,spread phic/h,spread h/r
1.759034e-01,1.039259e-01,1.098625e-01,1.729650e-01,1.033958e-01,1.064448e-01
3.836264e-03,2.551513e-02,2.265180e-05,2.600625e-03,1.745940e-02,3.221760e-05
