# rmse alpha/u,rmse phic/h,rmse h/r,spread alpha/u,spread phic/h,spread h/r
1.759034e-01,1.039259e-01,1.098625e-01,1.729650e-01,1.033958e-01,1.064448e-01
3.196152e-03,2.194293e-02,2.668557e-05,2.682941e-03,1.789593e-02,3.338359e-05
