# rmse alpha/u,rmse phic/h,rmse h/r,spread alpha/u,spread phic/h,spread h/r
1.759034e-01,1.039259e-01,1.098625e-01,1.729650e-01,1.033958e-01,1.064448e-01
2.070808e-03,9.326987e-03,2.181481e-05,1.437801e-03,9.764521e-03,3.196035e-05
