# rmse alpha/u,rmse phic/h,rmse h/r,spread alpha/u,spread phic/h,spread h/r
1.759034e-01,1.039259e-01,1.098625e-01,1.729650e-01,1.033958e-01,1.064448e-01
4.311246e-03,2.840868e-02,5.122202e-05,2.348274e-03,1.671832e-02,4.011843e-05
