# rmse alpha/u,rmse phic/h,rmse h/r,spread alpha/u,spread phic/h,spread h/r
1.759034e-01,1.039259e-01,1.098625e-01,1.729650e-01,1.033958e-01,1.064448e-01
2.826741e-03,2.143861e-02,2.941039e-05,2.362597e-03,1.564315e-02,3.097201e-05
