# rmse alpha/u,rmse phic/h,rmse h/r,spread alpha/u,spread phic/h,spread h/r
1.759034e-01,1.039259e-01,1.098625e-01,1.729650e-01,1.033958e-01,1.064448e-01
4.232161e-03,3.434230e-02,4.159967e-05,2.931917e-03,2.169880e-02,3.773876e-05
