# rmse alpha/u,rmse phic/h,rmse h/r,spread alpha/u,spread phic/h,spread h/r
1.202503e-01,1.681361e-02,1.845273e-01,1.966800e-01,2.078567e-01,2.191819e-01
4.865047e-03,2.895550e-02,5.679300e-05,3.586118e-03,2.659330e-02,3.648864e-05
