# rmse alpha/u,rmse phic/h,rmse h/r,spread alpha/u,spread phic/h,spread h/r
1.202503e-01,1.681361e-02,1.845273e-01,1.966800e-01,2.078567e-01,2.191819e-01
4.062830e-03,3.261277e-02,6.076904e-05,3.872725e-03,2.597906e-02,3.683846e-05
