# rmse alpha/u,rmse phic/h,rmse h/r,spread alpha/u,spread phic/h,spread h/r
1.202503e-01,1.681361e-02,1.845273e-01,1.966800e-01,2.078567e-01,2.191819e-01
4.707251e-03,2.906449e-02,4.867298e-05,3.329064e-03,2.222685e-02,2.746951e-05
