# rmse alpha/u,rmse phic/h,rmse h/r,spread alpha/u,spread phic/h,spread h/r
1.202503e-01,1.681361e-02,1.845273e-01,1.966800e-01,2.078567e-01,2.191819e-01
6.297359e-03,3.280572e-02,5.159059e-05,4.242936e-03,2.983383e-02,3.173589e-05
