# rmse alpha/u,rmse phic/h,rmse h/r,spread alpha/u,spread phic/h,spread h/r
6.682984e-02,1.556474e-02,6.647764e-02,2.072051e-01,2.292138e-01,1.708574e-01
1.896840e-03,1.336894e-02,3.847281e-05,1.641560e-03,1.140574e-02,4.272259e-05
