# rmse alpha/u,rmse phic/h,rmse h/r,spread alpha/u,spread phic/h,spread h/r
6.682984e-02,1.556474e-02,6.647764e-02,2.072051e-01,2.292138e-01,1.708574e-01
2.266962e-03,1.340080e-02,2.758970e-05,2.319800e-03,1.541087e-02,3.351886e-05
