# rmse alpha/u,rmse phic/h,rmse h/r,spread alpha/u,spread phic/h,spread h/r
6.682984e-02,1.556474e-02,6.647764e-02,2.072051e-01,2.292138e-01,1.708574e-01
2.617729e-03,1.590471e-02,4.337018e-05,2.289096e-03,1.588289e-02,3.738678e-05
