# rmse alpha/u,rmse phic/h,rmse h/r,spread alpha/u,spread phic/h,spread h/r
6.682984e-02,1.556474e-02,6.647764e-02,2.072051e-01,2.292138e-01,1.708574e-01
3.312139e-03,1.899315e-02,4.122699e-05,2.249626e-03,1.570241e-02,4.320178e-05
