# rmse alpha/u,rmse phic/h,rmse h/r,spread alpha/u,spread phic/h,spread h/r
6.682984e-02,1.556474e-02,6.647764e-02,2.072051e-01,2.292138e-01,1.708574e-01
1.893810e-03,1.634693e-02,4.971537e-05,1.868710e-03,1.316679e-02,4.334480e-05
