# rmse alpha/u,rmse phic/h,rmse h/r,spread alpha/u,spread phic/h,spread h/r
1.228734e-01,1.260263e-01,1.037344e-01,1.201959e-01,1.063913e-01,8.104976e-02
8.193971e-04,6.512272e-03,2.665587e-05,8.039463e-04,6.292869e-03,4.218377e-05
