# rmse alpha/u,rmse phic/h,rmse h/r,spread alpha/u,spread phic/h,spread h/r
1.228734e-01,1.260263e-01,1.037344e-01,1.201959e-01,1.063913e-01,8.104976e-02
8.599326e-04,6.711532e-03,3.806985e-05,8.400415e-04,6.656086e-03,4.402133e-05
