# rmse alpha/u,rmse phic/h,rmse h/r,spread alpha/u,spread phic/h,spread h/r
1.228734e-01,1.260263e-01,1.037344e-01,1.201959e-01,1.063913e-01,8.104976e-02
8.335089e-04,6.616802e-03,2.553585e-05,8.058588e-04,6.325644e-03,4.309334e-05
