# rmse alpha/u,rmse phic/h,rmse h/r,spread alpha/u,spread phic/h,spread h/r
1.228734e-01,1.260263e-01,1.037344e-01,1.201959e-01,1.063913e-01,8.104976e-02
7.867521e-04,6.146761e-03,2.267396e-05,8.073245e-04,6.263346e-03,4.215807e-05
