# rmse alpha/u,rmse phic/h,rmse h/r,spread alpha/u,spread phic/h,spread h/r
1.228734e-01,1.260263e-01,1.037344e-01,1.201959e-01,1.063913e-01,8.104976e-02
8.196852e-04,6.450351e-03,1.894040e-05,7.957816e-04,6.161105e-03,4.138199e-05
