# rmse alpha/u,rmse phic/h,rmse h/r,spread alpha/u,spread phic/h,spread h/r
2.154551e-01,3.367457e-01,4.011446e-01,1.247299e-01,2.016558e-01,1.417906e-01
1.921341e-03,1.156887e-02,7.657197e-05,1.053254e-03,7.679909e-03,1.125559e-05
