# rmse alpha/u,rmse phic/h,rmse h/r,spread alpha/u,spread phic/h,spread h/r
2.154551e-01,3.367457e-01,4.011446e-01,1.247299e-01,2.016558e-01,1.417906e-01
1.647710e-03,1.412270e-02,8.188612e-05,1.284585e-03,8.991752e-03,1.029347e-05
