# rmse alpha/u,rmse phic/h,rmse h/r,spread alpha/u,spread phic/h,spread h/r
2.154551e-01,3.367457e-01,4.011446e-01,1.247299e-01,2.016558e-01,1.417906e-01
2.395304e-03,1.380538e-02,7.777968e-05,1.067222e-03,7.085127e-03,8.816176e-06
