# rmse alpha/u,rmse phic/h,rmse h/r,spread alpha/u,spread phic/h,spread h/r
2.154551e-01,3.367457e-01,4.011446e-01,1.247299e-01,2.016558e-01,1.417906e-01
2.684746e-03,1.355600e-02,9.180935e-05,1.533999e-03,9.871081e-03,9.843494e-06
