# rmse alpha/u,rmse phic/h,rmse h/r,spread alpha/u,spread phic/h,spread h/r
3.866444e-02,1.329277e-03,3.767185e-02,1.046405e-01,8.078963e-02,8.940377e-02
4.357964e-03,4.025758e-02,4.673721e-05,3.617273e-03,2.924583e-02,4.509655e-05
