# rmse alpha/u,rmse phic/h,rmse h/r,spread alpha/u,spread phic/h,spread h/r
3.866444e-02,1.329277e-03,3.767185e-02,1.046405e-01,8.078963e-02,8.940377e-02
5.685533e-03,3.950611e-02,4.515567e-05,4.139749e-03,3.231270e-02,4.440718e-05
