# rmse alpha/u,rmse phic/h,rmse h/r,spread alpha/u,spread phic/h,spread h/r
3.866444e-02,1.329277e-03,3.767185e-02,1.046405e-01,8.078963e-02,8.940377e-02
5.643405e-03,3.545552e-02,4.183500e-05,3.659481e-03,2.785963e-02,4.664282e-05
