# rmse alpha/u,rmse phic/h,rmse h/r,spread alpha/u,spread phic/h,spread h/r
3.866444e-02,1.329277e-03,3.767185e-02,1.046405e-01,8.078963e-02,8.940377e-02
5.645238e-03,3.506842e-02,4.414086e-05,3.278671e-03,2.390119e-02,4.472316e-05
