# rmse alpha/u,rmse phic/h,rmse h/r,spread alpha/u,spread phic/h,spread h/r
1.842939e-01,4.773068e-01,4.964573e-01,1.325235e-01,2.296836e-01,1.978499e-01
8.821355e-04,7.109276e-03,2.621880e-05,8.827477e-04,6.927167e-03,5.229237e-05
