# rmse alpha/u,rmse phic/h,rmse h/r,spread alpha/u,spread phic/h,spread h/r
1.842939e-01,4.773068e-01,4.964573e-01,1.325235e-01,2.296836e-01,1.978499e-01
8.821610e-04,6.756947e-03,3.088840e-05,8.766147e-04,7.184946e-03,5.403902e-05
