# rmse alpha/u,rmse phic/h,rmse h/r,spread alpha/u,spread phic/h,spread h/r
1.842939e-01,4.773068e-01,4.964573e-01,1.325235e-01,2.296836e-01,1.978499e-01
8.757337e-04,6.758278e-03,3.461800e-05,8.468665e-04,6.820573e-03,5.226757e-05
