# rmse alpha/u,rmse phic/h,rmse h/r,spread alpha/u,spread phic/h,spread h/r
1.227423e-01,2.806965e-03,2.392266e-01,1.906733e-01,1.720275e-01,1.565591e-01
1.333149e-03,1.200524e-02,2.662827e-04,7.814136e-04,5.858042e-03,1.292866e-05
