# rmse alpha/u,rmse phic/h,rmse h/r,spread alpha/u,spread phic/h,spread h/r
1.227423e-01,2.806965e-03,2.392266e-01,1.906733e-01,1.720275e-01,1.565591e-01
1.080697e-03,9.896595e-03,2.485810e-04,7.522928e-04,5.804137e-03,1.252099e-05
