# rmse alpha/u,rmse phic/h,rmse h/r,spread alpha/u,spread phic/h,spread h/r
1.227423e-01,2.806965e-03,2.392266e-01,1.906733e-01,1.720275e-01,1.565591e-01
8.853477e-04,1.283457e-02,2.476367e-04,7.286655e-04,5.675587e-03,1.081520e-05
