# rmse alpha/u,rmse phic/h,rmse h/r,spread alpha/u,spread phic/h,spread h/r
1.227423e-01,2.806965e-03,2.392266e-01,1.906733e-01,1.720275e-01,1.565591e-01
9.080495e-04,7.550100e-03,2.733875e-04,7.474247e-04,5.752398e-03,1.005177e-05
