# rmse alpha/u,rmse phic/h,rmse h/r,spread alpha/u,spread phic/h,spread h/r
1.227423e-01,2.806965e-03,2.392266e-01,1.906733e-01,1.720275e-01,1.565591e-01
8.932869e-04,8.080935e-03,2.778182e-04,7.916614e-04,5.988142e-03,1.078866e-05
