# rmse alpha/u,rmse phic/h,rmse h/r,spread alpha/u,spread phic/h,spread h/r
1.227423e-01,2.806965e-03,2.392266e-01,1.906733e-01,1.720275e-01,1.565591e-01
1.425550e-03,1.619181e-02,2.991260e-04,7.574463e-04,5.823899e-03,1.387522e-05
