# rmse alpha/u,rmse phic/h,rmse h/r,spread alpha/u,spread phic/h,spread h/r
1.227423e-01,2.806965e-03,2.392266e-01,1.906733e-01,1.720275e-01,1.565591e-01
1.075160e-03,1.049404e-02,2.928557e-04,7.635455e-04,5.919054e-03,1.451165e-05
