# rmse alpha/u,rmse phic/h,rmse h/r,spread alpha/u,spread phic/h,spread h/r
2.958279e-01,6.021378e-01,5.750262e-01,2.040651e-01,2.045934e-01,1.851052e-01
2.563766e-03,1.318345e-02,3.345664e-05,1.854655e-03,1.192556e-02,3.018644e-05
