# rmse alpha/u,rmse phic/h,rmse h/r,spread alpha/u,spread phic/h,spread h/r
2.958279e-01,6.021378e-01,5.750262e-01,2.040651e-01,2.045934e-01,1.851052e-01
3.828034e-03,2.441749e-02,4.305960e-05,2.483986e-03,1.850146e-02,3.979309e-05
