# rmse alpha/u,rmse phic/h,rmse h/r,spread alpha/u,spread phic/h,spread h/r
2.958279e-01,6.021378e-01,5.750262e-01,2.040651e-01,2.045934e-01,1.851052e-01
2.910179e-03,1.648464e-02,2.378592e-05,1.764108e-03,1.234116e-02,3.178787e-05
