# rmse alpha/u,rmse phic/h,rmse h/r,spread alpha/u,spread phic/h,spread h/r
2.958279e-01,6.021378e-01,5.750262e-01,2.040651e-01,2.045934e-01,1.851052e-01
3.557680e-03,2.142020e-02,3.126626e-05,2.386532e-03,1.702173e-02,3.421865e-05
