# rmse alpha/u,rmse phic/h,rmse h/r,spread alpha/u,spread phic/h,spread h/r
8.580092e-02,1.114206e-01,3.480022e-02,2.014417e-01,2.219743e-01,1.900285e-01
1.591844e-03,1.167633e-02,2.538486e-05,1.105780e-03,8.386358e-03,4.276196e-05
