# rmse alpha/u,rmse phic/h,rmse h/r,spread alpha/u,spread phic/h,spread h/r
8.580092e-02,1.114206e-01,3.480022e-02,2.014417e-01,2.219743e-01,1.900285e-01
1.489190e-03,1.176361e-02,2.462685e-05,9.063301e-04,6.855442e-03,4.020544e-05
