# rmse alpha/u,rmse phic/h,rmse h/r,spread alpha/u,spread phic/h,spread h/r
8.580092e-02,1.114206e-01,3.480022e-02,2.014417e-01,2.219743e-01,1.900285e-01
9.867758e-04,6.383637e-03,1.783961e-05,9.151849e-04,6.640753e-03,3.788299e-05
