# rmse alpha/u,rmse phic/h,rmse h/r,spread alpha/u,spread phic/h,spread h/r
8.580092e-02,1.114206e-01,3.480022e-02,2.014417e-01,2.219743e-01,1.900285e-01
8.916835e-04,7.046200e-03,2.494429e-05,9.353449e-04,7.073237e-03,3.964088e-05
