# rmse alpha/u,rmse phic/h,rmse h/r,spread alpha/u,spread phic/h,spread h/r
8.580092e-02,1.114206e-01,3.480022e-02,2.014417e-01,2.219743e-01,1.900285e-01
1.990275e-03,1.163573e-02,2.612543e-05,1.253044e-03,9.590591e-03,4.164430e-05
