# rmse alpha/u,rmse phic/h,rmse h/r,spread alpha/u,spread phic/h,spread h/r
8.580092e-02,1.114206e-01,3.480022e-02,2.014417e-01,2.219743e-01,1.900285e-01
8.543341e-04,6.060048e-03,1.945421e-05,8.505878e-04,6.581061e-03,3.969326e-05
