# rmse alpha/u,rmse phic/h,rmse h/r,spread alpha/u,spread phic/h,spread h/r
8.580092e-02,1.114206e-01,3.480022e-02,2.014417e-01,2.219743e-01,1.900285e-01
1.166131e-03,7.519571e-03,2.300338e-05,9.016755e-04,6.945745e-03,4.100456e-05
