# rmse alpha/u,rmse phic/h,rmse h/r,spread alpha/u,spread phic/h,spread h/r
8.580092e-02,1.114206e-01,3.480022e-02,2.014417e-01,2.219743e-01,1.900285e-01
9.398914e-04,6.574219e-03,2.082958e-05,8.597294e-04,6.710825e-03,4.077221e-05
