# rmse alpha/u,rmse phic/h,rmse h/r,spread alpha/u,spread phic/h,spread h/r
8.580092e-02,1.114206e-01,3.480022e-02,2.014417e-01,2.219743e-01,1.900285e-01
8.703722e-04,6.659646e-03,2.080766e-05,8.589235e-04,6.706329e-03,4.113546e-05
