# rmse alpha/u,rmse phic/h,rmse h/r,spread alpha/u,spread phic/h,spread h/r
2.459183e-02,1.153274e-01,1.023657e-03,1.155616e-01,2.232175e-01,1.499552e-01
1.201676e-03,1.717704e-02,3.285687e-05,9.827559e-04,7.325027e-03,3.778205e-05
