# rmse alpha/u,rmse phic/h,rmse h/r,spread alpha/u,spread phic/h,spread h/r
2.459183e-02,1.153274e-01,1.023657e-03,1.155616e-01,2.232175e-01,1.499552e-01
1.164285e-03,8.860722e-03,3.223409e-05,7.894486e-04,6.190584e-03,3.832156e-05
