# rmse alpha/u,rmse phic/h,rmse h/r,spread alpha/u,spread phic/h,spread h/r
2.459183e-02,1.153274e-01,1.023657e-03,1.155616e-01,2.232175e-01,1.499552e-01
9.505422e-04,8.829104e-03,2.952612e-05,8.036534e-04,6.202996e-03,3.822812e-05
