# rmse alpha/u,rmse phic/h,rmse h/r,spread alpha/u,spread phic/h,spread h/r
2.459183e-02,1.153274e-01,1.023657e-03,1.155616e-01,2.232175e-01,1.499552e-01
9.028952e-04,7.511111e-03,2.865778e-05,8.044375e-04,6.354618e-03,3.852856e-05
