# rmse alpha/u,rmse phic/h,rmse h/r,spread alpha/u,spread phic/h,spread h/r
2.459183e-02,1.153274e-01,1.023657e-03,1.155616e-01,2.232175e-01,1.499552e-01
1.068328e-03,7.282905e-03,2.968599e-05,8.216599e-04,6.210920e-03,3.614204e-05
