# rmse alpha/u,rmse phic/h,rmse h/r,spread alpha/u,spread phic/h,spread h/r
2.459183e-02,1.153274e-01,1.023657e-03,1.155616e-01,2.232175e-01,1.499552e-01
9.259707e-04,6.701932e-03,3.611754e-05,7.712506e-04,6.061029e-03,3.773372e-05
