# rmse alpha/u,rmse phic/h,rmse h/r,spread alpha/u,spread phic/h,spread h/r
2.459183e-02,1.153274e-01,1.023657e-03,1.155616e-01,2.232175e-01,1.499552e-01
9.331056e-04,8.051240e-03,2.857748e-05,8.068318e-04,6.241744e-03,3.715189e-05
