# rmse alpha/u,rmse phic/h,rmse h/r,spread alpha/u,spread phic/h,spread h/r
2.584131e-02,9.062217e-02,8.871766e-02,1.331434e-01,2.197449e-01,2.094225e-01
4.437469e-03,2.553587e-02,4.754399e-05,2.860593e-03,2.110435e-02,5.853120e-05
