# rmse alpha/u,rmse phic/h,rmse h/r,spread alpha/u,spread phic/h,spread h/r
2.584131e-02,9.062217e-02,8.871766e-02,1.331434e-01,2.197449e-01,2.094225e-01
4.053247e-03,2.474893e-02,6.154459e-05,2.939194e-03,2.256094e-02,6.358239e-05
