# rmse alpha/u,rmse phic/h,rmse h/r,spread alpha/u,spread phic/h,spread h/r
2.584131e-02,9.062217e-02,8.871766e-02,1.331434e-01,2.197449e-01,2.094225e-01
4.023543e-03,2.665640e-02,5.839554e-05,2.761898e-03,2.034598e-02,5.770770e-05
