# rmse alpha/u,rmse phic/h,rmse h/r,spread alpha/u,spread phic/h,spread h/r
2.584131e-02,9.062217e-02,8.871766e-02,1.331434e-01,2.197449e-01,2.094225e-01
3.244834e-03,2.160788e-02,5.517413e-05,2.611167e-03,1.872852e-02,5.508667e-05
