# rmse alpha/u,rmse phic/h,rmse h/r,spread alpha/u,spread phic/h,spread h/r
2.584131e-02,9.062217e-02,8.871766e-02,1.331434e-01,2.197449e-01,2.094225e-01
3.265533e-03,1.985223e-02,4.924364e-05,2.658486e-03,1.816356e-02,5.315800e-05
