# rmse alpha/u,rmse phic/h,rmse h/r,spread alpha/u,spread phic/h,spread h/r
2.584131e-02,9.062217e-02,8.871766e-02,1.331434e-01,2.197449e-01,2.094225e-01
3.525440e-03,1.933319e-02,4.252380e-05,3.153669e-03,2.168103e-02,5.395005e-05
