# rmse alpha/u,rmse phic/h,rmse h/r,spread alpha/u,spread phic/h,spread h/r
2.584131e-02,9.062217e-02,8.871766e-02,1.331434e-01,2.197449e-01,2.094225e-01
2.989443e-03,2.279554e-02,6.444699e-05,3.276888e-03,2.417435e-02,6.636666e-05
