# rmse alpha/u,rmse phic/h,rmse h/r,spread alpha/u,spread phic/h,spread h/r
2.584131e-02,9.062217e-02,8.871766e-02,1.331434e-01,2.197449e-01,2.094225e-01
4.871374e-03,3.244771e-02,6.516913e-05,3.203759e-03,2.520319e-02,6.714801e-05
