# rmse alpha/u,rmse phic/h,rmse h/r,spread alpha/u,spread phic/h,spread h/r
2.584131e-02,9.062217e-02,8.871766e-02,1.331434e-01,2.197449e-01,2.094225e-01
3.645579e-03,2.795719e-02,6.561533e-05,2.868392e-03,2.171063e-02,6.407898e-05
