# rmse alpha/u,rmse phic/h,rmse h/r,spread alpha/u,spread phic/h,spread h/r
2.584131e-02,9.062217e-02,8.871766e-02,1.331434e-01,2.197449e-01,2.094225e-01
3.129734e-03,1.693647e-02,5.626858e-05,2.360355e-03,1.680949e-02,5.078544e-05
