# rmse alpha/u,rmse phic/h,rmse h/r,spread alpha/u,spread phic/h,spread h/r
1.458327e-02,7.181533e-03,1.845987e-02,1.976194e-01,2.526915e-01,1.998532e-01
1.979293e-03,1.056168e-02,3.301968e-05,1.765630e-03,1.092280e-02,4.189245e-05
