# rmse alpha/u,rmse phic/h,rmse h/r,spread alpha/u,spread phic/h,spread h/r
1.458327e-02,7.181533e-03,1.845987e-02,1.976194e-01,2.526915e-01,1.998532e-01
3.555339e-03,2.325692e-02,5.098969e-05,3.309245e-03,2.497648e-02,6.107449e-05
