# rmse alpha/u,rmse phic/h,rmse h/r,spread alpha/u,spread phic/h,spread h/r
1.458327e-02,7.181533e-03,1.845987e-02,1.976194e-01,2.526915e-01,1.998532e-01
3.866530e-03,2.466204e-02,7.343897e-05,2.526308e-03,1.938705e-02,5.975011e-05
