# rmse alpha/u,rmse phic/h,rmse h/r,spread alpha/u,spread phic/h,spread h/r
1.458327e-02,7.181533e-03,1.845987e-02,1.976194e-01,2.526915e-01,1.998532e-01
2.794044e-03,2.783841e-02,6.091577e-05,2.183378e-03,1.758797e-02,5.445556e-05
