# rmse alpha/u,rmse phic/h,rmse h/r,spread alpha/u,spread phic/h,spread h/r
1.458327e-02,7.181533e-03,1.845987e-02,1.976194e-01,2.526915e-01,1.998532e-01
2.297660e-03,1.203613e-02,4.813782e-05,1.682599e-03,1.199154e-02,4.584091e-05
