# rmse alpha/u,rmse phic/h,rmse h/r,spread alpha/u,spread phic/h,spread h/r
1.458327e-02,7.181533e-03,1.845987e-02,1.976194e-01,2.526915e-01,1.998532e-01
4.508471e-03,2.421231e-02,4.954790e-05,2.309456e-03,1.707065e-02,5.435610e-05
