# rmse alpha/u,rmse phic/h,rmse h/r,spread alpha/u,spread phic/h,spread h/r
1.458327e-02,7.181533e-03,1.845987e-02,1.976194e-01,2.526915e-01,1.998532e-01
2.507007e-03,1.576372e-02,2.769715e-05,1.569007e-03,1.094719e-02,4.266950e-05
