# rmse alpha/u,rmse phic/h,rmse h/r,spread alpha/u,spread phic/h,spread h/r
1.104862e-01,1.638184e-01,3.865273e-02,1.927996e-01,2.373932e-01,2.334187e-01
1.095549e-03,1.284036e-02,2.506412e-05,1.041922e-03,7.764132e-03,3.900436e-05
