# rmse alpha/u,rmse phic/h,rmse h/r,spread alpha/u,spread phic/h,spread h/r
1.104862e-01,1.638184e-01,3.865273e-02,1.927996e-01,2.373932e-01,2.334187e-01
8.625150e-04,6.792003e-03,2.134899e-05,8.253861e-04,6.431420e-03,3.869813e-05
