# rmse alpha/u,rmse phic/h,rmse h/r,spread alpha/u,spread phic/h,spread h/r
1.104862e-01,1.638184e-01,3.865273e-02,1.927996e-01,2.373932e-01,2.334187e-01
8.835341e-04,7.768678e-03,2.418433e-05,8.351020e-04,6.469714e-03,3.767734e-05
