# rmse alpha/u,rmse phic/h,rmse h/r,spread alpha/u,spread phic/h,spread h/r
5.926437e-02,5.370896e-02,1.361462e-02,2.053158e-01,2.496066e-01,2.062794e-01
4.074594e-03,2.887557e-02,5.749186e-05,3.240844e-03,2.530042e-02,5.501183e-05
