# rmse alpha/u,rmse phic/h,rmse h/r,spread alpha/u,spread phic/h,spread h/r
5.926437e-02,5.370896e-02,1.361462e-02,2.053158e-01,2.496066e-01,2.062794e-01
3.094551e-03,2.263601e-02,5.315027e-05,2.731133e-03,2.003109e-02,5.193300e-05
