# rmse alpha/u,rmse phic/h,rmse h/r,spread alpha/u,spread phic/h,spread h/r
5.926437e-02,5.370896e-02,1.361462e-02,2.053158e-01,2.496066e-01,2.062794e-01
5.818688e-03,3.203334e-02,5.835516e-05,3.233085e-03,2.309190e-02,5.246842e-05
