# rmse alpha/u,rmse phic/h,rmse h/r,spread alpha/u,spread phic/h,spread h/r
5.926437e-02,5.370896e-02,1.361462e-02,2.053158e-01,2.496066e-01,2.062794e-01
4.897606e-03,3.406097e-02,6.848029e-05,3.023228e-03,2.158434e-02,5.328083e-05
