# rmse alpha/u,rmse phic/h,rmse h/r,spread alpha/u,spread phic/h,spread h/r
5.926437e-02,5.370896e-02,1.361462e-02,2.053158e-01,2.496066e-01,2.062794e-01
5.151311e-03,2.896561e-02,4.462262e-05,2.864790e-03,2.112311e-02,4.973227e-05
