# rmse alpha/u,rmse phic/h,rmse h/r,spread alpha/u,spread phic/h,spread h/r
3.773373e-03,3.166353e-01,8.777742e-02,1.982756e-01,1.909562e-01,1.621428e-01
3.050601e-03,2.016009e-02,3.219223e-05,2.110107e-03,1.438908e-02,3.080881e-05
