# rmse alpha/u,rmse phic/h,rmse h/r,spread alpha/u,spread phic/h,spread h/r
3.773373e-03,3.166353e-01,8.777742e-02,1.982756e-01,1.909562e-01,1.621428e-01
2.477923e-03,1.494037e-02,2.763949e-05,2.077759e-03,1.341754e-02,2.790953e-05
