# rmse alpha/u,rmse phic/h,rmse h/r,spread alpha/u,spread phic/h,spread h/r
3.773373e-03,3.166353e-01,8.777742e-02,1.982756e-01,1.909562e-01,1.621428e-01
3.945049e-03,2.301790e-02,3.314507e-05,2.798154e-03,1.985017e-02,3.386828e-05
