# rmse alpha/u,rmse phic/h,rmse h/r,spread alpha/u,spread phic/h,spread h/r
3.773373e-03,3.166353e-01,8.777742e-02,1.982756e-01,1.909562e-01,1.621428e-01
3.471319e-03,1.882083e-02,3.326914e-05,2.428531e-03,1.657240e-02,3.164737e-05
