# rmse alpha/u,rmse phic/h,rmse h/r,spread alpha/u,spread phic/h,spread h/r
3.773373e-03,3.166353e-01,8.777742e-02,1.982756e-01,1.909562e-01,1.621428e-01
4.678718e-03,3.335010e-02,3.944828e-05,3.434441e-03,2.746520e-02,3.743643e-05
