# rmse alpha/u,rmse phic/h,rmse h/r,spread alpha/u,spread phic/h,spread h/r
9.142034e-02,1.130159e-01,3.985449e-02,2.108986e-01,2.184920e-01,1.878878e-01
9.705533e-04,6.730002e-03,1.764323e-05,9.075505e-04,6.855668e-03,3.989960e-05
