# rmse alpha/u,rmse phic/h,rmse h/r,spread alpha/u,spread phic/h,spread h/r
9.142034e-02,1.130159e-01,3.985449e-02,2.108986e-01,2.184920e-01,1.878878e-01
1.385215e-03,8.863738e-03,2.414637e-05,1.181837e-03,8.640336e-03,4.097101e-05
