# rmse alpha/u,rmse phic/h,rmse h/r,spread alpha/u,spread phic/h,spread h/r
9.142034e-02,1.130159e-01,3.985449e-02,2.108986e-01,2.184920e-01,1.878878e-01
9.727685e-04,7.123682e-03,2.117946e-05,8.863190e-04,6.667552e-03,4.187161e-05
