# rmse alpha/u,rmse phic/h,rmse h/r,spread alpha/u,spread phic/h,spread h/r
1.487816e-03,1.008949e-02,9.441761e-04,1.982756e-01,1.909562e-01,1.621428e-01
4.731592e-03,2.812590e-02,7.873239e-05,3.493117e-03,2.650647e-02,5.676426e-05
