# rmse alpha/u,rmse phic/h,rmse h/r,spread alpha/u,spread phic/h,spread h/r
1.487816e-03,1.008949e-02,9.441761e-04,1.982756e-01,1.909562e-01,1.621428e-01
5.019908e-03,2.127418e-02,6.854099e-05,2.989215e-03,2.022214e-02,4.932869e-05
