# rmse alpha/u,rmse phic/h,rmse h/r,spread alpha/u,spread phic/h,spread h/r
1.487816e-03,1.008949e-02,9.441761e-04,1.982756e-01,1.909562e-01,1.621428e-01
3.490382e-03,1.734618e-02,5.237985e-05,2.393298e-03,1.683385e-02,4.737153e-05
