# rmse alpha/u,rmse phic/h,rmse h/r,spread alpha/u,spread phic/h,spread h/r
1.487816e-03,1.008949e-02,9.441761e-04,1.982756e-01,1.909562e-01,1.621428e-01
4.971726e-03,3.612802e-02,7.883852e-05,3.128117e-03,2.413834e-02,5.794308e-05
