# rmse alpha/u,rmse phic/h,rmse h/r,spread alpha/u,spread phic/h,spread h/r
1.487816e-03,1.008949e-02,9.441761e-04,1.982756e-01,1.909562e-01,1.621428e-01
5.012747e-03,3.597806e-02,8.864774e-05,2.815936e-03,2.132775e-02,5.497159e-05
