# rmse alpha/u,rmse phic/h,rmse h/r,spread alpha/u,spread phic/h,spread h/r
1.109181e-02,4.880861e-04,1.839422e-03,2.029553e-01,2.401346e-01,2.180772e-01
2.510038e-03,1.534144e-02,3.243969e-05,1.314926e-03,1.024877e-02,4.199848e-05
