# rmse alpha/u,rmse phic/h,rmse h/r,spread alpha/u,spread phic/h,spread h/r
1.109181e-02,4.880861e-04,1.839422e-03,2.029553e-01,2.401346e-01,2.180772e-01
2.969032e-03,1.829197e-02,2.984328e-05,1.255311e-03,9.228267e-03,4.053762e-05
