# rmse alpha/u,rmse phic/h,rmse h/r,spread alpha/u,spread phic/h,spread h/r
1.109181e-02,4.880861e-04,1.839422e-03,2.029553e-01,2.401346e-01,2.180772e-01
2.027563e-03,1.477043e-02,2.611345e-05,1.421076e-03,1.077041e-02,4.270892e-05
