# rmse alpha/u,rmse phic/h,rmse h/r,spread alpha/u,spread phic/h,spread h/r
1.109181e-02,4.880861e-04,1.839422e-03,2.029553e-01,2.401346e-01,2.180772e-01
2.397982e-03,1.259193e-02,2.571293e-05,1.479088e-03,1.061304e-02,4.343984e-05
