# rmse alpha/u,rmse phic/h,rmse h/r,spread alpha/u,spread phic/h,spread h/r
1.109181e-02,4.880861e-04,1.839422e-03,2.029553e-01,2.401346e-01,2.180772e-01
1.125706e-03,1.521005e-02,3.061150e-05,1.199492e-03,9.309872e-03,4.111108e-05
