# rmse alpha/u,rmse phic/h,rmse h/r,spread alpha/u,spread phic/h,spread h/r
1.109181e-02,4.880861e-04,1.839422e-03,2.029553e-01,2.401346e-01,2.180772e-01
1.735303e-03,1.018976e-02,2.783901e-05,1.078357e-03,7.952504e-03,4.095213e-05
