# rmse alpha/u,rmse phic/h,rmse h/r,spread alpha/u,spread phic/h,spread h/r
1.109181e-02,4.880861e-04,1.839422e-03,2.029553e-01,2.401346e-01,2.180772e-01
1.123572e-03,6.618232e-03,1.994509e-05,1.103977e-03,8.110692e-03,4.028693e-05
