# rmse alpha/u,rmse phic/h,rmse h/r,spread alpha/u,spread phic/h,spread h/r
1.109181e-02,4.880861e-04,1.839422e-03,2.029553e-01,2.401346e-01,2.180772e-01
1.130197e-03,6.785991e-03,1.904020e-05,9.859009e-04,7.064123e-03,3.727549e-05
