# rmse alpha/u,rmse phic/h,rmse h/r,spread alpha/u,spread phic/h,spread h/r
1.109181e-02,4.880861e-04,1.839422e-03,2.029553e-01,2.401346e-01,2.180772e-01
2.305594e-03,1.316296e-02,2.162095e-05,1.384288e-03,9.696184e-03,3.670058e-05
