# rmse alpha/u,rmse phic/h,rmse h/r,spread alpha/u,spread phic/h,spread h/r
1.109181e-02,4.880861e-04,1.839422e-03,2.029553e-01,2.401346e-01,2.180772e-01
1.790655e-03,1.011173e-02,2.230011e-05,1.659578e-03,1.166753e-02,3.715611e-05
