# rmse alpha/u,rmse phic/h,rmse h/r,spread alpha/u,spread phic/h,spread h/r
3.667030e-01,2.460422e-01,2.276787e-01,1.909684e-01,2.207097e-01,2.003914e-01
4.158837e-03,2.742619e-02,3.609628e-05,2.888888e-03,2.132289e-02,3.090857e-05
