# rmse alpha/u,rmse phic/h,rmse h/r,spread alpha/u,spread phic/h,spread h/r
3.667030e-01,2.460422e-01,2.276787e-01,1.909684e-01,2.207097e-01,2.003914e-01
3.724199e-03,2.463680e-02,4.911183e-05,2.192665e-03,1.574362e-02,3.160555e-05
