# rmse alpha/u,rmse phic/h,rmse h/r,spread alpha/u,spread phic/h,spread h/r
3.667030e-01,2.460422e-01,2.276787e-01,1.909684e-01,2.207097e-01,2.003914e-01
5.393001e-03,2.857840e-02,4.404744e-05,3.318145e-03,2.294467e-02,3.626353e-05
