# rmse alpha/u,rmse phic/h,rmse h/r,spread alpha/u,spread phic/h,spread h/r
3.667030e-01,2.460422e-01,2.276787e-01,1.909684e-01,2.207097e-01,2.003914e-01
3.703321e-03,1.750893e-02,4.844942e-05,1.784622e-03,1.179121e-02,2.920235e-05
