# rmse alpha/u,rmse phic/h,rmse h/r,spread alpha/u,spread phic/h,spread h/r
7.715992e-01,2.965305e-01,2.065636e-01,1.242292e-01,2.019602e-01,1.801946e-01
2.932426e-03,1.697240e-02,2.312918e-05,2.340991e-03,1.615486e-02,2.058220e-05
