# rmse alpha/u,rmse phic/h,rmse h/r,spread alpha/u,spread phic/h,spread h/r
7.715992e-01,2.965305e-01,2.065636e-01,1.242292e-01,2.019602e-01,1.801946e-01
4.305675e-03,2.531044e-02,2.369948e-05,2.776051e-03,1.949781e-02,1.997003e-05
