# rmse alpha/u,rmse phic/h,rmse h/r,spread alpha/u,spread phic/h,spread h/r
7.715992e-01,2.965305e-01,2.065636e-01,1.242292e-01,2.019602e-01,1.801946e-01
4.467537e-03,3.230319e-02,3.959116e-05,2.791913e-03,1.995761e-02,2.866332e-05
