# rmse alpha/u,rmse phic/h,rmse h/r,spread alpha/u,spread phic/h,spread h/r
7.715992e-01,2.965305e-01,2.065636e-01,1.242292e-01,2.019602e-01,1.801946e-01
3.585857e-03,2.451246e-02,3.214073e-05,2.483511e-03,1.676621e-02,2.314134e-05
