# rmse alpha/u,rmse phic/h,rmse h/r,spread alpha/u,spread phic/h,spread h/r
7.715992e-01,2.965305e-01,2.065636e-01,1.242292e-01,2.019602e-01,1.801946e-01
3.267040e-03,2.028260e-02,3.690384e-05,3.151543e-03,2.227974e-02,2.784314e-05
