# rmse alpha/u,rmse phic/h,rmse h/r,spread alpha/u,spread phic/h,spread h/r
3.306202e-02,1.268724e-02,1.820679e-02,1.267967e-01,8.926132e-02,7.210862e-02
2.740725e-03,1.942764e-02,3.615042e-05,1.597746e-03,1.076233e-02,2.734965e-05
