# rmse alpha/u,rmse phic/h,rmse h/r,spread alpha/u,spread phic/h,spread h/r
3.306202e-02,1.268724e-02,1.820679e-02,1.267967e-01,8.926132e-02,7.210862e-02
3.437811e-03,1.759604e-02,3.691583e-05,1.717864e-03,1.057136e-02,2.588075e-05
