# rmse alpha/u,rmse phic/h,rmse h/r,spread alpha/u,spread phic/h,spread h/r
3.306202e-02,1.268724e-02,1.820679e-02,1.267967e-01,8.926132e-02,7.210862e-02
3.905516e-03,2.477728e-02,5.859498e-05,2.218851e-03,1.496694e-02,3.726536e-05
