# rmse alpha/u,rmse phic/h,rmse h/r,spread alpha/u,spread phic/h,spread h/r
3.306202e-02,1.268724e-02,1.820679e-02,1.267967e-01,8.926132e-02,7.210862e-02
2.821949e-03,1.697700e-02,4.678480e-05,1.549685e-03,1.071569e-02,2.941550e-05
