# rmse alpha/u,rmse phic/h,rmse h/r,spread alpha/u,spread phic/h,spread h/r
3.306202e-02,1.268724e-02,1.820679e-02,1.267967e-01,8.926132e-02,7.210862e-02
3.151305e-03,2.110974e-02,4.319841e-05,1.251607e-03,8.903204e-03,2.846592e-05
