# rmse alpha/u,rmse phic/h,rmse h/r,spread alpha/u,spread phic/h,spread h/r
3.306202e-02,1.268724e-02,1.820679e-02,1.267967e-01,8.926132e-02,7.210862e-02
3.066325e-03,1.728614e-02,4.861175e-05,1.356229e-03,1.017580e-02,3.230110e-05
