# rmse alpha/u,rmse phic/h,rmse h/r,spread alpha/u,spread phic/h,spread h/r
3.306202e-02,1.268724e-02,1.820679e-02,1.267967e-01,8.926132e-02,7.210862e-02
1.880687e-03,1.378451e-02,4.793488e-05,1.472097e-03,1.019362e-02,3.369869e-05
