# rmse alpha/u,rmse phic/h,rmse h/r,spread alpha/u,spread phic/h,spread h/r
3.306202e-02,1.268724e-02,1.820679e-02,1.267967e-01,8.926132e-02,7.210862e-02
1.738195e-03,1.841483e-02,4.362705e-05,1.336480e-03,9.140481e-03,2.995299e-05
