# rmse alpha/u,rmse phic/h,rmse h/r,spread alpha/u,spread phic/h,spread h/r
3.306202e-02,1.268724e-02,1.820679e-02,1.267967e-01,8.926132e-02,7.210862e-02
3.076991e-03,1.199635e-02,4.598033e-05,1.270463e-03,8.775099e-03,2.951946e-05
