# rmse alpha/u,rmse phic/h,rmse h/r,spread alpha/u,spread phic/h,spread h/r
2.560865e-01,2.125181e-01,2.224285e-01,1.973023e-01,1.840877e-01,1.996707e-01
4.171346e-03,2.312027e-02,6.581216e-05,2.748433e-03,2.003222e-02,4.791868e-05
