# rmse alpha/u,rmse phic/h,rmse h/r,spread alpha/u,spread phic/h,spread h/r
2.560865e-01,2.125181e-01,2.224285e-01,1.973023e-01,1.840877e-01,1.996707e-01
3.356776e-03,2.065752e-02,5.749881e-05,2.458793e-03,1.806872e-02,4.696341e-05
