# rmse alpha/u,rmse phic/h,rmse h/r,spread alpha/u,spread phic/h,spread h/r
2.560865e-01,2.125181e-01,2.224285e-01,1.973023e-01,1.840877e-01,1.996707e-01
2.918899e-03,1.884822e-02,5.523273e-05,2.325604e-03,1.718698e-02,4.650364e-05
