# rmse alpha/u,rmse phic/h,rmse h/r,spread alpha/u,spread phic/h,spread h/r
2.560865e-01,2.125181e-01,2.224285e-01,1.973023e-01,1.840877e-01,1.996707e-01
4.594489e-03,2.675453e-02,7.139833e-05,2.386371e-03,1.692647e-02,5.030645e-05
