# rmse alpha/u,rmse phic/h,rmse h/r,spread alpha/u,spread phic/h,spread h/r
2.560865e-01,2.125181e-01,2.224285e-01,1.973023e-01,1.840877e-01,1.996707e-01
4.974235e-03,3.101698e-02,6.131370e-05,3.054073e-03,2.101007e-02,4.725788e-05
