# rmse alpha/u,rmse phic/h,rmse h/r,spread alpha/u,spread phic/h,spread h/r
2.560865e-01,2.125181e-01,2.224285e-01,1.973023e-01,1.840877e-01,1.996707e-01
4.313095e-03,2.509720e-02,6.511543e-05,2.817491e-03,1.987291e-02,5.129100e-05
