# rmse alpha/u,rmse phic/h,rmse h/r,spread alpha/u,spread phic/h,spread h/r
2.560865e-01,2.125181e-01,2.224285e-01,1.973023e-01,1.840877e-01,1.996707e-01
2.927353e-03,1.686369e-02,6.358483e-05,2.984761e-03,2.057678e-02,5.084590e-05
