# rmse alpha/u,rmse phic/h,rmse h/r,spread alpha/u,spread phic/h,spread h/r
2.560865e-01,2.125181e-01,2.224285e-01,1.973023e-01,1.840877e-01,1.996707e-01
3.133767e-03,1.629377e-02,6.353498e-05,2.403949e-03,1.624017e-02,4.794583e-05
