# rmse alpha/u,rmse phic/h,rmse h/r,spread alpha/u,spread phic/h,spread h/r
1.487901e-02,1.846908e-02,6.209753e-02,1.994876e-01,2.307243e-01,1.926771e-01
3.213305e-03,2.152036e-02,5.736713e-05,3.996548e-03,2.944579e-02,5.544475e-05
