# rmse alpha/u,rmse phic/h,rmse h/r,spread alpha/u,spread phic/h,spread h/r
1.487901e-02,1.846908e-02,6.209753e-02,1.994876e-01,2.307243e-01,1.926771e-01
5.005449e-03,2.844909e-02,4.884105e-05,3.590383e-03,2.723579e-02,4.497996e-05
