# rmse alpha/u,rmse phic/h,rmse h/r,spread alpha/u,spread phic/h,spread h/r
1.487901e-02,1.846908e-02,6.209753e-02,1.994876e-01,2.307243e-01,1.926771e-01
5.320199e-03,4.093421e-02,6.075812e-05,3.481462e-03,2.610774e-02,5.453464e-05
