# rmse alpha/u,rmse phic/h,rmse h/r,spread alpha/u,spread phic/h,spread h/r
1.487901e-02,1.846908e-02,6.209753e-02,1.994876e-01,2.307243e-01,1.926771e-01
5.306766e-03,2.825721e-02,5.372892e-05,3.522963e-03,2.425048e-02,4.739234e-05
