# rmse alpha/u,rmse phic/h,rmse h/r,spread alpha/u,spread phic/h,spread h/r
1.487901e-02,1.846908e-02,6.209753e-02,1.994876e-01,2.307243e-01,1.926771e-01
4.677972e-03,3.291577e-02,6.148429e-05,3.990065e-03,3.116694e-02,6.010638e-05
