# rmse alpha/u,rmse phic/h,rmse h/r,spread alpha/u,spread phic/h,spread h/r
2.182440e-01,2.156991e-01,2.374460e-01,1.714555e-01,1.944429e-01,1.764362e-01
2.190753e-03,2.167769e-02,4.489532e-05,1.503418e-03,1.108946e-02,4.760587e-05
