# rmse alpha/u,rmse phic/h,rmse h/r,spread alpha/u,spread phic/h,spread h/r
2.182440e-01,2.156991e-01,2.374460e-01,1.714555e-01,1.944429e-01,1.764362e-01
1.733030e-03,1.016064e-02,2.386600e-05,9.820827e-04,7.353799e-03,3.893911e-05
