# rmse alpha/u,rmse phic/h,rmse h/r,spread alpha/u,spread phic/h,spread h/r
2.182440e-01,2.156991e-01,2.374460e-01,1.714555e-01,1.944429e-01,1.764362e-01
2.170294e-03,9.667012e-03,2.655388e-05,9.933253e-04,7.229840e-03,3.999041e-05
