# rmse alpha/u,rmse phic/h,rmse h/r,spread alpha/u,spread phic/h,spread h/r
2.182440e-01,2.156991e-01,2.374460e-01,1.714555e-01,1.944429e-01,1.764362e-01
3.656475e-03,2.070699e-02,4.184437e-05,2.066625e-03,1.417604e-02,4.591572e-05
