# rmse alpha/u,rmse phic/h,rmse h/r,spread alpha/u,spread phic/h,spread h/r
6.671494e-02,2.087220e-04,8.876286e-03,1.426427e-01,9.141656e-02,7.149424e-02
2.714971e-03,1.795306e-02,4.887006e-05,1.638072e-03,1.080030e-02,4.437871e-05
