# rmse alpha/u,rmse phic/h,rmse h/r,spread alpha/u,spread phic/h,spread h/r
6.671494e-02,2.087220e-04,8.876286e-03,1.426427e-01,9.141656e-02,7.149424e-02
2.471839e-03,1.155522e-02,4.638517e-05,1.451482e-03,1.046742e-02,4.284381e-05
