# rmse alpha/u,rmse phic/h,rmse h/r,spread alpha/u,spread phic/h,spread h/r
4.555686e-02,1.882647e-01,3.151356e-01,1.724500e-01,2.357833e-01,1.626367e-01
3.426510e-03,2.303056e-02,1.091012e-04,2.026572e-03,1.515597e-02,4.384246e-05
