# rmse alpha/u,rmse phic/h,rmse h/r,spread alpha/u,spread phic/h,spread h/r
4.555686e-02,1.882647e-01,3.151356e-01,1.724500e-01,2.357833e-01,1.626367e-01
4.534157e-03,2.257243e-02,1.054268e-04,1.753955e-03,1.242872e-02,3.909457e-05
