# rmse alpha/u,rmse phic/h,rmse h/r,spread alpha/u,spread phic/h,spread h/r
4.555686e-02,1.882647e-01,3.151356e-01,1.724500e-01,2.357833e-01,1.626367e-01
3.285417e-03,2.209381e-02,9.962426e-05,1.836921e-03,1.433900e-02,4.240096e-05
