# rmse alpha/u,rmse phic/h,rmse h/r,spread alpha/u,spread phic/h,spread h/r
4.555686e-02,1.882647e-01,3.151356e-01,1.724500e-01,2.357833e-01,1.626367e-01
2.633150e-03,1.848551e-02,8.288480e-05,2.117127e-03,1.563869e-02,3.940230e-05
