# rmse alpha/u,rmse phic/h,rmse h/r,spread alpha/u,spread phic/h,spread h/r
4.555686e-02,1.882647e-01,3.151356e-01,1.724500e-01,2.357833e-01,1.626367e-01
3.210989e-03,1.945618e-02,8.381538e-05,2.084164e-03,1.457423e-02,4.100346e-05
