# rmse alpha/u,rmse phic/h,rmse h/r,spread alpha/u,spread phic/h,spread h/r
1.054830e-01,9.627432e-03,5.055409e-02,2.007666e-01,2.380345e-01,2.181955e-01
8.840382e-04,7.034737e-03,1.988084e-04,7.874732e-04,6.108346e-03,2.030466e-05
