# rmse alpha/u,rmse phic/h,rmse h/r,spread alpha/u,spread phic/h,spread h/r
1.054830e-01,9.627432e-03,5.055409e-02,2.007666e-01,2.380345e-01,2.181955e-01
8.488783e-04,6.814753e-03,1.933009e-04,8.083549e-04,6.216735e-03,1.497565e-05
