# rmse alpha/u,rmse phic/h,rmse h/r,spread alpha/u,spread phic/h,spread h/r
1.054830e-01,9.627432e-03,5.055409e-02,2.007666e-01,2.380345e-01,2.181955e-01
1.091783e-03,8.556817e-03,1.893424e-04,7.947746e-04,6.268354e-03,1.921400e-05
