# rmse alpha/u,rmse phic/h,rmse h/r,spread alpha/u,spread phic/h,spread h/r
1.054830e-01,9.627432e-03,5.055409e-02,2.007666e-01,2.380345e-01,2.181955e-01
8.320602e-04,7.207987e-03,1.814673e-04,8.059598e-04,6.279092e-03,1.225545e-05
