# rmse alpha/u,rmse phic/h,rmse h/r,spread alpha/u,spread phic/h,spread h/r
1.054830e-01,9.627432e-03,5.055409e-02,2.007666e-01,2.380345e-01,2.181955e-01
9.050451e-04,9.667363e-03,1.935303e-04,8.115816e-04,6.332216e-03,2.202093e-05
