# rmse alpha/u,rmse phic/h,rmse h/r,spread alpha/u,spread phic/h,spread h/r
2.715361e-01,3.709083e-01,4.918100e-01,1.408747e-01,2.267476e-01,1.997121e-01
4.359111e-03,2.909632e-02,3.470227e-05,3.129871e-03,2.385742e-02,3.391379e-05
