# rmse alpha/u,rmse phic/h,rmse h/r,spread alpha/u,spread phic/h,spread h/r
2.715361e-01,3.709083e-01,4.918100e-01,1.408747e-01,2.267476e-01,1.997121e-01
4.799090e-03,3.053560e-02,3.303584e-05,3.533318e-03,2.560110e-02,3.341159e-05
