# rmse alpha/u,rmse phic/h,rmse h/r,spread alpha/u,spread phic/h,spread h/r
5.106887e-02,2.552453e-02,8.965086e-03,1.407508e-01,1.063826e-01,4.925074e-02
3.855539e-03,2.514454e-02,6.607697e-05,2.776212e-03,2.001520e-02,5.254916e-05
