# rmse alpha/u,rmse phic/h,rmse h/r,spread alpha/u,spread phic/h,spread h/r
5.106887e-02,2.552453e-02,8.965086e-03,1.407508e-01,1.063826e-01,4.925074e-02
3.570061e-03,1.859676e-02,5.354769e-05,2.417402e-03,1.595132e-02,4.221972e-05
