# rmse alpha/u,rmse phic/h,rmse h/r,spread alpha/u,spread phic/h,spread h/r
5.106887e-02,2.552453e-02,8.965086e-03,1.407508e-01,1.063826e-01,4.925074e-02
3.300361e-03,1.731338e-02,6.746745e-05,2.799695e-03,1.998164e-02,4.932206e-05
