# rmse alpha/u,rmse phic/h,rmse h/r,spread alpha/u,spread phic/h,spread h/r
5.106887e-02,2.552453e-02,8.965086e-03,1.407508e-01,1.063826e-01,4.925074e-02
3.842187e-03,2.268736e-02,6.933347e-05,2.394099e-03,1.632215e-02,4.292952e-05
