# rmse alpha/u,rmse phic/h,rmse h/r,spread alpha/u,spread phic/h,spread h/r
5.106887e-02,2.552453e-02,8.965086e-03,1.407508e-01,1.063826e-01,4.925074e-02
3.503424e-03,2.075611e-02,5.905070e-05,2.001564e-03,1.321759e-02,4.096681e-05
