# rmse alpha/u,rmse phic/h,rmse h/r,spread alpha/u,spread phic/h,spread h/r
3.241640e-01,4.988435e-01,3.085454e-01,1.641627e-01,2.176017e-01,1.764511e-01
4.407937e-03,2.629614e-02,3.894042e-05,2.784537e-03,2.033167e-02,2.341045e-05
