# rmse alpha/u,rmse phic/h,rmse h/r,spread alpha/u,spread phic/h,spread h/r
3.241640e-01,4.988435e-01,3.085454e-01,1.641627e-01,2.176017e-01,1.764511e-01
4.024769e-03,1.955582e-02,2.773039e-05,2.290884e-03,1.522750e-02,1.913955e-05
