# rmse alpha/u,rmse phic/h,rmse h/r,spread alpha/u,spread phic/h,spread h/r
3.241640e-01,4.988435e-01,3.085454e-01,1.641627e-01,2.176017e-01,1.764511e-01
3.464669e-03,1.888833e-02,3.156097e-05,2.663555e-03,1.939852e-02,2.277948e-05
