# rmse alpha/u,rmse phic/h,rmse h/r,spread alpha/u,spread phic/h,spread h/r
3.241640e-01,4.988435e-01,3.085454e-01,1.641627e-01,2.176017e-01,1.764511e-01
4.791748e-03,2.785709e-02,3.066997e-05,3.252850e-03,2.346940e-02,2.246413e-05
