# rmse alpha/u,rmse phic/h,rmse h/r,spread alpha/u,spread phic/h,spread h/r
3.241640e-01,4.988435e-01,3.085454e-01,1.641627e-01,2.176017e-01,1.764511e-01
5.543825e-03,3.398162e-02,3.153590e-05,2.679598e-03,1.897797e-02,1.970970e-05
