# rmse alpha/u,rmse phic/h,rmse h/r,spread alpha/u,spread phic/h,spread h/r
3.241640e-01,4.988435e-01,3.085454e-01,1.641627e-01,2.176017e-01,1.764511e-01
4.150744e-03,3.047273e-02,3.095559e-05,2.688981e-03,1.864885e-02,1.687458e-05
