# rmse alpha/u,rmse phic/h,rmse h/r,spread alpha/u,spread phic/h,spread h/r
3.241640e-01,4.988435e-01,3.085454e-01,1.641627e-01,2.176017e-01,1.764511e-01
5.096853e-03,2.728056e-02,3.433270e-05,2.951831e-03,2.015561e-02,1.332703e-05
