# rmse alpha/u,rmse phic/h,rmse h/r,spread alpha/u,spread phic/h,spread h/r
1.499909e-01,1.830816e-01,9.717985e-02,1.197947e-01,9.285838e-02,6.573944e-02
1.076615e-03,1.060903e-02,4.436538e-05,8.114197e-04,6.471217e-03,3.784176e-05
