# rmse alpha/u,rmse phic/h,rmse h/r,spread alpha/u,spread phic/h,spread h/r
6.858657e-02,4.722309e-03,6.753624e-03,1.485534e-01,1.122144e-01,8.257849e-02
8.140181e-04,6.445079e-03,4.098494e-05,8.145621e-04,6.276663e-03,4.952492e-05
