# rmse alpha/u,rmse phic/h,rmse h/r,spread alpha/u,spread phic/h,spread h/r
6.858657e-02,4.722309e-03,6.753624e-03,1.485534e-01,1.122144e-01,8.257849e-02
8.433210e-04,6.467688e-03,4.084163e-05,8.411051e-04,6.496358e-03,5.257411e-05
