# rmse alpha/u,rmse phic/h,rmse h/r,spread alpha/u,spread phic/h,spread h/r
6.858657e-02,4.722309e-03,6.753624e-03,1.485534e-01,1.122144e-01,8.257849e-02
8.843808e-04,6.727701e-03,4.255177e-05,8.431520e-04,6.641088e-03,5.044100e-05
