# rmse alpha/u,rmse phic/h,rmse h/r,spread alpha/u,spread phic/h,spread h/r
6.858657e-02,4.722309e-03,6.753624e-03,1.485534e-01,1.122144e-01,8.257849e-02
8.481589e-04,6.427375e-03,4.212460e-05,8.039167e-04,6.290336e-03,5.120562e-05
