# rmse alpha/u,rmse phic/h,rmse h/r,spread alpha/u,spread phic/h,spread h/r
2.854802e-02,2.219555e-01,2.929253e-01,2.064906e-01,1.899857e-01,1.562718e-01
3.956175e-03,2.590416e-02,3.336388e-05,2.464037e-03,1.885489e-02,3.843723e-05
