# rmse alpha/u,rmse phic/h,rmse h/r,spread alpha/u,spread phic/h,spread h/r
2.854802e-02,2.219555e-01,2.929253e-01,2.064906e-01,1.899857e-01,1.562718e-01
3.981851e-03,2.499894e-02,3.640592e-05,3.029532e-03,2.140428e-02,3.970197e-05
