# rmse alpha/u,rmse phic/h,rmse h/r,spread alpha/u,spread phic/h,spread h/r
2.854802e-02,2.219555e-01,2.929253e-01,2.064906e-01,1.899857e-01,1.562718e-01
3.222203e-03,1.589138e-02,3.666807e-05,2.252752e-03,1.516515e-02,4.061899e-05
