# rmse alpha/u,rmse phic/h,rmse h/r,spread alpha/u,spread phic/h,spread h/r
2.854802e-02,2.219555e-01,2.929253e-01,2.064906e-01,1.899857e-01,1.562718e-01
3.063260e-03,1.743109e-02,4.404840e-05,2.974519e-03,2.145032e-02,4.157227e-05
