# rmse alpha/u,rmse phic/h,rmse h/r,spread alpha/u,spread phic/h,spread h/r
2.854802e-02,2.219555e-01,2.929253e-01,2.064906e-01,1.899857e-01,1.562718e-01
3.234601e-03,1.907655e-02,4.156339e-05,2.469316e-03,1.788914e-02,4.053539e-05
