# rmse alpha/u,rmse phic/h,rmse h/r,spread alpha/u,spread phic/h,spread h/r
2.854802e-02,2.219555e-01,2.929253e-01,2.064906e-01,1.899857e-01,1.562718e-01
3.275079e-03,2.160586e-02,4.054774e-05,2.389269e-03,1.739178e-02,4.058258e-05
