# rmse alpha/u,rmse phic/h,rmse h/r,spread alpha/u,spread phic/h,spread h/r
2.854802e-02,2.219555e-01,2.929253e-01,2.064906e-01,1.899857e-01,1.562718e-01
3.885856e-03,2.357620e-02,3.967517e-05,2.738532e-03,1.883324e-02,4.079685e-05
