# rmse alpha/u,rmse phic/h,rmse h/r,spread alpha/u,spread phic/h,spread h/r
2.854802e-02,2.219555e-01,2.929253e-01,2.064906e-01,1.899857e-01,1.562718e-01
2.969217e-03,1.524909e-02,3.437930e-05,2.140446e-03,1.433586e-02,3.790197e-05
