# rmse alpha/u,rmse phic/h,rmse h/r,spread alpha/u,spread phic/h,spread h/r
2.854802e-02,2.219555e-01,2.929253e-01,2.064906e-01,1.899857e-01,1.562718e-01
2.704568e-03,1.953221e-02,3.272804e-05,2.253624e-03,1.556549e-02,3.865567e-05
