# rmse alpha/u,rmse phic/h,rmse h/r,spread alpha/u,spread phic/h,spread h/r
8.748506e-02,5.200287e-04,1.020632e-02,1.408093e-01,6.705457e-02,5.527087e-02
4.441033e-03,3.149565e-02,7.740121e-05,3.566285e-03,2.580667e-02,5.450280e-05
