# rmse alpha/u,rmse phic/h,rmse h/r,spread alpha/u,spread phic/h,spread h/r
8.748506e-02,5.200287e-04,1.020632e-02,1.408093e-01,6.705457e-02,5.527087e-02
4.858996e-03,3.658881e-02,6.395051e-05,4.255725e-03,3.089497e-02,5.367770e-05
