# rmse alpha/u,rmse phic/h,rmse h/r,spread alpha/u,spread phic/h,spread h/r
8.748506e-02,5.200287e-04,1.020632e-02,1.408093e-01,6.705457e-02,5.527087e-02
5.015606e-03,3.212462e-02,7.078919e-05,4.538421e-03,3.325309e-02,5.801434e-05
