# rmse alpha/u,rmse phic/h,rmse h/r,spread alpha/u,spread phic/h,spread h/r
8.748506e-02,5.200287e-04,1.020632e-02,1.408093e-01,6.705457e-02,5.527087e-02
4.092149e-03,2.830236e-02,6.101449e-05,3.559740e-03,2.580832e-02,4.857984e-05
