# rmse alpha/u,rmse phic/h,rmse h/r,spread alpha/u,spread phic/h,spread h/r
8.748506e-02,5.200287e-04,1.020632e-02,1.408093e-01,6.705457e-02,5.527087e-02
4.071731e-03,2.515269e-02,6.081990e-05,3.547660e-03,2.544528e-02,5.074666e-05
