# rmse alpha/u,rmse phic/h,rmse h/r,spread alpha/u,spread phic/h,spread h/r
8.748506e-02,5.200287e-04,1.020632e-02,1.408093e-01,6.705457e-02,5.527087e-02
6.581960e-03,4.097605e-02,6.836036e-05,4.050288e-03,2.975979e-02,5.529425e-05
