# rmse alpha/u,rmse phic/h,rmse h/r,spread alpha/u,spread phic/h,spread h/r
8.748506e-02,5.200287e-04,1.020632e-02,1.408093e-01,6.705457e-02,5.527087e-02
5.193418e-03,3.451928e-02,6.419322e-05,3.117027e-03,2.326927e-02,5.325800e-05
