# rmse alpha/u,rmse phic/h,rmse h/r,spread alpha/u,spread phic/h,spread h/r
4.066140e-03,2.877714e-03,1.256850e-02,2.011122e-01,2.284813e-01,1.938860e-01
5.043812e-03,3.134346e-02,2.986770e-05,1.503818e-03,1.048813e-02,1.970551e-05
