# rmse alpha/u,rmse phic/h,rmse h/r,spread alpha/u,spread phic/h,spread h/r
4.066140e-03,2.877714e-03,1.256850e-02,2.011122e-01,2.284813e-01,1.938860e-01
4.269349e-03,2.128969e-02,5.010645e-05,1.604881e-03,1.158043e-02,2.521399e-05
