# rmse alpha/u,rmse phic/h,rmse h/r,spread alpha/u,spread phic/h,spread h/r
4.066140e-03,2.877714e-03,1.256850e-02,2.011122e-01,2.284813e-01,1.938860e-01
2.522480e-03,1.470694e-02,3.128921e-05,1.175145e-03,9.204909e-03,2.596888e-05
