# rmse alpha/u,rmse phic/h,rmse h/r,spread alpha/u,spread phic/h,spread h/r
4.066140e-03,2.877714e-03,1.256850e-02,2.011122e-01,2.284813e-01,1.938860e-01
1.564336e-03,1.049392e-02,2.861669e-05,1.083454e-03,7.553486e-03,1.845545e-05
