# rmse alpha/u,rmse phic/h,rmse h/r,spread alpha/u,spread phic/h,spread h/r
4.066140e-03,2.877714e-03,1.256850e-02,2.011122e-01,2.284813e-01,1.938860e-01
2.206991e-03,1.051402e-02,2.467804e-05,1.140382e-03,7.846290e-03,1.817949e-05
