# rmse alpha/u,rmse phic/h,rmse h/r,spread alpha/u,spread phic/h,spread h/r
4.066140e-03,2.877714e-03,1.256850e-02,2.011122e-01,2.284813e-01,1.938860e-01
2.225148e-03,9.083794e-03,2.662406e-05,1.129385e-03,8.250212e-03,1.594279e-05
