# rmse alpha/u,rmse phic/h,rmse h/r,spread alpha/u,spread phic/h,spread h/r
1.927512e-01,1.470033e-02,1.210833e-03,1.927996e-01,2.373932e-01,2.334187e-01
3.094644e-03,2.035750e-02,2.847184e-05,2.403916e-03,1.626469e-02,1.923526e-05
