# rmse alpha/u,rmse phic/h,rmse h/r,spread alpha/u,spread phic/h,spread h/r
1.927512e-01,1.470033e-02,1.210833e-03,1.927996e-01,2.373932e-01,2.334187e-01
4.078458e-03,2.036164e-02,4.331938e-05,2.424530e-03,1.691038e-02,2.842472e-05
