# rmse alpha/u,rmse phic/h,rmse h/r,spread alpha/u,spread phic/h,spread h/r
1.927512e-01,1.470033e-02,1.210833e-03,1.927996e-01,2.373932e-01,2.334187e-01
3.729320e-03,2.727181e-02,3.884131e-05,2.450824e-03,1.790767e-02,2.707450e-05
