# rmse alpha/u,rmse phic/h,rmse h/r,spread alpha/u,spread phic/h,spread h/r
1.927512e-01,1.470033e-02,1.210833e-03,1.927996e-01,2.373932e-01,2.334187e-01
3.335905e-03,2.310638e-02,3.073385e-05,2.346339e-03,1.595387e-02,2.372953e-05
