# rmse alpha/u,rmse phic/h,rmse h/r,spread alpha/u,spread phic/h,spread h/r
4.329475e-01,2.212242e-01,4.220703e-01,1.724500e-01,2.357833e-01,1.626367e-01
3.878494e-03,3.145293e-02,2.898795e-05,3.252189e-03,2.271471e-02,9.812537e-06
