# rmse alpha/u,rmse phic/h,rmse h/r,spread alpha/u,spread phic/h,spread h/r
4.329475e-01,2.212242e-01,4.220703e-01,1.724500e-01,2.357833e-01,1.626367e-01
5.358791e-03,3.211787e-02,2.937362e-05,3.350408e-03,2.431448e-02,1.030730e-05
