# rmse alpha/u,rmse phic/h,rmse h/r,spread alpha/u,spread phic/h,spread h/r
4.329475e-01,2.212242e-01,4.220703e-01,1.724500e-01,2.357833e-01,1.626367e-01
4.182517e-03,2.999113e-02,2.032138e-05,2.938774e-03,2.083892e-02,9.297060e-06
