# rmse alpha/u,rmse phic/h,rmse h/r,spread alpha/u,spread phic/h,spread h/r
4.329475e-01,2.212242e-01,4.220703e-01,1.724500e-01,2.357833e-01,1.626367e-01
5.276781e-03,2.891967e-02,3.514705e-05,3.494360e-03,2.522270e-02,8.532037e-06
