# rmse alpha/u,rmse phic/h,rmse h/r,spread alpha/u,spread phic/h,spread h/r
4.329475e-01,2.212242e-01,4.220703e-01,1.724500e-01,2.357833e-01,1.626367e-01
5.100741e-03,3.088084e-02,3.213578e-05,3.403984e-03,2.667405e-02,1.041381e-05
