# rmse alpha/u,rmse phic/h,rmse h/r,spread alpha/u,spread phic/h,spread h/r
4.329475e-01,2.212242e-01,4.220703e-01,1.724500e-01,2.357833e-01,1.626367e-01
4.596143e-03,2.770442e-02,2.343809e-05,3.099415e-03,2.356288e-02,1.148882e-05
