# rmse alpha/u,rmse phic/h,rmse h/r,spread alpha/u,spread phic/h,spread h/r
4.329475e-01,2.212242e-01,4.220703e-01,1.724500e-01,2.357833e-01,1.626367e-01
4.661369e-03,2.993124e-02,2.168876e-05,3.200299e-03,2.300295e-02,6.217293e-06
