# rmse alpha/u,rmse phic/h,rmse h/r,spread alpha/u,spread phic/h,spread h/r
1.588956e-01,2.227793e-01,2.740546e-01,1.585025e-01,2.014431e-01,1.827165e-01
1.119191e-03,7.082507e-03,3.938144e-05,8.969795e-04,6.980242e-03,5.015126e-05
