# rmse alpha/u,rmse phic/h,rmse h/r,spread alpha/u,spread phic/h,spread h/r
1.588956e-01,2.227793e-01,2.740546e-01,1.585025e-01,2.014431e-01,1.827165e-01
8.334736e-04,6.621017e-03,2.488695e-05,8.420617e-04,6.656959e-03,4.829975e-05
