# rmse alpha/u,rmse phic/h,rmse h/r,spread alpha/u,spread phic/h,spread h/r
1.588956e-01,2.227793e-01,2.740546e-01,1.585025e-01,2.014431e-01,1.827165e-01
8.580337e-04,6.990494e-03,2.686098e-05,9.472453e-04,7.290575e-03,5.300484e-05
