# rmse alpha/u,rmse phic/h,rmse h/r,spread alpha/u,spread phic/h,spread h/r
1.588956e-01,2.227793e-01,2.740546e-01,1.585025e-01,2.014431e-01,1.827165e-01
1.497591e-03,9.079255e-03,2.754288e-05,1.073467e-03,8.257321e-03,5.295400e-05
