# rmse alpha/u,rmse phic/h,rmse h/r,spread alpha/u,spread phic/h,spread h/r
1.588956e-01,2.227793e-01,2.740546e-01,1.585025e-01,2.014431e-01,1.827165e-01
8.039931e-04,6.067539e-03,1.931847e-05,8.157041e-04,6.302174e-03,4.803893e-05
