# rmse alpha/u,rmse phic/h,rmse h/r,spread alpha/u,spread phic/h,spread h/r
1.588956e-01,2.227793e-01,2.740546e-01,1.585025e-01,2.014431e-01,1.827165e-01
8.480226e-04,6.192586e-03,1.955220e-05,8.508046e-04,6.695064e-03,4.996841e-05
