# rmse alpha/u,rmse phic/h,rmse h/r,spread alpha/u,spread phic/h,spread h/r
1.588956e-01,2.227793e-01,2.740546e-01,1.585025e-01,2.014431e-01,1.827165e-01
8.712531e-04,6.445743e-03,2.247347e-05,8.624351e-04,6.852630e-03,5.134207e-05
