# rmse alpha/u,rmse phic/h,rmse h/r,spread alpha/u,spread phic/h,spread h/r
3.193858e-02,5.407157e-04,2.326535e-03,1.267322e-01,9.545343e-02,9.356072e-02
1.592719e-03,8.301536e-03,3.373827e-05,1.401613e-03,9.734025e-03,4.005898e-05
