# rmse alpha/u,rmse phic/h,rmse h/r,spread alpha/u,spread phic/h,spread h/r
3.193858e-02,5.407157e-04,2.326535e-03,1.267322e-01,9.545343e-02,9.356072e-02
2.868864e-03,2.294282e-02,6.760671e-05,1.830803e-03,1.268780e-02,4.592359e-05
