# rmse alpha/u,rmse phic/h,rmse h/r,spread alpha/u,spread phic/h,spread h/r
3.193858e-02,5.407157e-04,2.326535e-03,1.267322e-01,9.545343e-02,9.356072e-02
2.837274e-03,1.833513e-02,5.311674e-05,1.811915e-03,1.274002e-02,4.665289e-05
