# rmse alpha/u,rmse phic/h,rmse h/r,spread alpha/u,spread phic/h,spread h/r
3.193858e-02,5.407157e-04,2.326535e-03,1.267322e-01,9.545343e-02,9.356072e-02
3.259919e-03,1.872646e-02,4.718624e-05,1.724963e-03,1.188041e-02,4.738430e-05
