# rmse alpha/u,rmse phic/h,rmse h/r,spread alpha/u,spread phic/h,spread h/r
3.193858e-02,5.407157e-04,2.326535e-03,1.267322e-01,9.545343e-02,9.356072e-02
3.038839e-03,1.915741e-02,4.920261e-05,1.576237e-03,1.113980e-02,4.919164e-05
