# rmse alpha/u,rmse phic/h,rmse h/r,spread alpha/u,spread phic/h,spread h/r
3.193858e-02,5.407157e-04,2.326535e-03,1.267322e-01,9.545343e-02,9.356072e-02
2.401291e-03,1.437037e-02,4.177516e-05,1.491030e-03,1.004898e-02,4.385095e-05
