# rmse alpha/u,rmse phic/h,rmse h/r,spread alpha/u,spread phic/h,spread h/r
3.193858e-02,5.407157e-04,2.326535e-03,1.267322e-01,9.545343e-02,9.356072e-02
2.995962e-03,1.762531e-02,4.286956e-05,1.796366e-03,1.245520e-02,4.594513e-05
