# rmse alpha/u,rmse phic/h,rmse h/r,spread alpha/u,spread phic/h,spread h/r
3.193858e-02,5.407157e-04,2.326535e-03,1.267322e-01,9.545343e-02,9.356072e-02
1.601250e-03,1.121246e-02,3.871088e-05,1.320758e-03,9.976739e-03,4.711210e-05
