# rmse alpha/u,rmse phic/h,rmse h/r,spread alpha/u,spread phic/h,spread h/r
3.193858e-02,5.407157e-04,2.326535e-03,1.267322e-01,9.545343e-02,9.356072e-02
1.287564e-03,1.096305e-02,3.560964e-05,1.365963e-03,9.721291e-03,4.540238e-05
