# rmse alpha/u,rmse phic/h,rmse h/r,spread alpha/u,spread phic/h,spread h/r
3.193858e-02,5.407157e-04,2.326535e-03,1.267322e-01,9.545343e-02,9.356072e-02
1.635843e-03,8.449496e-03,2.906059e-05,1.162874e-03,8.116342e-03,4.091028e-05
