# rmse alpha/u,rmse phic/h,rmse h/r,spread alpha/u,spread phic/h,spread h/r
5.393749e-02,6.891762e-02,8.959304e-03,2.007018e-01,2.348895e-01,2.071683e-01
2.513058e-03,1.503770e-02,5.401557e-05,1.560735e-03,1.104560e-02,4.463612e-05
