# rmse alpha/u,rmse phic/h,rmse h/r,spread alpha/u,spread phic/h,spread h/r
5.393749e-02,6.891762e-02,8.959304e-03,2.007018e-01,2.348895e-01,2.071683e-01
3.598730e-03,1.996496e-02,8.379680e-05,2.273253e-03,1.593466e-02,4.939632e-05
