# rmse alpha/u,rmse phic/h,rmse h/r,spread alpha/u,spread phic/h,spread h/r
5.393749e-02,6.891762e-02,8.959304e-03,2.007018e-01,2.348895e-01,2.071683e-01
2.246435e-03,2.424880e-02,9.405697e-05,1.750888e-03,1.220099e-02,4.876987e-05
