# rmse alpha/u,rmse phic/h,rmse h/r,spread alpha/u,spread phic/h,spread h/r
5.393749e-02,6.891762e-02,8.959304e-03,2.007018e-01,2.348895e-01,2.071683e-01
2.385657e-03,1.798933e-02,8.224624e-05,1.677180e-03,1.189331e-02,4.752899e-05
