# rmse alpha/u,rmse phic/h,rmse h/r,spread alpha/u,spread phic/h,spread h/r
5.393749e-02,6.891762e-02,8.959304e-03,2.007018e-01,2.348895e-01,2.071683e-01
4.433904e-03,1.704452e-02,6.364538e-05,1.776935e-03,1.239840e-02,4.850273e-05
