# rmse alpha/u,rmse phic/h,rmse h/r,spread alpha/u,spread phic/h,spread h/r
5.393749e-02,6.891762e-02,8.959304e-03,2.007018e-01,2.348895e-01,2.071683e-01
3.659841e-03,2.092735e-02,6.643179e-05,1.584065e-03,1.137163e-02,4.889599e-05
