# rmse alpha/u,rmse phic/h,rmse h/r,spread alpha/u,spread phic/h,spread h/r
6.715272e-05,2.045033e-03,1.401290e-02,8.616386e-02,6.532259e-02,7.420767e-02
8.593246e-04,7.150639e-03,3.550327e-05,8.896030e-04,7.098869e-03,5.422970e-05
