# rmse alpha/u,rmse phic/h,rmse h/r,spread alpha/u,spread phic/h,spread h/r
6.715272e-05,2.045033e-03,1.401290e-02,8.616386e-02,6.532259e-02,7.420767e-02
7.787408e-04,6.229369e-03,1.977996e-05,8.034615e-04,6.217407e-03,5.079039e-05
