# rmse alpha/u,rmse phic/h,rmse h/r,spread alpha/u,spread phic/h,spread h/r
6.715272e-05,2.045033e-03,1.401290e-02,8.616386e-02,6.532259e-02,7.420767e-02
8.380273e-04,6.398857e-03,2.170412e-05,8.085512e-04,6.290605e-03,5.076773e-05
