# rmse alpha/u,rmse phic/h,rmse h/r,spread alpha/u,spread phic/h,spread h/r
6.715272e-05,2.045033e-03,1.401290e-02,8.616386e-02,6.532259e-02,7.420767e-02
8.370278e-04,6.159194e-03,2.133872e-05,8.432766e-04,6.741292e-03,5.341353e-05
