# rmse alpha/u,rmse phic/h,rmse h/r,spread alpha/u,spread phic/h,spread h/r
6.715272e-05,2.045033e-03,1.401290e-02,8.616386e-02,6.532259e-02,7.420767e-02
8.425411e-04,6.406368e-03,1.864292e-05,8.498825e-04,6.765956e-03,5.176893e-05
