# rmse alpha/u,rmse phic/h,rmse h/r,spread alpha/u,spread phic/h,spread h/r
2.514418e-01,4.461754e-02,1.983546e-03,1.542289e-01,1.036623e-01,8.225279e-02
3.526449e-03,2.466648e-02,6.394038e-05,3.088345e-03,2.219111e-02,6.294915e-05
