# rmse alpha/u,rmse phic/h,rmse h/r,spread alpha/u,spread phic/h,spread h/r
2.514418e-01,4.461754e-02,1.983546e-03,1.542289e-01,1.036623e-01,8.225279e-02
2.684038e-03,1.520060e-02,5.641531e-05,2.309372e-03,1.593467e-02,5.588054e-05
