# rmse alpha/u,rmse phic/h,rmse h/r,spread alpha/u,spread phic/h,spread h/r
2.514418e-01,4.461754e-02,1.983546e-03,1.542289e-01,1.036623e-01,8.225279e-02
3.741064e-03,2.299002e-02,7.206974e-05,2.676304e-03,1.840212e-02,5.659576e-05
