# rmse alpha/u,rmse phic/h,rmse h/r,spread alpha/u,spread phic/h,spread h/r
2.200178e-01,3.185831e-01,3.689474e-01,1.387709e-01,2.166638e-01,1.639076e-01
2.955488e-03,1.592246e-02,5.417159e-05,1.449549e-03,1.003388e-02,2.208849e-05
