# rmse alpha/u,rmse phic/h,rmse h/r,spread alpha/u,spread phic/h,spread h/r
2.200178e-01,3.185831e-01,3.689474e-01,1.387709e-01,2.166638e-01,1.639076e-01
2.712031e-03,1.658716e-02,4.793663e-05,1.367056e-03,9.221215e-03,2.241562e-05
