# rmse alpha/u,rmse phic/h,rmse h/r,spread alpha/u,spread phic/h,spread h/r
2.200178e-01,3.185831e-01,3.689474e-01,1.387709e-01,2.166638e-01,1.639076e-01
2.487878e-03,1.431870e-02,5.574858e-05,1.475445e-03,1.109011e-02,2.304471e-05
