# rmse alpha/u,rmse phic/h,rmse h/r,spread alpha/u,spread phic/h,spread h/r
2.200178e-01,3.185831e-01,3.689474e-01,1.387709e-01,2.166638e-01,1.639076e-01
3.899763e-03,2.054237e-02,6.300394e-05,1.627292e-03,1.153618e-02,2.311814e-05
