# rmse alpha/u,rmse phic/h,rmse h/r,spread alpha/u,spread phic/h,spread h/r
2.200178e-01,3.185831e-01,3.689474e-01,1.387709e-01,2.166638e-01,1.639076e-01
2.850423e-03,1.514004e-02,8.192485e-05,1.676532e-03,1.194599e-02,2.639526e-05
