# rmse alpha/u,rmse phic/h,rmse h/r,spread alpha/u,spread phic/h,spread h/r
2.200178e-01,3.185831e-01,3.689474e-01,1.387709e-01,2.166638e-01,1.639076e-01
1.302372e-03,1.123498e-02,5.138995e-05,9.472833e-04,7.111392e-03,2.200569e-05
