# rmse alpha/u,rmse phic/h,rmse h/r,spread alpha/u,spread phic/h,spread h/r
1.415857e-01,7.529095e-04,1.490399e-02,1.969593e-01,1.699969e-01,1.470455e-01
5.757694e-03,2.903832e-02,6.262500e-05,4.573979e-03,3.336414e-02,5.965666e-05
