# rmse alpha/u,rmse phic/h,rmse h/r,spread alpha/u,spread phic/h,spread h/r
1.415857e-01,7.529095e-04,1.490399e-02,1.969593e-01,1.699969e-01,1.470455e-01
5.403186e-03,3.158382e-02,5.733256e-05,3.732343e-03,2.585656e-02,5.167602e-05
