# rmse alpha/u,rmse phic/h,rmse h/r,spread alpha/u,spread phic/h,spread h/r
1.415857e-01,7.529095e-04,1.490399e-02,1.969593e-01,1.699969e-01,1.470455e-01
4.325507e-03,3.146012e-02,6.468568e-05,2.788454e-03,2.038207e-02,4.549895e-05
