# rmse alpha/u,rmse phic/h,rmse h/r,spread alpha/u,spread phic/h,spread h/r
2.283526e-01,3.504365e-01,3.856646e-01,1.365009e-01,2.056984e-01,1.580122e-01
2.180926e-03,1.314604e-02,6.792592e-05,1.628282e-03,1.053606e-02,1.911920e-05
