# rmse alpha/u,rmse phic/h,rmse h/r,spread alpha/u,spread phic/h,spread h/r
2.283526e-01,3.504365e-01,3.856646e-01,1.365009e-01,2.056984e-01,1.580122e-01
1.408527e-03,9.244023e-03,5.630664e-05,1.221355e-03,8.901578e-03,1.883504e-05
