# rmse alpha/u,rmse phic/h,rmse h/r,spread alpha/u,spread phic/h,spread h/r
2.283526e-01,3.504365e-01,3.856646e-01,1.365009e-01,2.056984e-01,1.580122e-01
9.918192e-04,8.391410e-03,6.080650e-05,9.011964e-04,6.770817e-03,1.830216e-05
