# rmse alpha/u,rmse phic/h,rmse h/r,spread alpha/u,spread phic/h,spread h/r
2.283526e-01,3.504365e-01,3.856646e-01,1.365009e-01,2.056984e-01,1.580122e-01
2.543288e-03,1.214417e-02,6.294512e-05,1.049543e-03,7.417366e-03,1.834445e-05
