# rmse alpha/u,rmse phic/h,rmse h/r,spread alpha/u,spread phic/h,spread h/r
2.283526e-01,3.504365e-01,3.856646e-01,1.365009e-01,2.056984e-01,1.580122e-01
1.968389e-03,1.494915e-02,5.985766e-05,1.725349e-03,1.208943e-02,1.985402e-05
