# rmse alpha/u,rmse phic/h,rmse h/r,spread alpha/u,spread phic/h,spread h/r
2.283526e-01,3.504365e-01,3.856646e-01,1.365009e-01,2.056984e-01,1.580122e-01
2.430578e-03,1.875060e-02,5.527220e-05,1.808037e-03,1.314293e-02,2.167021e-05
