# rmse alpha/u,rmse phic/h,rmse h/r,spread alpha/u,spread phic/h,spread h/r
2.283526e-01,3.504365e-01,3.856646e-01,1.365009e-01,2.056984e-01,1.580122e-01
3.152251e-03,2.277548e-02,5.777835e-05,1.601026e-03,1.117001e-02,1.730337e-05
