# rmse alpha/u,rmse phic/h,rmse h/r,spread alpha/u,spread phic/h,spread h/r
2.283526e-01,3.504365e-01,3.856646e-01,1.365009e-01,2.056984e-01,1.580122e-01
2.371111e-03,1.985463e-02,5.957777e-05,1.674271e-03,1.254284e-02,1.857605e-05
