# rmse alpha/u,rmse phic/h,rmse h/r,spread alpha/u,spread phic/h,spread h/r
2.350713e-02,1.294524e-01,6.148921e-04,1.927996e-01,2.373932e-01,2.334187e-01
3.877032e-03,2.116771e-02,3.541143e-05,2.320871e-03,1.625339e-02,2.645154e-05
