# rmse alpha/u,rmse phic/h,rmse h/r,spread alpha/u,spread phic/h,spread h/r
1.807879e-01,1.415756e-01,8.462654e-02,1.195720e-01,1.040716e-01,6.318525e-02
2.993500e-03,1.657589e-02,3.610444e-05,1.809290e-03,1.314485e-02,4.957699e-05
