# rmse alpha/u,rmse phic/h,rmse h/r,spread alpha/u,spread phic/h,spread h/r
1.807879e-01,1.415756e-01,8.462654e-02,1.195720e-01,1.040716e-01,6.318525e-02
2.110529e-03,9.384587e-03,2.776365e-05,1.317844e-03,8.957948e-03,4.114040e-05
