# rmse alpha/u,rmse phic/h,rmse h/r,spread alpha/u,spread phic/h,spread h/r
1.807879e-01,1.415756e-01,8.462654e-02,1.195720e-01,1.040716e-01,6.318525e-02
3.406102e-03,1.451554e-02,3.041576e-05,1.737734e-03,1.127466e-02,4.215167e-05
