# rmse alpha/u,rmse phic/h,rmse h/r,spread alpha/u,spread phic/h,spread h/r
6.695511e-01,4.104171e-01,5.251662e-01,1.811844e-01,2.189349e-01,1.830777e-01
2.785168e-03,1.627157e-02,2.693973e-05,1.937214e-03,1.297232e-02,2.101626e-05
