# rmse alpha/u,rmse phic/h,rmse h/r,spread alpha/u,spread phic/h,spread h/r
6.695511e-01,4.104171e-01,5.251662e-01,1.811844e-01,2.189349e-01,1.830777e-01
3.521731e-03,2.089582e-02,4.347944e-05,2.480545e-03,1.733333e-02,2.880368e-05
