# rmse alpha/u,rmse phic/h,rmse h/r,spread alpha/u,spread phic/h,spread h/r
6.695511e-01,4.104171e-01,5.251662e-01,1.811844e-01,2.189349e-01,1.830777e-01
3.740716e-03,2.456430e-02,5.317305e-05,2.441416e-03,1.562514e-02,2.552345e-05
