# rmse alpha/u,rmse phic/h,rmse h/r,spread alpha/u,spread phic/h,spread h/r
6.695511e-01,4.104171e-01,5.251662e-01,1.811844e-01,2.189349e-01,1.830777e-01
2.745407e-03,1.473045e-02,4.486308e-05,2.187528e-03,1.499389e-02,2.558326e-05
