# rmse alpha/u,rmse phic/h,rmse h/r,spread alpha/u,spread phic/h,spread h/r
6.695511e-01,4.104171e-01,5.251662e-01,1.811844e-01,2.189349e-01,1.830777e-01
4.203772e-03,2.328813e-02,4.092912e-05,2.181257e-03,1.567163e-02,2.485614e-05
