# rmse alpha/u,rmse phic/h,rmse h/r,spread alpha/u,spread phic/h,spread h/r
5.713742e-02,1.588989e-02,9.389032e-03,1.927996e-01,2.373932e-01,2.334187e-01
3.567640e-03,2.276920e-02,7.545731e-05,1.907485e-03,1.378718e-02,4.450465e-05
