# rmse alpha/u,rmse phic/h,rmse h/r,spread alpha/u,spread phic/h,spread h/r
5.713742e-02,1.588989e-02,9.389032e-03,1.927996e-01,2.373932e-01,2.334187e-01
4.156193e-03,2.250091e-02,7.038573e-05,2.084925e-03,1.341871e-02,4.223338e-05
