# rmse alpha/u,rmse phic/h,rmse h/r,spread alpha/u,spread phic/h,spread h/r
5.713742e-02,1.588989e-02,9.389032e-03,1.927996e-01,2.373932e-01,2.334187e-01
5.274955e-03,2.552806e-02,9.116419e-05,2.115673e-03,1.384689e-02,4.645057e-05
