# rmse alpha/u,rmse phic/h,rmse h/r,spread alpha/u,spread phic/h,spread h/r
2.646834e-02,7.274317e-03,9.001589e-03,1.417836e-01,8.168610e-02,8.058100e-02
4.179657e-03,3.072123e-02,5.594856e-05,2.192815e-03,1.559815e-02,4.139014e-05
