# rmse alpha/u,rmse phic/h,rmse h/r,spread alpha/u,spread phic/h,spread h/r
2.646834e-02,7.274317e-03,9.001589e-03,1.417836e-01,8.168610e-02,8.058100e-02
4.166508e-03,2.300375e-02,3.470799e-05,2.120922e-03,1.351152e-02,3.301116e-05
