# rmse alpha/u,rmse phic/h,rmse h/r,spread alpha/u,spread phic/h,spread h/r
2.646834e-02,7.274317e-03,9.001589e-03,1.417836e-01,8.168610e-02,8.058100e-02
3.282131e-03,2.018098e-02,5.414811e-05,2.031167e-03,1.441950e-02,4.127577e-05
