# rmse alpha/u,rmse phic/h,rmse h/r,spread alpha/u,spread phic/h,spread h/r
2.646834e-02,7.274317e-03,9.001589e-03,1.417836e-01,8.168610e-02,8.058100e-02
2.764961e-03,1.909603e-02,3.688646e-05,1.966100e-03,1.314267e-02,3.762380e-05
