# rmse alpha/u,rmse phic/h,rmse h/r,spread alpha/u,spread phic/h,spread h/r
2.646834e-02,7.274317e-03,9.001589e-03,1.417836e-01,8.168610e-02,8.058100e-02
3.429431e-03,1.805099e-02,4.073811e-05,2.436363e-03,1.640790e-02,3.765148e-05
