# rmse alpha/u,rmse phic/h,rmse h/r,spread alpha/u,spread phic/h,spread h/r
2.646834e-02,7.274317e-03,9.001589e-03,1.417836e-01,8.168610e-02,8.058100e-02
6.545002e-03,3.490838e-02,5.041592e-05,2.858986e-03,2.014467e-02,4.385062e-05
