# rmse alpha/u,rmse phic/h,rmse h/r,spread alpha/u,spread phic/h,spread h/r
2.646834e-02,7.274317e-03,9.001589e-03,1.417836e-01,8.168610e-02,8.058100e-02
3.205641e-03,2.139495e-02,5.627691e-05,2.056899e-03,1.383881e-02,4.112719e-05
