# rmse alpha/u,rmse phic/h,rmse h/r,spread alpha/u,spread phic/h,spread h/r
2.646834e-02,7.274317e-03,9.001589e-03,1.417836e-01,8.168610e-02,8.058100e-02
3.289047e-03,2.549409e-02,4.253534e-05,2.548598e-03,1.926472e-02,4.308485e-05
