# rmse alpha/u,rmse phic/h,rmse h/r,spread alpha/u,spread phic/h,spread h/r
6.966383e-02,2.496693e-01,5.093791e-01,1.906733e-01,1.720275e-01,1.565591e-01
2.183244e-03,1.753575e-02,3.434069e-05,1.434323e-03,9.951523e-03,2.153344e-05
