# rmse alpha/u,rmse phic/h,rmse h/r,spread alpha/u,spread phic/h,spread h/r
6.966383e-02,2.496693e-01,5.093791e-01,1.906733e-01,1.720275e-01,1.565591e-01
1.888005e-03,1.080526e-02,2.142688e-05,1.570988e-03,1.077211e-02,1.385002e-05
