# rmse alpha/u,rmse phic/h,rmse h/r,spread alpha/u,spread phic/h,spread h/r
6.966383e-02,2.496693e-01,5.093791e-01,1.906733e-01,1.720275e-01,1.565591e-01
3.102827e-03,1.631741e-02,3.078995e-05,2.085732e-03,1.395634e-02,1.987114e-05
