# rmse alpha/u,rmse phic/h,rmse h/r,spread alpha/u,spread phic/h,spread h/r
5.379300e-02,3.468684e-02,1.334099e-02,2.050380e-01,1.948319e-01,2.038017e-01
5.089280e-03,2.602246e-02,4.439186e-05,3.872864e-03,2.915168e-02,5.236838e-05
