# rmse alpha/u,rmse phic/h,rmse h/r,spread alpha/u,spread phic/h,spread h/r
5.379300e-02,3.468684e-02,1.334099e-02,2.050380e-01,1.948319e-01,2.038017e-01
4.860443e-03,2.643993e-02,4.767538e-05,3.958526e-03,2.904595e-02,5.820224e-05
