# rmse alpha/u,rmse phic/h,rmse h/r,spread alpha/u,spread phic/h,spread h/r
5.379300e-02,3.468684e-02,1.334099e-02,2.050380e-01,1.948319e-01,2.038017e-01
5.198762e-03,3.010605e-02,5.200331e-05,3.736212e-03,2.777898e-02,5.121014e-05
