# rmse alpha/u,rmse phic/h,rmse h/r,spread alpha/u,spread phic/h,spread h/r
1.218955e-01,3.460176e-04,4.167995e-02,1.293542e-01,8.337754e-02,7.166169e-02
5.040787e-03,3.763671e-02,5.741808e-05,4.548241e-03,3.707863e-02,4.495394e-05
