# rmse alpha/u,rmse phic/h,rmse h/r,spread alpha/u,spread phic/h,spread h/r
1.218955e-01,3.460176e-04,4.167995e-02,1.293542e-01,8.337754e-02,7.166169e-02
5.450978e-03,4.313418e-02,6.035116e-05,4.622158e-03,3.845129e-02,4.074371e-05
