# rmse alpha/u,rmse phic/h,rmse h/r,spread alpha/u,spread phic/h,spread h/r
1.218955e-01,3.460176e-04,4.167995e-02,1.293542e-01,8.337754e-02,7.166169e-02
5.470668e-03,3.413665e-02,4.871727e-05,4.793723e-03,3.947363e-02,4.215959e-05
