# rmse alpha/u,rmse phic/h,rmse h/r,spread alpha/u,spread phic/h,spread h/r
1.218955e-01,3.460176e-04,4.167995e-02,1.293542e-01,8.337754e-02,7.166169e-02
4.903326e-03,3.704198e-02,4.524358e-05,4.426019e-03,3.530628e-02,3.883853e-05
