# rmse alpha/u,rmse phic/h,rmse h/r,spread alpha/u,spread phic/h,spread h/r
1.218955e-01,3.460176e-04,4.167995e-02,1.293542e-01,8.337754e-02,7.166169e-02
3.987522e-03,2.373753e-02,4.303848e-05,4.506687e-03,3.466178e-02,4.113754e-05
