# rmse alpha/u,rmse phic/h,rmse h/r,spread alpha/u,spread phic/h,spread h/r
1.218955e-01,3.460176e-04,4.167995e-02,1.293542e-01,8.337754e-02,7.166169e-02
3.753802e-03,2.707779e-02,4.024165e-05,3.237130e-03,2.497384e-02,3.321359e-05
