# rmse alpha/u,rmse phic/h,rmse h/r,spread alpha/u,spread phic/h,spread h/r
2.954364e-02,2.835520e-04,1.474851e-02,1.314689e-01,1.017538e-01,5.589557e-02
1.422993e-03,7.396161e-03,4.433209e-05,9.857511e-04,7.112619e-03,4.243132e-05
