# rmse alpha/u,rmse phic/h,rmse h/r,spread alpha/u,spread phic/h,spread h/r
2.954364e-02,2.835520e-04,1.474851e-02,1.314689e-01,1.017538e-01,5.589557e-02
2.447029e-03,1.673832e-02,5.809653e-05,1.791329e-03,1.316707e-02,5.202335e-05
