# rmse alpha/u,rmse phic/h,rmse h/r,spread alpha/u,spread phic/h,spread h/r
2.954364e-02,2.835520e-04,1.474851e-02,1.314689e-01,1.017538e-01,5.589557e-02
1.787910e-03,1.185203e-02,4.155765e-05,1.237023e-03,8.904634e-03,4.161557e-05
