# rmse alpha/u,rmse phic/h,rmse h/r,spread alpha/u,spread phic/h,spread h/r
4.153058e-02,7.442423e-03,2.101694e-01,2.007666e-01,2.380345e-01,2.181955e-01
3.102667e-03,2.208640e-02,6.642954e-05,2.238070e-03,1.596147e-02,2.438027e-05
