# rmse alpha/u,rmse phic/h,rmse h/r,spread alpha/u,spread phic/h,spread h/r
4.153058e-02,7.442423e-03,2.101694e-01,2.007666e-01,2.380345e-01,2.181955e-01
2.025987e-03,1.183227e-02,5.724303e-05,1.063277e-03,8.107950e-03,2.173908e-05
