# rmse alpha/u,rmse phic/h,rmse h/r,spread alpha/u,spread phic/h,spread h/r
2.501167e-01,2.363786e-01,3.195266e-01,2.117748e-01,2.204575e-01,1.898951e-01
4.733636e-03,2.921966e-02,8.295974e-05,3.087886e-03,2.219669e-02,6.057460e-05
