# rmse alpha/u,rmse phic/h,rmse h/r,spread alpha/u,spread phic/h,spread h/r
2.501167e-01,2.363786e-01,3.195266e-01,2.117748e-01,2.204575e-01,1.898951e-01
4.290345e-03,2.777415e-02,5.250649e-05,3.884995e-03,3.033025e-02,5.904258e-05
