# rmse alpha/u,rmse phic/h,rmse h/r,spread alpha/u,spread phic/h,spread h/r
2.501167e-01,2.363786e-01,3.195266e-01,2.117748e-01,2.204575e-01,1.898951e-01
4.023022e-03,2.612762e-02,6.307482e-05,3.004261e-03,2.300717e-02,5.580870e-05
