# rmse alpha/u,rmse phic/h,rmse h/r,spread alpha/u,spread phic/h,spread h/r
2.501167e-01,2.363786e-01,3.195266e-01,2.117748e-01,2.204575e-01,1.898951e-01
5.149222e-03,3.723282e-02,7.652462e-05,3.660418e-03,2.712888e-02,6.406781e-05
