# rmse alpha/u,rmse phic/h,rmse h/r,spread alpha/u,spread phic/h,spread h/r
2.501167e-01,2.363786e-01,3.195266e-01,2.117748e-01,2.204575e-01,1.898951e-01
4.820175e-03,3.658334e-02,8.293380e-05,2.813349e-03,2.345720e-02,5.935454e-05
