# rmse alpha/u,rmse phic/h,rmse h/r,spread alpha/u,spread phic/h,spread h/r
2.501167e-01,2.363786e-01,3.195266e-01,2.117748e-01,2.204575e-01,1.898951e-01
5.543963e-03,3.233308e-02,6.776409e-05,3.367038e-03,2.539075e-02,5.587254e-05
