# rmse alpha/u,rmse phic/h,rmse h/r,spread alpha/u,spread phic/h,spread h/r
7.574524e-02,9.691982e-02,1.102623e-01,2.007666e-01,2.380345e-01,2.181955e-01
4.084656e-03,2.932059e-02,4.292933e-05,1.937902e-03,1.343770e-02,1.633449e-05
