# rmse alpha/u,rmse phic/h,rmse h/r,spread alpha/u,spread phic/h,spread h/r
7.574524e-02,9.691982e-02,1.102623e-01,2.007666e-01,2.380345e-01,2.181955e-01
4.325263e-03,2.297083e-02,5.828906e-05,2.405810e-03,1.678341e-02,2.104802e-05
