# rmse alpha/u,rmse phic/h,rmse h/r,spread alpha/u,spread phic/h,spread h/r
1.658882e-01,2.005966e-01,3.071319e-01,1.600586e-01,1.875591e-01,1.874223e-01
3.979622e-03,3.310011e-02,5.561005e-05,3.155170e-03,2.272567e-02,5.807667e-05
