# rmse alpha/u,rmse phic/h,rmse h/r,spread alpha/u,spread phic/h,spread h/r
1.658882e-01,2.005966e-01,3.071319e-01,1.600586e-01,1.875591e-01,1.874223e-01
3.520977e-03,1.871575e-02,5.887910e-05,1.708173e-03,1.268653e-02,5.383444e-05
