# rmse alpha/u,rmse phic/h,rmse h/r,spread alpha/u,spread phic/h,spread h/r
1.658882e-01,2.005966e-01,3.071319e-01,1.600586e-01,1.875591e-01,1.874223e-01
3.897346e-03,3.250848e-02,7.196055e-05,1.855682e-03,1.392795e-02,5.565538e-05
