# rmse alpha/u,rmse phic/h,rmse h/r,spread alpha/u,spread phic/h,spread h/r
1.658882e-01,2.005966e-01,3.071319e-01,1.600586e-01,1.875591e-01,1.874223e-01
8.865120e-04,6.774398e-03,3.135843e-05,1.019777e-03,7.446244e-03,4.655230e-05
