# rmse alpha/u,rmse phic/h,rmse h/r,spread alpha/u,spread phic/h,spread h/r
1.658882e-01,2.005966e-01,3.071319e-01,1.600586e-01,1.875591e-01,1.874223e-01
2.998642e-03,2.026971e-02,5.454194e-05,1.712436e-03,1.274522e-02,5.242325e-05
