# rmse alpha/u,rmse phic/h,rmse h/r,spread alpha/u,spread phic/h,spread h/r
2.029324e-01,2.328321e-01,2.078461e-01,1.795250e-01,2.190449e-01,1.813643e-01
1.743110e-03,1.065811e-02,2.271603e-05,1.311121e-03,8.780312e-03,3.855207e-05
