# rmse alpha/u,rmse phic/h,rmse h/r,spread alpha/u,spread phic/h,spread h/r
2.029324e-01,2.328321e-01,2.078461e-01,1.795250e-01,2.190449e-01,1.813643e-01
1.673918e-03,9.528710e-03,2.470209e-05,1.405632e-03,9.717447e-03,3.833990e-05
