# rmse alpha/u,rmse phic/h,rmse h/r,spread alpha/u,spread phic/h,spread h/r
2.029324e-01,2.328321e-01,2.078461e-01,1.795250e-01,2.190449e-01,1.813643e-01
1.967573e-03,1.266107e-02,3.358329e-05,1.782702e-03,1.259706e-02,4.353078e-05
