# rmse alpha/u,rmse phic/h,rmse h/r,spread alpha/u,spread phic/h,spread h/r
2.029324e-01,2.328321e-01,2.078461e-01,1.795250e-01,2.190449e-01,1.813643e-01
1.814612e-03,1.706449e-02,3.465720e-05,1.015091e-03,7.859321e-03,4.102520e-05
