# rmse alpha/u,rmse phic/h,rmse h/r,spread alpha/u,spread phic/h,spread h/r
2.029324e-01,2.328321e-01,2.078461e-01,1.795250e-01,2.190449e-01,1.813643e-01
2.569629e-03,1.186217e-02,2.874635e-05,1.149936e-03,8.187413e-03,3.694145e-05
