# rmse alpha/u,rmse phic/h,rmse h/r,spread alpha/u,spread phic/h,spread h/r
2.029324e-01,2.328321e-01,2.078461e-01,1.795250e-01,2.190449e-01,1.813643e-01
8.478347e-04,6.008465e-03,1.721966e-05,9.244964e-04,6.819631e-03,3.522396e-05
