# rmse alpha/u,rmse phic/h,rmse h/r,spread alpha/u,spread phic/h,spread h/r
1.561429e-01,5.085231e-03,2.605266e-01,1.969593e-01,1.699969e-01,1.470455e-01
8.806290e-04,7.650977e-03,2.473293e-04,8.077597e-04,6.079720e-03,1.634356e-05
