# rmse alpha/u,rmse phic/h,rmse h/r,spread alpha/u,spread phic/h,spread h/r
1.561429e-01,5.085231e-03,2.605266e-01,1.969593e-01,1.699969e-01,1.470455e-01
9.120383e-04,1.098999e-02,2.370637e-04,7.791986e-04,6.037841e-03,1.534905e-05
