# rmse alpha/u,rmse phic/h,rmse h/r,spread alpha/u,spread phic/h,spread h/r
1.561429e-01,5.085231e-03,2.605266e-01,1.969593e-01,1.699969e-01,1.470455e-01
1.151115e-03,1.223459e-02,2.360330e-04,8.031317e-04,6.098872e-03,1.223132e-05
