# rmse alpha/u,rmse phic/h,rmse h/r,spread alpha/u,spread phic/h,spread h/r
1.561429e-01,5.085231e-03,2.605266e-01,1.969593e-01,1.699969e-01,1.470455e-01
8.561371e-04,9.430960e-03,2.568381e-04,7.741233e-04,5.955768e-03,1.456675e-05
