# rmse alpha/u,rmse phic/h,rmse h/r,spread alpha/u,spread phic/h,spread h/r
1.561429e-01,5.085231e-03,2.605266e-01,1.969593e-01,1.699969e-01,1.470455e-01
9.023018e-04,9.082621e-03,2.517856e-04,8.312508e-04,6.358613e-03,1.700712e-05
