# rmse alpha/u,rmse phic/h,rmse h/r,spread alpha/u,spread phic/h,spread h/r
4.224888e-01,2.593359e-01,1.712987e-01,1.993173e-01,2.406757e-01,1.681411e-01
3.678441e-03,2.082232e-02,4.744518e-05,2.577422e-03,1.712818e-02,4.399650e-05
