# rmse alpha/u,rmse phic/h,rmse h/r,spread alpha/u,spread phic/h,spread h/r
4.224888e-01,2.593359e-01,1.712987e-01,1.993173e-01,2.406757e-01,1.681411e-01
3.428058e-03,2.103271e-02,4.920473e-05,2.725280e-03,1.988412e-02,5.092930e-05
