# rmse alpha/u,rmse phic/h,rmse h/r,spread alpha/u,spread phic/h,spread h/r
4.224888e-01,2.593359e-01,1.712987e-01,1.993173e-01,2.406757e-01,1.681411e-01
2.459553e-03,1.601540e-02,5.149211e-05,2.653411e-03,1.843431e-02,4.976510e-05
