# rmse alpha/u,rmse phic/h,rmse h/r,spread alpha/u,spread phic/h,spread h/r
4.224888e-01,2.593359e-01,1.712987e-01,1.993173e-01,2.406757e-01,1.681411e-01
3.008691e-03,2.908382e-02,6.847928e-05,3.032283e-03,2.261475e-02,5.192329e-05
