# rmse alpha/u,rmse phic/h,rmse h/r,spread alpha/u,spread phic/h,spread h/r
4.224888e-01,2.593359e-01,1.712987e-01,1.993173e-01,2.406757e-01,1.681411e-01
2.798914e-03,1.589551e-02,5.108538e-05,2.192709e-03,1.474277e-02,4.778079e-05
