# rmse alpha/u,rmse phic/h,rmse h/r,spread alpha/u,spread phic/h,spread h/r
4.224888e-01,2.593359e-01,1.712987e-01,1.993173e-01,2.406757e-01,1.681411e-01
2.767642e-03,1.280330e-02,4.666707e-05,2.156907e-03,1.451507e-02,4.544593e-05
