# rmse alpha/u,rmse phic/h,rmse h/r,spread alpha/u,spread phic/h,spread h/r
4.224888e-01,2.593359e-01,1.712987e-01,1.993173e-01,2.406757e-01,1.681411e-01
3.857651e-03,2.230286e-02,4.811568e-05,2.577888e-03,1.750611e-02,4.857357e-05
