# rmse alpha/u,rmse phic/h,rmse h/r,spread alpha/u,spread phic/h,spread h/r
4.224888e-01,2.593359e-01,1.712987e-01,1.993173e-01,2.406757e-01,1.681411e-01
3.810427e-03,2.172460e-02,5.791688e-05,2.660571e-03,1.789578e-02,4.802650e-05
