# rmse alpha/u,rmse phic/h,rmse h/r,spread alpha/u,spread phic/h,spread h/r
6.085085e-02,1.754396e-01,1.740583e-01,1.927996e-01,2.373932e-01,2.334187e-01
1.167490e-03,9.898434e-03,9.008187e-05,8.400022e-04,6.451483e-03,3.575295e-05
