# rmse alpha/u,rmse phic/h,rmse h/r,spread alpha/u,spread phic/h,spread h/r
6.085085e-02,1.754396e-01,1.740583e-01,1.927996e-01,2.373932e-01,2.334187e-01
1.007585e-03,1.130660e-02,1.067794e-04,8.022502e-04,6.249450e-03,3.441246e-05
