# rmse alpha/u,rmse phic/h,rmse h/r,spread alpha/u,spread phic/h,spread h/r
6.085085e-02,1.754396e-01,1.740583e-01,1.927996e-01,2.373932e-01,2.334187e-01
8.565961e-04,6.539085e-03,6.755211e-05,7.644065e-04,6.019502e-03,3.446797e-05
