# rmse alpha/u,rmse phic/h,rmse h/r,spread alpha/u,spread phic/h,spread h/r
6.085085e-02,1.754396e-01,1.740583e-01,1.927996e-01,2.373932e-01,2.334187e-01
8.201169e-04,6.474569e-03,5.915656e-05,7.918967e-04,6.067310e-03,3.630488e-05
