# rmse alpha/u,rmse phic/h,rmse h/r,spread alpha/u,spread phic/h,spread h/r
6.085085e-02,1.754396e-01,1.740583e-01,1.927996e-01,2.373932e-01,2.334187e-01
9.591031e-04,1.544582e-02,1.080421e-04,8.400265e-04,6.583252e-03,3.684588e-05
