# rmse alpha/u,rmse phic/h,rmse h/r,spread alpha/u,spread phic/h,spread h/r
6.085085e-02,1.754396e-01,1.740583e-01,1.927996e-01,2.373932e-01,2.334187e-01
9.906731e-04,9.069054e-03,5.873560e-05,7.839987e-04,6.110500e-03,3.530311e-05
