# rmse alpha/u,rmse phic/h,rmse h/r,spread alpha/u,spread phic/h,spread h/r
6.085085e-02,1.754396e-01,1.740583e-01,1.927996e-01,2.373932e-01,2.334187e-01
8.230328e-04,6.447965e-03,5.407645e-05,7.872910e-04,6.126610e-03,3.434578e-05
