# rmse alpha/u,rmse phic/h,rmse h/r,spread alpha/u,spread phic/h,spread h/r
6.085085e-02,1.754396e-01,1.740583e-01,1.927996e-01,2.373932e-01,2.334187e-01
8.531160e-04,9.330948e-03,7.319687e-05,7.751805e-04,5.987802e-03,3.453330e-05
