# rmse alpha/u,rmse phic/h,rmse h/r,spread alpha/u,spread phic/h,spread h/r
6.085085e-02,1.754396e-01,1.740583e-01,1.927996e-01,2.373932e-01,2.334187e-01
1.074244e-03,8.307863e-03,8.954393e-05,7.747244e-04,6.066777e-03,3.508494e-05
