# rmse alpha/u,rmse phic/h,rmse h/r,spread alpha/u,spread phic/h,spread h/r
3.340058e-04,1.514378e-02,9.731621e-05,7.256591e-02,1.094181e-01,8.395960e-02
8.981148e-04,6.353314e-03,2.091469e-05,8.750617e-04,6.849511e-03,4.951335e-05
