# rmse alpha/u,rmse phic/h,rmse h/r,spread alpha/u,spread phic/h,spread h/r
3.340058e-04,1.514378e-02,9.731621e-05,7.256591e-02,1.094181e-01,8.395960e-02
1.431537e-03,7.254327e-03,2.485950e-05,9.287871e-04,6.952623e-03,4.961058e-05
