# rmse alpha/u,rmse phic/h,rmse h/r,spread alpha/u,spread phic/h,spread h/r
3.340058e-04,1.514378e-02,9.731621e-05,7.256591e-02,1.094181e-01,8.395960e-02
9.369936e-04,6.220167e-03,2.226692e-05,8.965399e-04,6.798876e-03,5.073169e-05
