# rmse alpha/u,rmse phic/h,rmse h/r,spread alpha/u,spread phic/h,spread h/r
3.340058e-04,1.514378e-02,9.731621e-05,7.256591e-02,1.094181e-01,8.395960e-02
8.637274e-04,6.902772e-03,2.139740e-05,8.849762e-04,6.997244e-03,5.235334e-05
