# rmse alpha/u,rmse phic/h,rmse h/r,spread alpha/u,spread phic/h,spread h/r
1.806732e-01,2.154922e-01,2.246702e-01,1.597719e-01,2.028005e-01,2.166333e-01
8.426782e-04,6.777907e-03,2.643680e-05,8.181913e-04,6.443842e-03,4.653845e-05
