# rmse alpha/u,rmse phic/h,rmse h/r,spread alpha/u,spread phic/h,spread h/r
1.806732e-01,2.154922e-01,2.246702e-01,1.597719e-01,2.028005e-01,2.166333e-01
8.506878e-04,6.552819e-03,2.424843e-05,8.272243e-04,6.318771e-03,4.714915e-05
