# rmse alpha/u,rmse phic/h,rmse h/r,spread alpha/u,spread phic/h,spread h/r
1.806732e-01,2.154922e-01,2.246702e-01,1.597719e-01,2.028005e-01,2.166333e-01
7.944223e-04,6.321700e-03,2.171177e-05,7.871559e-04,6.191145e-03,4.602486e-05
