# rmse alpha/u,rmse phic/h,rmse h/r,spread alpha/u,spread phic/h,spread h/r
6.485966e-02,1.293996e-01,3.618332e-01,2.064906e-01,1.899857e-01,1.562718e-01
2.492817e-03,1.697239e-02,4.129107e-05,1.796163e-03,1.227611e-02,3.672127e-05
