# rmse alpha/u,rmse phic/h,rmse h/r,spread alpha/u,spread phic/h,spread h/r
6.485966e-02,1.293996e-01,3.618332e-01,2.064906e-01,1.899857e-01,1.562718e-01
2.912724e-03,1.767283e-02,3.888490e-05,2.335929e-03,1.753385e-02,4.102997e-05
