# rmse alpha/u,rmse phic/h,rmse h/r,spread alpha/u,spread phic/h,spread h/r
6.485966e-02,1.293996e-01,3.618332e-01,2.064906e-01,1.899857e-01,1.562718e-01
3.373858e-03,1.433717e-02,6.047700e-05,1.923356e-03,1.385746e-02,4.434448e-05
