# rmse alpha/u,rmse phic/h,rmse h/r,spread alpha/u,spread phic/h,spread h/r
6.485966e-02,1.293996e-01,3.618332e-01,2.064906e-01,1.899857e-01,1.562718e-01
2.526622e-03,1.810093e-02,3.666904e-05,2.062759e-03,1.436116e-02,3.859131e-05
