# rmse alpha/u,rmse phic/h,rmse h/r,spread alpha/u,spread phic/h,spread h/r
6.485966e-02,1.293996e-01,3.618332e-01,2.064906e-01,1.899857e-01,1.562718e-01
1.953554e-03,1.304148e-02,3.669396e-05,1.997280e-03,1.423972e-02,3.967260e-05
