# rmse alpha/u,rmse phic/h,rmse h/r,spread alpha/u,spread phic/h,spread h/r
6.485966e-02,1.293996e-01,3.618332e-01,2.064906e-01,1.899857e-01,1.562718e-01
3.055950e-03,1.477854e-02,3.283538e-05,2.347204e-03,1.580710e-02,3.622808e-05
