# rmse alpha/u,rmse phic/h,rmse h/r,spread alpha/u,spread phic/h,spread h/r
1.970952e-02,2.428035e-02,2.893641e-01,2.064906e-01,1.899857e-01,1.562718e-01
3.210568e-03,1.719703e-02,4.339167e-05,1.917700e-03,1.340321e-02,4.504382e-05
