# rmse alpha/u,rmse phic/h,rmse h/r,spread alpha/u,spread phic/h,spread h/r
1.970952e-02,2.428035e-02,2.893641e-01,2.064906e-01,1.899857e-01,1.562718e-01
3.270560e-03,1.418592e-02,3.372591e-05,1.825885e-03,1.187686e-02,4.362675e-05
