# rmse alpha/u,rmse phic/h,rmse h/r,spread alpha/u,spread phic/h,spread h/r
1.970952e-02,2.428035e-02,2.893641e-01,2.064906e-01,1.899857e-01,1.562718e-01
2.711987e-03,1.521148e-02,3.314239e-05,1.524373e-03,1.084534e-02,4.099677e-05
