# rmse alpha/u,rmse phic/h,rmse h/r,spread alpha/u,spread phic/h,spread h/r
1.970952e-02,2.428035e-02,2.893641e-01,2.064906e-01,1.899857e-01,1.562718e-01
1.966533e-03,1.128307e-02,3.728387e-05,1.710282e-03,1.151554e-02,3.784632e-05
