# rmse alpha/u,rmse phic/h,rmse h/r,spread alpha/u,spread phic/h,spread h/r
1.516226e-01,1.671289e-02,9.456862e-03,2.007018e-01,2.348895e-01,2.071683e-01
4.792160e-03,2.855456e-02,2.384304e-05,3.173948e-03,2.283213e-02,2.512276e-05
