# rmse alpha/u,rmse phic/h,rmse h/r,spread alpha/u,spread phic/h,spread h/r
1.516226e-01,1.671289e-02,9.456862e-03,2.007018e-01,2.348895e-01,2.071683e-01
4.279206e-03,2.553447e-02,4.089804e-05,3.016915e-03,2.287704e-02,3.926521e-05
