# rmse alpha/u,rmse phic/h,rmse h/r,spread alpha/u,spread phic/h,spread h/r
1.516226e-01,1.671289e-02,9.456862e-03,2.007018e-01,2.348895e-01,2.071683e-01
3.485227e-03,2.406189e-02,2.649304e-05,2.943423e-03,2.076887e-02,2.910704e-05
