# rmse alpha/u,rmse phic/h,rmse h/r,spread alpha/u,spread phic/h,spread h/r
1.516226e-01,1.671289e-02,9.456862e-03,2.007018e-01,2.348895e-01,2.071683e-01
4.759648e-03,2.862568e-02,3.082278e-05,3.155800e-03,2.294530e-02,3.275026e-05
