# rmse alpha/u,rmse phic/h,rmse h/r,spread alpha/u,spread phic/h,spread h/r
1.516226e-01,1.671289e-02,9.456862e-03,2.007018e-01,2.348895e-01,2.071683e-01
4.103607e-03,2.562704e-02,3.204087e-05,3.141427e-03,2.270599e-02,3.136298e-05
