# rmse alpha/u,rmse phic/h,rmse h/r,spread alpha/u,spread phic/h,spread h/r
1.516226e-01,1.671289e-02,9.456862e-03,2.007018e-01,2.348895e-01,2.071683e-01
5.034274e-03,3.373162e-02,2.880558e-05,3.700364e-03,2.666168e-02,2.961390e-05
