# rmse alpha/u,rmse phic/h,rmse h/r,spread alpha/u,spread phic/h,spread h/r
1.516226e-01,1.671289e-02,9.456862e-03,2.007018e-01,2.348895e-01,2.071683e-01
3.753123e-03,2.592528e-02,3.117590e-05,2.923530e-03,1.975262e-02,2.940356e-05
