# rmse alpha/u,rmse phic/h,rmse h/r,spread alpha/u,spread phic/h,spread h/r
1.412545e-01,2.249644e-01,2.640718e-01,1.397689e-01,2.055676e-01,1.943506e-01
8.517813e-04,6.733925e-03,3.449534e-05,8.484991e-04,6.947411e-03,4.895149e-05
