# rmse alpha/u,rmse phic/h,rmse h/r,spread alpha/u,spread phic/h,spread h/r
1.412545e-01,2.249644e-01,2.640718e-01,1.397689e-01,2.055676e-01,1.943506e-01
8.425073e-04,7.059191e-03,2.420552e-05,8.398999e-04,6.719604e-03,4.720083e-05
