# rmse alpha/u,rmse phic/h,rmse h/r,spread alpha/u,spread phic/h,spread h/r
1.412545e-01,2.249644e-01,2.640718e-01,1.397689e-01,2.055676e-01,1.943506e-01
8.038708e-04,6.049342e-03,2.346743e-05,7.995090e-04,6.331691e-03,4.554932e-05
