# rmse alpha/u,rmse phic/h,rmse h/r,spread alpha/u,spread phic/h,spread h/r
1.412545e-01,2.249644e-01,2.640718e-01,1.397689e-01,2.055676e-01,1.943506e-01
8.422259e-04,6.324946e-03,2.499708e-05,8.258819e-04,6.565866e-03,4.758011e-05
