# rmse alpha/u,rmse phic/h,rmse h/r,spread alpha/u,spread phic/h,spread h/r
1.150455e-01,4.604386e-02,8.325302e-04,2.007018e-01,2.348895e-01,2.071683e-01
8.199656e-04,5.709687e-03,1.960508e-05,8.201434e-04,6.221081e-03,4.385582e-05
