# rmse alpha/u,rmse phic/h,rmse h/r,spread alpha/u,spread phic/h,spread h/r
1.150455e-01,4.604386e-02,8.325302e-04,2.007018e-01,2.348895e-01,2.071683e-01
8.654870e-04,6.491403e-03,1.989287e-05,8.755789e-04,6.789993e-03,4.356653e-05
