# rmse alpha/u,rmse phic/h,rmse h/r,spread alpha/u,spread phic/h,spread h/r
1.150455e-01,4.604386e-02,8.325302e-04,2.007018e-01,2.348895e-01,2.071683e-01
8.542080e-04,7.249316e-03,2.583075e-05,9.188113e-04,7.206569e-03,4.364887e-05
