# rmse alpha/u,rmse phic/h,rmse h/r,spread alpha/u,spread phic/h,spread h/r
1.150455e-01,4.604386e-02,8.325302e-04,2.007018e-01,2.348895e-01,2.071683e-01
8.687321e-04,6.833880e-03,2.319162e-05,8.615144e-04,6.757206e-03,4.540421e-05
