# rmse alpha/u,rmse phic/h,rmse h/r,spread alpha/u,spread phic/h,spread h/r
1.150455e-01,4.604386e-02,8.325302e-04,2.007018e-01,2.348895e-01,2.071683e-01
8.445786e-04,6.137815e-03,2.063578e-05,8.528893e-04,6.401895e-03,4.497831e-05
