# rmse alpha/u,rmse phic/h,rmse h/r,spread alpha/u,spread phic/h,spread h/r
3.333956e-01,2.372499e-01,2.114392e-01,1.895416e-01,2.328398e-01,2.055725e-01
3.781439e-03,2.625708e-02,5.257844e-05,3.057360e-03,2.278602e-02,4.669706e-05
