# rmse alpha/u,rmse phic/h,rmse h/r,spread alpha/u,spread phic/h,spread h/r
3.333956e-01,2.372499e-01,2.114392e-01,1.895416e-01,2.328398e-01,2.055725e-01
4.459348e-03,2.737777e-02,5.665062e-05,2.568900e-03,1.879624e-02,4.916109e-05
