# rmse alpha/u,rmse phic/h,rmse h/r,spread alpha/u,spread phic/h,spread h/r
3.333956e-01,2.372499e-01,2.114392e-01,1.895416e-01,2.328398e-01,2.055725e-01
2.666492e-03,1.939111e-02,4.837277e-05,1.648278e-03,1.198485e-02,3.874574e-05
