# rmse alpha/u,rmse phic/h,rmse h/r,spread alpha/u,spread phic/h,spread h/r
3.333956e-01,2.372499e-01,2.114392e-01,1.895416e-01,2.328398e-01,2.055725e-01
3.115115e-03,1.856357e-02,4.197614e-05,2.377941e-03,1.636830e-02,4.237543e-05
