# rmse alpha/u,rmse phic/h,rmse h/r,spread alpha/u,spread phic/h,spread h/r
3.333956e-01,2.372499e-01,2.114392e-01,1.895416e-01,2.328398e-01,2.055725e-01
5.779654e-03,3.253081e-02,6.212204e-05,2.954396e-03,2.105221e-02,5.217956e-05
