# rmse alpha/u,rmse phic/h,rmse h/r,spread alpha/u,spread phic/h,spread h/r
1.125539e-02,4.808204e-04,1.350750e-02,8.656326e-02,7.326754e-02,1.059297e-01
8.330987e-04,6.310640e-03,2.690272e-05,8.054026e-04,6.277125e-03,4.395770e-05
