# rmse alpha/u,rmse phic/h,rmse h/r,spread alpha/u,spread phic/h,spread h/r
9.161017e-03,1.956345e-02,2.700331e-02,7.659459e-02,8.022466e-02,7.531668e-02
4.459367e-03,3.806328e-02,4.038212e-05,3.175134e-03,2.533808e-02,5.089256e-05
