# rmse alpha/u,rmse phic/h,rmse h/r,spread alpha/u,spread phic/h,spread h/r
9.161017e-03,1.956345e-02,2.700331e-02,7.659459e-02,8.022466e-02,7.531668e-02
3.778949e-03,3.643029e-02,4.899904e-05,3.144826e-03,2.484487e-02,5.166696e-05
