# rmse alpha/u,rmse phic/h,rmse h/r,spread alpha/u,spread phic/h,spread h/r
9.161017e-03,1.956345e-02,2.700331e-02,7.659459e-02,8.022466e-02,7.531668e-02
4.066099e-03,2.902799e-02,4.064443e-05,2.674023e-03,1.858492e-02,4.674124e-05
