# rmse alpha/u,rmse phic/h,rmse h/r,spread alpha/u,spread phic/h,spread h/r
9.161017e-03,1.956345e-02,2.700331e-02,7.659459e-02,8.022466e-02,7.531668e-02
3.938336e-03,2.741919e-02,3.356020e-05,3.162531e-03,2.182625e-02,4.270551e-05
