# rmse alpha/u,rmse phic/h,rmse h/r,spread alpha/u,spread phic/h,spread h/r
9.161017e-03,1.956345e-02,2.700331e-02,7.659459e-02,8.022466e-02,7.531668e-02
3.260828e-03,1.696031e-02,4.185098e-05,3.162858e-03,2.365032e-02,4.998144e-05
