# rmse alpha/u,rmse phic/h,rmse h/r,spread alpha/u,spread phic/h,spread h/r
9.161017e-03,1.956345e-02,2.700331e-02,7.659459e-02,8.022466e-02,7.531668e-02
3.162604e-03,2.584269e-02,4.115263e-05,3.160849e-03,2.369465e-02,4.964381e-05
