# rmse alpha/u,rmse phic/h,rmse h/r,spread alpha/u,spread phic/h,spread h/r
9.161017e-03,1.956345e-02,2.700331e-02,7.659459e-02,8.022466e-02,7.531668e-02
3.743218e-03,2.634713e-02,4.867420e-05,3.248641e-03,2.421488e-02,5.129504e-05
