# rmse alpha/u,rmse phic/h,rmse h/r,spread alpha/u,spread phic/h,spread h/r
9.161017e-03,1.956345e-02,2.700331e-02,7.659459e-02,8.022466e-02,7.531668e-02
4.090501e-03,2.537475e-02,5.497722e-05,2.757343e-03,2.055231e-02,4.778219e-05
