# rmse alpha/u,rmse phic/h,rmse h/r,spread alpha/u,spread phic/h,spread h/r
3.154706e-01,3.216551e-01,2.670416e-01,1.994315e-01,2.193452e-01,2.097607e-01
3.083231e-03,1.914294e-02,3.148579e-05,2.239597e-03,1.501352e-02,3.700749e-05
