# rmse alpha/u,rmse phic/h,rmse h/r,spread alpha/u,spread phic/h,spread h/r
3.154706e-01,3.216551e-01,2.670416e-01,1.994315e-01,2.193452e-01,2.097607e-01
3.455375e-03,2.404344e-02,4.373283e-05,2.568020e-03,1.818690e-02,4.693983e-05
