# rmse alpha/u,rmse phic/h,rmse h/r,spread alpha/u,spread phic/h,spread h/r
3.154706e-01,3.216551e-01,2.670416e-01,1.994315e-01,2.193452e-01,2.097607e-01
3.109432e-03,1.845898e-02,3.786646e-05,1.937397e-03,1.374849e-02,4.005910e-05
