# rmse alpha/u,rmse phic/h,rmse h/r,spread alpha/u,spread phic/h,spread h/r
3.154706e-01,3.216551e-01,2.670416e-01,1.994315e-01,2.193452e-01,2.097607e-01
3.034942e-03,2.641011e-02,5.859593e-05,2.061186e-03,1.438822e-02,4.544230e-05
