# rmse alpha/u,rmse phic/h,rmse h/r,spread alpha/u,spread phic/h,spread h/r
8.433621e-02,1.849309e-01,8.939989e-02,8.210303e-02,9.596787e-02,8.209206e-02
9.114304e-04,7.462942e-03,2.602073e-05,8.909608e-04,7.186684e-03,5.112488e-05
