# rmse alpha/u,rmse phic/h,rmse h/r,spread alpha/u,spread phic/h,spread h/r
3.364693e-01,8.154560e-02,1.841353e-01,1.383243e-01,8.094853e-02,7.555404e-02
3.159424e-03,2.061374e-02,4.342037e-05,2.729540e-03,1.997226e-02,3.635371e-05
