# rmse alpha/u,rmse phic/h,rmse h/r,spread alpha/u,spread phic/h,spread h/r
3.364693e-01,8.154560e-02,1.841353e-01,1.383243e-01,8.094853e-02,7.555404e-02
4.351644e-03,2.430699e-02,5.016025e-05,3.252709e-03,2.448845e-02,4.696297e-05
