# rmse alpha/u,rmse phic/h,rmse h/r,spread alpha/u,spread phic/h,spread h/r
3.364693e-01,8.154560e-02,1.841353e-01,1.383243e-01,8.094853e-02,7.555404e-02
3.701517e-03,2.602581e-02,4.760743e-05,3.167560e-03,2.356908e-02,4.693704e-05
