# rmse alpha/u,rmse phic/h,rmse h/r,spread alpha/u,spread phic/h,spread h/r
3.364693e-01,8.154560e-02,1.841353e-01,1.383243e-01,8.094853e-02,7.555404e-02
5.380713e-03,2.875513e-02,4.658336e-05,3.143366e-03,2.358753e-02,4.697103e-05
