# rmse alpha/u,rmse phic/h,rmse h/r,spread alpha/u,spread phic/h,spread h/r
3.364693e-01,8.154560e-02,1.841353e-01,1.383243e-01,8.094853e-02,7.555404e-02
4.517092e-03,2.516247e-02,3.861059e-05,3.165896e-03,2.175814e-02,4.436411e-05
