# rmse alpha/u,rmse phic/h,rmse h/r,spread alpha/u,spread phic/h,spread h/r
1.054615e-01,1.398424e-01,1.698240e-01,1.927996e-01,2.373932e-01,2.334187e-01
5.673292e-03,3.281888e-02,1.467492e-04,3.567001e-03,2.575945e-02,7.448210e-05
