# rmse alpha/u,rmse phic/h,rmse h/r,spread alpha/u,spread phic/h,spread h/r
1.054615e-01,1.398424e-01,1.698240e-01,1.927996e-01,2.373932e-01,2.334187e-01
4.938638e-03,4.011727e-02,1.600456e-04,3.147822e-03,2.256637e-02,7.067175e-05
