# rmse alpha/u,rmse phic/h,rmse h/r,spread alpha/u,spread phic/h,spread h/r
1.054615e-01,1.398424e-01,1.698240e-01,1.927996e-01,2.373932e-01,2.334187e-01
4.751768e-03,3.595637e-02,1.549464e-04,2.518559e-03,1.796884e-02,6.902039e-05
