# rmse alpha/u,rmse phic/h,rmse h/r,spread alpha/u,spread phic/h,spread h/r
1.054615e-01,1.398424e-01,1.698240e-01,1.927996e-01,2.373932e-01,2.334187e-01
3.929815e-03,1.802432e-02,1.078573e-04,2.587146e-03,1.595688e-02,5.641228e-05
