# rmse alpha/u,rmse phic/h,rmse h/r,spread alpha/u,spread phic/h,spread h/r
1.054615e-01,1.398424e-01,1.698240e-01,1.927996e-01,2.373932e-01,2.334187e-01
5.075702e-03,3.330641e-02,1.130324e-04,2.954677e-03,2.049207e-02,5.935734e-05
