# rmse alpha/u,rmse phic/h,rmse h/r,spread alpha/u,spread phic/h,spread h/r
1.963762e-01,2.584178e-01,3.432552e-01,1.776895e-01,2.389805e-01,2.054731e-01
1.315703e-03,9.628563e-03,3.296911e-05,1.661626e-03,1.139035e-02,4.931624e-05
