# rmse alpha/u,rmse phic/h,rmse h/r,spread alpha/u,spread phic/h,spread h/r
1.963762e-01,2.584178e-01,3.432552e-01,1.776895e-01,2.389805e-01,2.054731e-01
2.974138e-03,2.378353e-02,4.231812e-05,1.909121e-03,1.393425e-02,5.436077e-05
