# rmse alpha/u,rmse phic/h,rmse h/r,spread alpha/u,spread phic/h,spread h/r
1.963762e-01,2.584178e-01,3.432552e-01,1.776895e-01,2.389805e-01,2.054731e-01
2.805732e-03,2.136642e-02,4.530565e-05,1.622389e-03,1.179261e-02,5.326115e-05
