# rmse alpha/u,rmse phic/h,rmse h/r,spread alpha/u,spread phic/h,spread h/r
1.963762e-01,2.584178e-01,3.432552e-01,1.776895e-01,2.389805e-01,2.054731e-01
1.375946e-03,8.008641e-03,3.266569e-05,1.107188e-03,7.867496e-03,4.553308e-05
