# rmse alpha/u,rmse phic/h,rmse h/r,spread alpha/u,spread phic/h,spread h/r
6.014432e-04,3.913185e-02,6.293204e-06,9.785136e-02,1.025689e-01,7.936291e-02
8.719982e-04,6.568055e-03,2.296454e-05,8.856170e-04,6.819912e-03,4.934577e-05
