# rmse alpha/u,rmse phic/h,rmse h/r,spread alpha/u,spread phic/h,spread h/r
6.014432e-04,3.913185e-02,6.293204e-06,9.785136e-02,1.025689e-01,7.936291e-02
9.681179e-04,8.435149e-03,2.883384e-05,1.036668e-03,7.887723e-03,5.101089e-05
