# rmse alpha/u,rmse phic/h,rmse h/r,spread alpha/u,spread phic/h,spread h/r
6.014432e-04,3.913185e-02,6.293204e-06,9.785136e-02,1.025689e-01,7.936291e-02
1.963527e-03,1.211697e-02,4.035450e-05,1.029129e-03,7.626672e-03,4.960352e-05
