# rmse alpha/u,rmse phic/h,rmse h/r,spread alpha/u,spread phic/h,spread h/r
6.014432e-04,3.913185e-02,6.293204e-06,9.785136e-02,1.025689e-01,7.936291e-02
9.724880e-04,7.951035e-03,2.869685e-05,9.882931e-04,7.433268e-03,5.000828e-05
