# rmse alpha/u,rmse phic/h,rmse h/r,spread alpha/u,spread phic/h,spread h/r
6.014432e-04,3.913185e-02,6.293204e-06,9.785136e-02,1.025689e-01,7.936291e-02
9.109306e-04,6.845746e-03,2.554459e-05,9.475012e-04,7.144716e-03,4.855793e-05
