# rmse alpha/u,rmse phic/h,rmse h/r,spread alpha/u,spread phic/h,spread h/r
6.014432e-04,3.913185e-02,6.293204e-06,9.785136e-02,1.025689e-01,7.936291e-02
9.638230e-04,7.105048e-03,3.019417e-05,1.013012e-03,7.527390e-03,4.913868e-05
