# rmse alpha/u,rmse phic/h,rmse h/r,spread alpha/u,spread phic/h,spread h/r
5.932360e-01,4.175699e-01,5.235340e-01,2.040651e-01,2.045934e-01,1.851052e-01
3.706810e-03,2.283938e-02,4.254352e-05,2.611720e-03,1.960192e-02,4.012611e-05
