# rmse alpha/u,rmse phic/h,rmse h/r,spread alpha/u,spread phic/h,spread h/r
5.932360e-01,4.175699e-01,5.235340e-01,2.040651e-01,2.045934e-01,1.851052e-01
3.328845e-03,2.421322e-02,4.631070e-05,2.177925e-03,1.617823e-02,3.750540e-05
