# rmse alpha/u,rmse phic/h,rmse h/r,spread alpha/u,spread phic/h,spread h/r
5.932360e-01,4.175699e-01,5.235340e-01,2.040651e-01,2.045934e-01,1.851052e-01
2.882018e-03,1.654752e-02,4.215122e-05,2.309223e-03,1.517205e-02,2.998231e-05
