# rmse alpha/u,rmse phic/h,rmse h/r,spread alpha/u,spread phic/h,spread h/r
2.425671e-01,3.087724e-02,7.001740e-02,1.906733e-01,1.720275e-01,1.565591e-01
5.289779e-03,2.865796e-02,5.280611e-05,2.742970e-03,1.800497e-02,2.466538e-05
