# rmse alpha/u,rmse phic/h,rmse h/r,spread alpha/u,spread phic/h,spread h/r
2.425671e-01,3.087724e-02,7.001740e-02,1.906733e-01,1.720275e-01,1.565591e-01
4.909590e-03,3.034929e-02,4.855483e-05,2.526538e-03,1.733110e-02,2.175605e-05
