# rmse alpha/u,rmse phic/h,rmse h/r,spread alpha/u,spread phic/h,spread h/r
2.425671e-01,3.087724e-02,7.001740e-02,1.906733e-01,1.720275e-01,1.565591e-01
3.633017e-03,2.982100e-02,4.899425e-05,2.342843e-03,1.728430e-02,2.573022e-05
