# rmse alpha/u,rmse phic/h,rmse h/r,spread alpha/u,spread phic/h,spread h/r
2.425671e-01,3.087724e-02,7.001740e-02,1.906733e-01,1.720275e-01,1.565591e-01
4.899991e-03,2.763274e-02,4.682109e-05,2.633582e-03,1.782769e-02,2.434752e-05
