# rmse alpha/u,rmse phic/h,rmse h/r,spread alpha/u,spread phic/h,spread h/r
2.425671e-01,3.087724e-02,7.001740e-02,1.906733e-01,1.720275e-01,1.565591e-01
3.630897e-03,2.176115e-02,2.959956e-05,1.972786e-03,1.258186e-02,1.356962e-05
