# rmse alpha/u,rmse phic/h,rmse h/r,spread alpha/u,spread phic/h,spread h/r
1.407504e-01,1.417954e-01,1.305930e-01,1.246504e-01,1.113557e-01,7.581012e-02
1.127896e-03,6.300046e-03,1.854497e-05,1.064450e-03,7.406965e-03,3.558733e-05
