# rmse alpha/u,rmse phic/h,rmse h/r,spread alpha/u,spread phic/h,spread h/r
1.407504e-01,1.417954e-01,1.305930e-01,1.246504e-01,1.113557e-01,7.581012e-02
2.244320e-03,1.706401e-02,2.940627e-05,1.430068e-03,1.039698e-02,3.963444e-05
