# rmse alpha/u,rmse phic/h,rmse h/r,spread alpha/u,spread phic/h,spread h/r
1.407504e-01,1.417954e-01,1.305930e-01,1.246504e-01,1.113557e-01,7.581012e-02
2.593587e-03,1.663006e-02,3.619778e-05,1.465479e-03,1.046555e-02,4.010671e-05
