# rmse alpha/u,rmse phic/h,rmse h/r,spread alpha/u,spread phic/h,spread h/r
1.407504e-01,1.417954e-01,1.305930e-01,1.246504e-01,1.113557e-01,7.581012e-02
2.144700e-03,1.142200e-02,3.206305e-05,1.176350e-03,8.320527e-03,3.994162e-05
