# rmse alpha/u,rmse phic/h,rmse h/r,spread alpha/u,spread phic/h,spread h/r
1.407504e-01,1.417954e-01,1.305930e-01,1.246504e-01,1.113557e-01,7.581012e-02
1.663060e-03,9.484812e-03,1.773446e-05,1.067346e-03,7.670367e-03,3.577396e-05
