# rmse alpha/u,rmse phic/h,rmse h/r,spread alpha/u,spread phic/h,spread h/r
1.407504e-01,1.417954e-01,1.305930e-01,1.246504e-01,1.113557e-01,7.581012e-02
2.792929e-03,1.519472e-02,4.014860e-05,1.254023e-03,9.111594e-03,4.057886e-05
