# rmse alpha/u,rmse phic/h,rmse h/r,spread alpha/u,spread phic/h,spread h/r
1.407504e-01,1.417954e-01,1.305930e-01,1.246504e-01,1.113557e-01,7.581012e-02
1.682258e-03,7.800547e-03,3.470163e-05,1.183422e-03,8.732209e-03,3.888726e-05
