# rmse alpha/u,rmse phic/h,rmse h/r,spread alpha/u,spread phic/h,spread h/r
1.407504e-01,1.417954e-01,1.305930e-01,1.246504e-01,1.113557e-01,7.581012e-02
2.469908e-03,1.258878e-02,2.257949e-05,1.269776e-03,8.818577e-03,3.557106e-05
