# rmse alpha/u,rmse phic/h,rmse h/r,spread alpha/u,spread phic/h,spread h/r
1.407504e-01,1.417954e-01,1.305930e-01,1.246504e-01,1.113557e-01,7.581012e-02
3.511866e-03,1.943421e-02,3.240325e-05,2.089241e-03,1.466601e-02,4.322995e-05
