# rmse alpha/u,rmse phic/h,rmse h/r,spread alpha/u,spread phic/h,spread h/r
1.407504e-01,1.417954e-01,1.305930e-01,1.246504e-01,1.113557e-01,7.581012e-02
3.633978e-03,2.135691e-02,3.703552e-05,1.900364e-03,1.347765e-02,4.435681e-05
