# rmse alpha/u,rmse phic/h,rmse h/r,spread alpha/u,spread phic/h,spread h/r
1.407504e-01,1.417954e-01,1.305930e-01,1.246504e-01,1.113557e-01,7.581012e-02
2.023440e-03,1.179005e-02,2.878553e-05,1.205008e-03,8.767106e-03,4.143659e-05
