# rmse alpha/u,rmse phic/h,rmse h/r,spread alpha/u,spread phic/h,spread h/r
1.444493e-03,3.271225e-03,5.298274e-04,8.405253e-02,1.032532e-01,8.003062e-02
8.577973e-04,6.805405e-03,2.673295e-05,8.475622e-04,6.676497e-03,4.881204e-05
