# rmse alpha/u,rmse phic/h,rmse h/r,spread alpha/u,spread phic/h,spread h/r
1.444493e-03,3.271225e-03,5.298274e-04,8.405253e-02,1.032532e-01,8.003062e-02
8.434451e-04,6.292707e-03,2.054806e-05,8.567937e-04,6.796800e-03,5.102116e-05
