# rmse alpha/u,rmse phic/h,rmse h/r,spread alpha/u,spread phic/h,spread h/r
1.444493e-03,3.271225e-03,5.298274e-04,8.405253e-02,1.032532e-01,8.003062e-02
8.972374e-04,7.149415e-03,2.317889e-05,8.938990e-04,7.206139e-03,5.322472e-05
