# rmse alpha/u,rmse phic/h,rmse h/r,spread alpha/u,spread phic/h,spread h/r
1.444493e-03,3.271225e-03,5.298274e-04,8.405253e-02,1.032532e-01,8.003062e-02
8.666535e-04,6.652330e-03,1.989245e-05,8.613115e-04,6.624119e-03,5.053350e-05
