# rmse alpha/u,rmse phic/h,rmse h/r,spread alpha/u,spread phic/h,spread h/r
2.320658e-01,2.177431e-01,2.045601e-01,2.042022e-01,1.992226e-01,1.814630e-01
4.161768e-03,2.639559e-02,5.934500e-05,2.896041e-03,2.243697e-02,5.631487e-05
