# rmse alpha/u,rmse phic/h,rmse h/r,spread alpha/u,spread phic/h,spread h/r
2.320658e-01,2.177431e-01,2.045601e-01,2.042022e-01,1.992226e-01,1.814630e-01
2.403750e-03,2.070716e-02,5.630073e-05,2.212709e-03,1.562574e-02,5.154968e-05
