# rmse alpha/u,rmse phic/h,rmse h/r,spread alpha/u,spread phic/h,spread h/r
2.320658e-01,2.177431e-01,2.045601e-01,2.042022e-01,1.992226e-01,1.814630e-01
2.757335e-03,1.598770e-02,4.575964e-05,2.411212e-03,1.720640e-02,5.005213e-05
