# rmse alpha/u,rmse phic/h,rmse h/r,spread alpha/u,spread phic/h,spread h/r
2.320658e-01,2.177431e-01,2.045601e-01,2.042022e-01,1.992226e-01,1.814630e-01
5.313046e-03,4.175405e-02,6.380110e-05,2.222328e-03,1.748527e-02,5.529752e-05
