# rmse alpha/u,rmse phic/h,rmse h/r,spread alpha/u,spread phic/h,spread h/r
2.320658e-01,2.177431e-01,2.045601e-01,2.042022e-01,1.992226e-01,1.814630e-01
3.956829e-03,2.177989e-02,5.360417e-05,2.631451e-03,1.888817e-02,5.490626e-05
