# rmse alpha/u,rmse phic/h,rmse h/r,spread alpha/u,spread phic/h,spread h/r
2.320658e-01,2.177431e-01,2.045601e-01,2.042022e-01,1.992226e-01,1.814630e-01
2.932707e-03,1.520178e-02,3.878010e-05,2.308433e-03,1.580461e-02,4.758718e-05
