# rmse alpha/u,rmse phic/h,rmse h/r,spread alpha/u,spread phic/h,spread h/r
2.320658e-01,2.177431e-01,2.045601e-01,2.042022e-01,1.992226e-01,1.814630e-01
4.563827e-03,2.629774e-02,4.549320e-05,2.940024e-03,2.122474e-02,5.252243e-05
