# rmse alpha/u,rmse phic/h,rmse h/r,spread alpha/u,spread phic/h,spread h/r
3.808092e-04,2.147717e-01,3.932054e-01,2.123994e-01,1.936555e-01,1.948980e-01
4.069682e-03,2.674971e-02,5.569237e-05,1.993465e-03,1.480584e-02,3.566557e-05
