# rmse alpha/u,rmse phic/h,rmse h/r,spread alpha/u,spread phic/h,spread h/r
3.808092e-04,2.147717e-01,3.932054e-01,2.123994e-01,1.936555e-01,1.948980e-01
4.991463e-03,3.087141e-02,4.672084e-05,2.640211e-03,1.941489e-02,2.569304e-05
