# rmse alpha/u,rmse phic/h,rmse h/r,spread alpha/u,spread phic/h,spread h/r
3.808092e-04,2.147717e-01,3.932054e-01,2.123994e-01,1.936555e-01,1.948980e-01
3.617275e-03,1.824026e-02,4.048146e-05,2.693634e-03,1.826917e-02,2.852686e-05
