# rmse alpha/u,rmse phic/h,rmse h/r,spread alpha/u,spread phic/h,spread h/r
3.808092e-04,2.147717e-01,3.932054e-01,2.123994e-01,1.936555e-01,1.948980e-01
3.019823e-03,2.346249e-02,4.655442e-05,2.194722e-03,1.659322e-02,3.439426e-05
