# rmse alpha/u,rmse phic/h,rmse h/r,spread alpha/u,spread phic/h,spread h/r
5.713742e-02,1.588989e-02,9.389032e-03,1.927996e-01,2.373932e-01,2.334187e-01
4.957650e-03,2.867996e-02,4.662833e-05,2.595377e-03,1.972862e-02,3.927517e-05
