# rmse alpha/u,rmse phic/h,rmse h/r,spread alpha/u,spread phic/h,spread h/r
5.713742e-02,1.588989e-02,9.389032e-03,1.927996e-01,2.373932e-01,2.334187e-01
3.453050e-03,1.839280e-02,3.377628e-05,2.269824e-03,1.487805e-02,3.129861e-05
