# rmse alpha/u,rmse phic/h,rmse h/r,spread alpha/u,spread phic/h,spread h/r
5.713742e-02,1.588989e-02,9.389032e-03,1.927996e-01,2.373932e-01,2.334187e-01
3.544093e-03,2.391609e-02,4.549226e-05,2.607707e-03,1.751734e-02,3.358721e-05
