# rmse alpha/u,rmse phic/h,rmse h/r,spread alpha/u,spread phic/h,spread h/r
5.713742e-02,1.588989e-02,9.389032e-03,1.927996e-01,2.373932e-01,2.334187e-01
3.793433e-03,1.877143e-02,4.161769e-05,1.871021e-03,1.214435e-02,2.693670e-05
