# rmse alpha/u,rmse phic/h,rmse h/r,spread alpha/u,spread phic/h,spread h/r
5.713742e-02,1.588989e-02,9.389032e-03,1.927996e-01,2.373932e-01,2.334187e-01
3.346102e-03,2.607732e-02,3.925726e-05,2.635085e-03,1.871540e-02,3.383244e-05
