# rmse alpha/u,rmse phic/h,rmse h/r,spread alpha/u,spread phic/h,spread h/r
7.812623e-05,1.362150e-02,5.267346e-06,1.109353e-01,1.010837e-01,6.340779e-02
9.107824e-04,7.284994e-03,2.649526e-05,9.418530e-04,7.357116e-03,5.015742e-05
