# rmse alpha/u,rmse phic/h,rmse h/r,spread alpha/u,spread phic/h,spread h/r
7.812623e-05,1.362150e-02,5.267346e-06,1.109353e-01,1.010837e-01,6.340779e-02
8.616252e-04,6.646868e-03,2.384042e-05,8.937764e-04,6.963993e-03,4.803274e-05
