# rmse alpha/u,rmse phic/h,rmse h/r,spread alpha/u,spread phic/h,spread h/r
7.812623e-05,1.362150e-02,5.267346e-06,1.109353e-01,1.010837e-01,6.340779e-02
8.446246e-04,6.605193e-03,2.484923e-05,9.523233e-04,6.910495e-03,4.493877e-05
