# rmse alpha/u,rmse phic/h,rmse h/r,spread alpha/u,spread phic/h,spread h/r
7.812623e-05,1.362150e-02,5.267346e-06,1.109353e-01,1.010837e-01,6.340779e-02
8.589010e-04,6.825108e-03,1.982314e-05,8.533678e-04,6.877172e-03,4.731617e-05
