# rmse alpha/u,rmse phic/h,rmse h/r,spread alpha/u,spread phic/h,spread h/r
7.812623e-05,1.362150e-02,5.267346e-06,1.109353e-01,1.010837e-01,6.340779e-02
8.581224e-04,7.338824e-03,2.675794e-05,8.634605e-04,7.116342e-03,4.796495e-05
