# rmse alpha/u,rmse phic/h,rmse h/r,spread alpha/u,spread phic/h,spread h/r
1.705171e-01,2.042271e-01,3.251493e-01,1.653060e-01,1.798933e-01,1.948426e-01
1.764749e-03,1.063610e-02,4.156784e-05,1.172162e-03,8.396548e-03,3.533236e-05
