# rmse alpha/u,rmse phic/h,rmse h/r,spread alpha/u,spread phic/h,spread h/r
1.705171e-01,2.042271e-01,3.251493e-01,1.653060e-01,1.798933e-01,1.948426e-01
4.335140e-03,3.567209e-02,5.860185e-05,2.147578e-03,1.555936e-02,4.545034e-05
