# rmse alpha/u,rmse phic/h,rmse h/r,spread alpha/u,spread phic/h,spread h/r
1.705171e-01,2.042271e-01,3.251493e-01,1.653060e-01,1.798933e-01,1.948426e-01
3.684432e-03,4.366527e-02,8.978361e-05,1.724295e-03,1.261948e-02,4.321387e-05
