# rmse alpha/u,rmse phic/h,rmse h/r,spread alpha/u,spread phic/h,spread h/r
1.705171e-01,2.042271e-01,3.251493e-01,1.653060e-01,1.798933e-01,1.948426e-01
3.846384e-03,2.058278e-02,6.474159e-05,1.324615e-03,9.487913e-03,3.863725e-05
