# rmse alpha/u,rmse phic/h,rmse h/r,spread alpha/u,spread phic/h,spread h/r
1.705171e-01,2.042271e-01,3.251493e-01,1.653060e-01,1.798933e-01,1.948426e-01
1.229664e-03,6.822314e-03,3.950827e-05,8.937494e-04,6.762027e-03,3.494509e-05
