# rmse alpha/u,rmse phic/h,rmse h/r,spread alpha/u,spread phic/h,spread h/r
6.711619e-03,3.001062e-01,2.395355e-03,2.007666e-01,2.380345e-01,2.181955e-01
8.376302e-04,6.657067e-03,6.325618e-05,8.082939e-04,6.263249e-03,2.470521e-05
