# rmse alpha/u,rmse phic/h,rmse h/r,spread alpha/u,spread phic/h,spread h/r
6.711619e-03,3.001062e-01,2.395355e-03,2.007666e-01,2.380345e-01,2.181955e-01
8.467202e-04,6.465877e-03,6.201589e-05,8.182647e-04,6.397578e-03,2.514959e-05
