# rmse alpha/u,rmse phic/h,rmse h/r,spread alpha/u,spread phic/h,spread h/r
6.711619e-03,3.001062e-01,2.395355e-03,2.007666e-01,2.380345e-01,2.181955e-01
8.413184e-04,5.614317e-03,5.729461e-05,8.223147e-04,6.264421e-03,2.293033e-05
