# rmse alpha/u,rmse phic/h,rmse h/r,spread alpha/u,spread phic/h,spread h/r
3.159455e-02,2.020427e-01,5.203760e-01,2.178019e-01,1.997102e-01,1.533221e-01
1.936198e-03,1.043072e-02,1.913103e-05,1.626802e-03,1.080680e-02,2.307147e-05
