# rmse alpha/u,rmse phic/h,rmse h/r,spread alpha/u,spread phic/h,spread h/r
3.159455e-02,2.020427e-01,5.203760e-01,2.178019e-01,1.997102e-01,1.533221e-01
1.823414e-03,8.678319e-03,3.099186e-05,1.541841e-03,1.018145e-02,2.260440e-05
