# rmse alpha/u,rmse phic/h,rmse h/r,spread alpha/u,spread phic/h,spread h/r
2.915870e-03,5.255726e-03,5.233278e-02,4.601775e-02,8.807708e-02,8.293234e-02
3.101341e-03,2.222538e-02,4.161694e-05,1.605908e-03,1.181896e-02,4.184710e-05
