# rmse alpha/u,rmse phic/h,rmse h/r,spread alpha/u,spread phic/h,spread h/r
2.915870e-03,5.255726e-03,5.233278e-02,4.601775e-02,8.807708e-02,8.293234e-02
2.477416e-03,1.564215e-02,4.058357e-05,1.718718e-03,1.240165e-02,4.673498e-05
