# rmse alpha/u,rmse phic/h,rmse h/r,spread alpha/u,spread phic/h,spread h/r
2.915870e-03,5.255726e-03,5.233278e-02,4.601775e-02,8.807708e-02,8.293234e-02
2.656731e-03,1.726786e-02,2.951125e-05,1.857466e-03,1.321634e-02,4.383776e-05
