# rmse alpha/u,rmse phic/h,rmse h/r,spread alpha/u,spread phic/h,spread h/r
2.915870e-03,5.255726e-03,5.233278e-02,4.601775e-02,8.807708e-02,8.293234e-02
4.069658e-03,2.557260e-02,3.846332e-05,2.465465e-03,1.735588e-02,4.496115e-05
