# rmse alpha/u,rmse phic/h,rmse h/r,spread alpha/u,spread phic/h,spread h/r
2.770218e-04,1.482031e-01,3.768291e-01,2.108986e-01,2.184920e-01,1.878878e-01
5.955403e-03,3.320061e-02,4.722487e-05,3.226493e-03,2.450913e-02,4.694526e-05
