# rmse alpha/u,rmse phic/h,rmse h/r,spread alpha/u,spread phic/h,spread h/r
2.770218e-04,1.482031e-01,3.768291e-01,2.108986e-01,2.184920e-01,1.878878e-01
5.280959e-03,2.719036e-02,3.703342e-05,3.960620e-03,2.917396e-02,4.359094e-05
