# rmse alpha/u,rmse phic/h,rmse h/r,spread alpha/u,spread phic/h,spread h/r
2.770218e-04,1.482031e-01,3.768291e-01,2.108986e-01,2.184920e-01,1.878878e-01
2.931620e-03,2.043745e-02,3.866648e-05,2.902572e-03,2.186766e-02,4.602970e-05
