# rmse alpha/u,rmse phic/h,rmse h/r,spread alpha/u,spread phic/h,spread h/r
7.639042e-03,2.156331e-02,1.890914e-03,1.593925e-01,2.113047e-01,1.635165e-01
1.010432e-03,7.203362e-03,2.698789e-05,9.602889e-04,7.499713e-03,5.586347e-05
