# rmse alpha/u,rmse phic/h,rmse h/r,spread alpha/u,spread phic/h,spread h/r
7.639042e-03,2.156331e-02,1.890914e-03,1.593925e-01,2.113047e-01,1.635165e-01
8.604242e-04,6.500553e-03,2.661030e-05,8.570900e-04,6.698719e-03,5.318119e-05
