# rmse alpha/u,rmse phic/h,rmse h/r,spread alpha/u,spread phic/h,spread h/r
7.639042e-03,2.156331e-02,1.890914e-03,1.593925e-01,2.113047e-01,1.635165e-01
8.736225e-04,6.757058e-03,2.597654e-05,9.243558e-04,6.829174e-03,5.221177e-05
