# rmse alpha/u,rmse phic/h,rmse h/r,spread alpha/u,spread phic/h,spread h/r
7.639042e-03,2.156331e-02,1.890914e-03,1.593925e-01,2.113047e-01,1.635165e-01
8.865032e-04,6.447048e-03,2.630723e-05,9.173108e-04,6.955628e-03,5.272531e-05
