# rmse alpha/u,rmse phic/h,rmse h/r,spread alpha/u,spread phic/h,spread h/r
7.639042e-03,2.156331e-02,1.890914e-03,1.593925e-01,2.113047e-01,1.635165e-01
8.864074e-04,6.916236e-03,2.575193e-05,8.523506e-04,6.756662e-03,5.259738e-05
