# rmse alpha/u,rmse phic/h,rmse h/r,spread alpha/u,spread phic/h,spread h/r
7.639042e-03,2.156331e-02,1.890914e-03,1.593925e-01,2.113047e-01,1.635165e-01
8.612886e-04,6.855702e-03,2.375774e-05,8.571028e-04,6.958067e-03,5.333446e-05
