# rmse alpha/u,rmse phic/h,rmse h/r,spread alpha/u,spread phic/h,spread h/r
7.639042e-03,2.156331e-02,1.890914e-03,1.593925e-01,2.113047e-01,1.635165e-01
8.296008e-04,6.813466e-03,2.622594e-05,8.412088e-04,6.777588e-03,5.026995e-05
