# rmse alpha/u,rmse phic/h,rmse h/r,spread alpha/u,spread phic/h,spread h/r
4.033238e-01,2.585705e-01,2.876230e-01,2.064821e-01,1.709035e-01,2.079420e-01
3.386460e-03,1.747692e-02,5.322286e-05,2.841507e-03,2.084001e-02,4.321521e-05
