# rmse alpha/u,rmse phic/h,rmse h/r,spread alpha/u,spread phic/h,spread h/r
4.033238e-01,2.585705e-01,2.876230e-01,2.064821e-01,1.709035e-01,2.079420e-01
3.618065e-03,2.750935e-02,6.938570e-05,3.314163e-03,2.231594e-02,4.517970e-05
