# rmse alpha/u,rmse phic/h,rmse h/r,spread alpha/u,spread phic/h,spread h/r
4.033238e-01,2.585705e-01,2.876230e-01,2.064821e-01,1.709035e-01,2.079420e-01
6.653108e-03,3.231841e-02,5.549543e-05,3.004087e-03,2.098658e-02,4.798917e-05
