# rmse alpha/u,rmse phic/h,rmse h/r,spread alpha/u,spread phic/h,spread h/r
8.132292e-02,1.878543e-04,6.332911e-03,2.040387e-01,2.265191e-01,1.573284e-01
2.894498e-03,1.722163e-02,3.488443e-05,2.206591e-03,1.522281e-02,4.787063e-05
