# rmse alpha/u,rmse phic/h,rmse h/r,spread alpha/u,spread phic/h,spread h/r
8.132292e-02,1.878543e-04,6.332911e-03,2.040387e-01,2.265191e-01,1.573284e-01
3.198451e-03,1.911062e-02,5.792713e-05,2.166127e-03,1.637955e-02,5.509640e-05
