# rmse alpha/u,rmse phic/h,rmse h/r,spread alpha/u,spread phic/h,spread h/r
8.132292e-02,1.878543e-04,6.332911e-03,2.040387e-01,2.265191e-01,1.573284e-01
3.231759e-03,1.617972e-02,4.440842e-05,1.539669e-03,1.064611e-02,4.740843e-05
