# rmse alpha/u,rmse phic/h,rmse h/r,spread alpha/u,spread phic/h,spread h/r
8.132292e-02,1.878543e-04,6.332911e-03,2.040387e-01,2.265191e-01,1.573284e-01
2.525920e-03,1.578379e-02,3.421502e-05,1.432364e-03,1.037486e-02,4.491041e-05
