# rmse alpha/u,rmse phic/h,rmse h/r,spread alpha/u,spread phic/h,spread h/r
8.132292e-02,1.878543e-04,6.332911e-03,2.040387e-01,2.265191e-01,1.573284e-01
3.165958e-03,1.466457e-02,3.163757e-05,2.173873e-03,1.430781e-02,4.260162e-05
