# rmse alpha/u,rmse phic/h,rmse h/r,spread alpha/u,spread phic/h,spread h/r
8.132292e-02,1.878543e-04,6.332911e-03,2.040387e-01,2.265191e-01,1.573284e-01
3.134561e-03,1.790240e-02,5.264874e-05,2.577496e-03,1.780612e-02,5.210464e-05
