# rmse alpha/u,rmse phic/h,rmse h/r,spread alpha/u,spread phic/h,spread h/r
5.818446e-03,2.153788e-01,1.849108e-02,1.969593e-01,1.699969e-01,1.470455e-01
4.488979e-03,2.807642e-02,6.404331e-05,4.073219e-03,2.733830e-02,4.391033e-05
