# rmse alpha/u,rmse phic/h,rmse h/r,spread alpha/u,spread phic/h,spread h/r
5.818446e-03,2.153788e-01,1.849108e-02,1.969593e-01,1.699969e-01,1.470455e-01
4.667742e-03,2.946715e-02,6.389154e-05,3.944901e-03,2.936137e-02,4.977902e-05
