# rmse alpha/u,rmse phic/h,rmse h/r,spread alpha/u,spread phic/h,spread h/r
6.711619e-03,5.314099e-08,4.822242e-03,2.007666e-01,2.380345e-01,2.181955e-01
1.203476e-03,7.878162e-03,2.032211e-05,1.184263e-03,8.205891e-03,3.218809e-05
