# rmse alpha/u,rmse phic/h,rmse h/r,spread alpha/u,spread phic/h,spread h/r
6.711619e-03,5.314099e-08,4.822242e-03,2.007666e-01,2.380345e-01,2.181955e-01
3.795958e-03,1.913582e-02,3.707411e-05,1.910605e-03,1.409942e-02,3.930023e-05
