# rmse alpha/u,rmse phic/h,rmse h/r,spread alpha/u,spread phic/h,spread h/r
6.711619e-03,5.314099e-08,4.822242e-03,2.007666e-01,2.380345e-01,2.181955e-01
8.156868e-04,6.093566e-03,1.420752e-05,8.737061e-04,6.582060e-03,3.002682e-05
