# rmse alpha/u,rmse phic/h,rmse h/r,spread alpha/u,spread phic/h,spread h/r
6.711619e-03,5.314099e-08,4.822242e-03,2.007666e-01,2.380345e-01,2.181955e-01
2.055454e-03,1.305408e-02,1.731164e-05,1.228377e-03,8.456066e-03,3.007078e-05
