# rmse alpha/u,rmse phic/h,rmse h/r,spread alpha/u,spread phic/h,spread h/r
9.546143e-02,4.819898e-02,6.220611e-02,2.029553e-01,2.401346e-01,2.180772e-01
4.486742e-03,2.752213e-02,5.350241e-05,3.801630e-03,2.806816e-02,5.411979e-05
