# rmse alpha/u,rmse phic/h,rmse h/r,spread alpha/u,spread phic/h,spread h/r
9.546143e-02,4.819898e-02,6.220611e-02,2.029553e-01,2.401346e-01,2.180772e-01
5.279203e-03,3.276535e-02,6.785997e-05,4.720136e-03,3.749311e-02,5.921746e-05
