# rmse alpha/u,rmse phic/h,rmse h/r,spread alpha/u,spread phic/h,spread h/r
9.546143e-02,4.819898e-02,6.220611e-02,2.029553e-01,2.401346e-01,2.180772e-01
4.650745e-03,2.900289e-02,5.161791e-05,3.859850e-03,2.649349e-02,4.322816e-05
