# rmse alpha/u,rmse phic/h,rmse h/r,spread alpha/u,spread phic/h,spread h/r
9.546143e-02,4.819898e-02,6.220611e-02,2.029553e-01,2.401346e-01,2.180772e-01
5.276631e-03,3.103326e-02,5.767112e-05,3.865116e-03,2.962127e-02,4.921425e-05
