# rmse alpha/u,rmse phic/h,rmse h/r,spread alpha/u,spread phic/h,spread h/r
9.546143e-02,4.819898e-02,6.220611e-02,2.029553e-01,2.401346e-01,2.180772e-01
5.155375e-03,2.982104e-02,5.523441e-05,3.986447e-03,2.996600e-02,4.661458e-05
