# rmse alpha/u,rmse phic/h,rmse h/r,spread alpha/u,spread phic/h,spread h/r
9.546143e-02,4.819898e-02,6.220611e-02,2.029553e-01,2.401346e-01,2.180772e-01
4.046788e-03,2.941419e-02,5.506005e-05,3.659337e-03,2.839191e-02,5.088312e-05
