# rmse alpha/u,rmse phic/h,rmse h/r,spread alpha/u,spread phic/h,spread h/r
9.546143e-02,4.819898e-02,6.220611e-02,2.029553e-01,2.401346e-01,2.180772e-01
5.576562e-03,3.914800e-02,5.281660e-05,4.571345e-03,3.545850e-02,5.441695e-05
