# rmse alpha/u,rmse phic/h,rmse h/r,spread alpha/u,spread phic/h,spread h/r
4.505529e-02,3.448609e-01,4.932363e-01,1.498822e-01,1.993221e-01,1.602325e-01
4.941469e-03,3.754975e-02,2.476317e-05,3.405540e-03,2.619330e-02,1.838162e-05
