# rmse alpha/u,rmse phic/h,rmse h/r,spread alpha/u,spread phic/h,spread h/r
4.505529e-02,3.448609e-01,4.932363e-01,1.498822e-01,1.993221e-01,1.602325e-01
4.644557e-03,2.580226e-02,1.652294e-05,3.550036e-03,2.638190e-02,1.678361e-05
