# rmse alpha/u,rmse phic/h,rmse h/r,spread alpha/u,spread phic/h,spread h/r
4.505529e-02,3.448609e-01,4.932363e-01,1.498822e-01,1.993221e-01,1.602325e-01
5.694157e-03,4.056766e-02,2.524754e-05,3.953407e-03,3.302432e-02,1.788671e-05
