# rmse alpha/u,rmse phic/h,rmse h/r,spread alpha/u,spread phic/h,spread h/r
4.505529e-02,3.448609e-01,4.932363e-01,1.498822e-01,1.993221e-01,1.602325e-01
4.892256e-03,3.028677e-02,1.761537e-05,3.320949e-03,2.591564e-02,1.632454e-05
