# rmse alpha/u,rmse phic/h,rmse h/r,spread alpha/u,spread phic/h,spread h/r
2.810459e-01,2.300439e-01,1.870379e-01,2.018880e-01,2.242098e-01,1.751140e-01
1.422729e-03,7.707880e-03,2.712630e-05,1.059506e-03,7.635802e-03,4.786518e-05
