# rmse alpha/u,rmse phic/h,rmse h/r,spread alpha/u,spread phic/h,spread h/r
2.810459e-01,2.300439e-01,1.870379e-01,2.018880e-01,2.242098e-01,1.751140e-01
1.844106e-03,1.177806e-02,2.572407e-05,1.377238e-03,9.521697e-03,4.747201e-05
