# rmse alpha/u,rmse phic/h,rmse h/r,spread alpha/u,spread phic/h,spread h/r
1.330936e-02,1.914875e-03,5.269319e-04,1.470713e-01,2.219114e-01,1.712001e-01
8.345195e-04,6.425474e-03,1.703652e-05,8.442078e-04,6.550673e-03,5.062076e-05
