# rmse alpha/u,rmse phic/h,rmse h/r,spread alpha/u,spread phic/h,spread h/r
1.330936e-02,1.914875e-03,5.269319e-04,1.470713e-01,2.219114e-01,1.712001e-01
8.392611e-04,6.643581e-03,1.841789e-05,8.489095e-04,6.723188e-03,5.306792e-05
