# rmse alpha/u,rmse phic/h,rmse h/r,spread alpha/u,spread phic/h,spread h/r
1.330936e-02,1.914875e-03,5.269319e-04,1.470713e-01,2.219114e-01,1.712001e-01
8.607540e-04,6.920251e-03,2.300342e-05,8.458378e-04,6.802729e-03,5.354065e-05
