# rmse alpha/u,rmse phic/h,rmse h/r,spread alpha/u,spread phic/h,spread h/r
1.330936e-02,1.914875e-03,5.269319e-04,1.470713e-01,2.219114e-01,1.712001e-01
8.983702e-04,7.353824e-03,2.512239e-05,9.002933e-04,7.406854e-03,5.688345e-05
