# rmse alpha/u,rmse phic/h,rmse h/r,spread alpha/u,spread phic/h,spread h/r
2.448300e-03,1.124803e-04,4.426423e-02,2.011122e-01,2.284813e-01,1.938860e-01
3.438184e-03,2.495985e-02,5.380178e-05,1.728897e-03,1.172675e-02,1.547138e-05
