# rmse alpha/u,rmse phic/h,rmse h/r,spread alpha/u,spread phic/h,spread h/r
2.207795e-01,2.336323e-01,1.953023e-01,1.853109e-01,2.066101e-01,1.576100e-01
3.273557e-03,1.889026e-02,4.234998e-05,1.976036e-03,1.371291e-02,5.123729e-05
