# rmse alpha/u,rmse phic/h,rmse h/r,spread alpha/u,spread phic/h,spread h/r
2.207795e-01,2.336323e-01,1.953023e-01,1.853109e-01,2.066101e-01,1.576100e-01
2.725478e-03,1.073158e-02,3.273593e-05,1.211386e-03,8.669218e-03,4.450899e-05
