# rmse alpha/u,rmse phic/h,rmse h/r,spread alpha/u,spread phic/h,spread h/r
2.207795e-01,2.336323e-01,1.953023e-01,1.853109e-01,2.066101e-01,1.576100e-01
8.069368e-04,6.878202e-03,2.376313e-05,8.852446e-04,6.929396e-03,4.214310e-05
