# rmse alpha/u,rmse phic/h,rmse h/r,spread alpha/u,spread phic/h,spread h/r
9.250082e-03,1.157666e-02,4.162816e-04,1.927996e-01,2.373932e-01,2.334187e-01
4.191632e-03,2.065899e-02,3.067897e-05,2.345555e-03,1.641764e-02,3.223784e-05
