# rmse alpha/u,rmse phic/h,rmse h/r,spread alpha/u,spread phic/h,spread h/r
9.250082e-03,1.157666e-02,4.162816e-04,1.927996e-01,2.373932e-01,2.334187e-01
2.946404e-03,1.694529e-02,3.683547e-05,2.124943e-03,1.495615e-02,3.378339e-05
