# rmse alpha/u,rmse phic/h,rmse h/r,spread alpha/u,spread phic/h,spread h/r
9.250082e-03,1.157666e-02,4.162816e-04,1.927996e-01,2.373932e-01,2.334187e-01
4.634017e-03,2.914098e-02,3.855445e-05,2.451535e-03,1.759614e-02,3.686540e-05
