# rmse alpha/u,rmse phic/h,rmse h/r,spread alpha/u,spread phic/h,spread h/r
9.250082e-03,1.157666e-02,4.162816e-04,1.927996e-01,2.373932e-01,2.334187e-01
2.917577e-03,1.628809e-02,3.817092e-05,1.876602e-03,1.255502e-02,2.891081e-05
