# rmse alpha/u,rmse phic/h,rmse h/r,spread alpha/u,spread phic/h,spread h/r
1.745459e-04,3.393249e-03,2.820711e-02,1.437702e-01,1.017240e-01,7.395160e-02
1.494161e-03,9.004300e-03,2.123462e-05,1.338151e-03,9.267422e-03,3.551575e-05
