# rmse alpha/u,rmse phic/h,rmse h/r,spread alpha/u,spread phic/h,spread h/r
1.745459e-04,3.393249e-03,2.820711e-02,1.437702e-01,1.017240e-01,7.395160e-02
2.407366e-03,1.155573e-02,2.418644e-05,1.150857e-03,8.587244e-03,3.349440e-05
