# rmse alpha/u,rmse phic/h,rmse h/r,spread alpha/u,spread phic/h,spread h/r
1.745459e-04,3.393249e-03,2.820711e-02,1.437702e-01,1.017240e-01,7.395160e-02
1.980439e-03,1.121048e-02,2.622889e-05,1.244085e-03,9.123943e-03,3.556432e-05
