# rmse alpha/u,rmse phic/h,rmse h/r,spread alpha/u,spread phic/h,spread h/r
1.745459e-04,3.393249e-03,2.820711e-02,1.437702e-01,1.017240e-01,7.395160e-02
2.686193e-03,2.158778e-02,3.930712e-05,1.697531e-03,1.276770e-02,3.990500e-05
