# rmse alpha/u,rmse phic/h,rmse h/r,spread alpha/u,spread phic/h,spread h/r
1.461493e-01,1.044461e-01,7.817161e-02,1.209302e-01,1.034681e-01,7.702310e-02
2.309159e-03,1.170513e-02,3.242017e-05,1.244974e-03,9.154487e-03,5.050859e-05
