# rmse alpha/u,rmse phic/h,rmse h/r,spread alpha/u,spread phic/h,spread h/r
1.461493e-01,1.044461e-01,7.817161e-02,1.209302e-01,1.034681e-01,7.702310e-02
1.818424e-03,1.134357e-02,2.687620e-05,1.395024e-03,9.206469e-03,4.850414e-05
