# rmse alpha/u,rmse phic/h,rmse h/r,spread alpha/u,spread phic/h,spread h/r
1.461493e-01,1.044461e-01,7.817161e-02,1.209302e-01,1.034681e-01,7.702310e-02
1.949083e-03,1.764617e-02,4.915064e-05,1.857308e-03,1.352669e-02,5.751312e-05
