# rmse alpha/u,rmse phic/h,rmse h/r,spread alpha/u,spread phic/h,spread h/r
1.461493e-01,1.044461e-01,7.817161e-02,1.209302e-01,1.034681e-01,7.702310e-02
1.526694e-03,7.875170e-03,2.843935e-05,1.006678e-03,7.551734e-03,4.765331e-05
