# rmse alpha/u,rmse phic/h,rmse h/r,spread alpha/u,spread phic/h,spread h/r
1.461493e-01,1.044461e-01,7.817161e-02,1.209302e-01,1.034681e-01,7.702310e-02
1.212296e-03,1.326807e-02,4.199040e-05,1.189129e-03,8.823444e-03,5.110217e-05
