# rmse alpha/u,rmse phic/h,rmse h/r,spread alpha/u,spread phic/h,spread h/r
1.461493e-01,1.044461e-01,7.817161e-02,1.209302e-01,1.034681e-01,7.702310e-02
2.317101e-03,1.287097e-02,3.458500e-05,1.398983e-03,9.769880e-03,5.229282e-05
