# rmse alpha/u,rmse phic/h,rmse h/r,spread alpha/u,spread phic/h,spread h/r
2.672238e-03,3.872514e-03,3.063386e-03,8.416431e-02,8.424087e-02,8.061105e-02
8.100040e-04,6.359130e-03,2.683488e-05,7.751334e-04,6.185234e-03,3.505841e-05
