# rmse alpha/u,rmse phic/h,rmse h/r,spread alpha/u,spread phic/h,spread h/r
2.672238e-03,3.872514e-03,3.063386e-03,8.416431e-02,8.424087e-02,8.061105e-02
7.703815e-04,6.265897e-03,2.242172e-05,7.340969e-04,5.759907e-03,3.416167e-05
