# rmse alpha/u,rmse phic/h,rmse h/r,spread alpha/u,spread phic/h,spread h/r
2.672238e-03,3.872514e-03,3.063386e-03,8.416431e-02,8.424087e-02,8.061105e-02
9.674446e-04,7.067437e-03,2.914141e-05,7.770948e-04,6.151342e-03,3.603143e-05
