# rmse alpha/u,rmse phic/h,rmse h/r,spread alpha/u,spread phic/h,spread h/r
9.264191e-02,1.468049e-03,4.650392e-03,2.029324e-01,2.165151e-01,1.714602e-01
4.187518e-03,2.250015e-02,3.045596e-05,2.064498e-03,1.427560e-02,4.104074e-05
