# rmse alpha/u,rmse phic/h,rmse h/r,spread alpha/u,spread phic/h,spread h/r
9.264191e-02,1.468049e-03,4.650392e-03,2.029324e-01,2.165151e-01,1.714602e-01
2.396538e-03,1.567241e-02,3.566655e-05,2.032425e-03,1.359336e-02,4.057530e-05
