# rmse alpha/u,rmse phic/h,rmse h/r,spread alpha/u,spread phic/h,spread h/r
9.264191e-02,1.468049e-03,4.650392e-03,2.029324e-01,2.165151e-01,1.714602e-01
4.077816e-03,2.218846e-02,4.353397e-05,2.907348e-03,2.003754e-02,4.220818e-05
