# rmse alpha/u,rmse phic/h,rmse h/r,spread alpha/u,spread phic/h,spread h/r
5.009959e-03,5.080650e-05,1.079909e-02,1.128990e-01,6.056927e-02,5.708115e-02
2.171912e-03,1.669873e-02,4.217314e-05,1.380502e-03,1.055158e-02,4.909239e-05
