# rmse alpha/u,rmse phic/h,rmse h/r,spread alpha/u,spread phic/h,spread h/r
5.009959e-03,5.080650e-05,1.079909e-02,1.128990e-01,6.056927e-02,5.708115e-02
2.676787e-03,1.411502e-02,3.214441e-05,1.783968e-03,1.238520e-02,4.330052e-05
