# rmse alpha/u,rmse phic/h,rmse h/r,spread alpha/u,spread phic/h,spread h/r
5.009959e-03,5.080650e-05,1.079909e-02,1.128990e-01,6.056927e-02,5.708115e-02
3.195924e-03,1.879501e-02,3.924925e-05,2.109456e-03,1.555609e-02,4.892711e-05
