# rmse alpha/u,rmse phic/h,rmse h/r,spread alpha/u,spread phic/h,spread h/r
5.009959e-03,5.080650e-05,1.079909e-02,1.128990e-01,6.056927e-02,5.708115e-02
3.883093e-03,2.506506e-02,4.875608e-05,2.382748e-03,1.804109e-02,5.267225e-05
