# rmse alpha/u,rmse phic/h,rmse h/r,spread alpha/u,spread phic/h,spread h/r
5.009959e-03,5.080650e-05,1.079909e-02,1.128990e-01,6.056927e-02,5.708115e-02
2.388670e-03,1.586891e-02,4.553389e-05,1.327411e-03,1.019655e-02,4.791859e-05
