# rmse alpha/u,rmse phic/h,rmse h/r,spread alpha/u,spread phic/h,spread h/r
5.009959e-03,5.080650e-05,1.079909e-02,1.128990e-01,6.056927e-02,5.708115e-02
1.123580e-03,8.481538e-03,3.979607e-05,9.935554e-04,7.361371e-03,4.475584e-05
