# rmse alpha/u,rmse phic/h,rmse h/r,spread alpha/u,spread phic/h,spread h/r
5.009959e-03,5.080650e-05,1.079909e-02,1.128990e-01,6.056927e-02,5.708115e-02
1.055739e-03,7.989401e-03,3.322459e-05,1.023983e-03,7.779335e-03,4.610695e-05
