# rmse alpha/u,rmse phic/h,rmse h/r,spread alpha/u,spread phic/h,spread h/r
5.009959e-03,5.080650e-05,1.079909e-02,1.128990e-01,6.056927e-02,5.708115e-02
1.811543e-03,1.327760e-02,3.813108e-05,1.535452e-03,1.106479e-02,4.773284e-05
