# rmse alpha/u,rmse phic/h,rmse h/r,spread alpha/u,spread phic/h,spread h/r
1.324516e-01,1.668471e-01,3.642219e-01,1.906733e-01,1.720275e-01,1.565591e-01
4.398156e-03,2.575662e-02,4.397164e-05,2.194253e-03,1.398460e-02,2.027899e-05
