# rmse alpha/u,rmse phic/h,rmse h/r,spread alpha/u,spread phic/h,spread h/r
1.324516e-01,1.668471e-01,3.642219e-01,1.906733e-01,1.720275e-01,1.565591e-01
2.802791e-03,1.448048e-02,3.779402e-05,1.753315e-03,1.150736e-02,2.405783e-05
