# rmse alpha/u,rmse phic/h,rmse h/r,spread alpha/u,spread phic/h,spread h/r
1.324516e-01,1.668471e-01,3.642219e-01,1.906733e-01,1.720275e-01,1.565591e-01
3.752020e-03,2.547832e-02,5.137629e-05,2.674943e-03,1.898753e-02,3.307036e-05
