# rmse alpha/u,rmse phic/h,rmse h/r,spread alpha/u,spread phic/h,spread h/r
2.901642e-01,3.757563e-01,4.080849e-01,1.252033e-01,2.157036e-01,2.323844e-01
4.921936e-03,3.234696e-02,4.589444e-05,2.536250e-03,1.711273e-02,1.419701e-05
