# rmse alpha/u,rmse phic/h,rmse h/r,spread alpha/u,spread phic/h,spread h/r
2.901642e-01,3.757563e-01,4.080849e-01,1.252033e-01,2.157036e-01,2.323844e-01
5.759597e-03,3.007809e-02,5.084508e-05,2.635060e-03,1.873769e-02,1.368467e-05
