# rmse alpha/u,rmse phic/h,rmse h/r,spread alpha/u,spread phic/h,spread h/r
2.901642e-01,3.757563e-01,4.080849e-01,1.252033e-01,2.157036e-01,2.323844e-01
4.732009e-03,2.012385e-02,3.676114e-05,2.378992e-03,1.610886e-02,9.295495e-06
