# rmse alpha/u,rmse phic/h,rmse h/r,spread alpha/u,spread phic/h,spread h/r
2.901642e-01,3.757563e-01,4.080849e-01,1.252033e-01,2.157036e-01,2.323844e-01
4.474838e-03,2.859773e-02,3.492071e-05,2.793682e-03,2.013342e-02,1.800888e-05
