# rmse alpha/u,rmse phic/h,rmse h/r,spread alpha/u,spread phic/h,spread h/r
3.490537e-03,3.390775e-03,3.172736e-03,1.408975e-01,1.020327e-01,9.162356e-02
1.906831e-03,8.242746e-03,3.626134e-05,1.100464e-03,7.863441e-03,4.191561e-05
