# rmse alpha/u,rmse phic/h,rmse h/r,spread alpha/u,spread phic/h,spread h/r
3.490537e-03,3.390775e-03,3.172736e-03,1.408975e-01,1.020327e-01,9.162356e-02
1.461634e-03,1.210067e-02,2.729756e-05,1.218162e-03,8.591409e-03,4.072300e-05
