# rmse alpha/u,rmse phic/h,rmse h/r,spread alpha/u,spread phic/h,spread h/r
3.490537e-03,3.390775e-03,3.172736e-03,1.408975e-01,1.020327e-01,9.162356e-02
1.368260e-03,1.641783e-02,3.343332e-05,1.251394e-03,9.084287e-03,4.376419e-05
