# rmse alpha/u,rmse phic/h,rmse h/r,spread alpha/u,spread phic/h,spread h/r
3.490537e-03,3.390775e-03,3.172736e-03,1.408975e-01,1.020327e-01,9.162356e-02
1.934388e-03,1.006582e-02,2.765638e-05,1.011105e-03,7.609889e-03,4.207049e-05
