# rmse alpha/u,rmse phic/h,rmse h/r,spread alpha/u,spread phic/h,spread h/r
3.490537e-03,3.390775e-03,3.172736e-03,1.408975e-01,1.020327e-01,9.162356e-02
1.269892e-03,8.703957e-03,2.741276e-05,1.021989e-03,7.455040e-03,4.159539e-05
