# rmse alpha/u,rmse phic/h,rmse h/r,spread alpha/u,spread phic/h,spread h/r
3.490537e-03,3.390775e-03,3.172736e-03,1.408975e-01,1.020327e-01,9.162356e-02
2.446560e-03,1.407705e-02,3.225212e-05,1.229942e-03,8.556274e-03,3.950933e-05
