# rmse alpha/u,rmse phic/h,rmse h/r,spread alpha/u,spread phic/h,spread h/r
3.490537e-03,3.390775e-03,3.172736e-03,1.408975e-01,1.020327e-01,9.162356e-02
2.714428e-03,1.227189e-02,2.444791e-05,1.581522e-03,1.087109e-02,3.725557e-05
