# rmse alpha/u,rmse phic/h,rmse h/r,spread alpha/u,spread phic/h,spread h/r
4.429482e-02,1.680583e-03,3.272181e-03,1.927996e-01,2.373932e-01,2.334187e-01
3.511656e-03,2.211803e-02,6.368131e-05,2.296638e-03,1.690360e-02,3.150864e-05
