# rmse alpha/u,rmse phic/h,rmse h/r,spread alpha/u,spread phic/h,spread h/r
4.429482e-02,1.680583e-03,3.272181e-03,1.927996e-01,2.373932e-01,2.334187e-01
4.442611e-03,2.358058e-02,6.664329e-05,1.865657e-03,1.337828e-02,3.135595e-05
