# rmse alpha/u,rmse phic/h,rmse h/r,spread alpha/u,spread phic/h,spread h/r
4.429482e-02,1.680583e-03,3.272181e-03,1.927996e-01,2.373932e-01,2.334187e-01
4.618880e-03,2.593140e-02,5.481113e-05,1.754497e-03,1.209280e-02,3.197404e-05
