# rmse alpha/u,rmse phic/h,rmse h/r,spread alpha/u,spread phic/h,spread h/r
4.429482e-02,1.680583e-03,3.272181e-03,1.927996e-01,2.373932e-01,2.334187e-01
4.236525e-03,1.905365e-02,5.736175e-05,1.854129e-03,1.307184e-02,3.175541e-05
