# rmse alpha/u,rmse phic/h,rmse h/r,spread alpha/u,spread phic/h,spread h/r
4.429482e-02,1.680583e-03,3.272181e-03,1.927996e-01,2.373932e-01,2.334187e-01
2.649668e-03,2.194706e-02,5.365828e-05,1.762899e-03,1.241450e-02,3.115354e-05
