# rmse alpha/u,rmse phic/h,rmse h/r,spread alpha/u,spread phic/h,spread h/r
4.429482e-02,1.680583e-03,3.272181e-03,1.927996e-01,2.373932e-01,2.334187e-01
2.610514e-03,1.388285e-02,5.437113e-05,1.923048e-03,1.236449e-02,3.130973e-05
