# rmse alpha/u,rmse phic/h,rmse h/r,spread alpha/u,spread phic/h,spread h/r
4.429482e-02,1.680583e-03,3.272181e-03,1.927996e-01,2.373932e-01,2.334187e-01
2.881662e-03,1.664617e-02,5.854286e-05,1.446933e-03,1.020005e-02,3.396545e-05
