# rmse alpha/u,rmse phic/h,rmse h/r,spread alpha/u,spread phic/h,spread h/r
4.429482e-02,1.680583e-03,3.272181e-03,1.927996e-01,2.373932e-01,2.334187e-01
3.829882e-03,2.452415e-02,5.654783e-05,1.668747e-03,1.162897e-02,3.428150e-05
