# rmse alpha/u,rmse phic/h,rmse h/r,spread alpha/u,spread phic/h,spread h/r
1.056958e-01,1.695231e-03,1.121394e-02,1.244421e-01,9.355014e-02,6.586561e-02
4.409165e-03,3.337309e-02,4.947389e-05,3.848258e-03,2.778011e-02,4.201304e-05
