# rmse alpha/u,rmse phic/h,rmse h/r,spread alpha/u,spread phic/h,spread h/r
1.056958e-01,1.695231e-03,1.121394e-02,1.244421e-01,9.355014e-02,6.586561e-02
5.080584e-03,3.475518e-02,4.923696e-05,3.859594e-03,2.997450e-02,4.873465e-05
