# rmse alpha/u,rmse phic/h,rmse h/r,spread alpha/u,spread phic/h,spread h/r
1.056958e-01,1.695231e-03,1.121394e-02,1.244421e-01,9.355014e-02,6.586561e-02
5.589285e-03,3.414938e-02,4.971213e-05,4.179241e-03,3.319450e-02,5.067401e-05
