# rmse alpha/u,rmse phic/h,rmse h/r,spread alpha/u,spread phic/h,spread h/r
1.056958e-01,1.695231e-03,1.121394e-02,1.244421e-01,9.355014e-02,6.586561e-02
5.099256e-03,2.632165e-02,5.408770e-05,3.012660e-03,2.110860e-02,3.951115e-05
