# rmse alpha/u,rmse phic/h,rmse h/r,spread alpha/u,spread phic/h,spread h/r
1.056958e-01,1.695231e-03,1.121394e-02,1.244421e-01,9.355014e-02,6.586561e-02
3.966769e-03,3.310080e-02,5.000619e-05,3.241928e-03,2.227592e-02,3.961375e-05
