# rmse alpha/u,rmse phic/h,rmse h/r,spread alpha/u,spread phic/h,spread h/r
1.056958e-01,1.695231e-03,1.121394e-02,1.244421e-01,9.355014e-02,6.586561e-02
3.653016e-03,2.724652e-02,4.025596e-05,3.006761e-03,2.091279e-02,3.323754e-05
