# rmse alpha/u,rmse phic/h,rmse h/r,spread alpha/u,spread phic/h,spread h/r
4.027623e-03,2.201877e-01,5.766442e-01,2.178019e-01,1.997102e-01,1.533221e-01
2.977885e-03,1.334600e-02,2.741405e-05,1.590823e-03,1.018375e-02,2.951561e-05
