# rmse alpha/u,rmse phic/h,rmse h/r,spread alpha/u,spread phic/h,spread h/r
4.027623e-03,2.201877e-01,5.766442e-01,2.178019e-01,1.997102e-01,1.533221e-01
3.242524e-03,1.755467e-02,3.519045e-05,2.386663e-03,1.652686e-02,3.701083e-05
