# rmse alpha/u,rmse phic/h,rmse h/r,spread alpha/u,spread phic/h,spread h/r
4.027623e-03,2.201877e-01,5.766442e-01,2.178019e-01,1.997102e-01,1.533221e-01
2.756981e-03,1.368055e-02,4.601410e-05,1.778840e-03,1.250967e-02,3.868422e-05
