# rmse alpha/u,rmse phic/h,rmse h/r,spread alpha/u,spread phic/h,spread h/r
4.027623e-03,2.201877e-01,5.766442e-01,2.178019e-01,1.997102e-01,1.533221e-01
1.395052e-03,1.119825e-02,2.932437e-05,1.570952e-03,1.061060e-02,3.086571e-05
