# rmse alpha/u,rmse phic/h,rmse h/r,spread alpha/u,spread phic/h,spread h/r
3.670257e-01,2.461373e-01,2.276374e-01,1.872850e-01,2.322742e-01,2.037886e-01
3.454029e-03,2.961168e-02,5.315963e-05,2.773955e-03,2.149611e-02,4.577200e-05
