# rmse alpha/u,rmse phic/h,rmse h/r,spread alpha/u,spread phic/h,spread h/r
3.670257e-01,2.461373e-01,2.276374e-01,1.872850e-01,2.322742e-01,2.037886e-01
4.192735e-03,2.864621e-02,4.878417e-05,3.087707e-03,2.220559e-02,4.141482e-05
