# rmse alpha/u,rmse phic/h,rmse h/r,spread alpha/u,spread phic/h,spread h/r
3.670257e-01,2.461373e-01,2.276374e-01,1.872850e-01,2.322742e-01,2.037886e-01
4.205089e-03,2.943502e-02,5.621235e-05,3.348395e-03,2.510220e-02,4.563045e-05
