# rmse alpha/u,rmse phic/h,rmse h/r,spread alpha/u,spread phic/h,spread h/r
3.670257e-01,2.461373e-01,2.276374e-01,1.872850e-01,2.322742e-01,2.037886e-01
4.116255e-03,2.322438e-02,5.092344e-05,2.932941e-03,2.176342e-02,4.966557e-05
