# rmse alpha/u,rmse phic/h,rmse h/r,spread alpha/u,spread phic/h,spread h/r
3.670257e-01,2.461373e-01,2.276374e-01,1.872850e-01,2.322742e-01,2.037886e-01
5.167516e-03,2.463369e-02,4.414776e-05,3.397533e-03,2.422715e-02,4.730004e-05
