# rmse alpha/u,rmse phic/h,rmse h/r,spread alpha/u,spread phic/h,spread h/r
3.670257e-01,2.461373e-01,2.276374e-01,1.872850e-01,2.322742e-01,2.037886e-01
4.497016e-03,2.342700e-02,4.089122e-05,2.883429e-03,2.057012e-02,4.209854e-05
