# rmse alpha/u,rmse phic/h,rmse h/r,spread alpha/u,spread phic/h,spread h/r
3.670257e-01,2.461373e-01,2.276374e-01,1.872850e-01,2.322742e-01,2.037886e-01
3.963446e-03,2.181263e-02,4.999191e-05,3.089480e-03,2.241519e-02,4.764466e-05
