# rmse alpha/u,rmse phic/h,rmse h/r,spread alpha/u,spread phic/h,spread h/r
3.670257e-01,2.461373e-01,2.276374e-01,1.872850e-01,2.322742e-01,2.037886e-01
4.906371e-03,2.870209e-02,5.534693e-05,3.155522e-03,2.336659e-02,4.981726e-05
