# rmse alpha/u,rmse phic/h,rmse h/r,spread alpha/u,spread phic/h,spread h/r
7.136550e-02,1.322803e-01,3.628527e-01,1.982756e-01,1.909562e-01,1.621428e-01
2.690384e-03,1.693062e-02,3.648225e-05,2.493779e-03,1.766386e-02,4.191059e-05
