# rmse alpha/u,rmse phic/h,rmse h/r,spread alpha/u,spread phic/h,spread h/r
7.136550e-02,1.322803e-01,3.628527e-01,1.982756e-01,1.909562e-01,1.621428e-01
2.799747e-03,1.893437e-02,3.979838e-05,1.882168e-03,1.330016e-02,3.577325e-05
