# rmse alpha/u,rmse phic/h,rmse h/r,spread alpha/u,spread phic/h,spread h/r
7.136550e-02,1.322803e-01,3.628527e-01,1.982756e-01,1.909562e-01,1.621428e-01
2.374371e-03,1.467215e-02,3.530779e-05,1.601327e-03,1.111047e-02,2.896382e-05
