# rmse alpha/u,rmse phic/h,rmse h/r,spread alpha/u,spread phic/h,spread h/r
7.136550e-02,1.322803e-01,3.628527e-01,1.982756e-01,1.909562e-01,1.621428e-01
2.521978e-03,1.225635e-02,2.099082e-05,1.946272e-03,1.240523e-02,2.439302e-05
