# rmse alpha/u,rmse phic/h,rmse h/r,spread alpha/u,spread phic/h,spread h/r
7.136550e-02,1.322803e-01,3.628527e-01,1.982756e-01,1.909562e-01,1.621428e-01
3.225641e-03,1.574585e-02,3.037166e-05,1.869307e-03,1.293281e-02,3.023420e-05
