# rmse alpha/u,rmse phic/h,rmse h/r,spread alpha/u,spread phic/h,spread h/r
7.136550e-02,1.322803e-01,3.628527e-01,1.982756e-01,1.909562e-01,1.621428e-01
2.525086e-03,1.428671e-02,3.615463e-05,1.427060e-03,9.793705e-03,2.993425e-05
