# rmse alpha/u,rmse phic/h,rmse h/r,spread alpha/u,spread phic/h,spread h/r
5.448571e-02,2.515416e-01,3.186807e-01,1.969593e-01,1.699969e-01,1.470455e-01
3.575826e-03,2.238701e-02,3.777412e-05,2.697983e-03,1.923349e-02,3.230000e-05
