# rmse alpha/u,rmse phic/h,rmse h/r,spread alpha/u,spread phic/h,spread h/r
5.448571e-02,2.515416e-01,3.186807e-01,1.969593e-01,1.699969e-01,1.470455e-01
3.359747e-03,1.708353e-02,3.873480e-05,1.997882e-03,1.314628e-02,2.564720e-05
