# rmse alpha/u,rmse phic/h,rmse h/r,spread alpha/u,spread phic/h,spread h/r
3.773373e-03,3.166353e-01,8.777742e-02,1.982756e-01,1.909562e-01,1.621428e-01
4.058395e-03,1.797820e-02,3.105303e-05,2.445608e-03,1.647142e-02,2.397832e-05
