# rmse alpha/u,rmse phic/h,rmse h/r,spread alpha/u,spread phic/h,spread h/r
3.773373e-03,3.166353e-01,8.777742e-02,1.982756e-01,1.909562e-01,1.621428e-01
3.580448e-03,1.845491e-02,3.021945e-05,2.505653e-03,1.742246e-02,2.678238e-05
