# rmse alpha/u,rmse phic/h,rmse h/r,spread alpha/u,spread phic/h,spread h/r
3.773373e-03,3.166353e-01,8.777742e-02,1.982756e-01,1.909562e-01,1.621428e-01
4.475865e-03,2.749138e-02,3.649397e-05,3.204506e-03,2.457787e-02,3.620707e-05
