# rmse alpha/u,rmse phic/h,rmse h/r,spread alpha/u,spread phic/h,spread h/r
9.999290e-02,1.180103e-02,6.145555e-02,2.014882e-01,2.230272e-01,2.318746e-01
4.969912e-03,2.889787e-02,6.798935e-05,3.290623e-03,2.416026e-02,4.602861e-05
