# rmse alpha/u,rmse phic/h,rmse h/r,spread alpha/u,spread phic/h,spread h/r
9.999290e-02,1.180103e-02,6.145555e-02,2.014882e-01,2.230272e-01,2.318746e-01
4.978257e-03,3.325800e-02,4.959377e-05,3.308048e-03,2.426422e-02,4.402746e-05
