# rmse alpha/u,rmse phic/h,rmse h/r,spread alpha/u,spread phic/h,spread h/r
2.178332e-02,3.716870e-04,2.890252e-03,1.358973e-01,9.903731e-02,9.465920e-02
2.828033e-03,1.889090e-02,3.857902e-05,1.704615e-03,1.122722e-02,4.257035e-05
