# rmse alpha/u,rmse phic/h,rmse h/r,spread alpha/u,spread phic/h,spread h/r
2.178332e-02,3.716870e-04,2.890252e-03,1.358973e-01,9.903731e-02,9.465920e-02
2.892318e-03,1.836054e-02,4.449469e-05,1.843288e-03,1.177267e-02,4.353510e-05
