# rmse alpha/u,rmse phic/h,rmse h/r,spread alpha/u,spread phic/h,spread h/r
2.178332e-02,3.716870e-04,2.890252e-03,1.358973e-01,9.903731e-02,9.465920e-02
9.947757e-04,7.139345e-03,2.763365e-05,1.001838e-03,7.213451e-03,3.955493e-05
