# rmse alpha/u,rmse phic/h,rmse h/r,spread alpha/u,spread phic/h,spread h/r
2.178332e-02,3.716870e-04,2.890252e-03,1.358973e-01,9.903731e-02,9.465920e-02
2.593949e-03,1.634641e-02,4.021269e-05,1.771298e-03,1.272527e-02,4.576554e-05
