# rmse alpha/u,rmse phic/h,rmse h/r,spread alpha/u,spread phic/h,spread h/r
2.178332e-02,3.716870e-04,2.890252e-03,1.358973e-01,9.903731e-02,9.465920e-02
1.535083e-03,1.276441e-02,3.525513e-05,1.196778e-03,8.378554e-03,3.953081e-05
