# rmse alpha/u,rmse phic/h,rmse h/r,spread alpha/u,spread phic/h,spread h/r
1.415857e-01,7.529095e-04,1.490399e-02,1.969593e-01,1.699969e-01,1.470455e-01
4.275834e-03,3.941473e-02,5.170221e-05,3.446214e-03,2.894923e-02,3.894502e-05
