# rmse alpha/u,rmse phic/h,rmse h/r,spread alpha/u,spread phic/h,spread h/r
1.415857e-01,7.529095e-04,1.490399e-02,1.969593e-01,1.699969e-01,1.470455e-01
4.337456e-03,3.577486e-02,4.582375e-05,3.216064e-03,2.575199e-02,3.623700e-05
