# rmse alpha/u,rmse phic/h,rmse h/r,spread alpha/u,spread phic/h,spread h/r
1.415857e-01,7.529095e-04,1.490399e-02,1.969593e-01,1.699969e-01,1.470455e-01
4.964772e-03,3.186014e-02,3.699979e-05,2.880124e-03,1.930448e-02,2.551390e-05
