# rmse alpha/u,rmse phic/h,rmse h/r,spread alpha/u,spread phic/h,spread h/r
1.415857e-01,7.529095e-04,1.490399e-02,1.969593e-01,1.699969e-01,1.470455e-01
4.294353e-03,2.687800e-02,4.064954e-05,3.431374e-03,2.425819e-02,2.508979e-05
