# rmse alpha/u,rmse phic/h,rmse h/r,spread alpha/u,spread phic/h,spread h/r
1.415857e-01,7.529095e-04,1.490399e-02,1.969593e-01,1.699969e-01,1.470455e-01
4.080986e-03,3.240718e-02,5.553441e-05,3.121745e-03,2.370074e-02,3.219982e-05
