# rmse alpha/u,rmse phic/h,rmse h/r,spread alpha/u,spread phic/h,spread h/r
2.834069e-01,4.691176e-01,3.303814e-01,1.910254e-01,2.103657e-01,1.707528e-01
4.620638e-03,2.404852e-02,8.003632e-05,2.946538e-03,2.025599e-02,5.733245e-05
