# rmse alpha/u,rmse phic/h,rmse h/r,spread alpha/u,spread phic/h,spread h/r
2.834069e-01,4.691176e-01,3.303814e-01,1.910254e-01,2.103657e-01,1.707528e-01
3.762746e-03,2.631224e-02,8.526527e-05,2.993830e-03,2.136508e-02,5.556051e-05
