# rmse alpha/u,rmse phic/h,rmse h/r,spread alpha/u,spread phic/h,spread h/r
2.834069e-01,4.691176e-01,3.303814e-01,1.910254e-01,2.103657e-01,1.707528e-01
3.424219e-03,2.363010e-02,1.010945e-04,3.653428e-03,2.715059e-02,6.480722e-05
