# rmse alpha/u,rmse phic/h,rmse h/r,spread alpha/u,spread phic/h,spread h/r
2.834069e-01,4.691176e-01,3.303814e-01,1.910254e-01,2.103657e-01,1.707528e-01
4.810154e-03,3.342263e-02,7.764046e-05,3.535846e-03,2.431624e-02,5.548923e-05
