# rmse alpha/u,rmse phic/h,rmse h/r,spread alpha/u,spread phic/h,spread h/r
2.834069e-01,4.691176e-01,3.303814e-01,1.910254e-01,2.103657e-01,1.707528e-01
4.028882e-03,3.232140e-02,8.746875e-05,3.735205e-03,2.531090e-02,5.929230e-05
