# rmse alpha/u,rmse phic/h,rmse h/r,spread alpha/u,spread phic/h,spread h/r
2.834069e-01,4.691176e-01,3.303814e-01,1.910254e-01,2.103657e-01,1.707528e-01
4.302651e-03,2.629492e-02,6.627349e-05,3.098037e-03,2.167473e-02,4.178611e-05
