# rmse alpha/u,rmse phic/h,rmse h/r,spread alpha/u,spread phic/h,spread h/r
2.834069e-01,4.691176e-01,3.303814e-01,1.910254e-01,2.103657e-01,1.707528e-01
4.581492e-03,2.622590e-02,6.936866e-05,3.265100e-03,2.206223e-02,4.447393e-05
