# rmse alpha/u,rmse phic/h,rmse h/r,spread alpha/u,spread phic/h,spread h/r
1.309514e-01,5.505669e-02,3.884902e-02,1.931263e-01,2.098198e-01,1.657831e-01
4.130876e-03,2.773532e-02,4.294143e-05,3.292994e-03,2.512855e-02,4.634419e-05
