# rmse alpha/u,rmse phic/h,rmse h/r,spread alpha/u,spread phic/h,spread h/r
1.309514e-01,5.505669e-02,3.884902e-02,1.931263e-01,2.098198e-01,1.657831e-01
2.948782e-03,1.820081e-02,4.302096e-05,2.367233e-03,1.775865e-02,4.464961e-05
