# rmse alpha/u,rmse phic/h,rmse h/r,spread alpha/u,spread phic/h,spread h/r
1.309514e-01,5.505669e-02,3.884902e-02,1.931263e-01,2.098198e-01,1.657831e-01
3.136942e-03,1.581212e-02,4.635051e-05,2.515612e-03,1.755174e-02,4.814465e-05
