# rmse alpha/u,rmse phic/h,rmse h/r,spread alpha/u,spread phic/h,spread h/r
1.309514e-01,5.505669e-02,3.884902e-02,1.931263e-01,2.098198e-01,1.657831e-01
2.664353e-03,1.541869e-02,3.918560e-05,2.097745e-03,1.477484e-02,4.413748e-05
