# rmse alpha/u,rmse phic/h,rmse h/r,spread alpha/u,spread phic/h,spread h/r
3.620912e-02,1.213016e-03,6.424121e-02,1.280002e-01,2.376240e-01,2.274349e-01
8.814810e-04,6.230174e-03,2.342037e-05,8.151110e-04,6.172270e-03,4.457203e-05
