# rmse alpha/u,rmse phic/h,rmse h/r,spread alpha/u,spread phic/h,spread h/r
3.620912e-02,1.213016e-03,6.424121e-02,1.280002e-01,2.376240e-01,2.274349e-01
8.709173e-04,7.211491e-03,2.480115e-05,8.505950e-04,6.620629e-03,4.832703e-05
