# rmse alpha/u,rmse phic/h,rmse h/r,spread alpha/u,spread phic/h,spread h/r
3.620912e-02,1.213016e-03,6.424121e-02,1.280002e-01,2.376240e-01,2.274349e-01
8.117613e-04,6.305642e-03,2.551627e-05,7.954215e-04,6.227009e-03,4.515596e-05
