# rmse alpha/u,rmse phic/h,rmse h/r,spread alpha/u,spread phic/h,spread h/r
3.620912e-02,1.213016e-03,6.424121e-02,1.280002e-01,2.376240e-01,2.274349e-01
9.229742e-04,7.444162e-03,2.169814e-05,9.248395e-04,6.799494e-03,4.475213e-05
