# rmse alpha/u,rmse phic/h,rmse h/r,spread alpha/u,spread phic/h,spread h/r
3.620912e-02,1.213016e-03,6.424121e-02,1.280002e-01,2.376240e-01,2.274349e-01
8.951027e-04,6.414296e-03,2.279371e-05,8.811052e-04,6.536363e-03,4.503019e-05
