# rmse alpha/u,rmse phic/h,rmse h/r,spread alpha/u,spread phic/h,spread h/r
3.620912e-02,1.213016e-03,6.424121e-02,1.280002e-01,2.376240e-01,2.274349e-01
1.463785e-03,9.918946e-03,2.180715e-05,1.037540e-03,7.738930e-03,4.536172e-05
