# rmse alpha/u,rmse phic/h,rmse h/r,spread alpha/u,spread phic/h,spread h/r
2.448300e-03,1.124803e-04,4.426423e-02,2.011122e-01,2.284813e-01,1.938860e-01
3.928585e-03,2.599802e-02,3.831692e-05,2.406576e-03,1.889081e-02,2.864954e-05
