# rmse alpha/u,rmse phic/h,rmse h/r,spread alpha/u,spread phic/h,spread h/r
2.448300e-03,1.124803e-04,4.426423e-02,2.011122e-01,2.284813e-01,1.938860e-01
4.349374e-03,3.153015e-02,3.763005e-05,2.174582e-03,1.689261e-02,2.908922e-05
