# rmse alpha/u,rmse phic/h,rmse h/r,spread alpha/u,spread phic/h,spread h/r
2.448300e-03,1.124803e-04,4.426423e-02,2.011122e-01,2.284813e-01,1.938860e-01
4.671247e-03,3.116264e-02,5.126826e-05,2.220988e-03,1.611146e-02,2.388148e-05
