# rmse alpha/u,rmse phic/h,rmse h/r,spread alpha/u,spread phic/h,spread h/r
2.448300e-03,1.124803e-04,4.426423e-02,2.011122e-01,2.284813e-01,1.938860e-01
6.001877e-03,2.710876e-02,3.969034e-05,2.034788e-03,1.368938e-02,2.152376e-05
