# rmse alpha/u,rmse phic/h,rmse h/r,spread alpha/u,spread phic/h,spread h/r
2.448300e-03,1.124803e-04,4.426423e-02,2.011122e-01,2.284813e-01,1.938860e-01
4.335968e-03,2.268763e-02,4.018273e-05,2.269511e-03,1.494241e-02,2.169049e-05
