# rmse alpha/u,rmse phic/h,rmse h/r,spread alpha/u,spread phic/h,spread h/r
2.448300e-03,1.124803e-04,4.426423e-02,2.011122e-01,2.284813e-01,1.938860e-01
3.817165e-03,1.859191e-02,2.433187e-05,1.738618e-03,1.345457e-02,1.624288e-05
