# rmse alpha/u,rmse phic/h,rmse h/r,spread alpha/u,spread phic/h,spread h/r
2.901642e-01,3.757563e-01,4.080849e-01,1.252033e-01,2.157036e-01,2.323844e-01
4.233272e-03,2.444114e-02,4.007407e-05,2.483305e-03,1.751239e-02,1.409097e-05
