# rmse alpha/u,rmse phic/h,rmse h/r,spread alpha/u,spread phic/h,spread h/r
2.901642e-01,3.757563e-01,4.080849e-01,1.252033e-01,2.157036e-01,2.323844e-01
4.479247e-03,2.650069e-02,3.360220e-05,2.901130e-03,1.987270e-02,1.776877e-05
