# rmse alpha/u,rmse phic/h,rmse h/r,spread alpha/u,spread phic/h,spread h/r
2.901642e-01,3.757563e-01,4.080849e-01,1.252033e-01,2.157036e-01,2.323844e-01
3.917145e-03,3.296096e-02,3.975766e-05,2.496005e-03,1.891666e-02,1.916068e-05
