# rmse alpha/u,rmse phic/h,rmse h/r,spread alpha/u,spread phic/h,spread h/r
2.901642e-01,3.757563e-01,4.080849e-01,1.252033e-01,2.157036e-01,2.323844e-01
5.199823e-03,3.041349e-02,4.328669e-05,2.809611e-03,1.979636e-02,2.037847e-05
