# rmse alpha/u,rmse phic/h,rmse h/r,spread alpha/u,spread phic/h,spread h/r
1.852481e-01,2.681981e-02,3.043003e-03,1.377656e-01,1.278866e-01,6.967922e-02
1.708232e-03,1.149102e-02,4.523651e-05,1.800685e-03,1.248092e-02,2.565577e-05
