# rmse alpha/u,rmse phic/h,rmse h/r,spread alpha/u,spread phic/h,spread h/r
1.852481e-01,2.681981e-02,3.043003e-03,1.377656e-01,1.278866e-01,6.967922e-02
3.539545e-03,1.695521e-02,3.747273e-05,2.499801e-03,1.614832e-02,2.284483e-05
