# rmse alpha/u,rmse phic/h,rmse h/r,spread alpha/u,spread phic/h,spread h/r
1.852481e-01,2.681981e-02,3.043003e-03,1.377656e-01,1.278866e-01,6.967922e-02
4.438833e-03,2.293730e-02,5.412223e-05,2.491024e-03,1.610252e-02,3.618468e-05
