# rmse alpha/u,rmse phic/h,rmse h/r,spread alpha/u,spread phic/h,spread h/r
1.852481e-01,2.681981e-02,3.043003e-03,1.377656e-01,1.278866e-01,6.967922e-02
3.960446e-03,2.425938e-02,5.815423e-05,2.682163e-03,1.997602e-02,4.246882e-05
