# rmse alpha/u,rmse phic/h,rmse h/r,spread alpha/u,spread phic/h,spread h/r
1.852481e-01,2.681981e-02,3.043003e-03,1.377656e-01,1.278866e-01,6.967922e-02
3.424201e-03,2.064192e-02,5.438847e-05,2.298975e-03,1.604486e-02,3.395713e-05
