# rmse alpha/u,rmse phic/h,rmse h/r,spread alpha/u,spread phic/h,spread h/r
1.852481e-01,2.681981e-02,3.043003e-03,1.377656e-01,1.278866e-01,6.967922e-02
2.880292e-03,1.550125e-02,5.512855e-05,2.166467e-03,1.455497e-02,3.423766e-05
