# rmse alpha/u,rmse phic/h,rmse h/r,spread alpha/u,spread phic/h,spread h/r
2.125602e-01,1.090371e-01,1.048552e-01,1.117618e-01,1.035551e-01,7.237635e-02
3.787675e-03,2.554940e-02,4.800713e-05,1.921575e-03,1.316807e-02,4.523730e-05
