# rmse alpha/u,rmse phic/h,rmse h/r,spread alpha/u,spread phic/h,spread h/r
2.125602e-01,1.090371e-01,1.048552e-01,1.117618e-01,1.035551e-01,7.237635e-02
2.476644e-03,1.915321e-02,4.603942e-05,1.852061e-03,1.393057e-02,4.912488e-05
