# rmse alpha/u,rmse phic/h,rmse h/r,spread alpha/u,spread phic/h,spread h/r
2.125602e-01,1.090371e-01,1.048552e-01,1.117618e-01,1.035551e-01,7.237635e-02
3.528569e-03,2.804610e-02,4.681015e-05,1.849982e-03,1.333965e-02,4.892006e-05
