# rmse alpha/u,rmse phic/h,rmse h/r,spread alpha/u,spread phic/h,spread h/r
2.125602e-01,1.090371e-01,1.048552e-01,1.117618e-01,1.035551e-01,7.237635e-02
1.532403e-03,9.343421e-03,4.427034e-05,1.042452e-03,7.917271e-03,4.154760e-05
