# rmse alpha/u,rmse phic/h,rmse h/r,spread alpha/u,spread phic/h,spread h/r
2.125602e-01,1.090371e-01,1.048552e-01,1.117618e-01,1.035551e-01,7.237635e-02
3.642273e-03,2.193803e-02,2.832581e-05,1.431230e-03,9.746784e-03,4.085548e-05
