# rmse alpha/u,rmse phic/h,rmse h/r,spread alpha/u,spread phic/h,spread h/r
4.574963e-03,4.157738e-03,6.403817e-02,2.007666e-01,2.380345e-01,2.181955e-01
3.781654e-03,3.029074e-02,4.178399e-05,2.661573e-03,2.143286e-02,3.318229e-05
