# rmse alpha/u,rmse phic/h,rmse h/r,spread alpha/u,spread phic/h,spread h/r
4.574963e-03,4.157738e-03,6.403817e-02,2.007666e-01,2.380345e-01,2.181955e-01
3.401336e-03,1.900298e-02,3.349263e-05,2.445710e-03,1.689941e-02,2.481025e-05
