# rmse alpha/u,rmse phic/h,rmse h/r,spread alpha/u,spread phic/h,spread h/r
4.574963e-03,4.157738e-03,6.403817e-02,2.007666e-01,2.380345e-01,2.181955e-01
5.054000e-03,2.883043e-02,5.032523e-05,2.438907e-03,1.686961e-02,2.681393e-05
