# rmse alpha/u,rmse phic/h,rmse h/r,spread alpha/u,spread phic/h,spread h/r
4.574963e-03,4.157738e-03,6.403817e-02,2.007666e-01,2.380345e-01,2.181955e-01
2.989177e-03,1.829061e-02,2.842408e-05,2.084685e-03,1.431443e-02,2.202917e-05
