# rmse alpha/u,rmse phic/h,rmse h/r,spread alpha/u,spread phic/h,spread h/r
4.574963e-03,4.157738e-03,6.403817e-02,2.007666e-01,2.380345e-01,2.181955e-01
3.443408e-03,1.991041e-02,3.782471e-05,1.949499e-03,1.465192e-02,2.413894e-05
