# rmse alpha/u,rmse phic/h,rmse h/r,spread alpha/u,spread phic/h,spread h/r
6.374164e-01,4.529797e-01,5.199561e-01,1.973023e-01,1.840877e-01,1.996707e-01
2.421202e-03,1.419138e-02,4.063517e-05,2.153671e-03,1.504690e-02,2.839412e-05
