# rmse alpha/u,rmse phic/h,rmse h/r,spread alpha/u,spread phic/h,spread h/r
6.374164e-01,4.529797e-01,5.199561e-01,1.973023e-01,1.840877e-01,1.996707e-01
3.623678e-03,2.143492e-02,3.336099e-05,2.133765e-03,1.430112e-02,2.724940e-05
