# rmse alpha/u,rmse phic/h,rmse h/r,spread alpha/u,spread phic/h,spread h/r
3.486054e-02,2.822969e-03,8.582006e-02,1.738920e-01,2.448466e-01,1.681315e-01
2.806804e-03,1.901693e-02,5.274489e-05,1.772171e-03,1.372011e-02,2.378320e-05
