# rmse alpha/u,rmse phic/h,rmse h/r,spread alpha/u,spread phic/h,spread h/r
3.486054e-02,2.822969e-03,8.582006e-02,1.738920e-01,2.448466e-01,1.681315e-01
1.365891e-03,1.154327e-02,3.003685e-05,1.473446e-03,1.022507e-02,1.704772e-05
