# rmse alpha/u,rmse phic/h,rmse h/r,spread alpha/u,spread phic/h,spread h/r
3.486054e-02,2.822969e-03,8.582006e-02,1.738920e-01,2.448466e-01,1.681315e-01
5.986519e-03,2.453611e-02,2.410367e-05,2.057353e-03,1.422611e-02,1.943139e-05
