# rmse alpha/u,rmse phic/h,rmse h/r,spread alpha/u,spread phic/h,spread h/r
3.486054e-02,2.822969e-03,8.582006e-02,1.738920e-01,2.448466e-01,1.681315e-01
4.599787e-03,3.004650e-02,4.010438e-05,2.830968e-03,2.101975e-02,3.150881e-05
