# rmse alpha/u,rmse phic/h,rmse h/r,spread alpha/u,spread phic/h,spread h/r
3.486054e-02,2.822969e-03,8.582006e-02,1.738920e-01,2.448466e-01,1.681315e-01
1.935526e-03,9.805759e-03,3.561562e-05,1.216255e-03,8.438722e-03,2.072592e-05
