# rmse alpha/u,rmse phic/h,rmse h/r,spread alpha/u,spread phic/h,spread h/r
5.896020e-01,4.429119e-01,5.165953e-01,2.042022e-01,1.992226e-01,1.814630e-01
3.463356e-03,1.436947e-02,3.013032e-05,2.596867e-03,1.838366e-02,3.699667e-05
