# rmse alpha/u,rmse phic/h,rmse h/r,spread alpha/u,spread phic/h,spread h/r
5.896020e-01,4.429119e-01,5.165953e-01,2.042022e-01,1.992226e-01,1.814630e-01
4.305477e-03,2.216423e-02,4.309216e-05,2.988120e-03,2.126594e-02,4.072257e-05
