# rmse alpha/u,rmse phic/h,rmse h/r,spread alpha/u,spread phic/h,spread h/r
5.896020e-01,4.429119e-01,5.165953e-01,2.042022e-01,1.992226e-01,1.814630e-01
3.330130e-03,1.876870e-02,4.738645e-05,2.321288e-03,1.632628e-02,3.458787e-05
