# rmse alpha/u,rmse phic/h,rmse h/r,spread alpha/u,spread phic/h,spread h/r
3.209510e-01,2.900447e-01,2.108180e-01,1.795250e-01,2.190449e-01,1.813643e-01
2.142436e-03,1.092491e-02,2.118231e-05,1.200983e-03,8.115198e-03,2.976697e-05
