# rmse alpha/u,rmse phic/h,rmse h/r,spread alpha/u,spread phic/h,spread h/r
3.209510e-01,2.900447e-01,2.108180e-01,1.795250e-01,2.190449e-01,1.813643e-01
2.083039e-03,1.544875e-02,4.172251e-05,1.319137e-03,9.496352e-03,3.660493e-05
