# rmse alpha/u,rmse phic/h,rmse h/r,spread alpha/u,spread phic/h,spread h/r
3.209510e-01,2.900447e-01,2.108180e-01,1.795250e-01,2.190449e-01,1.813643e-01
2.037655e-03,1.444338e-02,3.213982e-05,1.303534e-03,9.704694e-03,3.410391e-05
