# rmse alpha/u,rmse phic/h,rmse h/r,spread alpha/u,spread phic/h,spread h/r
3.209510e-01,2.900447e-01,2.108180e-01,1.795250e-01,2.190449e-01,1.813643e-01
1.293916e-03,7.494249e-03,1.990080e-05,1.021005e-03,7.499511e-03,3.114734e-05
