# rmse alpha/u,rmse phic/h,rmse h/r,spread alpha/u,spread phic/h,spread h/r
3.209510e-01,2.900447e-01,2.108180e-01,1.795250e-01,2.190449e-01,1.813643e-01
1.614957e-03,1.153615e-02,1.873049e-05,1.145912e-03,8.280854e-03,3.032062e-05
