# rmse alpha/u,rmse phic/h,rmse h/r,spread alpha/u,spread phic/h,spread h/r
3.209510e-01,2.900447e-01,2.108180e-01,1.795250e-01,2.190449e-01,1.813643e-01
2.772061e-03,1.323273e-02,4.047108e-05,2.343269e-03,1.647433e-02,4.457151e-05
