# rmse alpha/u,rmse phic/h,rmse h/r,spread alpha/u,spread phic/h,spread h/r
9.401785e-02,2.310228e-02,7.156125e-02,2.011122e-01,2.284813e-01,1.938860e-01
1.672046e-03,1.157458e-02,2.332281e-04,7.578083e-04,5.799388e-03,1.443058e-05
