# rmse alpha/u,rmse phic/h,rmse h/r,spread alpha/u,spread phic/h,spread h/r
9.401785e-02,2.310228e-02,7.156125e-02,2.011122e-01,2.284813e-01,1.938860e-01
9.369469e-04,8.950023e-03,2.310526e-04,7.641585e-04,5.988627e-03,1.342710e-05
