# rmse alpha/u,rmse phic/h,rmse h/r,spread alpha/u,spread phic/h,spread h/r
9.401785e-02,2.310228e-02,7.156125e-02,2.011122e-01,2.284813e-01,1.938860e-01
8.350925e-04,9.906219e-03,2.283199e-04,7.381718e-04,5.626782e-03,1.204356e-05
