# rmse alpha/u,rmse phic/h,rmse h/r,spread alpha/u,spread phic/h,spread h/r
1.962099e-01,2.839398e-01,2.299232e-01,1.872850e-01,2.322742e-01,2.037886e-01
2.719218e-03,1.562348e-02,6.032389e-05,1.706177e-03,1.175384e-02,1.845487e-05
