# rmse alpha/u,rmse phic/h,rmse h/r,spread alpha/u,spread phic/h,spread h/r
1.962099e-01,2.839398e-01,2.299232e-01,1.872850e-01,2.322742e-01,2.037886e-01
4.236565e-03,2.862683e-02,7.026826e-05,2.128948e-03,1.504548e-02,2.568654e-05
