# rmse alpha/u,rmse phic/h,rmse h/r,spread alpha/u,spread phic/h,spread h/r
1.962099e-01,2.839398e-01,2.299232e-01,1.872850e-01,2.322742e-01,2.037886e-01
1.288223e-03,9.324171e-03,5.660081e-05,1.001142e-03,7.196615e-03,1.988761e-05
