# rmse alpha/u,rmse phic/h,rmse h/r,spread alpha/u,spread phic/h,spread h/r
4.521576e-02,6.084172e-04,2.303645e-02,1.337422e-01,9.744156e-02,9.395207e-02
4.383617e-03,2.728346e-02,4.613978e-05,3.456940e-03,2.471037e-02,3.934608e-05
