# rmse alpha/u,rmse phic/h,rmse h/r,spread alpha/u,spread phic/h,spread h/r
4.521576e-02,6.084172e-04,2.303645e-02,1.337422e-01,9.744156e-02,9.395207e-02
5.012673e-03,3.762934e-02,4.555561e-05,3.937101e-03,2.940935e-02,4.132294e-05
