# rmse alpha/u,rmse phic/h,rmse h/r,spread alpha/u,spread phic/h,spread h/r
4.521576e-02,6.084172e-04,2.303645e-02,1.337422e-01,9.744156e-02,9.395207e-02
5.694855e-03,3.192208e-02,4.327850e-05,4.129640e-03,3.250406e-02,4.147872e-05
