# rmse alpha/u,rmse phic/h,rmse h/r,spread alpha/u,spread phic/h,spread h/r
4.521576e-02,6.084172e-04,2.303645e-02,1.337422e-01,9.744156e-02,9.395207e-02
4.766789e-03,3.615495e-02,3.891203e-05,3.600835e-03,2.704009e-02,3.867845e-05
