# rmse alpha/u,rmse phic/h,rmse h/r,spread alpha/u,spread phic/h,spread h/r
2.119984e-01,2.385618e-01,3.657506e-01,1.757143e-01,2.315662e-01,2.207863e-01
2.775898e-03,2.411692e-02,7.982811e-05,1.755997e-03,1.137494e-02,4.125263e-05
