# rmse alpha/u,rmse phic/h,rmse h/r,spread alpha/u,spread phic/h,spread h/r
2.119984e-01,2.385618e-01,3.657506e-01,1.757143e-01,2.315662e-01,2.207863e-01
5.789713e-03,2.551937e-02,7.851864e-05,1.751225e-03,1.226613e-02,4.410370e-05
