# rmse alpha/u,rmse phic/h,rmse h/r,spread alpha/u,spread phic/h,spread h/r
2.119984e-01,2.385618e-01,3.657506e-01,1.757143e-01,2.315662e-01,2.207863e-01
2.865002e-03,1.944216e-02,5.614157e-05,1.744049e-03,1.144399e-02,4.091254e-05
