# rmse alpha/u,rmse phic/h,rmse h/r,spread alpha/u,spread phic/h,spread h/r
2.119984e-01,2.385618e-01,3.657506e-01,1.757143e-01,2.315662e-01,2.207863e-01
3.942940e-03,2.765832e-02,6.955762e-05,1.595806e-03,1.158762e-02,4.005840e-05
