# rmse alpha/u,rmse phic/h,rmse h/r,spread alpha/u,spread phic/h,spread h/r
2.119984e-01,2.385618e-01,3.657506e-01,1.757143e-01,2.315662e-01,2.207863e-01
3.723153e-03,1.995871e-02,4.122956e-05,1.395586e-03,9.798650e-03,3.756696e-05
