# rmse alpha/u,rmse phic/h,rmse h/r,spread alpha/u,spread phic/h,spread h/r
2.988235e-01,1.170457e-01,4.518075e-02,2.007666e-01,2.380345e-01,2.181955e-01
5.592246e-03,3.244778e-02,5.268051e-05,3.862117e-03,2.685055e-02,4.327707e-05
