# rmse alpha/u,rmse phic/h,rmse h/r,spread alpha/u,spread phic/h,spread h/r
2.988235e-01,1.170457e-01,4.518075e-02,2.007666e-01,2.380345e-01,2.181955e-01
4.060595e-03,3.015766e-02,5.940080e-05,3.264124e-03,2.566303e-02,4.546299e-05
