# rmse alpha/u,rmse phic/h,rmse h/r,spread alpha/u,spread phic/h,spread h/r
2.988235e-01,1.170457e-01,4.518075e-02,2.007666e-01,2.380345e-01,2.181955e-01
5.631904e-03,2.960245e-02,6.002826e-05,2.933788e-03,1.904179e-02,3.562048e-05
