# rmse alpha/u,rmse phic/h,rmse h/r,spread alpha/u,spread phic/h,spread h/r
2.988235e-01,1.170457e-01,4.518075e-02,2.007666e-01,2.380345e-01,2.181955e-01
4.301407e-03,3.145583e-02,6.251887e-05,3.107409e-03,2.251003e-02,4.453982e-05
