# rmse alpha/u,rmse phic/h,rmse h/r,spread alpha/u,spread phic/h,spread h/r
2.988235e-01,1.170457e-01,4.518075e-02,2.007666e-01,2.380345e-01,2.181955e-01
2.257335e-03,1.596891e-02,4.873814e-05,2.097106e-03,1.452361e-02,3.168736e-05
