# rmse alpha/u,rmse phic/h,rmse h/r,spread alpha/u,spread phic/h,spread h/r
1.149443e-01,7.952687e-02,2.213674e-01,1.927996e-01,2.373932e-01,2.334187e-01
4.845384e-03,3.454564e-02,1.197948e-04,2.859693e-03,2.170033e-02,5.237048e-05
