# rmse alpha/u,rmse phic/h,rmse h/r,spread alpha/u,spread phic/h,spread h/r
1.149443e-01,7.952687e-02,2.213674e-01,1.927996e-01,2.373932e-01,2.334187e-01
4.335415e-03,3.899859e-02,1.037399e-04,2.581332e-03,1.894551e-02,4.379070e-05
