# rmse alpha/u,rmse phic/h,rmse h/r,spread alpha/u,spread phic/h,spread h/r
1.149443e-01,7.952687e-02,2.213674e-01,1.927996e-01,2.373932e-01,2.334187e-01
4.038367e-03,3.501027e-02,1.030088e-04,2.502619e-03,1.797844e-02,4.121706e-05
