# rmse alpha/u,rmse phic/h,rmse h/r,spread alpha/u,spread phic/h,spread h/r
1.149443e-01,7.952687e-02,2.213674e-01,1.927996e-01,2.373932e-01,2.334187e-01
4.734875e-03,4.404537e-02,1.087068e-04,2.884972e-03,1.985647e-02,4.456289e-05
