# rmse alpha/u,rmse phic/h,rmse h/r,spread alpha/u,spread phic/h,spread h/r
1.149443e-01,7.952687e-02,2.213674e-01,1.927996e-01,2.373932e-01,2.334187e-01
4.821674e-03,2.825761e-02,9.052570e-05,3.136535e-03,2.142402e-02,4.768458e-05
