# rmse alpha/u,rmse phic/h,rmse h/r,spread alpha/u,spread phic/h,spread h/r
1.149443e-01,7.952687e-02,2.213674e-01,1.927996e-01,2.373932e-01,2.334187e-01
5.518838e-03,3.472577e-02,8.223108e-05,2.942451e-03,2.113273e-02,4.996005e-05
