# rmse alpha/u,rmse phic/h,rmse h/r,spread alpha/u,spread phic/h,spread h/r
2.345736e-02,3.523315e-03,5.093993e-02,1.929961e-01,2.230560e-01,1.661565e-01
8.030488e-04,6.658799e-03,2.487738e-05,8.705808e-04,6.823298e-03,4.953087e-05
