# rmse alpha/u,rmse phic/h,rmse h/r,spread alpha/u,spread phic/h,spread h/r
2.345736e-02,3.523315e-03,5.093993e-02,1.929961e-01,2.230560e-01,1.661565e-01
1.747535e-03,8.834447e-03,2.969536e-05,1.108650e-03,7.877159e-03,5.085703e-05
