# rmse alpha/u,rmse phic/h,rmse h/r,spread alpha/u,spread phic/h,spread h/r
2.345736e-02,3.523315e-03,5.093993e-02,1.929961e-01,2.230560e-01,1.661565e-01
8.166623e-04,6.454750e-03,3.012629e-05,8.408891e-04,6.667405e-03,4.884127e-05
