# rmse alpha/u,rmse phic/h,rmse h/r,spread alpha/u,spread phic/h,spread h/r
2.793685e-02,2.069372e-01,5.077596e-01,1.982756e-01,1.909562e-01,1.621428e-01
3.259807e-03,2.269357e-02,8.844552e-05,2.020288e-03,1.467903e-02,5.779656e-05
