# rmse alpha/u,rmse phic/h,rmse h/r,spread alpha/u,spread phic/h,spread h/r
2.793685e-02,2.069372e-01,5.077596e-01,1.982756e-01,1.909562e-01,1.621428e-01
2.479339e-03,1.347348e-02,5.078761e-05,1.633648e-03,1.067784e-02,4.260762e-05
