# rmse alpha/u,rmse phic/h,rmse h/r,spread alpha/u,spread phic/h,spread h/r
2.793685e-02,2.069372e-01,5.077596e-01,1.982756e-01,1.909562e-01,1.621428e-01
1.811946e-03,9.230341e-03,5.718675e-05,1.843247e-03,1.226714e-02,4.581377e-05
