# rmse alpha/u,rmse phic/h,rmse h/r,spread alpha/u,spread phic/h,spread h/r
2.793685e-02,2.069372e-01,5.077596e-01,1.982756e-01,1.909562e-01,1.621428e-01
3.250870e-03,1.491580e-02,7.466996e-05,1.970774e-03,1.357393e-02,5.678227e-05
