# rmse alpha/u,rmse phic/h,rmse h/r,spread alpha/u,spread phic/h,spread h/r
5.885304e-03,6.326704e-02,3.407058e-03,1.642030e-01,1.691716e-01,1.961962e-01
8.806759e-04,7.011811e-03,2.620434e-05,8.878908e-04,6.981732e-03,5.162807e-05
