# rmse alpha/u,rmse phic/h,rmse h/r,spread alpha/u,spread phic/h,spread h/r
5.885304e-03,6.326704e-02,3.407058e-03,1.642030e-01,1.691716e-01,1.961962e-01
2.132904e-03,9.856355e-03,3.439778e-05,8.939305e-04,6.950578e-03,5.173630e-05
