# rmse alpha/u,rmse phic/h,rmse h/r,spread alpha/u,spread phic/h,spread h/r
5.885304e-03,6.326704e-02,3.407058e-03,1.642030e-01,1.691716e-01,1.961962e-01
8.170341e-04,6.096330e-03,2.504453e-05,8.147979e-04,6.452905e-03,4.946463e-05
