# rmse alpha/u,rmse phic/h,rmse h/r,spread alpha/u,spread phic/h,spread h/r
5.885304e-03,6.326704e-02,3.407058e-03,1.642030e-01,1.691716e-01,1.961962e-01
7.954503e-04,6.242182e-03,2.489842e-05,7.969985e-04,6.279457e-03,4.880903e-05
