# rmse alpha/u,rmse phic/h,rmse h/r,spread alpha/u,spread phic/h,spread h/r
2.052360e-05,1.263133e-02,4.871541e-02,1.065282e-01,8.811590e-02,6.536382e-02
3.422593e-03,1.943294e-02,4.055926e-05,1.515300e-03,1.098726e-02,5.411303e-05
