# rmse alpha/u,rmse phic/h,rmse h/r,spread alpha/u,spread phic/h,spread h/r
2.052360e-05,1.263133e-02,4.871541e-02,1.065282e-01,8.811590e-02,6.536382e-02
3.233439e-03,1.944948e-02,5.107706e-05,1.578727e-03,1.146163e-02,5.520234e-05
