# rmse alpha/u,rmse phic/h,rmse h/r,spread alpha/u,spread phic/h,spread h/r
2.052360e-05,1.263133e-02,4.871541e-02,1.065282e-01,8.811590e-02,6.536382e-02
3.033111e-03,1.508880e-02,4.060805e-05,1.302625e-03,9.383156e-03,5.330634e-05
