# rmse alpha/u,rmse phic/h,rmse h/r,spread alpha/u,spread phic/h,spread h/r
2.052360e-05,1.263133e-02,4.871541e-02,1.065282e-01,8.811590e-02,6.536382e-02
2.045841e-03,1.222600e-02,3.018859e-05,1.191431e-03,8.334976e-03,4.957953e-05
