# rmse alpha/u,rmse phic/h,rmse h/r,spread alpha/u,spread phic/h,spread h/r
2.052360e-05,1.263133e-02,4.871541e-02,1.065282e-01,8.811590e-02,6.536382e-02
1.735027e-03,1.079033e-02,3.464459e-05,1.424220e-03,1.010847e-02,5.127935e-05
