# rmse alpha/u,rmse phic/h,rmse h/r,spread alpha/u,spread phic/h,spread h/r
2.052360e-05,1.263133e-02,4.871541e-02,1.065282e-01,8.811590e-02,6.536382e-02
2.940101e-03,1.341711e-02,3.377020e-05,1.955073e-03,1.346945e-02,5.250101e-05
