# rmse alpha/u,rmse phic/h,rmse h/r,spread alpha/u,spread phic/h,spread h/r
1.159396e-01,2.883385e-01,4.465769e-01,2.108986e-01,2.184920e-01,1.878878e-01
5.606587e-03,3.163932e-02,4.316095e-05,3.494344e-03,2.556855e-02,3.537002e-05
