# rmse alpha/u,rmse phic/h,rmse h/r,spread alpha/u,spread phic/h,spread h/r
1.159396e-01,2.883385e-01,4.465769e-01,2.108986e-01,2.184920e-01,1.878878e-01
5.224598e-03,3.810423e-02,6.200698e-05,3.264294e-03,2.372110e-02,3.743459e-05
