# rmse alpha/u,rmse phic/h,rmse h/r,spread alpha/u,spread phic/h,spread h/r
1.159396e-01,2.883385e-01,4.465769e-01,2.108986e-01,2.184920e-01,1.878878e-01
3.015551e-03,1.929123e-02,3.849846e-05,3.182869e-03,2.181277e-02,2.847136e-05
