# rmse alpha/u,rmse phic/h,rmse h/r,spread alpha/u,spread phic/h,spread h/r
1.455178e-01,3.330025e-01,2.616063e-01,1.121382e-01,8.841040e-02,7.422529e-02
9.470542e-04,1.003234e-02,2.836983e-05,7.993230e-04,6.170614e-03,3.822947e-05
