# rmse alpha/u,rmse phic/h,rmse h/r,spread alpha/u,spread phic/h,spread h/r
1.455178e-01,3.330025e-01,2.616063e-01,1.121382e-01,8.841040e-02,7.422529e-02
8.758866e-04,7.086630e-03,3.059406e-05,7.860379e-04,6.267705e-03,3.784244e-05
