# rmse alpha/u,rmse phic/h,rmse h/r,spread alpha/u,spread phic/h,spread h/r
1.455178e-01,3.330025e-01,2.616063e-01,1.121382e-01,8.841040e-02,7.422529e-02
1.030715e-03,6.904890e-03,2.726400e-05,7.622380e-04,5.940812e-03,3.901501e-05
