# rmse alpha/u,rmse phic/h,rmse h/r,spread alpha/u,spread phic/h,spread h/r
1.957466e-01,2.047591e-01,1.268415e-01,1.271767e-01,9.332201e-02,7.942916e-02
3.233031e-03,2.387014e-02,4.506401e-05,2.593910e-03,1.914380e-02,4.358379e-05
