# rmse alpha/u,rmse phic/h,rmse h/r,spread alpha/u,spread phic/h,spread h/r
1.957466e-01,2.047591e-01,1.268415e-01,1.271767e-01,9.332201e-02,7.942916e-02
3.771892e-03,2.333864e-02,4.677424e-05,1.944318e-03,1.398797e-02,3.882466e-05
