# rmse alpha/u,rmse phic/h,rmse h/r,spread alpha/u,spread phic/h,spread h/r
1.957466e-01,2.047591e-01,1.268415e-01,1.271767e-01,9.332201e-02,7.942916e-02
2.393450e-03,1.338492e-02,3.637378e-05,1.774766e-03,1.193285e-02,3.486392e-05
