# rmse alpha/u,rmse phic/h,rmse h/r,spread alpha/u,spread phic/h,spread h/r
9.465634e-02,1.214831e-01,1.736311e-01,2.011122e-01,2.284813e-01,1.938860e-01
6.539683e-03,4.109335e-02,1.157412e-04,3.203695e-03,2.233795e-02,4.144863e-05
