# rmse alpha/u,rmse phic/h,rmse h/r,spread alpha/u,spread phic/h,spread h/r
2.095064e-01,2.286842e-01,2.093363e-01,1.674265e-01,2.226131e-01,1.935605e-01
1.743140e-03,1.002016e-02,7.290550e-05,1.351228e-03,9.144296e-03,2.252817e-05
