# rmse alpha/u,rmse phic/h,rmse h/r,spread alpha/u,spread phic/h,spread h/r
2.095064e-01,2.286842e-01,2.093363e-01,1.674265e-01,2.226131e-01,1.935605e-01
1.661643e-03,1.068017e-02,8.032535e-05,1.209296e-03,8.475525e-03,2.168621e-05
