# rmse alpha/u,rmse phic/h,rmse h/r,spread alpha/u,spread phic/h,spread h/r
2.095064e-01,2.286842e-01,2.093363e-01,1.674265e-01,2.226131e-01,1.935605e-01
2.112568e-03,1.278714e-02,6.778695e-05,1.285697e-03,9.194683e-03,2.350447e-05
