# rmse alpha/u,rmse phic/h,rmse h/r,spread alpha/u,spread phic/h,spread h/r
2.095064e-01,2.286842e-01,2.093363e-01,1.674265e-01,2.226131e-01,1.935605e-01
1.023425e-03,7.000335e-03,7.681634e-05,8.386773e-04,6.427281e-03,2.159438e-05
