# rmse alpha/u,rmse phic/h,rmse h/r,spread alpha/u,spread phic/h,spread h/r
4.375487e-02,3.635369e-03,1.954195e-02,1.994055e-01,1.689863e-01,1.947569e-01
3.070706e-03,1.766345e-02,5.372400e-05,2.658327e-03,1.849262e-02,3.621136e-05
