# rmse alpha/u,rmse phic/h,rmse h/r,spread alpha/u,spread phic/h,spread h/r
4.375487e-02,3.635369e-03,1.954195e-02,1.994055e-01,1.689863e-01,1.947569e-01
5.459577e-03,3.350338e-02,4.754858e-05,3.379043e-03,2.324477e-02,3.870755e-05
