# rmse alpha/u,rmse phic/h,rmse h/r,spread alpha/u,spread phic/h,spread h/r
4.375487e-02,3.635369e-03,1.954195e-02,1.994055e-01,1.689863e-01,1.947569e-01
4.523899e-03,2.969827e-02,4.685068e-05,2.865368e-03,2.173061e-02,4.058037e-05
