# rmse alpha/u,rmse phic/h,rmse h/r,spread alpha/u,spread phic/h,spread h/r
1.269531e-01,9.530839e-03,6.685387e-03,2.047038e-01,2.055666e-01,1.883937e-01
3.624047e-03,1.947316e-02,4.099749e-05,1.816212e-03,1.149534e-02,2.930134e-05
