# rmse alpha/u,rmse phic/h,rmse h/r,spread alpha/u,spread phic/h,spread h/r
1.269531e-01,9.530839e-03,6.685387e-03,2.047038e-01,2.055666e-01,1.883937e-01
4.240312e-03,1.927232e-02,5.698039e-05,1.929629e-03,1.334675e-02,3.959679e-05
