# rmse alpha/u,rmse phic/h,rmse h/r,spread alpha/u,spread phic/h,spread h/r
1.269531e-01,9.530839e-03,6.685387e-03,2.047038e-01,2.055666e-01,1.883937e-01
3.387574e-03,2.059959e-02,3.835217e-05,2.366609e-03,1.460073e-02,3.015323e-05
