# rmse alpha/u,rmse phic/h,rmse h/r,spread alpha/u,spread phic/h,spread h/r
1.269531e-01,9.530839e-03,6.685387e-03,2.047038e-01,2.055666e-01,1.883937e-01
3.187871e-03,1.833587e-02,4.406777e-05,2.083063e-03,1.535247e-02,2.910082e-05
