# rmse alpha/u,rmse phic/h,rmse h/r,spread alpha/u,spread phic/h,spread h/r
1.269531e-01,9.530839e-03,6.685387e-03,2.047038e-01,2.055666e-01,1.883937e-01
5.062599e-03,2.027945e-02,5.251970e-05,2.754324e-03,1.802782e-02,3.072671e-05
