# rmse alpha/u,rmse phic/h,rmse h/r,spread alpha/u,spread phic/h,spread h/r
1.217421e-03,1.868328e-01,2.238887e-02,2.178019e-01,1.997102e-01,1.533221e-01
4.219035e-03,3.235824e-02,2.587134e-05,3.229887e-03,2.473117e-02,2.387539e-05
