# rmse alpha/u,rmse phic/h,rmse h/r,spread alpha/u,spread phic/h,spread h/r
1.217421e-03,1.868328e-01,2.238887e-02,2.178019e-01,1.997102e-01,1.533221e-01
5.597429e-03,3.690514e-02,2.778278e-05,4.017084e-03,2.944460e-02,2.658688e-05
