# rmse alpha/u,rmse phic/h,rmse h/r,spread alpha/u,spread phic/h,spread h/r
1.217421e-03,1.868328e-01,2.238887e-02,2.178019e-01,1.997102e-01,1.533221e-01
5.389032e-03,3.135092e-02,2.320414e-05,3.618666e-03,2.898966e-02,2.534348e-05
