# rmse alpha/u,rmse phic/h,rmse h/r,spread alpha/u,spread phic/h,spread h/r
1.217421e-03,1.868328e-01,2.238887e-02,2.178019e-01,1.997102e-01,1.533221e-01
4.359091e-03,3.028138e-02,2.341408e-05,3.656059e-03,3.018449e-02,2.374616e-05
