# rmse alpha/u,rmse phic/h,rmse h/r,spread alpha/u,spread phic/h,spread h/r
1.217421e-03,1.868328e-01,2.238887e-02,2.178019e-01,1.997102e-01,1.533221e-01
5.708769e-03,4.338704e-02,2.481989e-05,3.590842e-03,2.977084e-02,2.290873e-05
