# rmse alpha/u,rmse phic/h,rmse h/r,spread alpha/u,spread phic/h,spread h/r
1.217421e-03,1.868328e-01,2.238887e-02,2.178019e-01,1.997102e-01,1.533221e-01
5.109980e-03,3.603186e-02,2.388195e-05,4.093679e-03,3.503988e-02,2.533078e-05
