# rmse alpha/u,rmse phic/h,rmse h/r,spread alpha/u,spread phic/h,spread h/r
1.217421e-03,1.868328e-01,2.238887e-02,2.178019e-01,1.997102e-01,1.533221e-01
4.691923e-03,3.320497e-02,3.470832e-05,3.330621e-03,2.551238e-02,2.518192e-05
