# rmse alpha/u,rmse phic/h,rmse h/r,spread alpha/u,spread phic/h,spread h/r
1.217421e-03,1.868328e-01,2.238887e-02,2.178019e-01,1.997102e-01,1.533221e-01
3.429841e-03,2.028604e-02,2.680740e-05,3.278092e-03,2.390175e-02,2.259329e-05
