# rmse alpha/u,rmse phic/h,rmse h/r,spread alpha/u,spread phic/h,spread h/r
1.699822e-01,1.130591e-01,1.049773e-01,1.403608e-01,1.014583e-01,1.044220e-01
8.083462e-04,6.195510e-03,2.138474e-05,8.000713e-04,6.346216e-03,4.435618e-05
