# rmse alpha/u,rmse phic/h,rmse h/r,spread alpha/u,spread phic/h,spread h/r
1.699822e-01,1.130591e-01,1.049773e-01,1.403608e-01,1.014583e-01,1.044220e-01
8.373258e-04,6.658780e-03,2.622152e-05,8.159155e-04,6.397483e-03,4.539685e-05
