# rmse alpha/u,rmse phic/h,rmse h/r,spread alpha/u,spread phic/h,spread h/r
1.699822e-01,1.130591e-01,1.049773e-01,1.403608e-01,1.014583e-01,1.044220e-01
7.993530e-04,6.155590e-03,2.021825e-05,7.802636e-04,6.014928e-03,4.665083e-05
