# rmse alpha/u,rmse phic/h,rmse h/r,spread alpha/u,spread phic/h,spread h/r
7.056764e-03,2.453568e-03,1.469224e-02,5.487514e-02,9.391668e-02,1.060235e-01
8.751632e-04,6.738758e-03,2.077121e-05,8.334131e-04,6.470214e-03,4.064777e-05
