# rmse alpha/u,rmse phic/h,rmse h/r,spread alpha/u,spread phic/h,spread h/r
7.056764e-03,2.453568e-03,1.469224e-02,5.487514e-02,9.391668e-02,1.060235e-01
8.828968e-04,6.737405e-03,2.086862e-05,8.102388e-04,6.162544e-03,3.926698e-05
