# rmse alpha/u,rmse phic/h,rmse h/r,spread alpha/u,spread phic/h,spread h/r
7.056764e-03,2.453568e-03,1.469224e-02,5.487514e-02,9.391668e-02,1.060235e-01
9.178835e-04,7.539444e-03,2.888159e-05,8.460177e-04,6.523990e-03,4.104108e-05
