# rmse alpha/u,rmse phic/h,rmse h/r,spread alpha/u,spread phic/h,spread h/r
7.056764e-03,2.453568e-03,1.469224e-02,5.487514e-02,9.391668e-02,1.060235e-01
9.041691e-04,6.230704e-03,2.594550e-05,8.150189e-04,6.109869e-03,4.056377e-05
