# rmse alpha/u,rmse phic/h,rmse h/r,spread alpha/u,spread phic/h,spread h/r
7.056764e-03,2.453568e-03,1.469224e-02,5.487514e-02,9.391668e-02,1.060235e-01
8.483747e-04,7.696558e-03,2.464963e-05,8.294872e-04,6.526221e-03,4.213032e-05
