# rmse alpha/u,rmse phic/h,rmse h/r,spread alpha/u,spread phic/h,spread h/r
3.291656e-02,2.257234e-01,2.938427e-01,1.982756e-01,1.909562e-01,1.621428e-01
2.543442e-03,1.716039e-02,2.454990e-05,1.651600e-03,1.238398e-02,3.067614e-05
