# rmse alpha/u,rmse phic/h,rmse h/r,spread alpha/u,spread phic/h,spread h/r
3.291656e-02,2.257234e-01,2.938427e-01,1.982756e-01,1.909562e-01,1.621428e-01
2.428427e-03,1.147493e-02,2.329077e-05,1.735758e-03,1.112101e-02,2.795619e-05
