# rmse alpha/u,rmse phic/h,rmse h/r,spread alpha/u,spread phic/h,spread h/r
3.291656e-02,2.257234e-01,2.938427e-01,1.982756e-01,1.909562e-01,1.621428e-01
3.031021e-03,1.825901e-02,2.859301e-05,2.363130e-03,1.624663e-02,3.288275e-05
