# rmse alpha/u,rmse phic/h,rmse h/r,spread alpha/u,spread phic/h,spread h/r
3.291656e-02,2.257234e-01,2.938427e-01,1.982756e-01,1.909562e-01,1.621428e-01
4.530181e-03,2.383618e-02,3.581008e-05,2.425237e-03,1.744963e-02,3.421601e-05
