# rmse alpha/u,rmse phic/h,rmse h/r,spread alpha/u,spread phic/h,spread h/r
3.291656e-02,2.257234e-01,2.938427e-01,1.982756e-01,1.909562e-01,1.621428e-01
3.527495e-03,2.231334e-02,3.363815e-05,2.246159e-03,1.555705e-02,3.480323e-05
