# rmse alpha/u,rmse phic/h,rmse h/r,spread alpha/u,spread phic/h,spread h/r
3.291656e-02,2.257234e-01,2.938427e-01,1.982756e-01,1.909562e-01,1.621428e-01
3.660551e-03,2.173573e-02,3.211521e-05,2.432610e-03,1.740602e-02,3.531059e-05
