# rmse alpha/u,rmse phic/h,rmse h/r,spread alpha/u,spread phic/h,spread h/r
1.313770e-01,4.654490e-02,5.759061e-03,2.029553e-01,2.401346e-01,2.180772e-01
8.069801e-04,6.510120e-03,1.270367e-04,7.860645e-04,6.040980e-03,1.556916e-05
