# rmse alpha/u,rmse phic/h,rmse h/r,spread alpha/u,spread phic/h,spread h/r
1.313770e-01,4.654490e-02,5.759061e-03,2.029553e-01,2.401346e-01,2.180772e-01
1.027317e-03,6.240438e-03,1.266451e-04,8.525318e-04,6.378932e-03,1.247711e-05
