# rmse alpha/u,rmse phic/h,rmse h/r,spread alpha/u,spread phic/h,spread h/r
1.313770e-01,4.654490e-02,5.759061e-03,2.029553e-01,2.401346e-01,2.180772e-01
8.617909e-04,5.916011e-03,1.270933e-04,8.493400e-04,6.349588e-03,1.940960e-05
