# rmse alpha/u,rmse phic/h,rmse h/r,spread alpha/u,spread phic/h,spread h/r
1.313770e-01,4.654490e-02,5.759061e-03,2.029553e-01,2.401346e-01,2.180772e-01
8.516810e-04,6.402155e-03,1.170863e-04,8.312169e-04,6.185164e-03,1.728602e-05
