# rmse alpha/u,rmse phic/h,rmse h/r,spread alpha/u,spread phic/h,spread h/r
8.189509e-02,9.361248e-02,3.306201e-02,1.247900e-01,9.991201e-02,7.310311e-02
3.006199e-03,1.542928e-02,3.520083e-05,2.213432e-03,1.639560e-02,4.581217e-05
