# rmse alpha/u,rmse phic/h,rmse h/r,spread alpha/u,spread phic/h,spread h/r
8.189509e-02,9.361248e-02,3.306201e-02,1.247900e-01,9.991201e-02,7.310311e-02
3.685796e-03,2.241937e-02,3.812962e-05,3.152021e-03,2.292303e-02,4.533054e-05
