# rmse alpha/u,rmse phic/h,rmse h/r,spread alpha/u,spread phic/h,spread h/r
8.189509e-02,9.361248e-02,3.306201e-02,1.247900e-01,9.991201e-02,7.310311e-02
3.197620e-03,2.246907e-02,3.252540e-05,2.461250e-03,1.756133e-02,4.220865e-05
