# rmse alpha/u,rmse phic/h,rmse h/r,spread alpha/u,spread phic/h,spread h/r
8.189509e-02,9.361248e-02,3.306201e-02,1.247900e-01,9.991201e-02,7.310311e-02
4.159060e-03,2.366026e-02,3.881746e-05,2.633205e-03,1.894335e-02,4.641379e-05
