# rmse alpha/u,rmse phic/h,rmse h/r,spread alpha/u,spread phic/h,spread h/r
8.189509e-02,9.361248e-02,3.306201e-02,1.247900e-01,9.991201e-02,7.310311e-02
3.306394e-03,2.383806e-02,4.409807e-05,2.253417e-03,1.657974e-02,4.290125e-05
