# rmse alpha/u,rmse phic/h,rmse h/r,spread alpha/u,spread phic/h,spread h/r
8.189509e-02,9.361248e-02,3.306201e-02,1.247900e-01,9.991201e-02,7.310311e-02
2.838190e-03,1.862283e-02,4.261759e-05,2.445788e-03,1.708758e-02,4.223280e-05
