# rmse alpha/u,rmse phic/h,rmse h/r,spread alpha/u,spread phic/h,spread h/r
3.519357e-01,5.914578e-01,5.767501e-01,1.811844e-01,2.189349e-01,1.830777e-01
3.125389e-03,1.864107e-02,2.760578e-05,1.614686e-03,1.154347e-02,1.996438e-05
