# rmse alpha/u,rmse phic/h,rmse h/r,spread alpha/u,spread phic/h,spread h/r
3.519357e-01,5.914578e-01,5.767501e-01,1.811844e-01,2.189349e-01,1.830777e-01
3.519718e-03,1.855189e-02,3.764650e-05,2.012487e-03,1.352683e-02,2.307588e-05
