# rmse alpha/u,rmse phic/h,rmse h/r,spread alpha/u,spread phic/h,spread h/r
3.519357e-01,5.914578e-01,5.767501e-01,1.811844e-01,2.189349e-01,1.830777e-01
3.110027e-03,2.299448e-02,3.989923e-05,1.546209e-03,1.087678e-02,2.007313e-05
