# rmse alpha/u,rmse phic/h,rmse h/r,spread alpha/u,spread phic/h,spread h/r
3.519357e-01,5.914578e-01,5.767501e-01,1.811844e-01,2.189349e-01,1.830777e-01
3.616762e-03,1.770496e-02,3.105206e-05,1.685262e-03,1.137285e-02,1.874381e-05
