# rmse alpha/u,rmse phic/h,rmse h/r,spread alpha/u,spread phic/h,spread h/r
3.519357e-01,5.914578e-01,5.767501e-01,1.811844e-01,2.189349e-01,1.830777e-01
2.768737e-03,1.755161e-02,3.012275e-05,1.562832e-03,1.064596e-02,1.795916e-05
