# rmse alpha/u,rmse phic/h,rmse h/r,spread alpha/u,spread phic/h,spread h/r
3.519357e-01,5.914578e-01,5.767501e-01,1.811844e-01,2.189349e-01,1.830777e-01
3.248677e-03,1.874242e-02,2.688331e-05,1.555555e-03,1.024021e-02,1.694331e-05
