# rmse alpha/u,rmse phic/h,rmse h/r,spread alpha/u,spread phic/h,spread h/r
3.519357e-01,5.914578e-01,5.767501e-01,1.811844e-01,2.189349e-01,1.830777e-01
2.244400e-03,1.608261e-02,3.020539e-05,1.429136e-03,1.057347e-02,2.066776e-05
