# rmse alpha/u,rmse phic/h,rmse h/r,spread alpha/u,spread phic/h,spread h/r
2.803050e-01,2.361769e-01,1.741212e-01,1.737636e-01,1.875452e-01,1.616644e-01
3.977373e-03,1.882240e-02,4.049617e-05,1.917640e-03,1.313752e-02,3.333829e-05
