# rmse alpha/u,rmse phic/h,rmse h/r,spread alpha/u,spread phic/h,spread h/r
2.803050e-01,2.361769e-01,1.741212e-01,1.737636e-01,1.875452e-01,1.616644e-01
3.324990e-03,1.617691e-02,4.433529e-05,1.585738e-03,1.040856e-02,3.063027e-05
