# rmse alpha/u,rmse phic/h,rmse h/r,spread alpha/u,spread phic/h,spread h/r
4.429482e-02,1.680583e-03,3.272181e-03,1.927996e-01,2.373932e-01,2.334187e-01
2.599715e-03,1.859652e-02,3.308240e-05,2.348336e-03,1.686584e-02,3.047573e-05
