# rmse alpha/u,rmse phic/h,rmse h/r,spread alpha/u,spread phic/h,spread h/r
4.429482e-02,1.680583e-03,3.272181e-03,1.927996e-01,2.373932e-01,2.334187e-01
3.794483e-03,2.294037e-02,4.741845e-05,2.486191e-03,1.702722e-02,3.569193e-05
