# rmse alpha/u,rmse phic/h,rmse h/r,spread alpha/u,spread phic/h,spread h/r
4.429482e-02,1.680583e-03,3.272181e-03,1.927996e-01,2.373932e-01,2.334187e-01
2.223120e-03,1.607932e-02,3.979230e-05,2.024698e-03,1.383300e-02,2.826919e-05
