# rmse alpha/u,rmse phic/h,rmse h/r,spread alpha/u,spread phic/h,spread h/r
4.429482e-02,1.680583e-03,3.272181e-03,1.927996e-01,2.373932e-01,2.334187e-01
3.215263e-03,1.902383e-02,4.737003e-05,1.563630e-03,1.112595e-02,3.104223e-05
