# rmse alpha/u,rmse phic/h,rmse h/r,spread alpha/u,spread phic/h,spread h/r
4.429482e-02,1.680583e-03,3.272181e-03,1.927996e-01,2.373932e-01,2.334187e-01
3.730456e-03,2.209258e-02,4.773801e-05,1.689291e-03,1.226111e-02,2.934182e-05
