# rmse alpha/u,rmse phic/h,rmse h/r,spread alpha/u,spread phic/h,spread h/r
2.881180e-02,2.074852e-01,2.970417e-01,1.593925e-01,2.113047e-01,1.635165e-01
3.497362e-03,2.242648e-02,3.000356e-05,1.771500e-03,1.377528e-02,4.674804e-05
