# rmse alpha/u,rmse phic/h,rmse h/r,spread alpha/u,spread phic/h,spread h/r
2.881180e-02,2.074852e-01,2.970417e-01,1.593925e-01,2.113047e-01,1.635165e-01
3.882530e-03,2.238413e-02,3.387986e-05,1.921924e-03,1.392511e-02,4.500889e-05
