# rmse alpha/u,rmse phic/h,rmse h/r,spread alpha/u,spread phic/h,spread h/r
2.881180e-02,2.074852e-01,2.970417e-01,1.593925e-01,2.113047e-01,1.635165e-01
3.101936e-03,1.551394e-02,3.615841e-05,1.871562e-03,1.338531e-02,4.575158e-05
