# rmse alpha/u,rmse phic/h,rmse h/r,spread alpha/u,spread phic/h,spread h/r
2.881180e-02,2.074852e-01,2.970417e-01,1.593925e-01,2.113047e-01,1.635165e-01
2.614639e-03,2.009937e-02,3.830112e-05,1.621692e-03,1.290625e-02,4.825598e-05
