# rmse alpha/u,rmse phic/h,rmse h/r,spread alpha/u,spread phic/h,spread h/r
8.807908e-02,1.727770e-01,1.492461e-01,8.707690e-02,1.037060e-01,7.410846e-02
8.407334e-04,6.874379e-03,1.955877e-05,8.392144e-04,6.592495e-03,4.818278e-05
