# rmse alpha/u,rmse phic/h,rmse h/r,spread alpha/u,spread phic/h,spread h/r
8.807908e-02,1.727770e-01,1.492461e-01,8.707690e-02,1.037060e-01,7.410846e-02
9.029712e-04,7.374355e-03,2.606445e-05,8.967420e-04,7.259306e-03,5.162561e-05
