# rmse alpha/u,rmse phic/h,rmse h/r,spread alpha/u,spread phic/h,spread h/r
8.807908e-02,1.727770e-01,1.492461e-01,8.707690e-02,1.037060e-01,7.410846e-02
8.529318e-04,7.119317e-03,2.688648e-05,8.635414e-04,6.989617e-03,5.027382e-05
