# rmse alpha/u,rmse phic/h,rmse h/r,spread alpha/u,spread phic/h,spread h/r
8.807908e-02,1.727770e-01,1.492461e-01,8.707690e-02,1.037060e-01,7.410846e-02
8.906559e-04,7.140772e-03,2.842342e-05,8.877126e-04,7.192085e-03,5.161890e-05
