# rmse alpha/u,rmse phic/h,rmse h/r,spread alpha/u,spread phic/h,spread h/r
6.232715e-02,4.184856e-02,2.915007e-01,1.906733e-01,1.720275e-01,1.565591e-01
2.167597e-03,1.486327e-02,3.534539e-05,1.164923e-03,7.943108e-03,2.042176e-05
