# rmse alpha/u,rmse phic/h,rmse h/r,spread alpha/u,spread phic/h,spread h/r
6.232715e-02,4.184856e-02,2.915007e-01,1.906733e-01,1.720275e-01,1.565591e-01
3.347884e-03,1.811942e-02,3.313209e-05,1.563755e-03,1.059336e-02,1.998940e-05
