# rmse alpha/u,rmse phic/h,rmse h/r,spread alpha/u,spread phic/h,spread h/r
6.232715e-02,4.184856e-02,2.915007e-01,1.906733e-01,1.720275e-01,1.565591e-01
3.122088e-03,2.431666e-02,6.476753e-05,1.817548e-03,1.347154e-02,3.135808e-05
