# rmse alpha/u,rmse phic/h,rmse h/r,spread alpha/u,spread phic/h,spread h/r
6.232715e-02,4.184856e-02,2.915007e-01,1.906733e-01,1.720275e-01,1.565591e-01
4.622197e-03,2.528230e-02,4.821498e-05,1.723388e-03,1.288170e-02,3.017320e-05
