# rmse alpha/u,rmse phic/h,rmse h/r,spread alpha/u,spread phic/h,spread h/r
6.232715e-02,4.184856e-02,2.915007e-01,1.906733e-01,1.720275e-01,1.565591e-01
3.447883e-03,1.710445e-02,3.772345e-05,1.777144e-03,1.169890e-02,2.498240e-05
