# rmse alpha/u,rmse phic/h,rmse h/r,spread alpha/u,spread phic/h,spread h/r
6.232715e-02,4.184856e-02,2.915007e-01,1.906733e-01,1.720275e-01,1.565591e-01
1.748208e-03,1.439071e-02,4.437740e-05,1.203654e-03,8.482735e-03,2.124254e-05
