# rmse alpha/u,rmse phic/h,rmse h/r,spread alpha/u,spread phic/h,spread h/r
9.723084e-02,8.871351e-06,2.113368e-02,2.064906e-01,1.899857e-01,1.562718e-01
4.514860e-03,3.777270e-02,6.246393e-05,3.671764e-03,2.924674e-02,5.802194e-05
