# rmse alpha/u,rmse phic/h,rmse h/r,spread alpha/u,spread phic/h,spread h/r
9.723084e-02,8.871351e-06,2.113368e-02,2.064906e-01,1.899857e-01,1.562718e-01
4.441116e-03,3.387157e-02,6.958708e-05,3.321598e-03,2.451909e-02,4.904489e-05
