# rmse alpha/u,rmse phic/h,rmse h/r,spread alpha/u,spread phic/h,spread h/r
9.723084e-02,8.871351e-06,2.113368e-02,2.064906e-01,1.899857e-01,1.562718e-01
4.660957e-03,3.310590e-02,6.451562e-05,3.683811e-03,2.842331e-02,5.592477e-05
