# rmse alpha/u,rmse phic/h,rmse h/r,spread alpha/u,spread phic/h,spread h/r
9.723084e-02,8.871351e-06,2.113368e-02,2.064906e-01,1.899857e-01,1.562718e-01
4.603975e-03,3.123010e-02,6.846602e-05,3.558348e-03,2.660032e-02,5.523695e-05
