# rmse alpha/u,rmse phic/h,rmse h/r,spread alpha/u,spread phic/h,spread h/r
9.723084e-02,8.871351e-06,2.113368e-02,2.064906e-01,1.899857e-01,1.562718e-01
5.098943e-03,3.011885e-02,6.363028e-05,3.392262e-03,2.502973e-02,5.106405e-05
