# rmse alpha/u,rmse phic/h,rmse h/r,spread alpha/u,spread phic/h,spread h/r
6.365326e-01,4.010579e-01,5.282509e-01,1.813633e-01,2.153254e-01,1.756998e-01
2.869836e-03,2.100690e-02,4.041422e-05,2.709320e-03,1.895460e-02,2.646889e-05
