# rmse alpha/u,rmse phic/h,rmse h/r,spread alpha/u,spread phic/h,spread h/r
6.365326e-01,4.010579e-01,5.282509e-01,1.813633e-01,2.153254e-01,1.756998e-01
3.404081e-03,1.747837e-02,3.292900e-05,2.808576e-03,1.966838e-02,2.569716e-05
