# rmse alpha/u,rmse phic/h,rmse h/r,spread alpha/u,spread phic/h,spread h/r
6.365326e-01,4.010579e-01,5.282509e-01,1.813633e-01,2.153254e-01,1.756998e-01
4.787330e-03,2.830126e-02,4.480226e-05,2.974246e-03,2.126076e-02,3.086610e-05
