# rmse alpha/u,rmse phic/h,rmse h/r,spread alpha/u,spread phic/h,spread h/r
6.365326e-01,4.010579e-01,5.282509e-01,1.813633e-01,2.153254e-01,1.756998e-01
3.225535e-03,1.567440e-02,4.308793e-05,2.330702e-03,1.573856e-02,2.457810e-05
