# rmse alpha/u,rmse phic/h,rmse h/r,spread alpha/u,spread phic/h,spread h/r
6.365326e-01,4.010579e-01,5.282509e-01,1.813633e-01,2.153254e-01,1.756998e-01
3.207125e-03,1.724011e-02,4.223874e-05,2.426872e-03,1.717898e-02,2.328690e-05
