# rmse alpha/u,rmse phic/h,rmse h/r,spread alpha/u,spread phic/h,spread h/r
1.051615e-01,1.007119e-06,2.088818e-02,1.982756e-01,1.909562e-01,1.621428e-01
5.733896e-03,4.814503e-02,6.086047e-05,3.899385e-03,3.077531e-02,4.021803e-05
