# rmse alpha/u,rmse phic/h,rmse h/r,spread alpha/u,spread phic/h,spread h/r
1.051615e-01,1.007119e-06,2.088818e-02,1.982756e-01,1.909562e-01,1.621428e-01
5.111207e-03,4.132744e-02,6.070159e-05,2.754620e-03,2.263261e-02,3.725810e-05
