# rmse alpha/u,rmse phic/h,rmse h/r,spread alpha/u,spread phic/h,spread h/r
1.051615e-01,1.007119e-06,2.088818e-02,1.982756e-01,1.909562e-01,1.621428e-01
5.562877e-03,3.419390e-02,2.672382e-05,2.782561e-03,1.896353e-02,2.015009e-05
