# rmse alpha/u,rmse phic/h,rmse h/r,spread alpha/u,spread phic/h,spread h/r
1.051615e-01,1.007119e-06,2.088818e-02,1.982756e-01,1.909562e-01,1.621428e-01
6.324599e-03,3.420816e-02,4.247334e-05,3.046739e-03,2.163053e-02,2.400488e-05
