# rmse alpha/u,rmse phic/h,rmse h/r,spread alpha/u,spread phic/h,spread h/r
1.051615e-01,1.007119e-06,2.088818e-02,1.982756e-01,1.909562e-01,1.621428e-01
4.243196e-03,3.598861e-02,5.407321e-05,2.453063e-03,1.868314e-02,2.911703e-05
