# rmse alpha/u,rmse phic/h,rmse h/r,spread alpha/u,spread phic/h,spread h/r
1.051615e-01,1.007119e-06,2.088818e-02,1.982756e-01,1.909562e-01,1.621428e-01
4.773168e-03,3.103158e-02,5.159389e-05,2.476415e-03,1.852805e-02,2.575042e-05
