# rmse alpha/u,rmse phic/h,rmse h/r,spread alpha/u,spread phic/h,spread h/r
1.051615e-01,1.007119e-06,2.088818e-02,1.982756e-01,1.909562e-01,1.621428e-01
4.287001e-03,2.285843e-02,4.360558e-05,2.667123e-03,1.819945e-02,2.297427e-05
