# rmse alpha/u,rmse phic/h,rmse h/r,spread alpha/u,spread phic/h,spread h/r
1.245583e-02,3.098304e-02,3.404076e-02,1.344016e-01,2.364565e-01,1.307525e-01
8.493738e-04,7.016872e-03,1.939951e-05,8.705389e-04,6.808134e-03,5.278834e-05
