# rmse alpha/u,rmse phic/h,rmse h/r,spread alpha/u,spread phic/h,spread h/r
1.245583e-02,3.098304e-02,3.404076e-02,1.344016e-01,2.364565e-01,1.307525e-01
8.380124e-04,6.505512e-03,2.004334e-05,8.479549e-04,6.749754e-03,5.162823e-05
