# rmse alpha/u,rmse phic/h,rmse h/r,spread alpha/u,spread phic/h,spread h/r
1.245583e-02,3.098304e-02,3.404076e-02,1.344016e-01,2.364565e-01,1.307525e-01
8.827281e-04,7.191021e-03,2.067372e-05,8.530416e-04,6.685176e-03,5.148680e-05
