# rmse alpha/u,rmse phic/h,rmse h/r,spread alpha/u,spread phic/h,spread h/r
1.245583e-02,3.098304e-02,3.404076e-02,1.344016e-01,2.364565e-01,1.307525e-01
8.750444e-04,6.985931e-03,2.046423e-05,8.683557e-04,6.937469e-03,5.434416e-05
