# rmse alpha/u,rmse phic/h,rmse h/r,spread alpha/u,spread phic/h,spread h/r
3.553823e-01,2.026353e-01,2.262923e-01,1.242292e-01,2.019602e-01,1.801946e-01
2.459495e-03,1.260563e-02,2.844083e-05,1.853113e-03,1.289526e-02,2.732059e-05
