# rmse alpha/u,rmse phic/h,rmse h/r,spread alpha/u,spread phic/h,spread h/r
3.553823e-01,2.026353e-01,2.262923e-01,1.242292e-01,2.019602e-01,1.801946e-01
2.585289e-03,1.470827e-02,3.873993e-05,1.568299e-03,1.096830e-02,2.527615e-05
