# rmse alpha/u,rmse phic/h,rmse h/r,spread alpha/u,spread phic/h,spread h/r
3.553823e-01,2.026353e-01,2.262923e-01,1.242292e-01,2.019602e-01,1.801946e-01
3.631349e-03,2.381492e-02,2.682295e-05,2.253550e-03,1.620317e-02,2.812215e-05
