# rmse alpha/u,rmse phic/h,rmse h/r,spread alpha/u,spread phic/h,spread h/r
3.553823e-01,2.026353e-01,2.262923e-01,1.242292e-01,2.019602e-01,1.801946e-01
1.921883e-03,1.579792e-02,2.558306e-05,1.643790e-03,1.232958e-02,2.759178e-05
