# rmse alpha/u,rmse phic/h,rmse h/r,spread alpha/u,spread phic/h,spread h/r
3.553823e-01,2.026353e-01,2.262923e-01,1.242292e-01,2.019602e-01,1.801946e-01
2.490488e-03,1.850105e-02,3.038543e-05,1.571419e-03,1.123132e-02,2.501713e-05
