# rmse alpha/u,rmse phic/h,rmse h/r,spread alpha/u,spread phic/h,spread h/r
3.553823e-01,2.026353e-01,2.262923e-01,1.242292e-01,2.019602e-01,1.801946e-01
3.004315e-03,2.559568e-02,3.593586e-05,2.659911e-03,1.925034e-02,2.428363e-05
