# rmse alpha/u,rmse phic/h,rmse h/r,spread alpha/u,spread phic/h,spread h/r
5.285009e-02,2.555293e-01,5.023665e-01,1.475959e-01,2.227898e-01,1.507363e-01
5.308462e-03,4.189044e-02,2.425515e-05,3.821788e-03,3.172932e-02,2.673725e-05
