# rmse alpha/u,rmse phic/h,rmse h/r,spread alpha/u,spread phic/h,spread h/r
2.586193e-02,2.403778e-03,2.752471e-05,2.007018e-01,2.348895e-01,2.071683e-01
3.868792e-03,2.271562e-02,5.843113e-05,2.106010e-03,1.509240e-02,4.218125e-05
