# rmse alpha/u,rmse phic/h,rmse h/r,spread alpha/u,spread phic/h,spread h/r
2.586193e-02,2.403778e-03,2.752471e-05,2.007018e-01,2.348895e-01,2.071683e-01
4.174083e-03,2.765151e-02,4.586388e-05,2.160391e-03,1.543626e-02,4.083008e-05
