# rmse alpha/u,rmse phic/h,rmse h/r,spread alpha/u,spread phic/h,spread h/r
2.586193e-02,2.403778e-03,2.752471e-05,2.007018e-01,2.348895e-01,2.071683e-01
3.549878e-03,2.444436e-02,5.102230e-05,2.074321e-03,1.534943e-02,4.276156e-05
