# rmse alpha/u,rmse phic/h,rmse h/r,spread alpha/u,spread phic/h,spread h/r
2.586193e-02,2.403778e-03,2.752471e-05,2.007018e-01,2.348895e-01,2.071683e-01
2.877676e-03,1.762221e-02,5.331673e-05,1.884334e-03,1.353639e-02,4.297068e-05
