# rmse alpha/u,rmse phic/h,rmse h/r,spread alpha/u,spread phic/h,spread h/r
2.586193e-02,2.403778e-03,2.752471e-05,2.007018e-01,2.348895e-01,2.071683e-01
3.484775e-03,1.514292e-02,6.020021e-05,2.227079e-03,1.470445e-02,4.015118e-05
