# rmse alpha/u,rmse phic/h,rmse h/r,spread alpha/u,spread phic/h,spread h/r
2.586193e-02,2.403778e-03,2.752471e-05,2.007018e-01,2.348895e-01,2.071683e-01
2.563920e-03,1.618135e-02,4.239939e-05,1.737166e-03,1.183299e-02,3.870228e-05
