# rmse alpha/u,rmse phic/h,rmse h/r,spread alpha/u,spread phic/h,spread h/r
1.018476e-01,1.522086e-01,3.903976e-01,1.969593e-01,1.699969e-01,1.470455e-01
3.406035e-03,1.700872e-02,1.592907e-05,1.970626e-03,1.296901e-02,2.053970e-05
