# rmse alpha/u,rmse phic/h,rmse h/r,spread alpha/u,spread phic/h,spread h/r
1.018476e-01,1.522086e-01,3.903976e-01,1.969593e-01,1.699969e-01,1.470455e-01
3.229203e-03,1.328325e-02,3.996598e-05,1.339614e-03,8.845939e-03,2.437533e-05
