# rmse alpha/u,rmse phic/h,rmse h/r,spread alpha/u,spread phic/h,spread h/r
1.018476e-01,1.522086e-01,3.903976e-01,1.969593e-01,1.699969e-01,1.470455e-01
3.128584e-03,2.047206e-02,4.049407e-05,2.074369e-03,1.535653e-02,3.094903e-05
