# rmse alpha/u,rmse phic/h,rmse h/r,spread alpha/u,spread phic/h,spread h/r
1.018476e-01,1.522086e-01,3.903976e-01,1.969593e-01,1.699969e-01,1.470455e-01
4.229819e-03,2.262659e-02,3.330920e-05,2.129551e-03,1.419683e-02,2.486494e-05
