# rmse alpha/u,rmse phic/h,rmse h/r,spread alpha/u,spread phic/h,spread h/r
1.018476e-01,1.522086e-01,3.903976e-01,1.969593e-01,1.699969e-01,1.470455e-01
4.068791e-03,2.431931e-02,4.758466e-05,2.621895e-03,1.820356e-02,3.255702e-05
