# rmse alpha/u,rmse phic/h,rmse h/r,spread alpha/u,spread phic/h,spread h/r
2.793685e-02,2.069372e-01,5.077596e-01,1.982756e-01,1.909562e-01,1.621428e-01
3.140147e-03,2.159319e-02,4.107445e-05,1.709752e-03,1.211172e-02,3.208485e-05
