# rmse alpha/u,rmse phic/h,rmse h/r,spread alpha/u,spread phic/h,spread h/r
2.793685e-02,2.069372e-01,5.077596e-01,1.982756e-01,1.909562e-01,1.621428e-01
1.830867e-03,1.092122e-02,2.186806e-05,1.613620e-03,1.094861e-02,2.551575e-05
