# rmse alpha/u,rmse phic/h,rmse h/r,spread alpha/u,spread phic/h,spread h/r
2.793685e-02,2.069372e-01,5.077596e-01,1.982756e-01,1.909562e-01,1.621428e-01
1.886640e-03,1.053245e-02,2.130019e-05,1.927773e-03,1.228860e-02,2.500720e-05
