# rmse alpha/u,rmse phic/h,rmse h/r,spread alpha/u,spread phic/h,spread h/r
2.793685e-02,2.069372e-01,5.077596e-01,1.982756e-01,1.909562e-01,1.621428e-01
3.771496e-03,2.147546e-02,2.775586e-05,2.489712e-03,1.768086e-02,3.120408e-05
