# rmse alpha/u,rmse phic/h,rmse h/r,spread alpha/u,spread phic/h,spread h/r
2.793685e-02,2.069372e-01,5.077596e-01,1.982756e-01,1.909562e-01,1.621428e-01
3.101643e-03,2.238196e-02,5.031094e-05,2.602941e-03,1.938013e-02,4.540929e-05
