# rmse alpha/u,rmse phic/h,rmse h/r,spread alpha/u,spread phic/h,spread h/r
2.793685e-02,2.069372e-01,5.077596e-01,1.982756e-01,1.909562e-01,1.621428e-01
2.897989e-03,2.337099e-02,5.514219e-05,2.336428e-03,1.744113e-02,4.391566e-05
