# rmse alpha/u,rmse phic/h,rmse h/r,spread alpha/u,spread phic/h,spread h/r
2.793685e-02,2.069372e-01,5.077596e-01,1.982756e-01,1.909562e-01,1.621428e-01
2.545745e-03,1.937634e-02,5.323330e-05,1.306026e-03,9.240193e-03,3.210629e-05
