# rmse alpha/u,rmse phic/h,rmse h/r,spread alpha/u,spread phic/h,spread h/r
2.793685e-02,2.069372e-01,5.077596e-01,1.982756e-01,1.909562e-01,1.621428e-01
1.149528e-03,7.430525e-03,2.362529e-05,9.907026e-04,7.443365e-03,2.735835e-05
