# rmse alpha/u,rmse phic/h,rmse h/r,spread alpha/u,spread phic/h,spread h/r
2.793685e-02,2.069372e-01,5.077596e-01,1.982756e-01,1.909562e-01,1.621428e-01
1.086748e-03,6.795077e-03,2.249775e-05,1.123983e-03,7.819096e-03,2.451016e-05
