# rmse alpha/u,rmse phic/h,rmse h/r,spread alpha/u,spread phic/h,spread h/r
2.793685e-02,2.069372e-01,5.077596e-01,1.982756e-01,1.909562e-01,1.621428e-01
3.425313e-03,1.739459e-02,2.886731e-05,2.505418e-03,1.790412e-02,3.363003e-05
