# rmse alpha/u,rmse phic/h,rmse h/r,spread alpha/u,spread phic/h,spread h/r
2.737951e-01,1.025648e-01,5.717432e-02,2.029553e-01,2.401346e-01,2.180772e-01
5.084021e-03,3.004091e-02,4.938000e-05,3.865589e-03,2.868868e-02,4.487393e-05
