# rmse alpha/u,rmse phic/h,rmse h/r,spread alpha/u,spread phic/h,spread h/r
2.737951e-01,1.025648e-01,5.717432e-02,2.029553e-01,2.401346e-01,2.180772e-01
4.114773e-03,2.313079e-02,4.111571e-05,3.918944e-03,2.640066e-02,3.629986e-05
