# rmse alpha/u,rmse phic/h,rmse h/r,spread alpha/u,spread phic/h,spread h/r
2.737951e-01,1.025648e-01,5.717432e-02,2.029553e-01,2.401346e-01,2.180772e-01
3.496911e-03,2.014884e-02,3.155883e-05,2.277604e-03,1.577419e-02,2.989105e-05
