# rmse alpha/u,rmse phic/h,rmse h/r,spread alpha/u,spread phic/h,spread h/r
2.737951e-01,1.025648e-01,5.717432e-02,2.029553e-01,2.401346e-01,2.180772e-01
3.919761e-03,2.164934e-02,2.656067e-05,2.804013e-03,1.955898e-02,3.030108e-05
