# rmse alpha/u,rmse phic/h,rmse h/r,spread alpha/u,spread phic/h,spread h/r
2.737951e-01,1.025648e-01,5.717432e-02,2.029553e-01,2.401346e-01,2.180772e-01
4.050895e-03,2.457329e-02,3.106095e-05,3.569344e-03,2.542736e-02,3.590763e-05
