# rmse alpha/u,rmse phic/h,rmse h/r,spread alpha/u,spread phic/h,spread h/r
2.737951e-01,1.025648e-01,5.717432e-02,2.029553e-01,2.401346e-01,2.180772e-01
4.342239e-03,2.375547e-02,4.247953e-05,3.340543e-03,2.463981e-02,4.192200e-05
