# rmse alpha/u,rmse phic/h,rmse h/r,spread alpha/u,spread phic/h,spread h/r
2.737951e-01,1.025648e-01,5.717432e-02,2.029553e-01,2.401346e-01,2.180772e-01
2.933875e-03,2.173746e-02,3.412365e-05,2.234270e-03,1.539451e-02,2.743626e-05
