# rmse alpha/u,rmse phic/h,rmse h/r,spread alpha/u,spread phic/h,spread h/r
6.931289e-03,3.409392e-03,4.250066e-03,1.973022e-01,2.443511e-01,2.298066e-01
3.697154e-03,2.624621e-02,4.661491e-05,2.349404e-03,1.802555e-02,5.739629e-05
