# rmse alpha/u,rmse phic/h,rmse h/r,spread alpha/u,spread phic/h,spread h/r
6.931289e-03,3.409392e-03,4.250066e-03,1.973022e-01,2.443511e-01,2.298066e-01
4.848905e-03,2.619516e-02,4.679485e-05,2.561951e-03,1.736208e-02,5.810200e-05
