# rmse alpha/u,rmse phic/h,rmse h/r,spread alpha/u,spread phic/h,spread h/r
6.931289e-03,3.409392e-03,4.250066e-03,1.973022e-01,2.443511e-01,2.298066e-01
3.126311e-03,2.033501e-02,5.481508e-05,1.967489e-03,1.425967e-02,5.464672e-05
