# rmse alpha/u,rmse phic/h,rmse h/r,spread alpha/u,spread phic/h,spread h/r
6.931289e-03,3.409392e-03,4.250066e-03,1.973022e-01,2.443511e-01,2.298066e-01
2.775206e-03,2.249008e-02,4.403660e-05,2.119023e-03,1.472285e-02,5.312385e-05
