# rmse alpha/u,rmse phic/h,rmse h/r,spread alpha/u,spread phic/h,spread h/r
6.931289e-03,3.409392e-03,4.250066e-03,1.973022e-01,2.443511e-01,2.298066e-01
3.588085e-03,1.900814e-02,4.901951e-05,2.711132e-03,1.969957e-02,6.133605e-05
