# rmse alpha/u,rmse phic/h,rmse h/r,spread alpha/u,spread phic/h,spread h/r
6.931289e-03,3.409392e-03,4.250066e-03,1.973022e-01,2.443511e-01,2.298066e-01
3.009491e-03,1.736857e-02,4.581424e-05,2.312074e-03,1.718467e-02,5.777392e-05
