# rmse alpha/u,rmse phic/h,rmse h/r,spread alpha/u,spread phic/h,spread h/r
6.931289e-03,3.409392e-03,4.250066e-03,1.973022e-01,2.443511e-01,2.298066e-01
3.264806e-03,1.951016e-02,5.274115e-05,1.933409e-03,1.320258e-02,5.731757e-05
