# rmse alpha/u,rmse phic/h,rmse h/r,spread alpha/u,spread phic/h,spread h/r
2.447112e-02,7.287477e-03,2.119679e-02,2.013667e-01,1.857652e-01,2.166409e-01
4.554195e-03,2.994117e-02,5.932926e-05,3.972989e-03,3.083502e-02,5.992832e-05
