# rmse alpha/u,rmse phic/h,rmse h/r,spread alpha/u,spread phic/h,spread h/r
2.447112e-02,7.287477e-03,2.119679e-02,2.013667e-01,1.857652e-01,2.166409e-01
4.299483e-03,2.502217e-02,5.029675e-05,3.510710e-03,2.590481e-02,5.868506e-05
