# rmse alpha/u,rmse phic/h,rmse h/r,spread alpha/u,spread phic/h,spread h/r
2.447112e-02,7.287477e-03,2.119679e-02,2.013667e-01,1.857652e-01,2.166409e-01
3.850284e-03,2.391828e-02,4.934196e-05,2.850625e-03,1.980564e-02,5.590252e-05
