# rmse alpha/u,rmse phic/h,rmse h/r,spread alpha/u,spread phic/h,spread h/r
2.447112e-02,7.287477e-03,2.119679e-02,2.013667e-01,1.857652e-01,2.166409e-01
4.009024e-03,2.449536e-02,4.916810e-05,3.158283e-03,2.283247e-02,5.289827e-05
