# rmse alpha/u,rmse phic/h,rmse h/r,spread alpha/u,spread phic/h,spread h/r
2.053163e-01,1.170015e-01,8.437223e-02,1.167436e-01,9.945168e-02,7.872840e-02
1.010311e-03,9.805330e-03,4.048921e-05,1.103826e-03,8.319056e-03,4.872810e-05
