# rmse alpha/u,rmse phic/h,rmse h/r,spread alpha/u,spread phic/h,spread h/r
2.053163e-01,1.170015e-01,8.437223e-02,1.167436e-01,9.945168e-02,7.872840e-02
2.890589e-03,1.293124e-02,4.179080e-05,1.390797e-03,9.705875e-03,5.004430e-05
