# rmse alpha/u,rmse phic/h,rmse h/r,spread alpha/u,spread phic/h,spread h/r
2.053163e-01,1.170015e-01,8.437223e-02,1.167436e-01,9.945168e-02,7.872840e-02
2.603228e-03,1.524997e-02,4.325526e-05,1.403700e-03,1.005145e-02,5.058974e-05
