# rmse alpha/u,rmse phic/h,rmse h/r,spread alpha/u,spread phic/h,spread h/r
2.053163e-01,1.170015e-01,8.437223e-02,1.167436e-01,9.945168e-02,7.872840e-02
1.315935e-03,7.331770e-03,3.306047e-05,9.815253e-04,7.464892e-03,4.777072e-05
