# rmse alpha/u,rmse phic/h,rmse h/r,spread alpha/u,spread phic/h,spread h/r
2.338351e-01,2.122021e-01,2.051226e-01,2.040651e-01,2.045934e-01,1.851052e-01
4.510588e-03,3.061075e-02,5.316900e-05,2.925453e-03,2.091915e-02,3.851675e-05
