# rmse alpha/u,rmse phic/h,rmse h/r,spread alpha/u,spread phic/h,spread h/r
2.338351e-01,2.122021e-01,2.051226e-01,2.040651e-01,2.045934e-01,1.851052e-01
3.548634e-03,1.652694e-02,3.028102e-05,2.745956e-03,1.940965e-02,3.565611e-05
