# rmse alpha/u,rmse phic/h,rmse h/r,spread alpha/u,spread phic/h,spread h/r
2.338351e-01,2.122021e-01,2.051226e-01,2.040651e-01,2.045934e-01,1.851052e-01
2.747505e-03,1.374327e-02,3.079859e-05,2.424007e-03,1.734964e-02,3.730311e-05
