# rmse alpha/u,rmse phic/h,rmse h/r,spread alpha/u,spread phic/h,spread h/r
1.655752e-03,1.244679e-04,1.480310e-03,7.046277e-02,8.403390e-02,8.892705e-02
8.540901e-04,6.547476e-03,2.268403e-05,8.265704e-04,6.432361e-03,4.649958e-05
