# rmse alpha/u,rmse phic/h,rmse h/r,spread alpha/u,spread phic/h,spread h/r
1.655752e-03,1.244679e-04,1.480310e-03,7.046277e-02,8.403390e-02,8.892705e-02
8.576254e-04,6.356779e-03,2.213584e-05,8.158616e-04,6.522666e-03,4.548003e-05
