# rmse alpha/u,rmse phic/h,rmse h/r,spread alpha/u,spread phic/h,spread h/r
1.655752e-03,1.244679e-04,1.480310e-03,7.046277e-02,8.403390e-02,8.892705e-02
8.413984e-04,6.823525e-03,2.499605e-05,8.246689e-04,6.596160e-03,4.541106e-05
