# rmse alpha/u,rmse phic/h,rmse h/r,spread alpha/u,spread phic/h,spread h/r
1.655752e-03,1.244679e-04,1.480310e-03,7.046277e-02,8.403390e-02,8.892705e-02
8.646383e-04,7.311418e-03,2.369924e-05,8.255006e-04,6.405110e-03,4.533509e-05
