# rmse alpha/u,rmse phic/h,rmse h/r,spread alpha/u,spread phic/h,spread h/r
3.399439e-01,2.169589e-01,2.515621e-01,1.354666e-01,2.169042e-01,1.474046e-01
4.327569e-03,3.031162e-02,4.663399e-05,1.680507e-03,1.243994e-02,2.827517e-05
