# rmse alpha/u,rmse phic/h,rmse h/r,spread alpha/u,spread phic/h,spread h/r
3.399439e-01,2.169589e-01,2.515621e-01,1.354666e-01,2.169042e-01,1.474046e-01
1.984319e-03,1.026402e-02,2.259982e-05,1.242249e-03,8.123961e-03,1.871797e-05
