# rmse alpha/u,rmse phic/h,rmse h/r,spread alpha/u,spread phic/h,spread h/r
3.399439e-01,2.169589e-01,2.515621e-01,1.354666e-01,2.169042e-01,1.474046e-01
1.638023e-03,9.615620e-03,2.202202e-05,1.334946e-03,9.224312e-03,2.019396e-05
