# rmse alpha/u,rmse phic/h,rmse h/r,spread alpha/u,spread phic/h,spread h/r
3.399439e-01,2.169589e-01,2.515621e-01,1.354666e-01,2.169042e-01,1.474046e-01
3.452351e-03,2.372778e-02,3.271551e-05,2.272997e-03,1.607344e-02,2.599682e-05
