# rmse alpha/u,rmse phic/h,rmse h/r,spread alpha/u,spread phic/h,spread h/r
3.399439e-01,2.169589e-01,2.515621e-01,1.354666e-01,2.169042e-01,1.474046e-01
4.903794e-03,2.797324e-02,4.720924e-05,2.189456e-03,1.607292e-02,3.153490e-05
