# rmse alpha/u,rmse phic/h,rmse h/r,spread alpha/u,spread phic/h,spread h/r
3.399439e-01,2.169589e-01,2.515621e-01,1.354666e-01,2.169042e-01,1.474046e-01
2.197345e-03,2.010903e-02,2.962799e-05,1.826033e-03,1.311197e-02,2.819691e-05
