# rmse alpha/u,rmse phic/h,rmse h/r,spread alpha/u,spread phic/h,spread h/r
3.399439e-01,2.169589e-01,2.515621e-01,1.354666e-01,2.169042e-01,1.474046e-01
2.507827e-03,1.196665e-02,2.826352e-05,1.974818e-03,1.338315e-02,1.820218e-05
