# rmse alpha/u,rmse phic/h,rmse h/r,spread alpha/u,spread phic/h,spread h/r
2.812225e-02,3.535273e-03,4.936229e-02,1.468103e-01,8.860305e-02,9.040187e-02
3.841313e-03,2.258637e-02,3.386958e-05,2.797076e-03,1.896647e-02,2.752894e-05
