# rmse alpha/u,rmse phic/h,rmse h/r,spread alpha/u,spread phic/h,spread h/r
2.812225e-02,3.535273e-03,4.936229e-02,1.468103e-01,8.860305e-02,9.040187e-02
3.630357e-03,3.199603e-02,3.412665e-05,2.921077e-03,2.288396e-02,3.272501e-05
