# rmse alpha/u,rmse phic/h,rmse h/r,spread alpha/u,spread phic/h,spread h/r
2.812225e-02,3.535273e-03,4.936229e-02,1.468103e-01,8.860305e-02,9.040187e-02
4.986829e-03,2.550407e-02,4.324372e-05,3.075675e-03,2.125936e-02,2.652143e-05
