# rmse alpha/u,rmse phic/h,rmse h/r,spread alpha/u,spread phic/h,spread h/r
6.145752e-04,4.336706e-02,9.754733e-03,9.257172e-02,8.595612e-02,6.761590e-02
1.013757e-03,7.240315e-03,2.325422e-05,9.306097e-04,6.937198e-03,4.669514e-05
