# rmse alpha/u,rmse phic/h,rmse h/r,spread alpha/u,spread phic/h,spread h/r
6.145752e-04,4.336706e-02,9.754733e-03,9.257172e-02,8.595612e-02,6.761590e-02
1.439447e-03,7.846125e-03,1.977605e-05,1.011302e-03,7.276808e-03,4.311100e-05
