# rmse alpha/u,rmse phic/h,rmse h/r,spread alpha/u,spread phic/h,spread h/r
6.145752e-04,4.336706e-02,9.754733e-03,9.257172e-02,8.595612e-02,6.761590e-02
9.869037e-04,7.210298e-03,2.500887e-05,9.558866e-04,7.169063e-03,4.505551e-05
