# rmse alpha/u,rmse phic/h,rmse h/r,spread alpha/u,spread phic/h,spread h/r
6.145752e-04,4.336706e-02,9.754733e-03,9.257172e-02,8.595612e-02,6.761590e-02
8.722047e-04,6.646946e-03,2.004050e-05,8.845692e-04,6.974790e-03,4.657359e-05
