# rmse alpha/u,rmse phic/h,rmse h/r,spread alpha/u,spread phic/h,spread h/r
6.145752e-04,4.336706e-02,9.754733e-03,9.257172e-02,8.595612e-02,6.761590e-02
1.021693e-03,6.582074e-03,2.603963e-05,8.821143e-04,6.913992e-03,4.744456e-05
