# rmse alpha/u,rmse phic/h,rmse h/r,spread alpha/u,spread phic/h,spread h/r
6.145752e-04,4.336706e-02,9.754733e-03,9.257172e-02,8.595612e-02,6.761590e-02
8.372674e-04,6.420011e-03,2.263311e-05,8.350264e-04,6.421690e-03,4.580803e-05
