# rmse alpha/u,rmse phic/h,rmse h/r,spread alpha/u,spread phic/h,spread h/r
2.338351e-01,2.122021e-01,2.051226e-01,2.040651e-01,2.045934e-01,1.851052e-01
3.065630e-03,2.121032e-02,5.330730e-05,2.664812e-03,1.761953e-02,4.953670e-05
