# rmse alpha/u,rmse phic/h,rmse h/r,spread alpha/u,spread phic/h,spread h/r
2.338351e-01,2.122021e-01,2.051226e-01,2.040651e-01,2.045934e-01,1.851052e-01
3.223480e-03,1.569477e-02,3.754080e-05,2.719537e-03,1.793724e-02,4.665647e-05
