# rmse alpha/u,rmse phic/h,rmse h/r,spread alpha/u,spread phic/h,spread h/r
2.338351e-01,2.122021e-01,2.051226e-01,2.040651e-01,2.045934e-01,1.851052e-01
3.772609e-03,2.450697e-02,3.817488e-05,2.836809e-03,1.919500e-02,5.019299e-05
