# rmse alpha/u,rmse phic/h,rmse h/r,spread alpha/u,spread phic/h,spread h/r
2.888941e-01,3.651451e-01,4.545506e-01,1.273473e-01,2.300883e-01,2.154004e-01
5.389341e-03,4.166566e-02,3.718138e-05,3.813163e-03,3.027054e-02,3.149292e-05
