# rmse alpha/u,rmse phic/h,rmse h/r,spread alpha/u,spread phic/h,spread h/r
2.888941e-01,3.651451e-01,4.545506e-01,1.273473e-01,2.300883e-01,2.154004e-01
4.734515e-03,3.618713e-02,3.593594e-05,3.186486e-03,2.561371e-02,3.403660e-05
