# rmse alpha/u,rmse phic/h,rmse h/r,spread alpha/u,spread phic/h,spread h/r
2.888941e-01,3.651451e-01,4.545506e-01,1.273473e-01,2.300883e-01,2.154004e-01
4.605468e-03,2.273709e-02,3.951119e-05,2.906909e-03,1.934344e-02,2.413606e-05
