# rmse alpha/u,rmse phic/h,rmse h/r,spread alpha/u,spread phic/h,spread h/r
2.888941e-01,3.651451e-01,4.545506e-01,1.273473e-01,2.300883e-01,2.154004e-01
5.499201e-03,2.867948e-02,4.418375e-05,3.233820e-03,2.462385e-02,3.493692e-05
