# rmse alpha/u,rmse phic/h,rmse h/r,spread alpha/u,spread phic/h,spread h/r
2.888941e-01,3.651451e-01,4.545506e-01,1.273473e-01,2.300883e-01,2.154004e-01
5.055314e-03,3.105419e-02,4.361485e-05,3.055653e-03,2.202290e-02,3.528216e-05
