# rmse alpha/u,rmse phic/h,rmse h/r,spread alpha/u,spread phic/h,spread h/r
1.420008e-01,3.137644e-01,2.583791e-01,1.408747e-01,2.267476e-01,1.997121e-01
2.062666e-03,9.588841e-03,4.013224e-05,8.646497e-04,6.638875e-03,4.261637e-05
