# rmse alpha/u,rmse phic/h,rmse h/r,spread alpha/u,spread phic/h,spread h/r
1.420008e-01,3.137644e-01,2.583791e-01,1.408747e-01,2.267476e-01,1.997121e-01
9.624486e-04,7.033342e-03,2.478867e-05,9.217459e-04,6.834894e-03,4.196758e-05
