# rmse alpha/u,rmse phic/h,rmse h/r,spread alpha/u,spread phic/h,spread h/r
1.420008e-01,3.137644e-01,2.583791e-01,1.408747e-01,2.267476e-01,1.997121e-01
8.374830e-04,6.467295e-03,3.796125e-05,8.538128e-04,6.616818e-03,4.196724e-05
