# rmse alpha/u,rmse phic/h,rmse h/r,spread alpha/u,spread phic/h,spread h/r
1.420008e-01,3.137644e-01,2.583791e-01,1.408747e-01,2.267476e-01,1.997121e-01
8.768089e-04,6.590143e-03,4.149853e-05,8.413834e-04,6.556483e-03,4.026791e-05
