# rmse alpha/u,rmse phic/h,rmse h/r,spread alpha/u,spread phic/h,spread h/r
1.420008e-01,3.137644e-01,2.583791e-01,1.408747e-01,2.267476e-01,1.997121e-01
8.716354e-04,6.525393e-03,3.830170e-05,8.182126e-04,6.303586e-03,3.938123e-05
