# rmse alpha/u,rmse phic/h,rmse h/r,spread alpha/u,spread phic/h,spread h/r
1.420008e-01,3.137644e-01,2.583791e-01,1.408747e-01,2.267476e-01,1.997121e-01
7.742879e-04,5.625793e-03,2.882902e-05,7.968354e-04,6.120890e-03,3.961946e-05
