# rmse alpha/u,rmse phic/h,rmse h/r,spread alpha/u,spread phic/h,spread h/r
1.681406e-01,1.169684e-01,1.048191e-01,1.433919e-01,1.133757e-01,9.416100e-02
2.192143e-03,1.365585e-02,3.770995e-05,1.280874e-03,8.475085e-03,4.112784e-05
