# rmse alpha/u,rmse phic/h,rmse h/r,spread alpha/u,spread phic/h,spread h/r
1.681406e-01,1.169684e-01,1.048191e-01,1.433919e-01,1.133757e-01,9.416100e-02
3.779125e-03,2.560794e-02,5.922914e-05,1.708739e-03,1.281806e-02,5.100312e-05
