# rmse alpha/u,rmse phic/h,rmse h/r,spread alpha/u,spread phic/h,spread h/r
1.681406e-01,1.169684e-01,1.048191e-01,1.433919e-01,1.133757e-01,9.416100e-02
2.553784e-03,1.225114e-02,2.741642e-05,1.405448e-03,9.280640e-03,4.134989e-05
