# rmse alpha/u,rmse phic/h,rmse h/r,spread alpha/u,spread phic/h,spread h/r
9.049840e-03,6.776611e-04,6.578245e-05,1.145286e-01,1.052870e-01,8.500138e-02
8.147689e-04,6.580242e-03,2.787885e-05,7.994657e-04,6.188694e-03,4.520178e-05
