# rmse alpha/u,rmse phic/h,rmse h/r,spread alpha/u,spread phic/h,spread h/r
4.631582e-03,5.047347e-03,7.658894e-02,1.352311e-01,2.278934e-01,1.818182e-01
2.732966e-03,1.679472e-02,5.030639e-05,1.350022e-03,9.281743e-03,3.938578e-05
