# rmse alpha/u,rmse phic/h,rmse h/r,spread alpha/u,spread phic/h,spread h/r
4.631582e-03,5.047347e-03,7.658894e-02,1.352311e-01,2.278934e-01,1.818182e-01
1.126111e-03,8.548058e-03,3.122897e-05,9.593519e-04,6.985452e-03,3.623146e-05
