# rmse alpha/u,rmse phic/h,rmse h/r,spread alpha/u,spread phic/h,spread h/r
4.631582e-03,5.047347e-03,7.658894e-02,1.352311e-01,2.278934e-01,1.818182e-01
2.539067e-03,1.446039e-02,3.178156e-05,1.121804e-03,7.828771e-03,3.590003e-05
