# rmse alpha/u,rmse phic/h,rmse h/r,spread alpha/u,spread phic/h,spread h/r
4.631582e-03,5.047347e-03,7.658894e-02,1.352311e-01,2.278934e-01,1.818182e-01
2.658034e-03,1.472417e-02,4.205894e-05,9.943894e-04,7.024568e-03,3.792736e-05
