# rmse alpha/u,rmse phic/h,rmse h/r,spread alpha/u,spread phic/h,spread h/r
4.631582e-03,5.047347e-03,7.658894e-02,1.352311e-01,2.278934e-01,1.818182e-01
5.784991e-03,2.597589e-02,3.704702e-05,1.498488e-03,9.756611e-03,3.729058e-05
