# rmse alpha/u,rmse phic/h,rmse h/r,spread alpha/u,spread phic/h,spread h/r
2.571339e-03,5.392634e-03,2.354392e-02,9.141239e-02,9.293209e-02,6.128492e-02
8.358237e-04,6.517347e-03,1.916820e-05,8.415083e-04,6.583465e-03,4.983097e-05
