# rmse alpha/u,rmse phic/h,rmse h/r,spread alpha/u,spread phic/h,spread h/r
6.085085e-02,9.208135e-04,1.262402e-01,1.927996e-01,2.373932e-01,2.334187e-01
9.443872e-04,7.810058e-03,6.657551e-05,8.425597e-04,6.598962e-03,3.599662e-05
