# rmse alpha/u,rmse phic/h,rmse h/r,spread alpha/u,spread phic/h,spread h/r
6.085085e-02,9.208135e-04,1.262402e-01,1.927996e-01,2.373932e-01,2.334187e-01
8.566923e-04,7.354896e-03,5.544163e-05,7.967586e-04,6.112538e-03,3.479201e-05
