# rmse alpha/u,rmse phic/h,rmse h/r,spread alpha/u,spread phic/h,spread h/r
6.085085e-02,9.208135e-04,1.262402e-01,1.927996e-01,2.373932e-01,2.334187e-01
9.397095e-04,8.080634e-03,6.589768e-05,8.277987e-04,6.413820e-03,3.518047e-05
