# rmse alpha/u,rmse phic/h,rmse h/r,spread alpha/u,spread phic/h,spread h/r
6.085085e-02,9.208135e-04,1.262402e-01,1.927996e-01,2.373932e-01,2.334187e-01
8.847027e-04,7.300720e-03,5.733957e-05,8.320479e-04,6.530034e-03,3.490879e-05
