# rmse alpha/u,rmse phic/h,rmse h/r,spread alpha/u,spread phic/h,spread h/r
1.561429e-01,5.085231e-03,2.605266e-01,1.969593e-01,1.699969e-01,1.470455e-01
8.120680e-04,6.448225e-03,2.298550e-05,7.924488e-04,6.154622e-03,3.821583e-05
