# rmse alpha/u,rmse phic/h,rmse h/r,spread alpha/u,spread phic/h,spread h/r
1.561429e-01,5.085231e-03,2.605266e-01,1.969593e-01,1.699969e-01,1.470455e-01
8.585480e-04,6.782030e-03,2.514990e-05,8.158636e-04,6.279680e-03,3.747877e-05
