# rmse alpha/u,rmse phic/h,rmse h/r,spread alpha/u,spread phic/h,spread h/r
1.561429e-01,5.085231e-03,2.605266e-01,1.969593e-01,1.699969e-01,1.470455e-01
1.020928e-03,8.430334e-03,3.649061e-05,8.369840e-04,6.508387e-03,3.954567e-05
