# rmse alpha/u,rmse phic/h,rmse h/r,spread alpha/u,spread phic/h,spread h/r
1.561429e-01,5.085231e-03,2.605266e-01,1.969593e-01,1.699969e-01,1.470455e-01
8.296591e-04,6.447740e-03,2.232111e-05,8.131403e-04,6.399835e-03,3.842454e-05
