# rmse alpha/u,rmse phic/h,rmse h/r,spread alpha/u,spread phic/h,spread h/r
1.465667e-02,5.216797e-03,5.989273e-03,1.444324e-01,9.395989e-02,8.289722e-02
8.715812e-04,7.029370e-03,2.279334e-05,8.314106e-04,6.564150e-03,4.806148e-05
