# rmse alpha/u,rmse phic/h,rmse h/r,spread alpha/u,spread phic/h,spread h/r
1.465667e-02,5.216797e-03,5.989273e-03,1.444324e-01,9.395989e-02,8.289722e-02
8.406841e-04,6.620633e-03,2.466784e-05,8.253647e-04,6.483181e-03,4.876428e-05
