# rmse alpha/u,rmse phic/h,rmse h/r,spread alpha/u,spread phic/h,spread h/r
1.465667e-02,5.216797e-03,5.989273e-03,1.444324e-01,9.395989e-02,8.289722e-02
8.966165e-04,6.504651e-03,2.902566e-05,8.583854e-04,6.784401e-03,4.838482e-05
