# rmse alpha/u,rmse phic/h,rmse h/r,spread alpha/u,spread phic/h,spread h/r
1.939413e-01,5.323810e-01,4.223871e-01,1.910254e-01,2.103657e-01,1.707528e-01
4.534557e-03,2.955811e-02,2.833120e-05,2.373155e-03,1.671977e-02,2.794536e-05
