# rmse alpha/u,rmse phic/h,rmse h/r,spread alpha/u,spread phic/h,spread h/r
1.939413e-01,5.323810e-01,4.223871e-01,1.910254e-01,2.103657e-01,1.707528e-01
3.518475e-03,2.114139e-02,2.441613e-05,2.376459e-03,1.828960e-02,2.752885e-05
