# rmse alpha/u,rmse phic/h,rmse h/r,spread alpha/u,spread phic/h,spread h/r
1.354359e-02,4.267835e-03,4.639035e-04,1.330464e-01,7.821682e-02,7.779154e-02
3.705288e-03,2.853704e-02,3.984488e-05,2.758808e-03,2.100157e-02,4.155392e-05
