# rmse alpha/u,rmse phic/h,rmse h/r,spread alpha/u,spread phic/h,spread h/r
1.354359e-02,4.267835e-03,4.639035e-04,1.330464e-01,7.821682e-02,7.779154e-02
3.964047e-03,2.707529e-02,3.940698e-05,2.618829e-03,2.017798e-02,4.009449e-05
