# rmse alpha/u,rmse phic/h,rmse h/r,spread alpha/u,spread phic/h,spread h/r
1.354359e-02,4.267835e-03,4.639035e-04,1.330464e-01,7.821682e-02,7.779154e-02
3.550514e-03,1.887212e-02,2.614435e-05,2.456910e-03,1.654056e-02,3.191744e-05
