# rmse alpha/u,rmse phic/h,rmse h/r,spread alpha/u,spread phic/h,spread h/r
3.267248e-04,3.017519e-01,1.767367e-02,2.007666e-01,2.380345e-01,2.181955e-01
1.399946e-03,1.698444e-02,5.720649e-05,1.308996e-03,9.524267e-03,3.442013e-05
