# rmse alpha/u,rmse phic/h,rmse h/r,spread alpha/u,spread phic/h,spread h/r
3.267248e-04,3.017519e-01,1.767367e-02,2.007666e-01,2.380345e-01,2.181955e-01
1.255096e-03,9.174366e-03,4.343198e-05,1.054993e-03,8.015526e-03,3.222527e-05
