# rmse alpha/u,rmse phic/h,rmse h/r,spread alpha/u,spread phic/h,spread h/r
3.267248e-04,3.017519e-01,1.767367e-02,2.007666e-01,2.380345e-01,2.181955e-01
1.797477e-03,1.327218e-02,5.670788e-05,1.184088e-03,8.567580e-03,3.411296e-05
