# rmse alpha/u,rmse phic/h,rmse h/r,spread alpha/u,spread phic/h,spread h/r
3.267248e-04,3.017519e-01,1.767367e-02,2.007666e-01,2.380345e-01,2.181955e-01
2.589958e-03,1.225924e-02,5.134479e-05,1.244529e-03,8.509879e-03,3.377538e-05
