# rmse alpha/u,rmse phic/h,rmse h/r,spread alpha/u,spread phic/h,spread h/r
3.267248e-04,3.017519e-01,1.767367e-02,2.007666e-01,2.380345e-01,2.181955e-01
1.027026e-03,7.641635e-03,3.617698e-05,8.435590e-04,6.446577e-03,2.965843e-05
