# rmse alpha/u,rmse phic/h,rmse h/r,spread alpha/u,spread phic/h,spread h/r
3.267248e-04,3.017519e-01,1.767367e-02,2.007666e-01,2.380345e-01,2.181955e-01
8.611362e-04,7.137690e-03,3.751584e-05,9.038212e-04,6.793405e-03,3.191531e-05
