# rmse alpha/u,rmse phic/h,rmse h/r,spread alpha/u,spread phic/h,spread h/r
1.011931e-01,2.939479e-04,1.784816e-02,1.927996e-01,2.373932e-01,2.334187e-01
9.264251e-04,6.937151e-03,2.265685e-05,8.384837e-04,6.469517e-03,3.822254e-05
