# rmse alpha/u,rmse phic/h,rmse h/r,spread alpha/u,spread phic/h,spread h/r
1.011931e-01,2.939479e-04,1.784816e-02,1.927996e-01,2.373932e-01,2.334187e-01
8.584619e-04,6.719861e-03,2.336786e-05,8.176407e-04,6.241108e-03,3.815570e-05
