# rmse alpha/u,rmse phic/h,rmse h/r,spread alpha/u,spread phic/h,spread h/r
1.011931e-01,2.939479e-04,1.784816e-02,1.927996e-01,2.373932e-01,2.334187e-01
9.178563e-04,7.496724e-03,2.946191e-05,8.663525e-04,6.844807e-03,3.948842e-05
