# rmse alpha/u,rmse phic/h,rmse h/r,spread alpha/u,spread phic/h,spread h/r
1.011931e-01,2.939479e-04,1.784816e-02,1.927996e-01,2.373932e-01,2.334187e-01
8.204174e-04,6.441018e-03,2.140626e-05,8.132190e-04,6.280067e-03,3.672101e-05
