# rmse alpha/u,rmse phic/h,rmse h/r,spread alpha/u,spread phic/h,spread h/r
2.295289e-01,1.730717e-04,1.184801e-01,2.011122e-01,2.284813e-01,1.938860e-01
3.117039e-03,2.279309e-02,5.191943e-05,1.988519e-03,1.418658e-02,2.484733e-05
