# rmse alpha/u,rmse phic/h,rmse h/r,spread alpha/u,spread phic/h,spread h/r
2.295289e-01,1.730717e-04,1.184801e-01,2.011122e-01,2.284813e-01,1.938860e-01
3.046907e-03,2.624034e-02,5.063307e-05,1.682504e-03,1.278151e-02,2.260030e-05
