# rmse alpha/u,rmse phic/h,rmse h/r,spread alpha/u,spread phic/h,spread h/r
2.295289e-01,1.730717e-04,1.184801e-01,2.011122e-01,2.284813e-01,1.938860e-01
2.878377e-03,1.467388e-02,3.301981e-05,1.776542e-03,1.146210e-02,1.726065e-05
