# rmse alpha/u,rmse phic/h,rmse h/r,spread alpha/u,spread phic/h,spread h/r
2.295289e-01,1.730717e-04,1.184801e-01,2.011122e-01,2.284813e-01,1.938860e-01
2.679473e-03,1.316779e-02,3.372814e-05,1.738821e-03,1.173011e-02,1.666030e-05
