# rmse alpha/u,rmse phic/h,rmse h/r,spread alpha/u,spread phic/h,spread h/r
2.295289e-01,1.730717e-04,1.184801e-01,2.011122e-01,2.284813e-01,1.938860e-01
3.280700e-03,1.557711e-02,3.550068e-05,2.108702e-03,1.429126e-02,2.601643e-05
