# rmse alpha/u,rmse phic/h,rmse h/r,spread alpha/u,spread phic/h,spread h/r
2.295289e-01,1.730717e-04,1.184801e-01,2.011122e-01,2.284813e-01,1.938860e-01
2.706810e-03,1.857197e-02,3.487335e-05,1.706522e-03,1.221186e-02,2.139689e-05
