# rmse alpha/u,rmse phic/h,rmse h/r,spread alpha/u,spread phic/h,spread h/r
2.239634e-02,2.697963e-01,5.650649e-01,1.906733e-01,1.720275e-01,1.565591e-01
2.085387e-03,1.196520e-02,3.315634e-05,1.004524e-03,7.257235e-03,2.005692e-05
