# rmse alpha/u,rmse phic/h,rmse h/r,spread alpha/u,spread phic/h,spread h/r
2.239634e-02,2.697963e-01,5.650649e-01,1.906733e-01,1.720275e-01,1.565591e-01
3.252344e-03,1.721645e-02,4.536792e-05,2.283865e-03,1.633412e-02,3.163357e-05
