# rmse alpha/u,rmse phic/h,rmse h/r,spread alpha/u,spread phic/h,spread h/r
2.239634e-02,2.697963e-01,5.650649e-01,1.906733e-01,1.720275e-01,1.565591e-01
2.100126e-03,1.966026e-02,5.041393e-05,1.699636e-03,1.213319e-02,3.107322e-05
