# rmse alpha/u,rmse phic/h,rmse h/r,spread alpha/u,spread phic/h,spread h/r
3.748152e-01,3.632357e-01,2.350631e-01,2.040651e-01,2.045934e-01,1.851052e-01
8.440179e-04,6.704602e-03,1.633396e-04,8.216452e-04,6.182855e-03,1.834186e-05
