# rmse alpha/u,rmse phic/h,rmse h/r,spread alpha/u,spread phic/h,spread h/r
1.523062e-01,4.335167e-01,2.829486e-01,1.273473e-01,2.300883e-01,2.154004e-01
8.516942e-04,6.590039e-03,2.092034e-05,8.516452e-04,6.806857e-03,4.999759e-05
