# rmse alpha/u,rmse phic/h,rmse h/r,spread alpha/u,spread phic/h,spread h/r
1.523062e-01,4.335167e-01,2.829486e-01,1.273473e-01,2.300883e-01,2.154004e-01
8.562288e-04,6.595410e-03,2.105495e-05,8.555691e-04,6.794668e-03,5.249971e-05
