# rmse alpha/u,rmse phic/h,rmse h/r,spread alpha/u,spread phic/h,spread h/r
1.523062e-01,4.335167e-01,2.829486e-01,1.273473e-01,2.300883e-01,2.154004e-01
8.092214e-04,6.807712e-03,2.117963e-05,8.420799e-04,6.674232e-03,5.209269e-05
