# rmse alpha/u,rmse phic/h,rmse h/r,spread alpha/u,spread phic/h,spread h/r
1.523062e-01,4.335167e-01,2.829486e-01,1.273473e-01,2.300883e-01,2.154004e-01
8.547929e-04,7.354797e-03,2.067463e-05,8.526341e-04,7.059688e-03,5.235276e-05
