# rmse alpha/u,rmse phic/h,rmse h/r,spread alpha/u,spread phic/h,spread h/r
1.523062e-01,4.335167e-01,2.829486e-01,1.273473e-01,2.300883e-01,2.154004e-01
8.289006e-04,6.570270e-03,2.490106e-05,8.317196e-04,6.568364e-03,4.915635e-05
