# rmse alpha/u,rmse phic/h,rmse h/r,spread alpha/u,spread phic/h,spread h/r
1.523062e-01,4.335167e-01,2.829486e-01,1.273473e-01,2.300883e-01,2.154004e-01
9.149879e-04,7.903377e-03,2.768476e-05,8.609166e-04,6.846972e-03,5.081475e-05
