# rmse alpha/u,rmse phic/h,rmse h/r,spread alpha/u,spread phic/h,spread h/r
1.523062e-01,4.335167e-01,2.829486e-01,1.273473e-01,2.300883e-01,2.154004e-01
9.353028e-04,7.852586e-03,2.466540e-05,8.744800e-04,7.055199e-03,5.250963e-05
