# rmse alpha/u,rmse phic/h,rmse h/r,spread alpha/u,spread phic/h,spread h/r
1.368073e-01,1.078317e-01,2.866462e-01,1.195034e-01,9.303570e-02,7.647303e-02
5.082717e-03,3.331406e-02,4.600145e-05,3.573013e-03,2.867943e-02,4.698712e-05
