# rmse alpha/u,rmse phic/h,rmse h/r,spread alpha/u,spread phic/h,spread h/r
1.368073e-01,1.078317e-01,2.866462e-01,1.195034e-01,9.303570e-02,7.647303e-02
4.731835e-03,3.274909e-02,5.616422e-05,3.864899e-03,3.078077e-02,5.127221e-05
