# rmse alpha/u,rmse phic/h,rmse h/r,spread alpha/u,spread phic/h,spread h/r
1.368073e-01,1.078317e-01,2.866462e-01,1.195034e-01,9.303570e-02,7.647303e-02
4.625318e-03,2.772603e-02,4.899185e-05,3.143064e-03,2.199787e-02,3.681831e-05
