# rmse alpha/u,rmse phic/h,rmse h/r,spread alpha/u,spread phic/h,spread h/r
1.368073e-01,1.078317e-01,2.866462e-01,1.195034e-01,9.303570e-02,7.647303e-02
4.885000e-03,3.350079e-02,5.953186e-05,3.152807e-03,2.256336e-02,4.687965e-05
