# rmse alpha/u,rmse phic/h,rmse h/r,spread alpha/u,spread phic/h,spread h/r
7.574480e-01,2.923803e-01,2.297282e-01,1.247299e-01,2.016558e-01,1.417906e-01
4.096056e-03,2.199860e-02,2.576136e-05,2.704791e-03,1.879037e-02,1.406491e-05
