# rmse alpha/u,rmse phic/h,rmse h/r,spread alpha/u,spread phic/h,spread h/r
7.574480e-01,2.923803e-01,2.297282e-01,1.247299e-01,2.016558e-01,1.417906e-01
5.073810e-03,3.650285e-02,3.292427e-05,3.029699e-03,2.028745e-02,1.783029e-05
