# rmse alpha/u,rmse phic/h,rmse h/r,spread alpha/u,spread phic/h,spread h/r
7.574480e-01,2.923803e-01,2.297282e-01,1.247299e-01,2.016558e-01,1.417906e-01
3.966291e-03,2.855890e-02,2.943381e-05,2.599811e-03,1.940946e-02,1.863103e-05
