# rmse alpha/u,rmse phic/h,rmse h/r,spread alpha/u,spread phic/h,spread h/r
3.119835e-02,2.028391e-02,8.424968e-02,1.802529e-01,2.402262e-01,2.173077e-01
5.399142e-03,2.719108e-02,4.444905e-05,3.298633e-03,2.110752e-02,4.335048e-05
