# rmse alpha/u,rmse phic/h,rmse h/r,spread alpha/u,spread phic/h,spread h/r
3.119835e-02,2.028391e-02,8.424968e-02,1.802529e-01,2.402262e-01,2.173077e-01
3.480720e-03,2.390073e-02,3.433173e-05,2.096937e-03,1.457865e-02,4.057391e-05
