# rmse alpha/u,rmse phic/h,rmse h/r,spread alpha/u,spread phic/h,spread h/r
3.119835e-02,2.028391e-02,8.424968e-02,1.802529e-01,2.402262e-01,2.173077e-01
5.269517e-03,3.186480e-02,6.895064e-05,3.386885e-03,2.410575e-02,5.354812e-05
