# rmse alpha/u,rmse phic/h,rmse h/r,spread alpha/u,spread phic/h,spread h/r
2.874410e-01,2.503953e-01,2.846253e-01,1.809855e-01,2.379337e-01,1.875324e-01
3.471220e-03,2.352410e-02,6.531018e-05,1.877273e-03,1.287861e-02,3.537954e-05
