# rmse alpha/u,rmse phic/h,rmse h/r,spread alpha/u,spread phic/h,spread h/r
2.874410e-01,2.503953e-01,2.846253e-01,1.809855e-01,2.379337e-01,1.875324e-01
6.830448e-03,4.123219e-02,5.607876e-05,3.178593e-03,2.367714e-02,4.382094e-05
