# rmse alpha/u,rmse phic/h,rmse h/r,spread alpha/u,spread phic/h,spread h/r
2.874410e-01,2.503953e-01,2.846253e-01,1.809855e-01,2.379337e-01,1.875324e-01
3.951502e-03,2.006869e-02,5.328615e-05,2.421114e-03,1.820508e-02,3.537017e-05
