# rmse alpha/u,rmse phic/h,rmse h/r,spread alpha/u,spread phic/h,spread h/r
2.874410e-01,2.503953e-01,2.846253e-01,1.809855e-01,2.379337e-01,1.875324e-01
5.722263e-03,3.477505e-02,7.161632e-05,2.823541e-03,2.070120e-02,4.067838e-05
