# rmse alpha/u,rmse phic/h,rmse h/r,spread alpha/u,spread phic/h,spread h/r
3.166771e-01,5.065447e-01,2.920722e-01,1.674265e-01,2.226131e-01,1.935605e-01
3.559933e-03,1.657161e-02,3.385801e-05,2.681136e-03,1.931189e-02,2.902481e-05
