# rmse alpha/u,rmse phic/h,rmse h/r,spread alpha/u,spread phic/h,spread h/r
3.166771e-01,5.065447e-01,2.920722e-01,1.674265e-01,2.226131e-01,1.935605e-01
4.973561e-03,3.152439e-02,3.311413e-05,3.378556e-03,2.704989e-02,3.571697e-05
