# rmse alpha/u,rmse phic/h,rmse h/r,spread alpha/u,spread phic/h,spread h/r
3.166771e-01,5.065447e-01,2.920722e-01,1.674265e-01,2.226131e-01,1.935605e-01
4.342755e-03,3.236728e-02,3.508860e-05,3.569914e-03,2.781545e-02,3.463527e-05
