# rmse alpha/u,rmse phic/h,rmse h/r,spread alpha/u,spread phic/h,spread h/r
3.166771e-01,5.065447e-01,2.920722e-01,1.674265e-01,2.226131e-01,1.935605e-01
5.371781e-03,3.331148e-02,3.391104e-05,3.645270e-03,2.734143e-02,3.366542e-05
