# rmse alpha/u,rmse phic/h,rmse h/r,spread alpha/u,spread phic/h,spread h/r
3.166771e-01,5.065447e-01,2.920722e-01,1.674265e-01,2.226131e-01,1.935605e-01
5.076765e-03,2.928154e-02,3.051042e-05,3.315114e-03,2.394242e-02,2.957907e-05
