# rmse alpha/u,rmse phic/h,rmse h/r,spread alpha/u,spread phic/h,spread h/r
1.468625e-03,3.598087e-03,3.562202e-03,1.355779e-01,4.715405e-02,8.132889e-02
2.601386e-03,1.300013e-02,3.420485e-05,1.618837e-03,1.052636e-02,3.093703e-05
