# rmse alpha/u,rmse phic/h,rmse h/r,spread alpha/u,spread phic/h,spread h/r
1.468625e-03,3.598087e-03,3.562202e-03,1.355779e-01,4.715405e-02,8.132889e-02
2.509237e-03,1.814679e-02,3.520546e-05,1.185362e-03,8.726570e-03,3.594556e-05
