# rmse alpha/u,rmse phic/h,rmse h/r,spread alpha/u,spread phic/h,spread h/r
4.196383e-02,3.468504e-02,3.149657e-01,1.969593e-01,1.699969e-01,1.470455e-01
3.231387e-03,1.967722e-02,4.499632e-05,2.589384e-03,1.835691e-02,3.672645e-05
