# rmse alpha/u,rmse phic/h,rmse h/r,spread alpha/u,spread phic/h,spread h/r
4.196383e-02,3.468504e-02,3.149657e-01,1.969593e-01,1.699969e-01,1.470455e-01
1.964114e-03,1.700633e-02,5.924012e-05,1.669629e-03,1.149341e-02,3.607602e-05
