# rmse alpha/u,rmse phic/h,rmse h/r,spread alpha/u,spread phic/h,spread h/r
4.196383e-02,3.468504e-02,3.149657e-01,1.969593e-01,1.699969e-01,1.470455e-01
4.115173e-03,2.038380e-02,4.545785e-05,1.926405e-03,1.261206e-02,3.822516e-05
