# rmse alpha/u,rmse phic/h,rmse h/r,spread alpha/u,spread phic/h,spread h/r
4.196383e-02,3.468504e-02,3.149657e-01,1.969593e-01,1.699969e-01,1.470455e-01
3.595465e-03,1.984702e-02,4.898890e-05,1.686171e-03,1.147568e-02,3.704549e-05
