# rmse alpha/u,rmse phic/h,rmse h/r,spread alpha/u,spread phic/h,spread h/r
4.196383e-02,3.468504e-02,3.149657e-01,1.969593e-01,1.699969e-01,1.470455e-01
3.129468e-03,1.776486e-02,5.371582e-05,1.631155e-03,1.150463e-02,3.784166e-05
