# rmse alpha/u,rmse phic/h,rmse h/r,spread alpha/u,spread phic/h,spread h/r
4.196383e-02,3.468504e-02,3.149657e-01,1.969593e-01,1.699969e-01,1.470455e-01
2.958318e-03,2.087038e-02,4.633004e-05,1.650653e-03,1.138864e-02,3.575736e-05
