# rmse alpha/u,rmse phic/h,rmse h/r,spread alpha/u,spread phic/h,spread h/r
4.196383e-02,3.468504e-02,3.149657e-01,1.969593e-01,1.699969e-01,1.470455e-01
1.526012e-03,1.078510e-02,4.073286e-05,1.515155e-03,1.047299e-02,3.096898e-05
