# rmse alpha/u,rmse phic/h,rmse h/r,spread alpha/u,spread phic/h,spread h/r
3.187007e-01,1.128356e-01,1.530509e-01,1.604823e-01,8.891029e-02,7.870743e-02
3.408454e-03,2.188001e-02,7.301130e-05,2.592939e-03,1.859572e-02,4.948444e-05
