# rmse alpha/u,rmse phic/h,rmse h/r,spread alpha/u,spread phic/h,spread h/r
3.187007e-01,1.128356e-01,1.530509e-01,1.604823e-01,8.891029e-02,7.870743e-02
4.033871e-03,2.219536e-02,5.536174e-05,3.187606e-03,2.285015e-02,4.391688e-05
