# rmse alpha/u,rmse phic/h,rmse h/r,spread alpha/u,spread phic/h,spread h/r
3.187007e-01,1.128356e-01,1.530509e-01,1.604823e-01,8.891029e-02,7.870743e-02
3.840348e-03,2.313494e-02,6.450837e-05,3.147621e-03,2.237149e-02,5.522124e-05
