# rmse alpha/u,rmse phic/h,rmse h/r,spread alpha/u,spread phic/h,spread h/r
3.187007e-01,1.128356e-01,1.530509e-01,1.604823e-01,8.891029e-02,7.870743e-02
4.080089e-03,2.426555e-02,5.802803e-05,2.898780e-03,2.072103e-02,5.281485e-05
