# rmse alpha/u,rmse phic/h,rmse h/r,spread alpha/u,spread phic/h,spread h/r
2.837782e-02,3.319209e-04,3.827031e-02,1.118894e-01,2.266860e-01,2.026513e-01
8.792836e-04,9.176241e-03,3.242597e-05,7.765064e-04,6.107643e-03,3.496971e-05
