# rmse alpha/u,rmse phic/h,rmse h/r,spread alpha/u,spread phic/h,spread h/r
2.837782e-02,3.319209e-04,3.827031e-02,1.118894e-01,2.266860e-01,2.026513e-01
9.008273e-04,9.206508e-03,2.977355e-05,8.127189e-04,6.367691e-03,3.470973e-05
