# rmse alpha/u,rmse phic/h,rmse h/r,spread alpha/u,spread phic/h,spread h/r
2.837782e-02,3.319209e-04,3.827031e-02,1.118894e-01,2.266860e-01,2.026513e-01
8.540647e-04,6.745007e-03,3.247782e-05,7.974408e-04,6.151784e-03,3.489127e-05
