# rmse alpha/u,rmse phic/h,rmse h/r,spread alpha/u,spread phic/h,spread h/r
2.837782e-02,3.319209e-04,3.827031e-02,1.118894e-01,2.266860e-01,2.026513e-01
1.152899e-03,9.050149e-03,2.836880e-05,7.824668e-04,5.979841e-03,3.493774e-05
