# rmse alpha/u,rmse phic/h,rmse h/r,spread alpha/u,spread phic/h,spread h/r
2.837782e-02,3.319209e-04,3.827031e-02,1.118894e-01,2.266860e-01,2.026513e-01
1.534087e-03,9.916453e-03,3.173763e-05,9.409441e-04,7.127156e-03,3.383602e-05
