# rmse alpha/u,rmse phic/h,rmse h/r,spread alpha/u,spread phic/h,spread h/r
7.268709e-02,5.614027e-03,3.535329e-02,1.315547e-01,1.058517e-01,8.171445e-02
3.876018e-03,2.271735e-02,3.967452e-05,3.273117e-03,2.156985e-02,4.401694e-05
