# rmse alpha/u,rmse phic/h,rmse h/r,spread alpha/u,spread phic/h,spread h/r
7.268709e-02,5.614027e-03,3.535329e-02,1.315547e-01,1.058517e-01,8.171445e-02
3.741331e-03,2.724535e-02,7.166344e-05,3.386364e-03,2.452633e-02,5.798093e-05
