# rmse alpha/u,rmse phic/h,rmse h/r,spread alpha/u,spread phic/h,spread h/r
7.268709e-02,5.614027e-03,3.535329e-02,1.315547e-01,1.058517e-01,8.171445e-02
4.400811e-03,2.909793e-02,7.040160e-05,3.741878e-03,2.604844e-02,5.716113e-05
