# rmse alpha/u,rmse phic/h,rmse h/r,spread alpha/u,spread phic/h,spread h/r
7.268709e-02,5.614027e-03,3.535329e-02,1.315547e-01,1.058517e-01,8.171445e-02
5.270870e-03,3.261427e-02,6.549975e-05,3.916769e-03,2.813191e-02,6.117420e-05
