# rmse alpha/u,rmse phic/h,rmse h/r,spread alpha/u,spread phic/h,spread h/r
7.268709e-02,5.614027e-03,3.535329e-02,1.315547e-01,1.058517e-01,8.171445e-02
3.444731e-03,2.093933e-02,5.665251e-05,3.197035e-03,2.215635e-02,5.614414e-05
