# rmse alpha/u,rmse phic/h,rmse h/r,spread alpha/u,spread phic/h,spread h/r
7.268709e-02,5.614027e-03,3.535329e-02,1.315547e-01,1.058517e-01,8.171445e-02
4.392715e-03,3.643705e-02,7.043499e-05,3.287109e-03,2.389342e-02,5.601843e-05
