# rmse alpha/u,rmse phic/h,rmse h/r,spread alpha/u,spread phic/h,spread h/r
7.268709e-02,5.614027e-03,3.535329e-02,1.315547e-01,1.058517e-01,8.171445e-02
3.410489e-03,1.833063e-02,5.332962e-05,2.299399e-03,1.595427e-02,4.812900e-05
