# rmse alpha/u,rmse phic/h,rmse h/r,spread alpha/u,spread phic/h,spread h/r
1.631400e-03,2.215317e-01,5.620886e-01,2.064906e-01,1.899857e-01,1.562718e-01
1.798555e-03,1.096158e-02,3.912744e-05,1.588179e-03,1.140887e-02,4.053514e-05
