# rmse alpha/u,rmse phic/h,rmse h/r,spread alpha/u,spread phic/h,spread h/r
1.631400e-03,2.215317e-01,5.620886e-01,2.064906e-01,1.899857e-01,1.562718e-01
1.573724e-03,1.521925e-02,3.149000e-05,1.250818e-03,9.311302e-03,3.675844e-05
