# rmse alpha/u,rmse phic/h,rmse h/r,spread alpha/u,spread phic/h,spread h/r
9.546143e-02,1.559797e-01,3.829728e-05,2.029553e-01,2.401346e-01,2.180772e-01
3.350218e-03,2.042487e-02,2.224048e-05,2.727538e-03,1.906306e-02,2.538336e-05
