# rmse alpha/u,rmse phic/h,rmse h/r,spread alpha/u,spread phic/h,spread h/r
9.546143e-02,1.559797e-01,3.829728e-05,2.029553e-01,2.401346e-01,2.180772e-01
4.537474e-03,2.582113e-02,2.522304e-05,3.352131e-03,2.478536e-02,2.761497e-05
