# rmse alpha/u,rmse phic/h,rmse h/r,spread alpha/u,spread phic/h,spread h/r
9.546143e-02,1.559797e-01,3.829728e-05,2.029553e-01,2.401346e-01,2.180772e-01
5.338551e-03,2.652700e-02,2.362273e-05,3.898091e-03,2.779966e-02,2.686924e-05
