# rmse alpha/u,rmse phic/h,rmse h/r,spread alpha/u,spread phic/h,spread h/r
9.546143e-02,1.559797e-01,3.829728e-05,2.029553e-01,2.401346e-01,2.180772e-01
5.144601e-03,2.952863e-02,2.769139e-05,3.580002e-03,2.573174e-02,2.974196e-05
