# rmse alpha/u,rmse phic/h,rmse h/r,spread alpha/u,spread phic/h,spread h/r
3.040146e-02,4.017112e-03,1.749836e-03,1.389371e-01,1.041254e-01,8.632283e-02
3.576420e-03,2.038856e-02,3.170521e-05,2.297537e-03,1.574272e-02,3.032334e-05
