# rmse alpha/u,rmse phic/h,rmse h/r,spread alpha/u,spread phic/h,spread h/r
3.040146e-02,4.017112e-03,1.749836e-03,1.389371e-01,1.041254e-01,8.632283e-02
4.690750e-03,2.895756e-02,4.372111e-05,3.064766e-03,2.249028e-02,3.976136e-05
