# rmse alpha/u,rmse phic/h,rmse h/r,spread alpha/u,spread phic/h,spread h/r
3.040146e-02,4.017112e-03,1.749836e-03,1.389371e-01,1.041254e-01,8.632283e-02
3.698419e-03,2.323130e-02,3.695933e-05,2.805335e-03,2.011262e-02,3.430976e-05
