# rmse alpha/u,rmse phic/h,rmse h/r,spread alpha/u,spread phic/h,spread h/r
1.224573e-01,2.909014e-01,4.642403e-01,2.014417e-01,2.219743e-01,1.900285e-01
5.085331e-03,3.465641e-02,3.913097e-05,3.717097e-03,2.720598e-02,3.163959e-05
