# rmse alpha/u,rmse phic/h,rmse h/r,spread alpha/u,spread phic/h,spread h/r
1.224573e-01,2.909014e-01,4.642403e-01,2.014417e-01,2.219743e-01,1.900285e-01
5.151912e-03,2.919355e-02,3.633033e-05,3.792003e-03,2.930120e-02,3.900927e-05
