# rmse alpha/u,rmse phic/h,rmse h/r,spread alpha/u,spread phic/h,spread h/r
1.224573e-01,2.909014e-01,4.642403e-01,2.014417e-01,2.219743e-01,1.900285e-01
5.398385e-03,3.740147e-02,4.612323e-05,3.818254e-03,3.040724e-02,4.303301e-05
