# rmse alpha/u,rmse phic/h,rmse h/r,spread alpha/u,spread phic/h,spread h/r
1.224573e-01,2.909014e-01,4.642403e-01,2.014417e-01,2.219743e-01,1.900285e-01
5.389002e-03,3.744858e-02,4.879125e-05,4.167863e-03,3.303479e-02,4.391494e-05
