# rmse alpha/u,rmse phic/h,rmse h/r,spread alpha/u,spread phic/h,spread h/r
1.224573e-01,2.909014e-01,4.642403e-01,2.014417e-01,2.219743e-01,1.900285e-01
6.116765e-03,3.891443e-02,5.741939e-05,3.477690e-03,2.594087e-02,3.934372e-05
