# rmse alpha/u,rmse phic/h,rmse h/r,spread alpha/u,spread phic/h,spread h/r
6.663563e-02,2.828061e-02,8.389748e-02,1.738920e-01,2.448466e-01,1.681315e-01
2.890213e-03,1.918617e-02,9.533367e-05,3.148728e-03,2.011515e-02,4.793395e-05
