# rmse alpha/u,rmse phic/h,rmse h/r,spread alpha/u,spread phic/h,spread h/r
6.663563e-02,2.828061e-02,8.389748e-02,1.738920e-01,2.448466e-01,1.681315e-01
3.805022e-03,3.151906e-02,1.054732e-04,3.617732e-03,2.733352e-02,6.508974e-05
