# rmse alpha/u,rmse phic/h,rmse h/r,spread alpha/u,spread phic/h,spread h/r
6.663563e-02,2.828061e-02,8.389748e-02,1.738920e-01,2.448466e-01,1.681315e-01
3.560849e-03,2.191307e-02,1.034719e-04,3.005326e-03,2.255448e-02,5.639749e-05
