# rmse alpha/u,rmse phic/h,rmse h/r,spread alpha/u,spread phic/h,spread h/r
6.663563e-02,2.828061e-02,8.389748e-02,1.738920e-01,2.448466e-01,1.681315e-01
3.852291e-03,2.897821e-02,1.048476e-04,2.836243e-03,1.968713e-02,5.325739e-05
