# rmse alpha/u,rmse phic/h,rmse h/r,spread alpha/u,spread phic/h,spread h/r
6.663563e-02,2.828061e-02,8.389748e-02,1.738920e-01,2.448466e-01,1.681315e-01
4.287332e-03,2.689897e-02,1.024922e-04,3.051458e-03,2.086375e-02,5.259925e-05
