# rmse alpha/u,rmse phic/h,rmse h/r,spread alpha/u,spread phic/h,spread h/r
2.554884e-02,9.765517e-02,2.988356e-04,1.330382e-01,2.261377e-01,1.612343e-01
8.614763e-04,6.932371e-03,2.090893e-05,8.932102e-04,7.108450e-03,5.070227e-05
