# rmse alpha/u,rmse phic/h,rmse h/r,spread alpha/u,spread phic/h,spread h/r
1.042031e-01,9.043218e-03,3.955967e-04,1.289814e-01,1.099486e-01,6.735545e-02
4.037835e-03,2.710917e-02,5.947032e-05,2.890679e-03,2.071914e-02,5.866456e-05
