# rmse alpha/u,rmse phic/h,rmse h/r,spread alpha/u,spread phic/h,spread h/r
1.042031e-01,9.043218e-03,3.955967e-04,1.289814e-01,1.099486e-01,6.735545e-02
2.479853e-03,1.888008e-02,5.789217e-05,2.372972e-03,1.624200e-02,5.344724e-05
