# rmse alpha/u,rmse phic/h,rmse h/r,spread alpha/u,spread phic/h,spread h/r
1.042031e-01,9.043218e-03,3.955967e-04,1.289814e-01,1.099486e-01,6.735545e-02
3.842644e-03,2.202651e-02,5.603514e-05,3.278167e-03,2.223831e-02,5.516900e-05
