# rmse alpha/u,rmse phic/h,rmse h/r,spread alpha/u,spread phic/h,spread h/r
1.042031e-01,9.043218e-03,3.955967e-04,1.289814e-01,1.099486e-01,6.735545e-02
2.840179e-03,2.009552e-02,6.051074e-05,2.327190e-03,1.687067e-02,4.903340e-05
