# rmse alpha/u,rmse phic/h,rmse h/r,spread alpha/u,spread phic/h,spread h/r
9.230820e-02,1.084418e-01,2.461855e-02,1.927996e-01,2.373932e-01,2.334187e-01
8.362869e-04,6.011299e-03,2.682468e-05,8.064053e-04,6.193993e-03,3.948811e-05
