# rmse alpha/u,rmse phic/h,rmse h/r,spread alpha/u,spread phic/h,spread h/r
9.230820e-02,1.084418e-01,2.461855e-02,1.927996e-01,2.373932e-01,2.334187e-01
8.920130e-04,6.576491e-03,2.452633e-05,8.393585e-04,6.477855e-03,3.899062e-05
