# rmse alpha/u,rmse phic/h,rmse h/r,spread alpha/u,spread phic/h,spread h/r
9.230820e-02,1.084418e-01,2.461855e-02,1.927996e-01,2.373932e-01,2.334187e-01
8.749058e-04,6.801484e-03,2.850942e-05,8.308991e-04,6.552779e-03,4.067101e-05
