# rmse alpha/u,rmse phic/h,rmse h/r,spread alpha/u,spread phic/h,spread h/r
1.909819e-03,2.837716e-02,7.360702e-04,1.724500e-01,2.357833e-01,1.626367e-01
8.514617e-04,6.783028e-03,2.993061e-05,8.198205e-04,6.193032e-03,2.379464e-05
