# rmse alpha/u,rmse phic/h,rmse h/r,spread alpha/u,spread phic/h,spread h/r
1.909819e-03,2.837716e-02,7.360702e-04,1.724500e-01,2.357833e-01,1.626367e-01
8.994090e-04,7.249374e-03,3.471336e-05,8.280768e-04,6.165188e-03,2.147500e-05
