# rmse alpha/u,rmse phic/h,rmse h/r,spread alpha/u,spread phic/h,spread h/r
1.909819e-03,2.837716e-02,7.360702e-04,1.724500e-01,2.357833e-01,1.626367e-01
7.596402e-04,6.734998e-03,3.458304e-05,7.538910e-04,5.879085e-03,2.084385e-05
