# rmse alpha/u,rmse phic/h,rmse h/r,spread alpha/u,spread phic/h,spread h/r
1.909819e-03,2.837716e-02,7.360702e-04,1.724500e-01,2.357833e-01,1.626367e-01
8.904401e-04,7.307064e-03,5.196121e-05,7.750518e-04,6.098269e-03,2.208558e-05
