# rmse alpha/u,rmse phic/h,rmse h/r,spread alpha/u,spread phic/h,spread h/r
1.328297e-01,4.737486e-02,2.942198e-02,2.188414e-01,1.935956e-01,1.761369e-01
3.638207e-03,3.078563e-02,6.304505e-05,2.362778e-03,1.770578e-02,4.940710e-05
