# rmse alpha/u,rmse phic/h,rmse h/r,spread alpha/u,spread phic/h,spread h/r
1.550400e-03,2.253519e-03,7.502162e-03,9.493758e-02,1.121799e-01,6.786011e-02
8.684046e-04,7.075504e-03,2.415796e-05,8.571737e-04,6.856522e-03,5.093190e-05
