# rmse alpha/u,rmse phic/h,rmse h/r,spread alpha/u,spread phic/h,spread h/r
1.550400e-03,2.253519e-03,7.502162e-03,9.493758e-02,1.121799e-01,6.786011e-02
8.522393e-04,6.386948e-03,2.621974e-05,8.405003e-04,6.670009e-03,4.896399e-05
