# rmse alpha/u,rmse phic/h,rmse h/r,spread alpha/u,spread phic/h,spread h/r
1.550400e-03,2.253519e-03,7.502162e-03,9.493758e-02,1.121799e-01,6.786011e-02
8.393217e-04,6.424214e-03,2.261668e-05,8.565954e-04,6.719827e-03,5.017498e-05
