# rmse alpha/u,rmse phic/h,rmse h/r,spread alpha/u,spread phic/h,spread h/r
8.347961e-02,2.471708e-02,9.440722e-02,1.733888e-01,2.278507e-01,1.488446e-01
4.785741e-03,2.954656e-02,3.538507e-05,3.474113e-03,2.877121e-02,3.932034e-05
