# rmse alpha/u,rmse phic/h,rmse h/r,spread alpha/u,spread phic/h,spread h/r
8.347961e-02,2.471708e-02,9.440722e-02,1.733888e-01,2.278507e-01,1.488446e-01
4.094406e-03,2.260117e-02,2.955773e-05,2.630151e-03,1.971750e-02,3.469664e-05
