# rmse alpha/u,rmse phic/h,rmse h/r,spread alpha/u,spread phic/h,spread h/r
8.347961e-02,2.471708e-02,9.440722e-02,1.733888e-01,2.278507e-01,1.488446e-01
4.666586e-03,2.646863e-02,3.347950e-05,2.765419e-03,1.809414e-02,2.698289e-05
