# rmse alpha/u,rmse phic/h,rmse h/r,spread alpha/u,spread phic/h,spread h/r
8.347961e-02,2.471708e-02,9.440722e-02,1.733888e-01,2.278507e-01,1.488446e-01
4.802644e-03,3.362381e-02,2.192785e-05,3.541510e-03,2.614845e-02,2.890738e-05
