# rmse alpha/u,rmse phic/h,rmse h/r,spread alpha/u,spread phic/h,spread h/r
2.827751e-05,2.782112e-01,1.131851e-02,2.029553e-01,2.401346e-01,2.180772e-01
8.406182e-04,6.134146e-03,2.937523e-05,8.245547e-04,6.434181e-03,3.395182e-05
