# rmse alpha/u,rmse phic/h,rmse h/r,spread alpha/u,spread phic/h,spread h/r
2.827751e-05,2.782112e-01,1.131851e-02,2.029553e-01,2.401346e-01,2.180772e-01
1.552737e-03,7.206199e-03,2.638890e-05,9.496997e-04,6.801585e-03,3.313193e-05
