# rmse alpha/u,rmse phic/h,rmse h/r,spread alpha/u,spread phic/h,spread h/r
2.827751e-05,2.782112e-01,1.131851e-02,2.029553e-01,2.401346e-01,2.180772e-01
8.383544e-04,6.687499e-03,3.987506e-05,8.801602e-04,6.827639e-03,3.914261e-05
