# rmse alpha/u,rmse phic/h,rmse h/r,spread alpha/u,spread phic/h,spread h/r
2.827751e-05,2.782112e-01,1.131851e-02,2.029553e-01,2.401346e-01,2.180772e-01
8.908004e-04,7.197627e-03,3.283456e-05,9.115378e-04,6.953704e-03,3.715999e-05
