# rmse alpha/u,rmse phic/h,rmse h/r,spread alpha/u,spread phic/h,spread h/r
1.876527e-03,1.302995e-02,5.445210e-03,7.124991e-02,6.411039e-02,9.787103e-02
8.767303e-04,6.688991e-03,2.745039e-05,8.577365e-04,6.603353e-03,4.434160e-05
