# rmse alpha/u,rmse phic/h,rmse h/r,spread alpha/u,spread phic/h,spread h/r
1.876527e-03,1.302995e-02,5.445210e-03,7.124991e-02,6.411039e-02,9.787103e-02
1.678046e-03,1.052543e-02,2.739186e-05,1.060298e-03,7.516541e-03,4.296525e-05
