# rmse alpha/u,rmse phic/h,rmse h/r,spread alpha/u,spread phic/h,spread h/r
1.876527e-03,1.302995e-02,5.445210e-03,7.124991e-02,6.411039e-02,9.787103e-02
1.847032e-03,9.470919e-03,2.335601e-05,9.158525e-04,6.854719e-03,4.275919e-05
