# rmse alpha/u,rmse phic/h,rmse h/r,spread alpha/u,spread phic/h,spread h/r
1.876527e-03,1.302995e-02,5.445210e-03,7.124991e-02,6.411039e-02,9.787103e-02
9.264320e-04,7.239204e-03,2.553249e-05,8.328713e-04,6.369301e-03,4.230376e-05
