# rmse alpha/u,rmse phic/h,rmse h/r,spread alpha/u,spread phic/h,spread h/r
1.876527e-03,1.302995e-02,5.445210e-03,7.124991e-02,6.411039e-02,9.787103e-02
1.862586e-03,7.767553e-03,2.901536e-05,9.544333e-04,7.057225e-03,4.253527e-05
