# rmse alpha/u,rmse phic/h,rmse h/r,spread alpha/u,spread phic/h,spread h/r
5.720877e-02,1.957807e-02,9.293572e-02,2.007018e-01,2.348895e-01,2.071683e-01
9.416167e-04,6.763504e-03,2.159401e-05,8.303247e-04,6.382554e-03,4.267644e-05
