# rmse alpha/u,rmse phic/h,rmse h/r,spread alpha/u,spread phic/h,spread h/r
5.720877e-02,1.957807e-02,9.293572e-02,2.007018e-01,2.348895e-01,2.071683e-01
8.708308e-04,6.750259e-03,2.417081e-05,8.807244e-04,7.118064e-03,4.550742e-05
