# rmse alpha/u,rmse phic/h,rmse h/r,spread alpha/u,spread phic/h,spread h/r
5.720877e-02,1.957807e-02,9.293572e-02,2.007018e-01,2.348895e-01,2.071683e-01
8.619192e-04,6.847163e-03,2.396872e-05,8.712941e-04,7.019947e-03,4.677983e-05
