# rmse alpha/u,rmse phic/h,rmse h/r,spread alpha/u,spread phic/h,spread h/r
5.720877e-02,1.957807e-02,9.293572e-02,2.007018e-01,2.348895e-01,2.071683e-01
8.330818e-04,6.543163e-03,2.492882e-05,8.226012e-04,6.509132e-03,4.242905e-05
