# rmse alpha/u,rmse phic/h,rmse h/r,spread alpha/u,spread phic/h,spread h/r
1.771315e-01,9.620694e-02,1.241658e-01,1.162862e-01,8.151171e-02,8.709104e-02
4.066257e-03,3.127419e-02,4.937287e-05,1.967616e-03,1.405003e-02,4.536565e-05
