# rmse alpha/u,rmse phic/h,rmse h/r,spread alpha/u,spread phic/h,spread h/r
1.771315e-01,9.620694e-02,1.241658e-01,1.162862e-01,8.151171e-02,8.709104e-02
4.502914e-03,1.993410e-02,2.215208e-05,2.584842e-03,1.832630e-02,3.563820e-05
