# rmse alpha/u,rmse phic/h,rmse h/r,spread alpha/u,spread phic/h,spread h/r
1.771315e-01,9.620694e-02,1.241658e-01,1.162862e-01,8.151171e-02,8.709104e-02
2.005118e-03,9.857259e-03,2.454249e-05,1.446095e-03,9.841998e-03,3.607876e-05
