# rmse alpha/u,rmse phic/h,rmse h/r,spread alpha/u,spread phic/h,spread h/r
5.818446e-03,2.153788e-01,1.849108e-02,1.969593e-01,1.699969e-01,1.470455e-01
4.927975e-03,3.737316e-02,2.061083e-05,3.483911e-03,2.680687e-02,2.065877e-05
