# rmse alpha/u,rmse phic/h,rmse h/r,spread alpha/u,spread phic/h,spread h/r
5.818446e-03,2.153788e-01,1.849108e-02,1.969593e-01,1.699969e-01,1.470455e-01
3.295303e-03,2.164355e-02,1.807352e-05,3.670457e-03,2.803506e-02,2.118395e-05
