# rmse alpha/u,rmse phic/h,rmse h/r,spread alpha/u,spread phic/h,spread h/r
5.818446e-03,2.153788e-01,1.849108e-02,1.969593e-01,1.699969e-01,1.470455e-01
3.830422e-03,2.553942e-02,3.126413e-05,3.258942e-03,2.447550e-02,2.079124e-05
