# rmse alpha/u,rmse phic/h,rmse h/r,spread alpha/u,spread phic/h,spread h/r
5.818446e-03,2.153788e-01,1.849108e-02,1.969593e-01,1.699969e-01,1.470455e-01
5.010436e-03,2.520608e-02,2.258684e-05,3.157148e-03,2.386101e-02,1.688030e-05
