# rmse alpha/u,rmse phic/h,rmse h/r,spread alpha/u,spread phic/h,spread h/r
5.818446e-03,2.153788e-01,1.849108e-02,1.969593e-01,1.699969e-01,1.470455e-01
3.466006e-03,2.643813e-02,2.900350e-05,2.975658e-03,2.218293e-02,1.846125e-05
