# rmse alpha/u,rmse phic/h,rmse h/r,spread alpha/u,spread phic/h,spread h/r
5.818446e-03,2.153788e-01,1.849108e-02,1.969593e-01,1.699969e-01,1.470455e-01
3.341097e-03,2.698615e-02,1.924478e-05,3.191225e-03,2.206030e-02,1.468207e-05
