# rmse alpha/u,rmse phic/h,rmse h/r,spread alpha/u,spread phic/h,spread h/r
9.546143e-02,4.819898e-02,6.220611e-02,2.029553e-01,2.401346e-01,2.180772e-01
5.559460e-03,3.157442e-02,4.066896e-05,3.357400e-03,2.506304e-02,3.156589e-05
