# rmse alpha/u,rmse phic/h,rmse h/r,spread alpha/u,spread phic/h,spread h/r
9.546143e-02,4.819898e-02,6.220611e-02,2.029553e-01,2.401346e-01,2.180772e-01
4.818991e-03,3.439519e-02,2.958394e-05,3.422846e-03,2.743144e-02,3.375844e-05
