# rmse alpha/u,rmse phic/h,rmse h/r,spread alpha/u,spread phic/h,spread h/r
1.158976e-01,5.476552e-02,8.129960e-02,1.985981e-01,2.422135e-01,2.443162e-01
5.052613e-03,3.325365e-02,4.139885e-05,4.541687e-03,3.230596e-02,4.412690e-05
