# rmse alpha/u,rmse phic/h,rmse h/r,spread alpha/u,spread phic/h,spread h/r
1.158976e-01,5.476552e-02,8.129960e-02,1.985981e-01,2.422135e-01,2.443162e-01
5.017229e-03,3.408324e-02,4.573099e-05,3.837822e-03,2.921898e-02,4.025714e-05
