# rmse alpha/u,rmse phic/h,rmse h/r,spread alpha/u,spread phic/h,spread h/r
1.158976e-01,5.476552e-02,8.129960e-02,1.985981e-01,2.422135e-01,2.443162e-01
5.066737e-03,3.533303e-02,4.450752e-05,3.887085e-03,2.829642e-02,3.874045e-05
