# rmse alpha/u,rmse phic/h,rmse h/r,spread alpha/u,spread phic/h,spread h/r
1.308733e-04,2.720224e-03,3.559451e-03,1.418055e-01,8.951528e-02,7.638329e-02
4.654947e-03,2.268701e-02,3.579384e-05,1.538940e-03,1.048936e-02,2.938115e-05
