# rmse alpha/u,rmse phic/h,rmse h/r,spread alpha/u,spread phic/h,spread h/r
1.308733e-04,2.720224e-03,3.559451e-03,1.418055e-01,8.951528e-02,7.638329e-02
4.094272e-03,1.989078e-02,3.930762e-05,1.696602e-03,1.180036e-02,3.350769e-05
