# rmse alpha/u,rmse phic/h,rmse h/r,spread alpha/u,spread phic/h,spread h/r
1.308733e-04,2.720224e-03,3.559451e-03,1.418055e-01,8.951528e-02,7.638329e-02
2.233901e-03,1.584775e-02,3.441968e-05,1.260472e-03,9.425001e-03,3.469312e-05
