# rmse alpha/u,rmse phic/h,rmse h/r,spread alpha/u,spread phic/h,spread h/r
1.308733e-04,2.720224e-03,3.559451e-03,1.418055e-01,8.951528e-02,7.638329e-02
1.058046e-03,8.408415e-03,3.120609e-05,9.369023e-04,6.932864e-03,3.179078e-05
