# rmse alpha/u,rmse phic/h,rmse h/r,spread alpha/u,spread phic/h,spread h/r
1.308733e-04,2.720224e-03,3.559451e-03,1.418055e-01,8.951528e-02,7.638329e-02
1.826708e-03,1.567837e-02,3.514644e-05,1.344789e-03,9.568547e-03,3.419581e-05
