# rmse alpha/u,rmse phic/h,rmse h/r,spread alpha/u,spread phic/h,spread h/r
3.192096e-02,4.069026e-03,2.131147e-02,1.169878e-01,2.502966e-01,2.115195e-01
8.548804e-04,6.295656e-03,2.116637e-05,8.499282e-04,6.687098e-03,4.916291e-05
