# rmse alpha/u,rmse phic/h,rmse h/r,spread alpha/u,spread phic/h,spread h/r
3.192096e-02,4.069026e-03,2.131147e-02,1.169878e-01,2.502966e-01,2.115195e-01
8.617447e-04,6.890774e-03,2.239487e-05,8.652973e-04,6.878793e-03,5.166280e-05
