# rmse alpha/u,rmse phic/h,rmse h/r,spread alpha/u,spread phic/h,spread h/r
1.149661e-01,3.758966e-02,1.049444e-02,2.007666e-01,2.380345e-01,2.181955e-01
7.973923e-04,5.525000e-03,1.364148e-04,7.540107e-04,5.698837e-03,1.108146e-05
