# rmse alpha/u,rmse phic/h,rmse h/r,spread alpha/u,spread phic/h,spread h/r
1.149661e-01,3.758966e-02,1.049444e-02,2.007666e-01,2.380345e-01,2.181955e-01
8.520542e-04,6.103162e-03,1.386278e-04,8.082872e-04,6.237944e-03,1.505956e-05
