# rmse alpha/u,rmse phic/h,rmse h/r,spread alpha/u,spread phic/h,spread h/r
1.149661e-01,3.758966e-02,1.049444e-02,2.007666e-01,2.380345e-01,2.181955e-01
9.174042e-04,7.300202e-03,1.451369e-04,8.401375e-04,6.347678e-03,1.534325e-05
