# rmse alpha/u,rmse phic/h,rmse h/r,spread alpha/u,spread phic/h,spread h/r
1.149661e-01,3.758966e-02,1.049444e-02,2.007666e-01,2.380345e-01,2.181955e-01
8.493565e-04,6.108524e-03,1.397346e-04,8.244626e-04,6.181251e-03,1.611724e-05
