# rmse alpha/u,rmse phic/h,rmse h/r,spread alpha/u,spread phic/h,spread h/r
1.149661e-01,3.758966e-02,1.049444e-02,2.007666e-01,2.380345e-01,2.181955e-01
9.680444e-04,7.529754e-03,1.367233e-04,8.182813e-04,6.366336e-03,1.764885e-05
