# rmse alpha/u,rmse phic/h,rmse h/r,spread alpha/u,spread phic/h,spread h/r
2.011660e-01,3.682822e-02,1.868297e-02,1.479929e-01,9.824814e-02,7.832361e-02
2.436867e-03,2.108537e-02,6.572396e-05,3.055987e-03,2.190448e-02,5.387846e-05
