# rmse alpha/u,rmse phic/h,rmse h/r,spread alpha/u,spread phic/h,spread h/r
2.011660e-01,3.682822e-02,1.868297e-02,1.479929e-01,9.824814e-02,7.832361e-02
3.221806e-03,2.248306e-02,4.962673e-05,3.076925e-03,2.157051e-02,4.770253e-05
