# rmse alpha/u,rmse phic/h,rmse h/r,spread alpha/u,spread phic/h,spread h/r
2.011660e-01,3.682822e-02,1.868297e-02,1.479929e-01,9.824814e-02,7.832361e-02
4.149616e-03,2.242208e-02,6.991001e-05,3.333499e-03,2.343621e-02,5.663470e-05
