# rmse alpha/u,rmse phic/h,rmse h/r,spread alpha/u,spread phic/h,spread h/r
1.791795e-01,4.232791e-01,3.066010e-01,1.408747e-01,2.267476e-01,1.997121e-01
9.258522e-04,7.375333e-03,7.461043e-05,8.385673e-04,6.617519e-03,3.655120e-05
