# rmse alpha/u,rmse phic/h,rmse h/r,spread alpha/u,spread phic/h,spread h/r
1.791795e-01,4.232791e-01,3.066010e-01,1.408747e-01,2.267476e-01,1.997121e-01
1.038219e-03,6.393114e-03,6.467635e-05,8.202708e-04,6.282599e-03,3.608792e-05
