# rmse alpha/u,rmse phic/h,rmse h/r,spread alpha/u,spread phic/h,spread h/r
1.791795e-01,4.232791e-01,3.066010e-01,1.408747e-01,2.267476e-01,1.997121e-01
8.767403e-04,6.662704e-03,7.831406e-05,8.117229e-04,6.427865e-03,3.709997e-05
