# rmse alpha/u,rmse phic/h,rmse h/r,spread alpha/u,spread phic/h,spread h/r
6.141161e-04,1.273406e-03,2.019375e-04,7.951870e-02,7.113665e-02,8.557519e-02
9.089068e-04,6.904100e-03,2.200630e-05,8.584079e-04,6.763864e-03,5.302772e-05
