# rmse alpha/u,rmse phic/h,rmse h/r,spread alpha/u,spread phic/h,spread h/r
6.141161e-04,1.273406e-03,2.019375e-04,7.951870e-02,7.113665e-02,8.557519e-02
8.655103e-04,6.707117e-03,2.389762e-05,8.839641e-04,7.032609e-03,5.463657e-05
