# rmse alpha/u,rmse phic/h,rmse h/r,spread alpha/u,spread phic/h,spread h/r
6.141161e-04,1.273406e-03,2.019375e-04,7.951870e-02,7.113665e-02,8.557519e-02
8.955912e-04,7.539375e-03,2.995718e-05,8.999304e-04,7.265224e-03,5.775011e-05
