# rmse alpha/u,rmse phic/h,rmse h/r,spread alpha/u,spread phic/h,spread h/r
6.141161e-04,1.273406e-03,2.019375e-04,7.951870e-02,7.113665e-02,8.557519e-02
8.611264e-04,6.815516e-03,2.427177e-05,8.572392e-04,6.976707e-03,5.307322e-05
