# rmse alpha/u,rmse phic/h,rmse h/r,spread alpha/u,spread phic/h,spread h/r
6.141161e-04,1.273406e-03,2.019375e-04,7.951870e-02,7.113665e-02,8.557519e-02
8.449447e-04,6.527189e-03,2.272985e-05,8.502709e-04,6.723035e-03,5.207845e-05
