# rmse alpha/u,rmse phic/h,rmse h/r,spread alpha/u,spread phic/h,spread h/r
6.141161e-04,1.273406e-03,2.019375e-04,7.951870e-02,7.113665e-02,8.557519e-02
8.788119e-04,7.096163e-03,2.171302e-05,8.692068e-04,7.057143e-03,5.419354e-05
