# rmse alpha/u,rmse phic/h,rmse h/r,spread alpha/u,spread phic/h,spread h/r
1.089109e-01,1.178740e-02,4.399912e-04,1.460775e-01,9.522957e-02,9.746198e-02
2.917181e-03,1.687882e-02,5.274907e-05,1.801494e-03,1.259706e-02,3.481653e-05
