# rmse alpha/u,rmse phic/h,rmse h/r,spread alpha/u,spread phic/h,spread h/r
1.089109e-01,1.178740e-02,4.399912e-04,1.460775e-01,9.522957e-02,9.746198e-02
3.054614e-03,1.283211e-02,4.029299e-05,2.216968e-03,1.391318e-02,3.801535e-05
