# rmse alpha/u,rmse phic/h,rmse h/r,spread alpha/u,spread phic/h,spread h/r
1.089109e-01,1.178740e-02,4.399912e-04,1.460775e-01,9.522957e-02,9.746198e-02
4.447616e-03,2.376747e-02,4.207141e-05,2.970206e-03,1.932099e-02,4.327121e-05
