# rmse alpha/u,rmse phic/h,rmse h/r,spread alpha/u,spread phic/h,spread h/r
1.089109e-01,1.178740e-02,4.399912e-04,1.460775e-01,9.522957e-02,9.746198e-02
3.690353e-03,2.153078e-02,5.485914e-05,3.100892e-03,2.079831e-02,4.748351e-05
