# rmse alpha/u,rmse phic/h,rmse h/r,spread alpha/u,spread phic/h,spread h/r
1.089109e-01,1.178740e-02,4.399912e-04,1.460775e-01,9.522957e-02,9.746198e-02
2.517340e-03,1.567397e-02,4.187214e-05,2.047486e-03,1.433452e-02,3.371179e-05
