# rmse alpha/u,rmse phic/h,rmse h/r,spread alpha/u,spread phic/h,spread h/r
1.089109e-01,1.178740e-02,4.399912e-04,1.460775e-01,9.522957e-02,9.746198e-02
2.838429e-03,1.802878e-02,4.646851e-05,2.422828e-03,1.628881e-02,3.428081e-05
