# rmse alpha/u,rmse phic/h,rmse h/r,spread alpha/u,spread phic/h,spread h/r
4.138992e-04,6.380669e-03,5.062645e-03,1.046326e-01,5.336996e-02,8.675586e-02
8.544416e-04,6.959877e-03,2.515125e-05,8.723775e-04,6.970604e-03,5.305165e-05
