# rmse alpha/u,rmse phic/h,rmse h/r,spread alpha/u,spread phic/h,spread h/r
4.138992e-04,6.380669e-03,5.062645e-03,1.046326e-01,5.336996e-02,8.675586e-02
8.149412e-04,6.195401e-03,2.410161e-05,8.214207e-04,6.447170e-03,5.158822e-05
