# rmse alpha/u,rmse phic/h,rmse h/r,spread alpha/u,spread phic/h,spread h/r
4.138992e-04,6.380669e-03,5.062645e-03,1.046326e-01,5.336996e-02,8.675586e-02
8.724678e-04,6.712839e-03,2.389470e-05,8.740816e-04,6.962655e-03,5.318581e-05
