# rmse alpha/u,rmse phic/h,rmse h/r,spread alpha/u,spread phic/h,spread h/r
4.138992e-04,6.380669e-03,5.062645e-03,1.046326e-01,5.336996e-02,8.675586e-02
8.922871e-04,7.102757e-03,2.665051e-05,8.825634e-04,7.218766e-03,5.442888e-05
