# rmse alpha/u,rmse phic/h,rmse h/r,spread alpha/u,spread phic/h,spread h/r
4.138992e-04,6.380669e-03,5.062645e-03,1.046326e-01,5.336996e-02,8.675586e-02
8.268000e-04,6.749707e-03,2.407916e-05,8.330354e-04,6.575275e-03,4.996091e-05
