# rmse alpha/u,rmse phic/h,rmse h/r,spread alpha/u,spread phic/h,spread h/r
4.138992e-04,6.380669e-03,5.062645e-03,1.046326e-01,5.336996e-02,8.675586e-02
8.291462e-04,6.286061e-03,2.287483e-05,8.332994e-04,6.636755e-03,4.936106e-05
