# rmse alpha/u,rmse phic/h,rmse h/r,spread alpha/u,spread phic/h,spread h/r
2.901246e-04,1.954616e-01,3.968186e-01,2.003257e-01,1.978003e-01,1.815101e-01
4.457878e-03,2.996352e-02,4.979461e-05,2.345156e-03,1.703998e-02,2.528228e-05
