# rmse alpha/u,rmse phic/h,rmse h/r,spread alpha/u,spread phic/h,spread h/r
2.901246e-04,1.954616e-01,3.968186e-01,2.003257e-01,1.978003e-01,1.815101e-01
3.856786e-03,2.337399e-02,4.888687e-05,2.152258e-03,1.483174e-02,2.253386e-05
