# rmse alpha/u,rmse phic/h,rmse h/r,spread alpha/u,spread phic/h,spread h/r
2.901246e-04,1.954616e-01,3.968186e-01,2.003257e-01,1.978003e-01,1.815101e-01
2.758956e-03,1.343654e-02,3.955244e-05,1.419160e-03,9.759385e-03,1.591578e-05
