# rmse alpha/u,rmse phic/h,rmse h/r,spread alpha/u,spread phic/h,spread h/r
2.901246e-04,1.954616e-01,3.968186e-01,2.003257e-01,1.978003e-01,1.815101e-01
4.911480e-03,2.094442e-02,4.418261e-05,2.051194e-03,1.343799e-02,1.906081e-05
