# rmse alpha/u,rmse phic/h,rmse h/r,spread alpha/u,spread phic/h,spread h/r
2.901246e-04,1.954616e-01,3.968186e-01,2.003257e-01,1.978003e-01,1.815101e-01
3.981517e-03,2.189524e-02,5.093729e-05,2.367282e-03,1.592328e-02,2.320946e-05
