# rmse alpha/u,rmse phic/h,rmse h/r,spread alpha/u,spread phic/h,spread h/r
2.901246e-04,1.954616e-01,3.968186e-01,2.003257e-01,1.978003e-01,1.815101e-01
2.411226e-03,1.003923e-02,2.983930e-05,1.685698e-03,1.161301e-02,1.698584e-05
