# rmse alpha/u,rmse phic/h,rmse h/r,spread alpha/u,spread phic/h,spread h/r
1.332183e-01,2.085037e-01,1.620998e-01,1.332047e-01,9.900549e-02,8.113907e-02
1.963497e-03,1.762026e-02,4.281372e-05,2.580700e-03,1.997836e-02,4.950012e-05
