# rmse alpha/u,rmse phic/h,rmse h/r,spread alpha/u,spread phic/h,spread h/r
1.332183e-01,2.085037e-01,1.620998e-01,1.332047e-01,9.900549e-02,8.113907e-02
3.000931e-03,1.813575e-02,4.435580e-05,2.761878e-03,1.974004e-02,4.913294e-05
