# rmse alpha/u,rmse phic/h,rmse h/r,spread alpha/u,spread phic/h,spread h/r
1.332183e-01,2.085037e-01,1.620998e-01,1.332047e-01,9.900549e-02,8.113907e-02
3.807007e-03,2.111181e-02,4.818504e-05,2.964356e-03,2.288620e-02,4.967225e-05
