# rmse alpha/u,rmse phic/h,rmse h/r,spread alpha/u,spread phic/h,spread h/r
1.332183e-01,2.085037e-01,1.620998e-01,1.332047e-01,9.900549e-02,8.113907e-02
3.197824e-03,2.179159e-02,3.219474e-05,2.180722e-03,1.543905e-02,4.329367e-05
