# rmse alpha/u,rmse phic/h,rmse h/r,spread alpha/u,spread phic/h,spread h/r
1.332183e-01,2.085037e-01,1.620998e-01,1.332047e-01,9.900549e-02,8.113907e-02
4.038166e-03,2.167903e-02,3.355620e-05,2.324750e-03,1.622567e-02,4.373668e-05
