# rmse alpha/u,rmse phic/h,rmse h/r,spread alpha/u,spread phic/h,spread h/r
1.332183e-01,2.085037e-01,1.620998e-01,1.332047e-01,9.900549e-02,8.113907e-02
3.880894e-03,2.451168e-02,4.213313e-05,3.161063e-03,2.271930e-02,4.968056e-05
