# rmse alpha/u,rmse phic/h,rmse h/r,spread alpha/u,spread phic/h,spread h/r
1.332183e-01,2.085037e-01,1.620998e-01,1.332047e-01,9.900549e-02,8.113907e-02
3.281307e-03,2.117643e-02,3.563649e-05,2.869147e-03,2.195271e-02,5.128496e-05
