# rmse alpha/u,rmse phic/h,rmse h/r,spread alpha/u,spread phic/h,spread h/r
2.203622e-01,2.221273e-01,4.116045e-01,1.804897e-01,2.192150e-01,2.384817e-01
5.306126e-03,3.051182e-02,8.028001e-05,3.112731e-03,2.379931e-02,5.399709e-05
