# rmse alpha/u,rmse phic/h,rmse h/r,spread alpha/u,spread phic/h,spread h/r
2.203622e-01,2.221273e-01,4.116045e-01,1.804897e-01,2.192150e-01,2.384817e-01
4.643040e-03,3.324325e-02,8.294300e-05,3.085532e-03,2.362428e-02,5.580265e-05
