# rmse alpha/u,rmse phic/h,rmse h/r,spread alpha/u,spread phic/h,spread h/r
2.203622e-01,2.221273e-01,4.116045e-01,1.804897e-01,2.192150e-01,2.384817e-01
3.922066e-03,3.318194e-02,6.144384e-05,3.201780e-03,2.365574e-02,5.555986e-05
