# rmse alpha/u,rmse phic/h,rmse h/r,spread alpha/u,spread phic/h,spread h/r
2.203622e-01,2.221273e-01,4.116045e-01,1.804897e-01,2.192150e-01,2.384817e-01
5.478632e-03,3.626044e-02,7.593525e-05,3.087190e-03,2.243058e-02,5.372189e-05
