# rmse alpha/u,rmse phic/h,rmse h/r,spread alpha/u,spread phic/h,spread h/r
3.412119e-02,9.396163e-02,4.638299e-01,1.738920e-01,2.448466e-01,1.681315e-01
3.001802e-03,1.214834e-02,2.724416e-05,1.141723e-03,7.377400e-03,2.303267e-05
