# rmse alpha/u,rmse phic/h,rmse h/r,spread alpha/u,spread phic/h,spread h/r
3.412119e-02,9.396163e-02,4.638299e-01,1.738920e-01,2.448466e-01,1.681315e-01
1.142180e-03,7.388201e-03,2.778404e-05,9.243686e-04,6.555750e-03,2.460942e-05
