# rmse alpha/u,rmse phic/h,rmse h/r,spread alpha/u,spread phic/h,spread h/r
3.412119e-02,9.396163e-02,4.638299e-01,1.738920e-01,2.448466e-01,1.681315e-01
2.657298e-03,1.585481e-02,2.483168e-05,9.585299e-04,6.966646e-03,2.252856e-05
