# rmse alpha/u,rmse phic/h,rmse h/r,spread alpha/u,spread phic/h,spread h/r
1.565905e-01,4.190019e-01,5.295073e-01,1.982756e-01,1.909562e-01,1.621428e-01
3.943164e-03,2.861190e-02,4.467745e-05,3.053405e-03,2.310416e-02,3.690910e-05
