# rmse alpha/u,rmse phic/h,rmse h/r,spread alpha/u,spread phic/h,spread h/r
1.565905e-01,4.190019e-01,5.295073e-01,1.982756e-01,1.909562e-01,1.621428e-01
4.588024e-03,2.761144e-02,3.360321e-05,3.234997e-03,2.418927e-02,3.455007e-05
