# rmse alpha/u,rmse phic/h,rmse h/r,spread alpha/u,spread phic/h,spread h/r
1.565905e-01,4.190019e-01,5.295073e-01,1.982756e-01,1.909562e-01,1.621428e-01
4.558866e-03,3.218915e-02,5.400277e-05,2.584938e-03,2.035837e-02,3.968314e-05
