# rmse alpha/u,rmse phic/h,rmse h/r,spread alpha/u,spread phic/h,spread h/r
1.565905e-01,4.190019e-01,5.295073e-01,1.982756e-01,1.909562e-01,1.621428e-01
3.532951e-03,1.731089e-02,4.339184e-05,2.298401e-03,1.630812e-02,3.363112e-05
