# rmse alpha/u,rmse phic/h,rmse h/r,spread alpha/u,spread phic/h,spread h/r
1.565905e-01,4.190019e-01,5.295073e-01,1.982756e-01,1.909562e-01,1.621428e-01
4.103106e-03,2.695779e-02,3.599985e-05,2.570074e-03,1.834427e-02,3.648874e-05
