# rmse alpha/u,rmse phic/h,rmse h/r,spread alpha/u,spread phic/h,spread h/r
1.565905e-01,4.190019e-01,5.295073e-01,1.982756e-01,1.909562e-01,1.621428e-01
3.236508e-03,1.986892e-02,2.692312e-05,2.690392e-03,1.962099e-02,3.134427e-05
