# rmse alpha/u,rmse phic/h,rmse h/r,spread alpha/u,spread phic/h,spread h/r
6.195605e-01,5.113382e-01,3.010061e-01,1.847168e-01,2.479040e-01,2.153381e-01
3.710352e-03,2.436864e-02,8.492255e-05,1.938881e-03,1.227699e-02,3.032756e-05
