# rmse alpha/u,rmse phic/h,rmse h/r,spread alpha/u,spread phic/h,spread h/r
6.195605e-01,5.113382e-01,3.010061e-01,1.847168e-01,2.479040e-01,2.153381e-01
5.530073e-03,4.391227e-02,9.126696e-05,2.917800e-03,2.065026e-02,3.495497e-05
