# rmse alpha/u,rmse phic/h,rmse h/r,spread alpha/u,spread phic/h,spread h/r
6.195605e-01,5.113382e-01,3.010061e-01,1.847168e-01,2.479040e-01,2.153381e-01
4.471882e-03,2.890605e-02,8.946544e-05,2.708348e-03,1.979399e-02,3.581753e-05
