# rmse alpha/u,rmse phic/h,rmse h/r,spread alpha/u,spread phic/h,spread h/r
6.195605e-01,5.113382e-01,3.010061e-01,1.847168e-01,2.479040e-01,2.153381e-01
5.009246e-03,3.581969e-02,9.060105e-05,2.923398e-03,2.015402e-02,3.645027e-05
