# rmse alpha/u,rmse phic/h,rmse h/r,spread alpha/u,spread phic/h,spread h/r
6.195605e-01,5.113382e-01,3.010061e-01,1.847168e-01,2.479040e-01,2.153381e-01
4.785636e-03,2.749495e-02,1.046792e-04,3.040388e-03,2.138861e-02,4.355672e-05
