# rmse alpha/u,rmse phic/h,rmse h/r,spread alpha/u,spread phic/h,spread h/r
6.195605e-01,5.113382e-01,3.010061e-01,1.847168e-01,2.479040e-01,2.153381e-01
5.671715e-03,3.653238e-02,8.488832e-05,2.785674e-03,2.022794e-02,4.174060e-05
