# rmse alpha/u,rmse phic/h,rmse h/r,spread alpha/u,spread phic/h,spread h/r
6.195605e-01,5.113382e-01,3.010061e-01,1.847168e-01,2.479040e-01,2.153381e-01
5.271286e-03,3.508259e-02,7.411524e-05,2.299708e-03,1.667310e-02,3.682238e-05
