# rmse alpha/u,rmse phic/h,rmse h/r,spread alpha/u,spread phic/h,spread h/r
6.195605e-01,5.113382e-01,3.010061e-01,1.847168e-01,2.479040e-01,2.153381e-01
3.479334e-03,2.197123e-02,7.388484e-05,2.433102e-03,1.655418e-02,3.383784e-05
