# rmse alpha/u,rmse phic/h,rmse h/r,spread alpha/u,spread phic/h,spread h/r
2.295289e-01,1.730717e-04,1.184801e-01,2.011122e-01,2.284813e-01,1.938860e-01
2.899463e-03,1.697665e-02,9.837581e-05,2.431305e-03,1.563576e-02,3.940005e-05
