# rmse alpha/u,rmse phic/h,rmse h/r,spread alpha/u,spread phic/h,spread h/r
2.295289e-01,1.730717e-04,1.184801e-01,2.011122e-01,2.284813e-01,1.938860e-01
2.500711e-03,1.578648e-02,9.589400e-05,2.016763e-03,1.398938e-02,3.767147e-05
