# rmse alpha/u,rmse phic/h,rmse h/r,spread alpha/u,spread phic/h,spread h/r
2.295289e-01,1.730717e-04,1.184801e-01,2.011122e-01,2.284813e-01,1.938860e-01
4.610421e-03,2.164112e-02,9.714006e-05,2.463084e-03,1.634888e-02,3.849758e-05
