# rmse alpha/u,rmse phic/h,rmse h/r,spread alpha/u,spread phic/h,spread h/r
2.295289e-01,1.730717e-04,1.184801e-01,2.011122e-01,2.284813e-01,1.938860e-01
3.387074e-03,2.078648e-02,1.025074e-04,2.116425e-03,1.512650e-02,4.289777e-05
