# rmse alpha/u,rmse phic/h,rmse h/r,spread alpha/u,spread phic/h,spread h/r
2.295289e-01,1.730717e-04,1.184801e-01,2.011122e-01,2.284813e-01,1.938860e-01
4.445287e-03,2.608374e-02,8.648693e-05,2.800857e-03,1.839635e-02,4.270331e-05
