# rmse alpha/u,rmse phic/h,rmse h/r,spread alpha/u,spread phic/h,spread h/r
2.295289e-01,1.730717e-04,1.184801e-01,2.011122e-01,2.284813e-01,1.938860e-01
5.296518e-03,2.672427e-02,9.743535e-05,2.956962e-03,1.948419e-02,4.954976e-05
