# rmse alpha/u,rmse phic/h,rmse h/r,spread alpha/u,spread phic/h,spread h/r
2.295289e-01,1.730717e-04,1.184801e-01,2.011122e-01,2.284813e-01,1.938860e-01
3.185088e-03,1.772852e-02,7.766471e-05,2.195702e-03,1.420584e-02,3.282913e-05
