# rmse alpha/u,rmse phic/h,rmse h/r,spread alpha/u,spread phic/h,spread h/r
3.687727e-02,3.435151e-02,3.533956e-01,2.178019e-01,1.997102e-01,1.533221e-01
3.348241e-03,2.086105e-02,6.278462e-05,2.651074e-03,1.930927e-02,3.636084e-05
