# rmse alpha/u,rmse phic/h,rmse h/r,spread alpha/u,spread phic/h,spread h/r
3.687727e-02,3.435151e-02,3.533956e-01,2.178019e-01,1.997102e-01,1.533221e-01
2.045097e-03,1.125584e-02,4.066535e-05,1.753019e-03,1.123104e-02,3.743608e-05
