# rmse alpha/u,rmse phic/h,rmse h/r,spread alpha/u,spread phic/h,spread h/r
3.687727e-02,3.435151e-02,3.533956e-01,2.178019e-01,1.997102e-01,1.533221e-01
2.547476e-03,1.829112e-02,5.877397e-05,1.873475e-03,1.371570e-02,3.701957e-05
