# rmse alpha/u,rmse phic/h,rmse h/r,spread alpha/u,spread phic/h,spread h/r
3.687727e-02,3.435151e-02,3.533956e-01,2.178019e-01,1.997102e-01,1.533221e-01
3.157532e-03,1.784262e-02,6.042494e-05,1.695728e-03,1.149147e-02,3.830961e-05
