# rmse alpha/u,rmse phic/h,rmse h/r,spread alpha/u,spread phic/h,spread h/r
3.687727e-02,3.435151e-02,3.533956e-01,2.178019e-01,1.997102e-01,1.533221e-01
2.203204e-03,1.647221e-02,5.698359e-05,1.686321e-03,1.235920e-02,4.014311e-05
