# rmse alpha/u,rmse phic/h,rmse h/r,spread alpha/u,spread phic/h,spread h/r
2.930962e-01,6.301958e-01,5.681346e-01,2.042022e-01,1.992226e-01,1.814630e-01
3.058393e-03,2.025969e-02,3.980451e-05,1.750381e-03,1.217463e-02,3.259674e-05
