# rmse alpha/u,rmse phic/h,rmse h/r,spread alpha/u,spread phic/h,spread h/r
2.930962e-01,6.301958e-01,5.681346e-01,2.042022e-01,1.992226e-01,1.814630e-01
4.385644e-03,2.414166e-02,2.999463e-05,2.362362e-03,1.638460e-02,3.107356e-05
