# rmse alpha/u,rmse phic/h,rmse h/r,spread alpha/u,spread phic/h,spread h/r
2.930962e-01,6.301958e-01,5.681346e-01,2.042022e-01,1.992226e-01,1.814630e-01
3.013299e-03,1.789969e-02,3.531824e-05,2.148767e-03,1.565712e-02,3.581855e-05
