# rmse alpha/u,rmse phic/h,rmse h/r,spread alpha/u,spread phic/h,spread h/r
2.930962e-01,6.301958e-01,5.681346e-01,2.042022e-01,1.992226e-01,1.814630e-01
3.543841e-03,2.199980e-02,3.524499e-05,2.365946e-03,1.734047e-02,3.939654e-05
