# rmse alpha/u,rmse phic/h,rmse h/r,spread alpha/u,spread phic/h,spread h/r
2.930962e-01,6.301958e-01,5.681346e-01,2.042022e-01,1.992226e-01,1.814630e-01
2.451366e-03,2.028166e-02,3.395282e-05,1.867799e-03,1.372282e-02,3.689327e-05
