# rmse alpha/u,rmse phic/h,rmse h/r,spread alpha/u,spread phic/h,spread h/r
1.049413e-03,1.662787e-04,3.399238e-03,1.927996e-01,2.373932e-01,2.334187e-01
8.633372e-04,6.713794e-03,1.930853e-05,8.301922e-04,6.341911e-03,2.754947e-05
