# rmse alpha/u,rmse phic/h,rmse h/r,spread alpha/u,spread phic/h,spread h/r
1.049413e-03,1.662787e-04,3.399238e-03,1.927996e-01,2.373932e-01,2.334187e-01
8.028503e-04,6.909472e-03,1.552380e-05,7.966264e-04,6.201964e-03,2.650408e-05
