# rmse alpha/u,rmse phic/h,rmse h/r,spread alpha/u,spread phic/h,spread h/r
1.049413e-03,1.662787e-04,3.399238e-03,1.927996e-01,2.373932e-01,2.334187e-01
2.285015e-03,1.038349e-02,2.139457e-05,1.199355e-03,8.096124e-03,2.583457e-05
