# rmse alpha/u,rmse phic/h,rmse h/r,spread alpha/u,spread phic/h,spread h/r
1.049413e-03,1.662787e-04,3.399238e-03,1.927996e-01,2.373932e-01,2.334187e-01
1.460761e-03,7.728022e-03,2.176891e-05,9.742718e-04,7.408830e-03,3.082048e-05
