# rmse alpha/u,rmse phic/h,rmse h/r,spread alpha/u,spread phic/h,spread h/r
1.692049e-01,2.915836e-01,3.080342e-01,1.618343e-01,2.060358e-01,2.183917e-01
1.996893e-03,1.429175e-02,5.326670e-05,2.416864e-03,1.727271e-02,5.399433e-05
