# rmse alpha/u,rmse phic/h,rmse h/r,spread alpha/u,spread phic/h,spread h/r
1.692049e-01,2.915836e-01,3.080342e-01,1.618343e-01,2.060358e-01,2.183917e-01
3.551692e-03,1.896325e-02,6.346669e-05,2.853134e-03,1.976369e-02,5.930274e-05
