# rmse alpha/u,rmse phic/h,rmse h/r,spread alpha/u,spread phic/h,spread h/r
1.692049e-01,2.915836e-01,3.080342e-01,1.618343e-01,2.060358e-01,2.183917e-01
3.175493e-03,1.910721e-02,4.746570e-05,2.314783e-03,1.586524e-02,5.251652e-05
