# rmse alpha/u,rmse phic/h,rmse h/r,spread alpha/u,spread phic/h,spread h/r
1.692049e-01,2.915836e-01,3.080342e-01,1.618343e-01,2.060358e-01,2.183917e-01
3.619044e-03,2.177792e-02,5.884825e-05,3.192968e-03,2.368571e-02,6.332618e-05
