# rmse alpha/u,rmse phic/h,rmse h/r,spread alpha/u,spread phic/h,spread h/r
1.692049e-01,2.915836e-01,3.080342e-01,1.618343e-01,2.060358e-01,2.183917e-01
2.806074e-03,1.879758e-02,5.003130e-05,2.571223e-03,1.847988e-02,5.503241e-05
