# rmse alpha/u,rmse phic/h,rmse h/r,spread alpha/u,spread phic/h,spread h/r
1.953575e-03,4.849244e-03,4.656446e-02,1.441473e-01,2.306934e-01,1.986800e-01
8.921351e-04,6.799831e-03,2.140934e-05,8.542930e-04,6.690127e-03,4.979553e-05
