# rmse alpha/u,rmse phic/h,rmse h/r,spread alpha/u,spread phic/h,spread h/r
1.953575e-03,4.849244e-03,4.656446e-02,1.441473e-01,2.306934e-01,1.986800e-01
8.713969e-04,6.792779e-03,2.458350e-05,8.735740e-04,6.953459e-03,5.021591e-05
