# rmse alpha/u,rmse phic/h,rmse h/r,spread alpha/u,spread phic/h,spread h/r
1.953575e-03,4.849244e-03,4.656446e-02,1.441473e-01,2.306934e-01,1.986800e-01
8.197464e-04,6.296345e-03,2.386747e-05,8.096806e-04,6.505654e-03,4.727604e-05
