# rmse alpha/u,rmse phic/h,rmse h/r,spread alpha/u,spread phic/h,spread h/r
1.953575e-03,4.849244e-03,4.656446e-02,1.441473e-01,2.306934e-01,1.986800e-01
8.265686e-04,6.296527e-03,1.862134e-05,8.170857e-04,6.467524e-03,4.817982e-05
