# rmse alpha/u,rmse phic/h,rmse h/r,spread alpha/u,spread phic/h,spread h/r
1.953575e-03,4.849244e-03,4.656446e-02,1.441473e-01,2.306934e-01,1.986800e-01
8.919970e-04,7.013092e-03,2.999533e-05,8.697397e-04,6.921472e-03,5.078871e-05
