# rmse alpha/u,rmse phic/h,rmse h/r,spread alpha/u,spread phic/h,spread h/r
1.953575e-03,4.849244e-03,4.656446e-02,1.441473e-01,2.306934e-01,1.986800e-01
8.042961e-04,6.518295e-03,2.470469e-05,8.032955e-04,6.410882e-03,4.798289e-05
