# rmse alpha/u,rmse phic/h,rmse h/r,spread alpha/u,spread phic/h,spread h/r
1.953575e-03,4.849244e-03,4.656446e-02,1.441473e-01,2.306934e-01,1.986800e-01
8.240757e-04,6.655062e-03,2.876784e-05,8.172177e-04,6.578306e-03,4.901648e-05
