# rmse alpha/u,rmse phic/h,rmse h/r,spread alpha/u,spread phic/h,spread h/r
1.796057e-01,5.441994e-01,3.889025e-01,1.795250e-01,2.190449e-01,1.813643e-01
4.155062e-03,2.213072e-02,2.779588e-05,2.483610e-03,1.760903e-02,3.363869e-05
