# rmse alpha/u,rmse phic/h,rmse h/r,spread alpha/u,spread phic/h,spread h/r
1.796057e-01,5.441994e-01,3.889025e-01,1.795250e-01,2.190449e-01,1.813643e-01
4.179711e-03,2.870046e-02,4.022003e-05,2.569445e-03,1.876316e-02,3.708625e-05
