# rmse alpha/u,rmse phic/h,rmse h/r,spread alpha/u,spread phic/h,spread h/r
1.796057e-01,5.441994e-01,3.889025e-01,1.795250e-01,2.190449e-01,1.813643e-01
3.306260e-03,2.137522e-02,2.558261e-05,2.719524e-03,2.070469e-02,3.679049e-05
