# rmse alpha/u,rmse phic/h,rmse h/r,spread alpha/u,spread phic/h,spread h/r
6.322648e-01,4.769852e-01,3.020233e-01,1.837476e-01,2.443896e-01,2.064901e-01
4.512771e-03,3.059451e-02,5.266787e-05,3.083617e-03,2.125163e-02,3.297614e-05
