# rmse alpha/u,rmse phic/h,rmse h/r,spread alpha/u,spread phic/h,spread h/r
1.049413e-03,2.863910e-01,1.429065e-03,1.927996e-01,2.373932e-01,2.334187e-01
8.260884e-04,7.261051e-03,3.010861e-05,8.226859e-04,6.202767e-03,3.247287e-05
