# rmse alpha/u,rmse phic/h,rmse h/r,spread alpha/u,spread phic/h,spread h/r
1.049413e-03,2.863910e-01,1.429065e-03,1.927996e-01,2.373932e-01,2.334187e-01
1.255430e-03,7.444745e-03,2.653916e-05,9.847420e-04,6.910795e-03,3.323445e-05
