# rmse alpha/u,rmse phic/h,rmse h/r,spread alpha/u,spread phic/h,spread h/r
1.049413e-03,2.863910e-01,1.429065e-03,1.927996e-01,2.373932e-01,2.334187e-01
2.008812e-03,1.173013e-02,3.063249e-05,1.146932e-03,8.327447e-03,3.309711e-05
