# rmse alpha/u,rmse phic/h,rmse h/r,spread alpha/u,spread phic/h,spread h/r
3.081191e-02,4.472895e-02,5.556901e-02,2.033650e-01,2.350570e-01,2.016789e-01
5.023810e-03,2.874744e-02,5.632755e-05,3.098820e-03,2.316627e-02,5.457958e-05
