# rmse alpha/u,rmse phic/h,rmse h/r,spread alpha/u,spread phic/h,spread h/r
3.081191e-02,4.472895e-02,5.556901e-02,2.033650e-01,2.350570e-01,2.016789e-01
4.762500e-03,3.267620e-02,7.175758e-05,3.598454e-03,2.768510e-02,6.471760e-05
