# rmse alpha/u,rmse phic/h,rmse h/r,spread alpha/u,spread phic/h,spread h/r
3.081191e-02,4.472895e-02,5.556901e-02,2.033650e-01,2.350570e-01,2.016789e-01
3.847203e-03,3.076358e-02,7.426077e-05,3.240449e-03,2.478932e-02,6.285873e-05
