# rmse alpha/u,rmse phic/h,rmse h/r,spread alpha/u,spread phic/h,spread h/r
3.081191e-02,4.472895e-02,5.556901e-02,2.033650e-01,2.350570e-01,2.016789e-01
5.059447e-03,3.311449e-02,8.146351e-05,2.993874e-03,2.230932e-02,6.177150e-05
