# rmse alpha/u,rmse phic/h,rmse h/r,spread alpha/u,spread phic/h,spread h/r
3.081191e-02,4.472895e-02,5.556901e-02,2.033650e-01,2.350570e-01,2.016789e-01
5.327623e-03,3.239417e-02,6.602634e-05,3.474034e-03,2.453352e-02,5.917808e-05
