# rmse alpha/u,rmse phic/h,rmse h/r,spread alpha/u,spread phic/h,spread h/r
3.081191e-02,4.472895e-02,5.556901e-02,2.033650e-01,2.350570e-01,2.016789e-01
4.579302e-03,2.465635e-02,4.805266e-05,2.428554e-03,1.720903e-02,5.173229e-05
