# rmse alpha/u,rmse phic/h,rmse h/r,spread alpha/u,spread phic/h,spread h/r
3.081191e-02,4.472895e-02,5.556901e-02,2.033650e-01,2.350570e-01,2.016789e-01
4.062753e-03,2.639512e-02,4.857213e-05,2.369838e-03,1.695888e-02,5.467224e-05
