# rmse alpha/u,rmse phic/h,rmse h/r,spread alpha/u,spread phic/h,spread h/r
7.594774e-02,1.925633e-02,2.518239e-05,2.127238e-01,2.378366e-01,2.206385e-01
3.348934e-03,2.341980e-02,4.684499e-05,2.470575e-03,1.834899e-02,4.218736e-05
