# rmse alpha/u,rmse phic/h,rmse h/r,spread alpha/u,spread phic/h,spread h/r
7.594774e-02,1.925633e-02,2.518239e-05,2.127238e-01,2.378366e-01,2.206385e-01
3.631740e-03,2.541513e-02,4.710378e-05,2.611271e-03,1.897354e-02,4.658693e-05
