# rmse alpha/u,rmse phic/h,rmse h/r,spread alpha/u,spread phic/h,spread h/r
7.594774e-02,1.925633e-02,2.518239e-05,2.127238e-01,2.378366e-01,2.206385e-01
3.887213e-03,2.123205e-02,3.660275e-05,2.659082e-03,1.927251e-02,4.733629e-05
