# rmse alpha/u,rmse phic/h,rmse h/r,spread alpha/u,spread phic/h,spread h/r
3.571467e-01,2.481787e-01,2.332663e-01,1.847168e-01,2.479040e-01,2.153381e-01
4.644499e-03,2.856258e-02,4.355617e-05,2.784191e-03,1.971895e-02,2.540386e-05
