# rmse alpha/u,rmse phic/h,rmse h/r,spread alpha/u,spread phic/h,spread h/r
3.571467e-01,2.481787e-01,2.332663e-01,1.847168e-01,2.479040e-01,2.153381e-01
5.913907e-03,3.377317e-02,5.211426e-05,2.580384e-03,1.900154e-02,3.078286e-05
