# rmse alpha/u,rmse phic/h,rmse h/r,spread alpha/u,spread phic/h,spread h/r
3.571467e-01,2.481787e-01,2.332663e-01,1.847168e-01,2.479040e-01,2.153381e-01
4.604659e-03,2.608478e-02,4.651564e-05,1.605468e-03,1.117883e-02,2.039639e-05
