# rmse alpha/u,rmse phic/h,rmse h/r,spread alpha/u,spread phic/h,spread h/r
3.571467e-01,2.481787e-01,2.332663e-01,1.847168e-01,2.479040e-01,2.153381e-01
2.773910e-03,1.595086e-02,3.099752e-05,1.593557e-03,1.111196e-02,1.878530e-05
