# rmse alpha/u,rmse phic/h,rmse h/r,spread alpha/u,spread phic/h,spread h/r
6.463732e-03,1.361556e-01,1.616966e-03,2.029553e-01,2.401346e-01,2.180772e-01
3.471926e-03,2.092021e-02,3.279675e-05,2.360646e-03,1.750593e-02,3.346642e-05
