# rmse alpha/u,rmse phic/h,rmse h/r,spread alpha/u,spread phic/h,spread h/r
6.463732e-03,1.361556e-01,1.616966e-03,2.029553e-01,2.401346e-01,2.180772e-01
3.778916e-03,3.194853e-02,3.876245e-05,2.449493e-03,1.779249e-02,3.521093e-05
