# rmse alpha/u,rmse phic/h,rmse h/r,spread alpha/u,spread phic/h,spread h/r
6.463732e-03,1.361556e-01,1.616966e-03,2.029553e-01,2.401346e-01,2.180772e-01
3.843038e-03,2.786288e-02,3.005828e-05,2.911604e-03,2.075482e-02,3.059434e-05
