# rmse alpha/u,rmse phic/h,rmse h/r,spread alpha/u,spread phic/h,spread h/r
3.291656e-02,3.638692e-02,3.430123e-01,1.982756e-01,1.909562e-01,1.621428e-01
2.265030e-03,1.233303e-02,4.337987e-05,1.616897e-03,1.141564e-02,3.977629e-05
