# rmse alpha/u,rmse phic/h,rmse h/r,spread alpha/u,spread phic/h,spread h/r
3.291656e-02,3.638692e-02,3.430123e-01,1.982756e-01,1.909562e-01,1.621428e-01
2.823082e-03,1.627748e-02,5.448715e-05,1.973756e-03,1.423912e-02,4.372733e-05
