# rmse alpha/u,rmse phic/h,rmse h/r,spread alpha/u,spread phic/h,spread h/r
6.910664e-02,1.755699e-02,8.434690e-03,1.230782e-01,1.062966e-01,8.207100e-02
4.761591e-03,3.177712e-02,5.698576e-05,3.782504e-03,2.730185e-02,5.508647e-05
