# rmse alpha/u,rmse phic/h,rmse h/r,spread alpha/u,spread phic/h,spread h/r
6.910664e-02,1.755699e-02,8.434690e-03,1.230782e-01,1.062966e-01,8.207100e-02
4.167806e-03,2.598221e-02,5.296428e-05,3.246301e-03,2.379723e-02,4.860441e-05
