# rmse alpha/u,rmse phic/h,rmse h/r,spread alpha/u,spread phic/h,spread h/r
8.066315e-02,2.368418e-02,5.430248e-02,1.313251e-01,9.932379e-02,8.172934e-02
3.875123e-03,2.372573e-02,6.539446e-05,2.992058e-03,2.188977e-02,5.091441e-05
