# rmse alpha/u,rmse phic/h,rmse h/r,spread alpha/u,spread phic/h,spread h/r
8.066315e-02,2.368418e-02,5.430248e-02,1.313251e-01,9.932379e-02,8.172934e-02
3.777383e-03,2.901701e-02,6.414545e-05,2.516135e-03,1.838556e-02,4.112081e-05
