# rmse alpha/u,rmse phic/h,rmse h/r,spread alpha/u,spread phic/h,spread h/r
8.066315e-02,2.368418e-02,5.430248e-02,1.313251e-01,9.932379e-02,8.172934e-02
3.979858e-03,2.384846e-02,5.880008e-05,2.696426e-03,1.945261e-02,4.107425e-05
