# rmse alpha/u,rmse phic/h,rmse h/r,spread alpha/u,spread phic/h,spread h/r
8.066315e-02,2.368418e-02,5.430248e-02,1.313251e-01,9.932379e-02,8.172934e-02
3.465836e-03,2.205549e-02,6.175576e-05,2.434144e-03,1.614015e-02,3.945414e-05
