# rmse alpha/u,rmse phic/h,rmse h/r,spread alpha/u,spread phic/h,spread h/r
8.066315e-02,2.368418e-02,5.430248e-02,1.313251e-01,9.932379e-02,8.172934e-02
2.951487e-03,1.878391e-02,3.636274e-05,2.294332e-03,1.657300e-02,3.526617e-05
