# rmse alpha/u,rmse phic/h,rmse h/r,spread alpha/u,spread phic/h,spread h/r
1.785019e-05,1.331652e-03,1.287714e-02,8.972438e-02,6.636272e-02,4.958020e-02
7.846946e-04,6.472850e-03,3.027468e-05,7.756009e-04,6.049967e-03,3.511573e-05
