# rmse alpha/u,rmse phic/h,rmse h/r,spread alpha/u,spread phic/h,spread h/r
1.785019e-05,1.331652e-03,1.287714e-02,8.972438e-02,6.636272e-02,4.958020e-02
8.739349e-04,7.278360e-03,3.833481e-05,7.874959e-04,6.268309e-03,3.532162e-05
