# rmse alpha/u,rmse phic/h,rmse h/r,spread alpha/u,spread phic/h,spread h/r
1.785019e-05,1.331652e-03,1.287714e-02,8.972438e-02,6.636272e-02,4.958020e-02
8.153074e-04,6.324919e-03,2.966824e-05,7.698820e-04,5.977306e-03,3.773066e-05
