# rmse alpha/u,rmse phic/h,rmse h/r,spread alpha/u,spread phic/h,spread h/r
1.785019e-05,1.331652e-03,1.287714e-02,8.972438e-02,6.636272e-02,4.958020e-02
8.716630e-04,7.437374e-03,4.661038e-05,7.932507e-04,6.197658e-03,3.708464e-05
