# rmse alpha/u,rmse phic/h,rmse h/r,spread alpha/u,spread phic/h,spread h/r
1.785019e-05,1.331652e-03,1.287714e-02,8.972438e-02,6.636272e-02,4.958020e-02
8.506344e-04,7.169157e-03,3.286165e-05,7.792157e-04,6.147374e-03,3.631322e-05
