# rmse alpha/u,rmse phic/h,rmse h/r,spread alpha/u,spread phic/h,spread h/r
1.785019e-05,1.331652e-03,1.287714e-02,8.972438e-02,6.636272e-02,4.958020e-02
9.393654e-04,1.108413e-02,4.353479e-05,8.230957e-04,6.517731e-03,3.796959e-05
