# rmse alpha/u,rmse phic/h,rmse h/r,spread alpha/u,spread phic/h,spread h/r
3.553823e-01,2.026353e-01,2.262923e-01,1.242292e-01,2.019602e-01,1.801946e-01
3.422090e-03,1.762719e-02,3.288149e-05,1.714557e-03,1.104439e-02,2.084552e-05
