# rmse alpha/u,rmse phic/h,rmse h/r,spread alpha/u,spread phic/h,spread h/r
3.553823e-01,2.026353e-01,2.262923e-01,1.242292e-01,2.019602e-01,1.801946e-01
3.105534e-03,1.946099e-02,4.485990e-05,1.612281e-03,1.106052e-02,1.854621e-05
