# rmse alpha/u,rmse phic/h,rmse h/r,spread alpha/u,spread phic/h,spread h/r
3.553823e-01,2.026353e-01,2.262923e-01,1.242292e-01,2.019602e-01,1.801946e-01
3.156581e-03,1.808507e-02,2.755805e-05,2.080844e-03,1.436116e-02,1.661879e-05
