# rmse alpha/u,rmse phic/h,rmse h/r,spread alpha/u,spread phic/h,spread h/r
3.553823e-01,2.026353e-01,2.262923e-01,1.242292e-01,2.019602e-01,1.801946e-01
3.527853e-03,1.780318e-02,4.872654e-05,1.980976e-03,1.444728e-02,3.123613e-05
