# rmse alpha/u,rmse phic/h,rmse h/r,spread alpha/u,spread phic/h,spread h/r
3.553823e-01,2.026353e-01,2.262923e-01,1.242292e-01,2.019602e-01,1.801946e-01
1.803082e-03,1.093815e-02,3.749918e-05,1.197846e-03,8.247408e-03,1.974187e-05
