# rmse alpha/u,rmse phic/h,rmse h/r,spread alpha/u,spread phic/h,spread h/r
3.553823e-01,2.026353e-01,2.262923e-01,1.242292e-01,2.019602e-01,1.801946e-01
1.480756e-03,8.571387e-03,2.401830e-05,1.290058e-03,8.925904e-03,1.662255e-05
