# rmse alpha/u,rmse phic/h,rmse h/r,spread alpha/u,spread phic/h,spread h/r
3.553823e-01,2.026353e-01,2.262923e-01,1.242292e-01,2.019602e-01,1.801946e-01
3.389020e-03,1.584317e-02,3.196041e-05,1.614385e-03,1.025615e-02,1.612537e-05
