# rmse alpha/u,rmse phic/h,rmse h/r,spread alpha/u,spread phic/h,spread h/r
1.523062e-01,4.335167e-01,2.829486e-01,1.273473e-01,2.300883e-01,2.154004e-01
8.770858e-04,7.594819e-03,8.330235e-05,8.125415e-04,6.405306e-03,3.399536e-05
