# rmse alpha/u,rmse phic/h,rmse h/r,spread alpha/u,spread phic/h,spread h/r
1.523062e-01,4.335167e-01,2.829486e-01,1.273473e-01,2.300883e-01,2.154004e-01
9.085298e-04,7.381379e-03,8.825074e-05,8.242797e-04,6.397778e-03,3.365759e-05
