# rmse alpha/u,rmse phic/h,rmse h/r,spread alpha/u,spread phic/h,spread h/r
1.523062e-01,4.335167e-01,2.829486e-01,1.273473e-01,2.300883e-01,2.154004e-01
8.636924e-04,6.446674e-03,8.580575e-05,8.192303e-04,6.235547e-03,3.366680e-05
