# rmse alpha/u,rmse phic/h,rmse h/r,spread alpha/u,spread phic/h,spread h/r
1.523062e-01,4.335167e-01,2.829486e-01,1.273473e-01,2.300883e-01,2.154004e-01
8.896999e-04,7.623631e-03,8.617755e-05,8.052618e-04,6.419393e-03,3.276440e-05
