# rmse alpha/u,rmse phic/h,rmse h/r,spread alpha/u,spread phic/h,spread h/r
1.523062e-01,4.335167e-01,2.829486e-01,1.273473e-01,2.300883e-01,2.154004e-01
1.104993e-03,1.126296e-02,9.084433e-05,8.574788e-04,6.771048e-03,3.237016e-05
