# rmse alpha/u,rmse phic/h,rmse h/r,spread alpha/u,spread phic/h,spread h/r
1.523062e-01,4.335167e-01,2.829486e-01,1.273473e-01,2.300883e-01,2.154004e-01
8.160012e-04,6.717530e-03,8.216931e-05,7.945837e-04,6.271540e-03,3.181093e-05
