# rmse alpha/u,rmse phic/h,rmse h/r,spread alpha/u,spread phic/h,spread h/r
2.450252e-01,2.270070e-01,1.975212e-01,1.845160e-01,1.999864e-01,1.808796e-01
8.131591e-04,5.962449e-03,2.146339e-05,8.272434e-04,6.512367e-03,4.268854e-05
