# rmse alpha/u,rmse phic/h,rmse h/r,spread alpha/u,spread phic/h,spread h/r
2.450252e-01,2.270070e-01,1.975212e-01,1.845160e-01,1.999864e-01,1.808796e-01
8.712696e-04,6.599975e-03,1.901332e-05,8.761146e-04,6.912983e-03,4.629543e-05
