# rmse alpha/u,rmse phic/h,rmse h/r,spread alpha/u,spread phic/h,spread h/r
2.450252e-01,2.270070e-01,1.975212e-01,1.845160e-01,1.999864e-01,1.808796e-01
7.943557e-04,6.209514e-03,1.830843e-05,7.972961e-04,6.205250e-03,4.150909e-05
