# rmse alpha/u,rmse phic/h,rmse h/r,spread alpha/u,spread phic/h,spread h/r
2.450252e-01,2.270070e-01,1.975212e-01,1.845160e-01,1.999864e-01,1.808796e-01
8.918797e-04,7.256247e-03,2.830499e-05,8.879173e-04,7.179093e-03,4.892857e-05
