# rmse alpha/u,rmse phic/h,rmse h/r,spread alpha/u,spread phic/h,spread h/r
2.450252e-01,2.270070e-01,1.975212e-01,1.845160e-01,1.999864e-01,1.808796e-01
8.550944e-04,6.843340e-03,3.114149e-05,8.727801e-04,6.953223e-03,4.670200e-05
