# rmse alpha/u,rmse phic/h,rmse h/r,spread alpha/u,spread phic/h,spread h/r
2.988235e-01,1.170457e-01,4.518075e-02,2.007666e-01,2.380345e-01,2.181955e-01
3.519468e-03,2.025413e-02,4.158213e-05,2.221182e-03,1.565589e-02,3.331431e-05
