# rmse alpha/u,rmse phic/h,rmse h/r,spread alpha/u,spread phic/h,spread h/r
2.988235e-01,1.170457e-01,4.518075e-02,2.007666e-01,2.380345e-01,2.181955e-01
3.352830e-03,1.718113e-02,3.648671e-05,2.249708e-03,1.539682e-02,2.937541e-05
