# rmse alpha/u,rmse phic/h,rmse h/r,spread alpha/u,spread phic/h,spread h/r
2.988235e-01,1.170457e-01,4.518075e-02,2.007666e-01,2.380345e-01,2.181955e-01
3.247450e-03,2.184901e-02,3.040945e-05,2.542501e-03,1.783126e-02,2.991281e-05
