# rmse alpha/u,rmse phic/h,rmse h/r,spread alpha/u,spread phic/h,spread h/r
2.988235e-01,1.170457e-01,4.518075e-02,2.007666e-01,2.380345e-01,2.181955e-01
3.021881e-03,1.892382e-02,3.407250e-05,2.092044e-03,1.546097e-02,2.452796e-05
