# rmse alpha/u,rmse phic/h,rmse h/r,spread alpha/u,spread phic/h,spread h/r
9.555528e-02,1.577499e-02,6.101081e-02,1.469483e-01,1.023503e-01,9.403630e-02
3.996144e-03,3.338891e-02,5.203197e-05,3.747403e-03,2.888422e-02,4.387320e-05
