# rmse alpha/u,rmse phic/h,rmse h/r,spread alpha/u,spread phic/h,spread h/r
9.555528e-02,1.577499e-02,6.101081e-02,1.469483e-01,1.023503e-01,9.403630e-02
5.062446e-03,3.918739e-02,5.737787e-05,4.189048e-03,3.198275e-02,4.128238e-05
