# rmse alpha/u,rmse phic/h,rmse h/r,spread alpha/u,spread phic/h,spread h/r
9.555528e-02,1.577499e-02,6.101081e-02,1.469483e-01,1.023503e-01,9.403630e-02
5.489160e-03,4.029616e-02,5.141730e-05,3.428114e-03,2.381443e-02,3.744342e-05
