# rmse alpha/u,rmse phic/h,rmse h/r,spread alpha/u,spread phic/h,spread h/r
9.555528e-02,1.577499e-02,6.101081e-02,1.469483e-01,1.023503e-01,9.403630e-02
4.519117e-03,2.937253e-02,4.908911e-05,3.564535e-03,2.750619e-02,4.031670e-05
