# rmse alpha/u,rmse phic/h,rmse h/r,spread alpha/u,spread phic/h,spread h/r
9.555528e-02,1.577499e-02,6.101081e-02,1.469483e-01,1.023503e-01,9.403630e-02
4.547842e-03,2.922600e-02,4.962805e-05,3.532646e-03,2.611594e-02,3.949917e-05
