# rmse alpha/u,rmse phic/h,rmse h/r,spread alpha/u,spread phic/h,spread h/r
9.555528e-02,1.577499e-02,6.101081e-02,1.469483e-01,1.023503e-01,9.403630e-02
4.694877e-03,2.891267e-02,4.988904e-05,3.271915e-03,2.486521e-02,4.019493e-05
