# rmse alpha/u,rmse phic/h,rmse h/r,spread alpha/u,spread phic/h,spread h/r
3.465084e-04,3.500128e-02,1.307480e-02,1.278396e-01,1.010211e-01,8.047931e-02
8.970715e-04,7.480308e-03,2.710768e-05,8.605653e-04,6.810317e-03,4.957423e-05
