# rmse alpha/u,rmse phic/h,rmse h/r,spread alpha/u,spread phic/h,spread h/r
3.465084e-04,3.500128e-02,1.307480e-02,1.278396e-01,1.010211e-01,8.047931e-02
8.318172e-04,6.814148e-03,2.391969e-05,8.497619e-04,6.647225e-03,5.113071e-05
