# rmse alpha/u,rmse phic/h,rmse h/r,spread alpha/u,spread phic/h,spread h/r
3.465084e-04,3.500128e-02,1.307480e-02,1.278396e-01,1.010211e-01,8.047931e-02
8.375249e-04,6.850086e-03,2.498081e-05,8.451505e-04,6.837819e-03,5.158128e-05
