# rmse alpha/u,rmse phic/h,rmse h/r,spread alpha/u,spread phic/h,spread h/r
3.465084e-04,3.500128e-02,1.307480e-02,1.278396e-01,1.010211e-01,8.047931e-02
8.812999e-04,6.425996e-03,2.166957e-05,9.249425e-04,6.883222e-03,4.943309e-05
