# rmse alpha/u,rmse phic/h,rmse h/r,spread alpha/u,spread phic/h,spread h/r
3.465084e-04,3.500128e-02,1.307480e-02,1.278396e-01,1.010211e-01,8.047931e-02
8.902295e-04,6.973100e-03,2.252365e-05,8.910248e-04,6.765604e-03,4.967121e-05
