# rmse alpha/u,rmse phic/h,rmse h/r,spread alpha/u,spread phic/h,spread h/r
2.123518e-01,7.696262e-03,5.196284e-02,2.007018e-01,2.348895e-01,2.071683e-01
3.718097e-03,2.023200e-02,2.519546e-05,2.061507e-03,1.357490e-02,2.549226e-05
