# rmse alpha/u,rmse phic/h,rmse h/r,spread alpha/u,spread phic/h,spread h/r
2.123518e-01,7.696262e-03,5.196284e-02,2.007018e-01,2.348895e-01,2.071683e-01
3.087463e-03,1.962694e-02,2.915351e-05,2.157687e-03,1.526319e-02,3.131704e-05
