# rmse alpha/u,rmse phic/h,rmse h/r,spread alpha/u,spread phic/h,spread h/r
2.123518e-01,7.696262e-03,5.196284e-02,2.007018e-01,2.348895e-01,2.071683e-01
3.878917e-03,2.112656e-02,3.655276e-05,2.832746e-03,1.891819e-02,3.384626e-05
