# rmse alpha/u,rmse phic/h,rmse h/r,spread alpha/u,spread phic/h,spread h/r
2.123518e-01,7.696262e-03,5.196284e-02,2.007018e-01,2.348895e-01,2.071683e-01
3.497010e-03,2.130577e-02,4.227104e-05,2.199760e-03,1.580453e-02,3.897659e-05
