# rmse alpha/u,rmse phic/h,rmse h/r,spread alpha/u,spread phic/h,spread h/r
2.123518e-01,7.696262e-03,5.196284e-02,2.007018e-01,2.348895e-01,2.071683e-01
3.609226e-03,1.992329e-02,4.003567e-05,2.390555e-03,1.534113e-02,3.374822e-05
