# rmse alpha/u,rmse phic/h,rmse h/r,spread alpha/u,spread phic/h,spread h/r
2.123518e-01,7.696262e-03,5.196284e-02,2.007018e-01,2.348895e-01,2.071683e-01
3.285051e-03,1.460315e-02,2.827090e-05,1.980313e-03,1.262679e-02,2.746433e-05
