# rmse alpha/u,rmse phic/h,rmse h/r,spread alpha/u,spread phic/h,spread h/r
2.123518e-01,7.696262e-03,5.196284e-02,2.007018e-01,2.348895e-01,2.071683e-01
3.781581e-03,1.876901e-02,2.020080e-05,2.185458e-03,1.421091e-02,2.770021e-05
