# rmse alpha/u,rmse phic/h,rmse h/r,spread alpha/u,spread phic/h,spread h/r
2.123518e-01,7.696262e-03,5.196284e-02,2.007018e-01,2.348895e-01,2.071683e-01
3.798379e-03,2.260407e-02,4.143600e-05,3.005455e-03,2.066395e-02,3.801026e-05
