# rmse alpha/u,rmse phic/h,rmse h/r,spread alpha/u,spread phic/h,spread h/r
2.123518e-01,7.696262e-03,5.196284e-02,2.007018e-01,2.348895e-01,2.071683e-01
2.319793e-03,2.373008e-02,4.600773e-05,1.994412e-03,1.404819e-02,2.718643e-05
