# rmse alpha/u,rmse phic/h,rmse h/r,spread alpha/u,spread phic/h,spread h/r
2.123518e-01,7.696262e-03,5.196284e-02,2.007018e-01,2.348895e-01,2.071683e-01
3.798136e-03,1.910838e-02,3.543059e-05,2.882837e-03,2.005127e-02,3.068691e-05
