# rmse alpha/u,rmse phic/h,rmse h/r,spread alpha/u,spread phic/h,spread h/r
1.629119e-01,1.219737e-01,1.269755e-01,1.116387e-01,9.467478e-02,7.033860e-02
3.578141e-03,2.118260e-02,5.452050e-05,2.082381e-03,1.398571e-02,5.155867e-05
