# rmse alpha/u,rmse phic/h,rmse h/r,spread alpha/u,spread phic/h,spread h/r
1.629119e-01,1.219737e-01,1.269755e-01,1.116387e-01,9.467478e-02,7.033860e-02
4.586770e-03,2.419977e-02,5.163347e-05,2.167626e-03,1.543736e-02,5.280173e-05
