# rmse alpha/u,rmse phic/h,rmse h/r,spread alpha/u,spread phic/h,spread h/r
1.629119e-01,1.219737e-01,1.269755e-01,1.116387e-01,9.467478e-02,7.033860e-02
3.128447e-03,1.885869e-02,3.219733e-05,1.581040e-03,1.056960e-02,4.509319e-05
