# rmse alpha/u,rmse phic/h,rmse h/r,spread alpha/u,spread phic/h,spread h/r
1.629119e-01,1.219737e-01,1.269755e-01,1.116387e-01,9.467478e-02,7.033860e-02
3.856246e-03,2.177972e-02,4.716994e-05,1.647625e-03,1.191156e-02,4.986499e-05
