# rmse alpha/u,rmse phic/h,rmse h/r,spread alpha/u,spread phic/h,spread h/r
1.629119e-01,1.219737e-01,1.269755e-01,1.116387e-01,9.467478e-02,7.033860e-02
3.308630e-03,1.436751e-02,4.402770e-05,1.710346e-03,1.143455e-02,4.653025e-05
