# rmse alpha/u,rmse phic/h,rmse h/r,spread alpha/u,spread phic/h,spread h/r
1.629119e-01,1.219737e-01,1.269755e-01,1.116387e-01,9.467478e-02,7.033860e-02
2.013770e-03,1.149309e-02,4.006277e-05,1.315679e-03,9.317001e-03,4.414191e-05
