# rmse alpha/u,rmse phic/h,rmse h/r,spread alpha/u,spread phic/h,spread h/r
1.629119e-01,1.219737e-01,1.269755e-01,1.116387e-01,9.467478e-02,7.033860e-02
2.097854e-03,1.522990e-02,3.879363e-05,1.369029e-03,9.999796e-03,4.298420e-05
