# rmse alpha/u,rmse phic/h,rmse h/r,spread alpha/u,spread phic/h,spread h/r
1.629119e-01,1.219737e-01,1.269755e-01,1.116387e-01,9.467478e-02,7.033860e-02
2.000144e-03,1.193579e-02,3.516985e-05,1.139859e-03,8.296447e-03,4.344288e-05
