# rmse alpha/u,rmse phic/h,rmse h/r,spread alpha/u,spread phic/h,spread h/r
1.629119e-01,1.219737e-01,1.269755e-01,1.116387e-01,9.467478e-02,7.033860e-02
2.089408e-03,1.158479e-02,3.131481e-05,1.184433e-03,8.938536e-03,4.324218e-05
