# rmse alpha/u,rmse phic/h,rmse h/r,spread alpha/u,spread phic/h,spread h/r
1.688460e-01,2.025158e-01,5.537055e-01,1.463073e-01,1.947400e-01,1.931064e-01
3.499401e-03,2.114774e-02,5.474423e-05,2.847022e-03,1.899795e-02,4.376886e-05
