# rmse alpha/u,rmse phic/h,rmse h/r,spread alpha/u,spread phic/h,spread h/r
1.688460e-01,2.025158e-01,5.537055e-01,1.463073e-01,1.947400e-01,1.931064e-01
4.068286e-03,2.234340e-02,6.401825e-05,1.922987e-03,1.364778e-02,4.532864e-05
