# rmse alpha/u,rmse phic/h,rmse h/r,spread alpha/u,spread phic/h,spread h/r
1.688460e-01,2.025158e-01,5.537055e-01,1.463073e-01,1.947400e-01,1.931064e-01
3.809164e-03,3.594165e-02,8.728834e-05,2.047204e-03,1.582284e-02,4.758100e-05
