# rmse alpha/u,rmse phic/h,rmse h/r,spread alpha/u,spread phic/h,spread h/r
1.688460e-01,2.025158e-01,5.537055e-01,1.463073e-01,1.947400e-01,1.931064e-01
4.348913e-03,2.913622e-02,6.632957e-05,1.428775e-03,1.060377e-02,3.897687e-05
