# rmse alpha/u,rmse phic/h,rmse h/r,spread alpha/u,spread phic/h,spread h/r
1.688460e-01,2.025158e-01,5.537055e-01,1.463073e-01,1.947400e-01,1.931064e-01
3.523313e-03,2.278105e-02,5.214664e-05,1.657261e-03,1.152352e-02,3.966315e-05
