# rmse alpha/u,rmse phic/h,rmse h/r,spread alpha/u,spread phic/h,spread h/r
1.688460e-01,2.025158e-01,5.537055e-01,1.463073e-01,1.947400e-01,1.931064e-01
3.484224e-03,2.640612e-02,7.145293e-05,1.867396e-03,1.378582e-02,4.367835e-05
