# rmse alpha/u,rmse phic/h,rmse h/r,spread alpha/u,spread phic/h,spread h/r
9.820875e-02,8.633850e-02,4.679579e-02,1.999146e-01,2.469380e-01,2.441267e-01
3.804162e-03,2.490100e-02,4.220743e-05,3.223829e-03,2.303226e-02,4.269078e-05
