# rmse alpha/u,rmse phic/h,rmse h/r,spread alpha/u,spread phic/h,spread h/r
9.820875e-02,8.633850e-02,4.679579e-02,1.999146e-01,2.469380e-01,2.441267e-01
3.417763e-03,2.151788e-02,4.250846e-05,3.384258e-03,2.351007e-02,4.514675e-05
