# rmse alpha/u,rmse phic/h,rmse h/r,spread alpha/u,spread phic/h,spread h/r
9.820875e-02,8.633850e-02,4.679579e-02,1.999146e-01,2.469380e-01,2.441267e-01
5.366752e-03,3.621553e-02,5.785846e-05,3.659255e-03,2.711039e-02,5.391529e-05
