# rmse alpha/u,rmse phic/h,rmse h/r,spread alpha/u,spread phic/h,spread h/r
3.012644e-03,6.345591e-02,6.121649e-03,1.706742e-01,1.799244e-01,1.944016e-01
8.263653e-04,7.256018e-03,3.714732e-05,7.937563e-04,6.105159e-03,3.894167e-05
