# rmse alpha/u,rmse phic/h,rmse h/r,spread alpha/u,spread phic/h,spread h/r
3.012644e-03,6.345591e-02,6.121649e-03,1.706742e-01,1.799244e-01,1.944016e-01
9.935167e-04,8.615075e-03,4.469832e-05,8.524195e-04,6.700130e-03,3.948272e-05
