# rmse alpha/u,rmse phic/h,rmse h/r,spread alpha/u,spread phic/h,spread h/r
3.012644e-03,6.345591e-02,6.121649e-03,1.706742e-01,1.799244e-01,1.944016e-01
9.671413e-04,7.280194e-03,3.503498e-05,8.778990e-04,6.721075e-03,3.916962e-05
