# rmse alpha/u,rmse phic/h,rmse h/r,spread alpha/u,spread phic/h,spread h/r
3.012644e-03,6.345591e-02,6.121649e-03,1.706742e-01,1.799244e-01,1.944016e-01
8.716817e-04,7.979080e-03,5.643191e-05,7.788640e-04,6.075690e-03,3.960275e-05
