# rmse alpha/u,rmse phic/h,rmse h/r,spread alpha/u,spread phic/h,spread h/r
3.012644e-03,6.345591e-02,6.121649e-03,1.706742e-01,1.799244e-01,1.944016e-01
8.587651e-04,5.799331e-03,3.119547e-05,7.423599e-04,5.864328e-03,3.910571e-05
