# rmse alpha/u,rmse phic/h,rmse h/r,spread alpha/u,spread phic/h,spread h/r
3.012644e-03,6.345591e-02,6.121649e-03,1.706742e-01,1.799244e-01,1.944016e-01
1.458146e-03,9.794696e-03,3.547956e-05,8.510961e-04,6.465252e-03,3.971279e-05
