# rmse alpha/u,rmse phic/h,rmse h/r,spread alpha/u,spread phic/h,spread h/r
3.945270e-03,4.783704e-02,9.775898e-02,1.888303e-01,1.869224e-01,2.089348e-01
3.520236e-03,2.147482e-02,6.641558e-05,2.714658e-03,1.979111e-02,6.239038e-05
