# rmse alpha/u,rmse phic/h,rmse h/r,spread alpha/u,spread phic/h,spread h/r
3.945270e-03,4.783704e-02,9.775898e-02,1.888303e-01,1.869224e-01,2.089348e-01
4.548701e-03,2.397243e-02,6.052042e-05,2.559708e-03,1.859798e-02,6.147418e-05
