# rmse alpha/u,rmse phic/h,rmse h/r,spread alpha/u,spread phic/h,spread h/r
3.945270e-03,4.783704e-02,9.775898e-02,1.888303e-01,1.869224e-01,2.089348e-01
4.130584e-03,2.115887e-02,5.318954e-05,2.411749e-03,1.642582e-02,5.723947e-05
