# rmse alpha/u,rmse phic/h,rmse h/r,spread alpha/u,spread phic/h,spread h/r
3.945270e-03,4.783704e-02,9.775898e-02,1.888303e-01,1.869224e-01,2.089348e-01
4.195979e-03,2.365334e-02,5.520795e-05,2.087172e-03,1.406079e-02,5.474705e-05
