# rmse alpha/u,rmse phic/h,rmse h/r,spread alpha/u,spread phic/h,spread h/r
3.945270e-03,4.783704e-02,9.775898e-02,1.888303e-01,1.869224e-01,2.089348e-01
3.967038e-03,2.345488e-02,5.824700e-05,2.193405e-03,1.572493e-02,5.664416e-05
