# rmse alpha/u,rmse phic/h,rmse h/r,spread alpha/u,spread phic/h,spread h/r
3.945270e-03,4.783704e-02,9.775898e-02,1.888303e-01,1.869224e-01,2.089348e-01
1.552538e-03,1.944360e-02,5.535317e-05,1.756630e-03,1.311127e-02,5.512789e-05
