# rmse alpha/u,rmse phic/h,rmse h/r,spread alpha/u,spread phic/h,spread h/r
3.945270e-03,4.783704e-02,9.775898e-02,1.888303e-01,1.869224e-01,2.089348e-01
2.573653e-03,2.164098e-02,5.229253e-05,1.563934e-03,1.197473e-02,5.843606e-05
