# rmse alpha/u,rmse phic/h,rmse h/r,spread alpha/u,spread phic/h,spread h/r
3.945270e-03,4.783704e-02,9.775898e-02,1.888303e-01,1.869224e-01,2.089348e-01
1.645929e-03,1.108148e-02,5.154463e-05,1.507951e-03,1.038037e-02,5.442266e-05
