# rmse alpha/u,rmse phic/h,rmse h/r,spread alpha/u,spread phic/h,spread h/r
3.945270e-03,4.783704e-02,9.775898e-02,1.888303e-01,1.869224e-01,2.089348e-01
2.134037e-03,1.390986e-02,4.740473e-05,1.532538e-03,1.105862e-02,5.542579e-05
