# rmse alpha/u,rmse phic/h,rmse h/r,spread alpha/u,spread phic/h,spread h/r
3.945270e-03,4.783704e-02,9.775898e-02,1.888303e-01,1.869224e-01,2.089348e-01
1.849824e-03,1.364967e-02,4.096918e-05,1.462258e-03,1.095226e-02,5.385074e-05
