# rmse alpha/u,rmse phic/h,rmse h/r,spread alpha/u,spread phic/h,spread h/r
1.296348e-02,5.448694e-03,5.075301e-04,1.357568e-01,2.384201e-01,1.812943e-01
8.242354e-04,6.560217e-03,3.685841e-05,7.776913e-04,6.121240e-03,3.709312e-05
