# rmse alpha/u,rmse phic/h,rmse h/r,spread alpha/u,spread phic/h,spread h/r
1.296348e-02,5.448694e-03,5.075301e-04,1.357568e-01,2.384201e-01,1.812943e-01
7.931579e-04,6.662560e-03,3.724002e-05,7.681971e-04,5.975118e-03,3.852547e-05
