# rmse alpha/u,rmse phic/h,rmse h/r,spread alpha/u,spread phic/h,spread h/r
1.296348e-02,5.448694e-03,5.075301e-04,1.357568e-01,2.384201e-01,1.812943e-01
1.022798e-03,7.649156e-03,4.111972e-05,8.038322e-04,6.423192e-03,3.848072e-05
