# rmse alpha/u,rmse phic/h,rmse h/r,spread alpha/u,spread phic/h,spread h/r
1.296348e-02,5.448694e-03,5.075301e-04,1.357568e-01,2.384201e-01,1.812943e-01
1.033593e-03,9.745256e-03,4.053026e-05,7.905544e-04,6.241861e-03,3.838383e-05
