# rmse alpha/u,rmse phic/h,rmse h/r,spread alpha/u,spread phic/h,spread h/r
1.296348e-02,5.448694e-03,5.075301e-04,1.357568e-01,2.384201e-01,1.812943e-01
8.180599e-04,6.180249e-03,3.613750e-05,7.618223e-04,5.930844e-03,3.713898e-05
