# rmse alpha/u,rmse phic/h,rmse h/r,spread alpha/u,spread phic/h,spread h/r
7.004070e-03,9.264332e-03,1.420697e-03,1.498822e-01,1.993221e-01,1.602325e-01
1.252390e-03,8.051023e-03,3.002001e-05,8.254707e-04,6.193814e-03,3.095835e-05
