# rmse alpha/u,rmse phic/h,rmse h/r,spread alpha/u,spread phic/h,spread h/r
7.004070e-03,9.264332e-03,1.420697e-03,1.498822e-01,1.993221e-01,1.602325e-01
1.008971e-03,6.993764e-03,2.853465e-05,8.474262e-04,6.397824e-03,3.314262e-05
