# rmse alpha/u,rmse phic/h,rmse h/r,spread alpha/u,spread phic/h,spread h/r
7.004070e-03,9.264332e-03,1.420697e-03,1.498822e-01,1.993221e-01,1.602325e-01
9.256936e-04,6.289984e-03,2.633956e-05,8.699802e-04,6.303522e-03,3.119504e-05
