# rmse alpha/u,rmse phic/h,rmse h/r,spread alpha/u,spread phic/h,spread h/r
7.004070e-03,9.264332e-03,1.420697e-03,1.498822e-01,1.993221e-01,1.602325e-01
8.893288e-04,6.802846e-03,2.531309e-05,8.689296e-04,6.572538e-03,3.072581e-05
