# rmse alpha/u,rmse phic/h,rmse h/r,spread alpha/u,spread phic/h,spread h/r
7.004070e-03,9.264332e-03,1.420697e-03,1.498822e-01,1.993221e-01,1.602325e-01
8.241297e-04,6.604720e-03,2.412248e-05,7.810960e-04,6.054122e-03,2.952307e-05
