# rmse alpha/u,rmse phic/h,rmse h/r,spread alpha/u,spread phic/h,spread h/r
7.004070e-03,9.264332e-03,1.420697e-03,1.498822e-01,1.993221e-01,1.602325e-01
8.929988e-04,6.978109e-03,2.612909e-05,8.178301e-04,6.355391e-03,3.050599e-05
