# rmse alpha/u,rmse phic/h,rmse h/r,spread alpha/u,spread phic/h,spread h/r
7.004070e-03,9.264332e-03,1.420697e-03,1.498822e-01,1.993221e-01,1.602325e-01
9.208001e-04,6.645747e-03,2.595049e-05,8.296289e-04,6.479299e-03,3.136353e-05
