# rmse alpha/u,rmse phic/h,rmse h/r,spread alpha/u,spread phic/h,spread h/r
5.285009e-02,2.555293e-01,5.023665e-01,1.475959e-01,2.227898e-01,1.507363e-01
4.597797e-03,3.813864e-02,3.228758e-05,3.848989e-03,3.178973e-02,1.990591e-05
