# rmse alpha/u,rmse phic/h,rmse h/r,spread alpha/u,spread phic/h,spread h/r
5.285009e-02,2.555293e-01,5.023665e-01,1.475959e-01,2.227898e-01,1.507363e-01
4.847479e-03,2.880531e-02,2.070684e-05,3.786627e-03,2.959731e-02,1.915819e-05
