# rmse alpha/u,rmse phic/h,rmse h/r,spread alpha/u,spread phic/h,spread h/r
3.635350e-04,3.787287e-03,1.167981e-05,1.335672e-01,1.066882e-01,7.715520e-02
1.116195e-03,6.576295e-03,2.938959e-05,1.091780e-03,7.373229e-03,4.240616e-05
