# rmse alpha/u,rmse phic/h,rmse h/r,spread alpha/u,spread phic/h,spread h/r
3.635350e-04,3.787287e-03,1.167981e-05,1.335672e-01,1.066882e-01,7.715520e-02
1.340440e-03,7.565150e-03,2.874277e-05,1.115652e-03,8.338219e-03,4.397933e-05
