# rmse alpha/u,rmse phic/h,rmse h/r,spread alpha/u,spread phic/h,spread h/r
3.635350e-04,3.787287e-03,1.167981e-05,1.335672e-01,1.066882e-01,7.715520e-02
3.843277e-03,1.719236e-02,4.000977e-05,1.544621e-03,1.040998e-02,4.470029e-05
