# rmse alpha/u,rmse phic/h,rmse h/r,spread alpha/u,spread phic/h,spread h/r
3.635350e-04,3.787287e-03,1.167981e-05,1.335672e-01,1.066882e-01,7.715520e-02
1.923199e-03,9.995645e-03,3.518101e-05,1.060017e-03,8.075979e-03,4.497665e-05
