# rmse alpha/u,rmse phic/h,rmse h/r,spread alpha/u,spread phic/h,spread h/r
3.635350e-04,3.787287e-03,1.167981e-05,1.335672e-01,1.066882e-01,7.715520e-02
2.398823e-03,1.199411e-02,2.593950e-05,1.419582e-03,9.702858e-03,4.364141e-05
