# rmse alpha/u,rmse phic/h,rmse h/r,spread alpha/u,spread phic/h,spread h/r
3.635350e-04,3.787287e-03,1.167981e-05,1.335672e-01,1.066882e-01,7.715520e-02
2.254878e-03,1.303173e-02,3.141861e-05,9.890590e-04,7.482851e-03,4.376140e-05
