# rmse alpha/u,rmse phic/h,rmse h/r,spread alpha/u,spread phic/h,spread h/r
1.895453e-01,3.195858e-01,4.843045e-03,1.906733e-01,1.720275e-01,1.565591e-01
5.035083e-03,3.463888e-02,6.073960e-05,4.337372e-03,3.057117e-02,4.266192e-05
