# rmse alpha/u,rmse phic/h,rmse h/r,spread alpha/u,spread phic/h,spread h/r
1.895453e-01,3.195858e-01,4.843045e-03,1.906733e-01,1.720275e-01,1.565591e-01
4.765215e-03,3.519862e-02,7.313794e-05,3.422797e-03,2.482312e-02,4.001487e-05
