# rmse alpha/u,rmse phic/h,rmse h/r,spread alpha/u,spread phic/h,spread h/r
1.895453e-01,3.195858e-01,4.843045e-03,1.906733e-01,1.720275e-01,1.565591e-01
4.944048e-03,2.935347e-02,5.995932e-05,3.609132e-03,2.464762e-02,2.970516e-05
