# rmse alpha/u,rmse phic/h,rmse h/r,spread alpha/u,spread phic/h,spread h/r
1.895453e-01,3.195858e-01,4.843045e-03,1.906733e-01,1.720275e-01,1.565591e-01
5.480213e-03,3.495542e-02,6.005731e-05,4.258890e-03,2.784246e-02,3.137862e-05
