# rmse alpha/u,rmse phic/h,rmse h/r,spread alpha/u,spread phic/h,spread h/r
1.895453e-01,3.195858e-01,4.843045e-03,1.906733e-01,1.720275e-01,1.565591e-01
7.036906e-03,4.073336e-02,5.755532e-05,4.374267e-03,3.014413e-02,3.726786e-05
