# rmse alpha/u,rmse phic/h,rmse h/r,spread alpha/u,spread phic/h,spread h/r
1.895453e-01,3.195858e-01,4.843045e-03,1.906733e-01,1.720275e-01,1.565591e-01
4.049131e-03,2.827275e-02,5.609819e-05,3.184768e-03,2.119970e-02,2.992507e-05
