# rmse alpha/u,rmse phic/h,rmse h/r,spread alpha/u,spread phic/h,spread h/r
3.306372e-01,3.106766e-01,2.524715e-01,1.973023e-01,1.840877e-01,1.996707e-01
8.817572e-04,1.017259e-02,3.166753e-05,8.187628e-04,6.453442e-03,3.758637e-05
