# rmse alpha/u,rmse phic/h,rmse h/r,spread alpha/u,spread phic/h,spread h/r
2.142318e-01,3.990993e-01,6.235042e-01,1.792759e-01,2.551135e-01,1.888248e-01
8.294608e-04,6.527649e-03,2.232731e-04,7.224221e-04,5.520485e-03,9.386233e-06
