# rmse alpha/u,rmse phic/h,rmse h/r,spread alpha/u,spread phic/h,spread h/r
2.142318e-01,3.990993e-01,6.235042e-01,1.792759e-01,2.551135e-01,1.888248e-01
8.363249e-04,6.399484e-03,2.149080e-04,7.679981e-04,5.916280e-03,8.610489e-06
