# rmse alpha/u,rmse phic/h,rmse h/r,spread alpha/u,spread phic/h,spread h/r
2.142318e-01,3.990993e-01,6.235042e-01,1.792759e-01,2.551135e-01,1.888248e-01
7.733912e-04,6.473999e-03,2.303835e-04,7.417860e-04,5.836357e-03,1.401385e-05
