# rmse alpha/u,rmse phic/h,rmse h/r,spread alpha/u,spread phic/h,spread h/r
2.142318e-01,3.990993e-01,6.235042e-01,1.792759e-01,2.551135e-01,1.888248e-01
8.383079e-04,6.853281e-03,2.269046e-04,7.597586e-04,5.861159e-03,1.249259e-05
