# rmse alpha/u,rmse phic/h,rmse h/r,spread alpha/u,spread phic/h,spread h/r
2.142318e-01,3.990993e-01,6.235042e-01,1.792759e-01,2.551135e-01,1.888248e-01
7.874993e-04,6.501188e-03,2.236377e-04,7.536160e-04,5.966421e-03,1.298497e-05
