# rmse alpha/u,rmse phic/h,rmse h/r,spread alpha/u,spread phic/h,spread h/r
2.142318e-01,3.990993e-01,6.235042e-01,1.792759e-01,2.551135e-01,1.888248e-01
8.697448e-04,6.843245e-03,2.174531e-04,8.257484e-04,6.423915e-03,1.437546e-05
