# rmse alpha/u,rmse phic/h,rmse h/r,spread alpha/u,spread phic/h,spread h/r
2.142318e-01,3.990993e-01,6.235042e-01,1.792759e-01,2.551135e-01,1.888248e-01
9.340734e-04,9.407004e-03,2.421698e-04,8.012909e-04,6.224332e-03,1.661581e-05
