# rmse alpha/u,rmse phic/h,rmse h/r,spread alpha/u,spread phic/h,spread h/r
2.142318e-01,3.990993e-01,6.235042e-01,1.792759e-01,2.551135e-01,1.888248e-01
8.757498e-04,7.238801e-03,2.784931e-04,8.046929e-04,6.369438e-03,2.043651e-05
