# rmse alpha/u,rmse phic/h,rmse h/r,spread alpha/u,spread phic/h,spread h/r
1.249407e-01,1.032155e-01,8.921483e-03,2.007018e-01,2.348895e-01,2.071683e-01
8.450141e-04,6.322038e-03,2.948847e-05,8.357347e-04,6.637340e-03,4.415332e-05
