# rmse alpha/u,rmse phic/h,rmse h/r,spread alpha/u,spread phic/h,spread h/r
1.249407e-01,1.032155e-01,8.921483e-03,2.007018e-01,2.348895e-01,2.071683e-01
7.861326e-04,6.024012e-03,2.314876e-05,7.846208e-04,6.047550e-03,4.245731e-05
