# rmse alpha/u,rmse phic/h,rmse h/r,spread alpha/u,spread phic/h,spread h/r
1.249407e-01,1.032155e-01,8.921483e-03,2.007018e-01,2.348895e-01,2.071683e-01
8.708187e-04,6.738738e-03,2.270037e-05,8.430233e-04,6.607266e-03,4.302702e-05
