# rmse alpha/u,rmse phic/h,rmse h/r,spread alpha/u,spread phic/h,spread h/r
1.249407e-01,1.032155e-01,8.921483e-03,2.007018e-01,2.348895e-01,2.071683e-01
8.619060e-04,6.546499e-03,2.773460e-05,8.660495e-04,6.804966e-03,4.572583e-05
