# rmse alpha/u,rmse phic/h,rmse h/r,spread alpha/u,spread phic/h,spread h/r
8.374510e-02,7.506047e-02,2.840319e-01,2.007018e-01,2.348895e-01,2.071683e-01
4.758651e-03,3.677356e-02,9.901059e-05,2.860087e-03,2.144447e-02,5.145033e-05
