# rmse alpha/u,rmse phic/h,rmse h/r,spread alpha/u,spread phic/h,spread h/r
8.374510e-02,7.506047e-02,2.840319e-01,2.007018e-01,2.348895e-01,2.071683e-01
4.166905e-03,3.210145e-02,1.019699e-04,3.072547e-03,2.172113e-02,5.355847e-05
