# rmse alpha/u,rmse phic/h,rmse h/r,spread alpha/u,spread phic/h,spread h/r
8.374510e-02,7.506047e-02,2.840319e-01,2.007018e-01,2.348895e-01,2.071683e-01
4.224375e-03,2.841122e-02,9.953570e-05,2.770358e-03,2.012482e-02,5.712659e-05
