# rmse alpha/u,rmse phic/h,rmse h/r,spread alpha/u,spread phic/h,spread h/r
8.374510e-02,7.506047e-02,2.840319e-01,2.007018e-01,2.348895e-01,2.071683e-01
4.270555e-03,3.522121e-02,8.806271e-05,3.296347e-03,2.428048e-02,5.451673e-05
