# rmse alpha/u,rmse phic/h,rmse h/r,spread alpha/u,spread phic/h,spread h/r
8.374510e-02,7.506047e-02,2.840319e-01,2.007018e-01,2.348895e-01,2.071683e-01
3.826297e-03,2.867058e-02,9.218202e-05,3.114428e-03,2.295611e-02,5.691657e-05
