# rmse alpha/u,rmse phic/h,rmse h/r,spread alpha/u,spread phic/h,spread h/r
8.374510e-02,7.506047e-02,2.840319e-01,2.007018e-01,2.348895e-01,2.071683e-01
4.922738e-03,3.968027e-02,9.458972e-05,3.051854e-03,2.171032e-02,5.400887e-05
