# rmse alpha/u,rmse phic/h,rmse h/r,spread alpha/u,spread phic/h,spread h/r
8.374510e-02,7.506047e-02,2.840319e-01,2.007018e-01,2.348895e-01,2.071683e-01
4.947928e-03,3.754513e-02,9.913853e-05,2.713852e-03,1.980933e-02,5.066284e-05
