# rmse alpha/u,rmse phic/h,rmse h/r,spread alpha/u,spread phic/h,spread h/r
2.175992e-03,9.011804e-03,9.949207e-04,2.007666e-01,2.380345e-01,2.181955e-01
5.004092e-03,2.654226e-02,3.864813e-05,1.767533e-03,1.175972e-02,3.168528e-05
