# rmse alpha/u,rmse phic/h,rmse h/r,spread alpha/u,spread phic/h,spread h/r
2.175992e-03,9.011804e-03,9.949207e-04,2.007666e-01,2.380345e-01,2.181955e-01
3.138250e-03,2.280645e-02,4.231749e-05,1.737593e-03,1.171530e-02,2.998518e-05
