# rmse alpha/u,rmse phic/h,rmse h/r,spread alpha/u,spread phic/h,spread h/r
2.175992e-03,9.011804e-03,9.949207e-04,2.007666e-01,2.380345e-01,2.181955e-01
3.160710e-03,2.178399e-02,3.294080e-05,2.137050e-03,1.518336e-02,3.338958e-05
