# rmse alpha/u,rmse phic/h,rmse h/r,spread alpha/u,spread phic/h,spread h/r
2.175992e-03,9.011804e-03,9.949207e-04,2.007666e-01,2.380345e-01,2.181955e-01
3.736546e-03,1.915071e-02,3.130046e-05,1.997315e-03,1.443226e-02,3.334261e-05
