# rmse alpha/u,rmse phic/h,rmse h/r,spread alpha/u,spread phic/h,spread h/r
2.175992e-03,9.011804e-03,9.949207e-04,2.007666e-01,2.380345e-01,2.181955e-01
1.892983e-03,1.615847e-02,3.857777e-05,1.630460e-03,1.235174e-02,3.547310e-05
