# rmse alpha/u,rmse phic/h,rmse h/r,spread alpha/u,spread phic/h,spread h/r
6.485966e-02,1.293996e-01,3.618332e-01,2.064906e-01,1.899857e-01,1.562718e-01
2.717481e-03,1.614595e-02,2.353509e-05,1.950910e-03,1.361865e-02,3.230320e-05
