# rmse alpha/u,rmse phic/h,rmse h/r,spread alpha/u,spread phic/h,spread h/r
6.485966e-02,1.293996e-01,3.618332e-01,2.064906e-01,1.899857e-01,1.562718e-01
2.574316e-03,1.529477e-02,2.495704e-05,2.251027e-03,1.517602e-02,3.014661e-05
