# rmse alpha/u,rmse phic/h,rmse h/r,spread alpha/u,spread phic/h,spread h/r
6.485966e-02,1.293996e-01,3.618332e-01,2.064906e-01,1.899857e-01,1.562718e-01
4.331178e-03,1.857940e-02,2.790608e-05,2.361235e-03,1.657552e-02,3.581459e-05
