# rmse alpha/u,rmse phic/h,rmse h/r,spread alpha/u,spread phic/h,spread h/r
6.485966e-02,1.293996e-01,3.618332e-01,2.064906e-01,1.899857e-01,1.562718e-01
3.028143e-03,2.169318e-02,4.081990e-05,1.957983e-03,1.331540e-02,3.175640e-05
