# rmse alpha/u,rmse phic/h,rmse h/r,spread alpha/u,spread phic/h,spread h/r
1.130073e-01,3.856092e-02,9.084515e-02,2.022430e-01,2.111616e-01,2.292601e-01
1.584273e-03,1.136630e-02,4.417065e-05,1.513854e-03,1.037241e-02,3.342490e-05
