# rmse alpha/u,rmse phic/h,rmse h/r,spread alpha/u,spread phic/h,spread h/r
1.130073e-01,3.856092e-02,9.084515e-02,2.022430e-01,2.111616e-01,2.292601e-01
3.482683e-03,1.976323e-02,4.517246e-05,2.428395e-03,1.633366e-02,3.233810e-05
