# rmse alpha/u,rmse phic/h,rmse h/r,spread alpha/u,spread phic/h,spread h/r
1.130073e-01,3.856092e-02,9.084515e-02,2.022430e-01,2.111616e-01,2.292601e-01
1.027541e-03,7.764552e-03,4.365825e-05,1.029595e-03,7.351230e-03,3.411378e-05
