# rmse alpha/u,rmse phic/h,rmse h/r,spread alpha/u,spread phic/h,spread h/r
1.130073e-01,3.856092e-02,9.084515e-02,2.022430e-01,2.111616e-01,2.292601e-01
3.633161e-03,2.125028e-02,5.356891e-05,2.169882e-03,1.514743e-02,4.318714e-05
