# rmse alpha/u,rmse phic/h,rmse h/r,spread alpha/u,spread phic/h,spread h/r
1.130073e-01,3.856092e-02,9.084515e-02,2.022430e-01,2.111616e-01,2.292601e-01
4.744482e-03,2.375971e-02,5.919400e-05,1.938427e-03,1.406233e-02,4.267968e-05
