# rmse alpha/u,rmse phic/h,rmse h/r,spread alpha/u,spread phic/h,spread h/r
2.673445e-01,2.778886e-01,2.134439e-01,2.038685e-01,2.036915e-01,1.819069e-01
3.222701e-03,2.011051e-02,4.101212e-05,1.759661e-03,1.274828e-02,5.370564e-05
