# rmse alpha/u,rmse phic/h,rmse h/r,spread alpha/u,spread phic/h,spread h/r
2.673445e-01,2.778886e-01,2.134439e-01,2.038685e-01,2.036915e-01,1.819069e-01
3.403003e-03,1.672885e-02,4.363948e-05,2.782112e-03,1.925552e-02,5.494283e-05
