# rmse alpha/u,rmse phic/h,rmse h/r,spread alpha/u,spread phic/h,spread h/r
9.250082e-03,1.157666e-02,4.162816e-04,1.927996e-01,2.373932e-01,2.334187e-01
4.260786e-03,1.739438e-02,5.260157e-05,1.908497e-03,1.297828e-02,1.810904e-05
