# rmse alpha/u,rmse phic/h,rmse h/r,spread alpha/u,spread phic/h,spread h/r
9.250082e-03,1.157666e-02,4.162816e-04,1.927996e-01,2.373932e-01,2.334187e-01
2.804037e-03,1.678606e-02,3.754855e-05,1.680040e-03,1.098556e-02,2.018243e-05
