# rmse alpha/u,rmse phic/h,rmse h/r,spread alpha/u,spread phic/h,spread h/r
9.250082e-03,1.157666e-02,4.162816e-04,1.927996e-01,2.373932e-01,2.334187e-01
2.873227e-03,1.789928e-02,3.071489e-05,1.673886e-03,1.197883e-02,2.083638e-05
