# rmse alpha/u,rmse phic/h,rmse h/r,spread alpha/u,spread phic/h,spread h/r
9.250082e-03,1.157666e-02,4.162816e-04,1.927996e-01,2.373932e-01,2.334187e-01
4.135308e-03,2.245898e-02,3.973152e-05,1.906798e-03,1.399783e-02,2.232238e-05
