# rmse alpha/u,rmse phic/h,rmse h/r,spread alpha/u,spread phic/h,spread h/r
9.250082e-03,1.157666e-02,4.162816e-04,1.927996e-01,2.373932e-01,2.334187e-01
3.473833e-03,1.627947e-02,3.874973e-05,1.925900e-03,1.273858e-02,1.995340e-05
