# rmse alpha/u,rmse phic/h,rmse h/r,spread alpha/u,spread phic/h,spread h/r
9.250082e-03,1.157666e-02,4.162816e-04,1.927996e-01,2.373932e-01,2.334187e-01
3.309951e-03,1.991325e-02,5.025118e-05,1.922932e-03,1.367776e-02,2.260595e-05
