# rmse alpha/u,rmse phic/h,rmse h/r,spread alpha/u,spread phic/h,spread h/r
2.659296e-01,2.369538e-01,2.111088e-01,1.781151e-01,2.238665e-01,2.079343e-01
2.659182e-03,1.168504e-02,3.669727e-05,1.508590e-03,1.113836e-02,4.010183e-05
