# rmse alpha/u,rmse phic/h,rmse h/r,spread alpha/u,spread phic/h,spread h/r
7.066179e-04,1.999512e-01,3.903582e-01,2.004119e-01,2.167927e-01,1.908257e-01
3.192735e-03,1.497126e-02,4.726465e-05,1.222964e-03,8.561644e-03,1.319038e-05
