# rmse alpha/u,rmse phic/h,rmse h/r,spread alpha/u,spread phic/h,spread h/r
7.066179e-04,1.999512e-01,3.903582e-01,2.004119e-01,2.167927e-01,1.908257e-01
6.937549e-03,4.831103e-02,7.759210e-05,2.585403e-03,2.012053e-02,2.525386e-05
