# rmse alpha/u,rmse phic/h,rmse h/r,spread alpha/u,spread phic/h,spread h/r
7.066179e-04,1.999512e-01,3.903582e-01,2.004119e-01,2.167927e-01,1.908257e-01
2.666717e-03,1.729587e-02,5.385517e-05,1.657740e-03,1.029936e-02,1.246060e-05
