# rmse alpha/u,rmse phic/h,rmse h/r,spread alpha/u,spread phic/h,spread h/r
7.066179e-04,1.999512e-01,3.903582e-01,2.004119e-01,2.167927e-01,1.908257e-01
2.774493e-03,2.549431e-02,6.076356e-05,1.815495e-03,1.380419e-02,1.930297e-05
