# rmse alpha/u,rmse phic/h,rmse h/r,spread alpha/u,spread phic/h,spread h/r
7.066179e-04,1.999512e-01,3.903582e-01,2.004119e-01,2.167927e-01,1.908257e-01
4.216849e-03,2.835845e-02,5.618935e-05,1.612922e-03,1.049995e-02,1.674129e-05
