# rmse alpha/u,rmse phic/h,rmse h/r,spread alpha/u,spread phic/h,spread h/r
3.586761e-02,1.392911e-02,2.539128e-02,2.007018e-01,2.348895e-01,2.071683e-01
2.769305e-03,1.782475e-02,7.887781e-05,1.900145e-03,1.344721e-02,5.410217e-05
