# rmse alpha/u,rmse phic/h,rmse h/r,spread alpha/u,spread phic/h,spread h/r
3.586761e-02,1.392911e-02,2.539128e-02,2.007018e-01,2.348895e-01,2.071683e-01
3.889196e-03,2.181283e-02,6.903707e-05,2.037145e-03,1.424998e-02,5.231341e-05
