# rmse alpha/u,rmse phic/h,rmse h/r,spread alpha/u,spread phic/h,spread h/r
3.586761e-02,1.392911e-02,2.539128e-02,2.007018e-01,2.348895e-01,2.071683e-01
3.783558e-03,1.844713e-02,5.985860e-05,2.734566e-03,1.859603e-02,5.146839e-05
