# rmse alpha/u,rmse phic/h,rmse h/r,spread alpha/u,spread phic/h,spread h/r
3.586761e-02,1.392911e-02,2.539128e-02,2.007018e-01,2.348895e-01,2.071683e-01
2.995111e-03,2.888588e-02,8.467215e-05,2.651746e-03,1.952535e-02,5.983665e-05
