# rmse alpha/u,rmse phic/h,rmse h/r,spread alpha/u,spread phic/h,spread h/r
3.586761e-02,1.392911e-02,2.539128e-02,2.007018e-01,2.348895e-01,2.071683e-01
2.642874e-03,1.736318e-02,6.912718e-05,1.946486e-03,1.286472e-02,5.050135e-05
