# rmse alpha/u,rmse phic/h,rmse h/r,spread alpha/u,spread phic/h,spread h/r
3.586761e-02,1.392911e-02,2.539128e-02,2.007018e-01,2.348895e-01,2.071683e-01
2.402967e-03,1.849943e-02,6.359319e-05,2.534168e-03,1.792303e-02,5.706474e-05
