# rmse alpha/u,rmse phic/h,rmse h/r,spread alpha/u,spread phic/h,spread h/r
3.586761e-02,1.392911e-02,2.539128e-02,2.007018e-01,2.348895e-01,2.071683e-01
2.710918e-03,1.646714e-02,6.789873e-05,2.156568e-03,1.445245e-02,5.251182e-05
