# rmse alpha/u,rmse phic/h,rmse h/r,spread alpha/u,spread phic/h,spread h/r
3.586761e-02,1.392911e-02,2.539128e-02,2.007018e-01,2.348895e-01,2.071683e-01
3.903322e-03,3.180388e-02,7.647692e-05,2.634761e-03,1.676101e-02,5.059333e-05
