# rmse alpha/u,rmse phic/h,rmse h/r,spread alpha/u,spread phic/h,spread h/r
3.586761e-02,1.392911e-02,2.539128e-02,2.007018e-01,2.348895e-01,2.071683e-01
2.918847e-03,1.963930e-02,6.841701e-05,2.636950e-03,1.809118e-02,5.389994e-05
