# rmse alpha/u,rmse phic/h,rmse h/r,spread alpha/u,spread phic/h,spread h/r
3.586761e-02,1.392911e-02,2.539128e-02,2.007018e-01,2.348895e-01,2.071683e-01
4.070650e-03,2.817961e-02,7.644075e-05,2.934754e-03,1.982735e-02,5.980972e-05
