# rmse alpha/u,rmse phic/h,rmse h/r,spread alpha/u,spread phic/h,spread h/r
2.017699e-01,2.033919e-01,2.005222e-01,1.845160e-01,1.999864e-01,1.808796e-01
2.427834e-03,1.503449e-02,4.050322e-05,1.128890e-03,8.278209e-03,4.292306e-05
