# rmse alpha/u,rmse phic/h,rmse h/r,spread alpha/u,spread phic/h,spread h/r
2.017699e-01,2.033919e-01,2.005222e-01,1.845160e-01,1.999864e-01,1.808796e-01
8.865556e-04,7.044995e-03,2.496467e-05,1.079388e-03,7.694059e-03,4.093060e-05
