# rmse alpha/u,rmse phic/h,rmse h/r,spread alpha/u,spread phic/h,spread h/r
2.017699e-01,2.033919e-01,2.005222e-01,1.845160e-01,1.999864e-01,1.808796e-01
2.768806e-03,1.265737e-02,2.673221e-05,1.402779e-03,9.960172e-03,4.181670e-05
