# rmse alpha/u,rmse phic/h,rmse h/r,spread alpha/u,spread phic/h,spread h/r
2.017699e-01,2.033919e-01,2.005222e-01,1.845160e-01,1.999864e-01,1.808796e-01
2.051715e-03,1.349571e-02,2.776478e-05,1.192323e-03,8.485823e-03,3.969689e-05
