# rmse alpha/u,rmse phic/h,rmse h/r,spread alpha/u,spread phic/h,spread h/r
8.643126e-02,9.011668e-02,8.216826e-02,8.070079e-02,8.243303e-02,5.271037e-02
8.255517e-04,6.554966e-03,2.273604e-05,8.336279e-04,6.657341e-03,4.863681e-05
