# rmse alpha/u,rmse phic/h,rmse h/r,spread alpha/u,spread phic/h,spread h/r
8.643126e-02,9.011668e-02,8.216826e-02,8.070079e-02,8.243303e-02,5.271037e-02
8.869368e-04,7.259645e-03,2.984743e-05,8.951480e-04,7.389798e-03,5.502934e-05
