# rmse alpha/u,rmse phic/h,rmse h/r,spread alpha/u,spread phic/h,spread h/r
8.643126e-02,9.011668e-02,8.216826e-02,8.070079e-02,8.243303e-02,5.271037e-02
8.605504e-04,7.306200e-03,2.282050e-05,8.539017e-04,6.846265e-03,5.077509e-05
