# rmse alpha/u,rmse phic/h,rmse h/r,spread alpha/u,spread phic/h,spread h/r
8.643126e-02,9.011668e-02,8.216826e-02,8.070079e-02,8.243303e-02,5.271037e-02
8.519793e-04,6.660832e-03,2.658392e-05,8.617709e-04,6.976681e-03,5.128121e-05
