# rmse alpha/u,rmse phic/h,rmse h/r,spread alpha/u,spread phic/h,spread h/r
8.643126e-02,9.011668e-02,8.216826e-02,8.070079e-02,8.243303e-02,5.271037e-02
8.740302e-04,7.269493e-03,2.558179e-05,8.667797e-04,7.022584e-03,5.004278e-05
