# rmse alpha/u,rmse phic/h,rmse h/r,spread alpha/u,spread phic/h,spread h/r
1.394965e-02,1.020835e-01,1.841368e-02,1.927996e-01,2.373932e-01,2.334187e-01
1.484687e-03,7.275810e-03,2.744617e-05,1.061126e-03,7.509967e-03,3.578037e-05
