# rmse alpha/u,rmse phic/h,rmse h/r,spread alpha/u,spread phic/h,spread h/r
1.394965e-02,1.020835e-01,1.841368e-02,1.927996e-01,2.373932e-01,2.334187e-01
1.820872e-03,8.837046e-03,2.727616e-05,9.037988e-04,6.630796e-03,3.434647e-05
