# rmse alpha/u,rmse phic/h,rmse h/r,spread alpha/u,spread phic/h,spread h/r
1.394965e-02,1.020835e-01,1.841368e-02,1.927996e-01,2.373932e-01,2.334187e-01
8.218887e-04,6.032748e-03,2.969228e-05,7.888655e-04,6.066682e-03,3.601253e-05
