# rmse alpha/u,rmse phic/h,rmse h/r,spread alpha/u,spread phic/h,spread h/r
1.394965e-02,1.020835e-01,1.841368e-02,1.927996e-01,2.373932e-01,2.334187e-01
1.204982e-03,7.420187e-03,2.960867e-05,9.656303e-04,6.959470e-03,3.401025e-05
