# rmse alpha/u,rmse phic/h,rmse h/r,spread alpha/u,spread phic/h,spread h/r
4.851931e-02,1.559104e-02,9.251899e-02,2.087330e-01,2.278194e-01,2.143621e-01
3.197596e-03,1.592002e-02,3.413972e-05,1.926456e-03,1.246756e-02,4.438068e-05
