# rmse alpha/u,rmse phic/h,rmse h/r,spread alpha/u,spread phic/h,spread h/r
4.851931e-02,1.559104e-02,9.251899e-02,2.087330e-01,2.278194e-01,2.143621e-01
1.822609e-03,1.031501e-02,2.649744e-05,1.995188e-03,1.328297e-02,3.875145e-05
