# rmse alpha/u,rmse phic/h,rmse h/r,spread alpha/u,spread phic/h,spread h/r
4.851931e-02,1.559104e-02,9.251899e-02,2.087330e-01,2.278194e-01,2.143621e-01
2.614050e-03,2.145278e-02,4.906574e-05,2.678690e-03,2.005803e-02,5.781505e-05
