# rmse alpha/u,rmse phic/h,rmse h/r,spread alpha/u,spread phic/h,spread h/r
4.851931e-02,1.559104e-02,9.251899e-02,2.087330e-01,2.278194e-01,2.143621e-01
3.465222e-03,2.249393e-02,5.425421e-05,2.401854e-03,1.855350e-02,5.710789e-05
