# rmse alpha/u,rmse phic/h,rmse h/r,spread alpha/u,spread phic/h,spread h/r
6.888507e-02,1.925360e-02,1.238255e-01,2.029553e-01,2.401346e-01,2.180772e-01
8.290791e-04,6.900570e-03,2.134176e-05,8.268212e-04,6.589642e-03,4.426902e-05
