# rmse alpha/u,rmse phic/h,rmse h/r,spread alpha/u,spread phic/h,spread h/r
6.888507e-02,1.925360e-02,1.238255e-01,2.029553e-01,2.401346e-01,2.180772e-01
7.779960e-04,6.424479e-03,2.672933e-05,7.943135e-04,6.283660e-03,4.240982e-05
