# rmse alpha/u,rmse phic/h,rmse h/r,spread alpha/u,spread phic/h,spread h/r
6.888507e-02,1.925360e-02,1.238255e-01,2.029553e-01,2.401346e-01,2.180772e-01
9.037349e-04,7.076919e-03,2.508710e-05,8.460626e-04,6.659165e-03,4.377789e-05
