# rmse alpha/u,rmse phic/h,rmse h/r,spread alpha/u,spread phic/h,spread h/r
6.888507e-02,1.925360e-02,1.238255e-01,2.029553e-01,2.401346e-01,2.180772e-01
8.344071e-04,6.622285e-03,2.389484e-05,8.275469e-04,6.594365e-03,4.411645e-05
