# rmse alpha/u,rmse phic/h,rmse h/r,spread alpha/u,spread phic/h,spread h/r
5.407643e-04,1.364053e-02,2.488493e-05,2.029553e-01,2.401346e-01,2.180772e-01
3.214913e-03,1.781446e-02,3.114588e-05,2.096971e-03,1.534809e-02,2.875506e-05
