# rmse alpha/u,rmse phic/h,rmse h/r,spread alpha/u,spread phic/h,spread h/r
5.407643e-04,1.364053e-02,2.488493e-05,2.029553e-01,2.401346e-01,2.180772e-01
4.295832e-03,2.481677e-02,4.182715e-05,2.436632e-03,1.875264e-02,3.382851e-05
