# rmse alpha/u,rmse phic/h,rmse h/r,spread alpha/u,spread phic/h,spread h/r
5.407643e-04,1.364053e-02,2.488493e-05,2.029553e-01,2.401346e-01,2.180772e-01
2.497121e-03,1.609140e-02,3.166169e-05,1.930442e-03,1.385797e-02,2.969540e-05
