# rmse alpha/u,rmse phic/h,rmse h/r,spread alpha/u,spread phic/h,spread h/r
6.706193e-03,5.298970e-02,1.392014e-01,1.927996e-01,2.373932e-01,2.334187e-01
5.366097e-03,2.767872e-02,2.683351e-05,3.063578e-03,2.310268e-02,2.298919e-05
