# rmse alpha/u,rmse phic/h,rmse h/r,spread alpha/u,spread phic/h,spread h/r
6.706193e-03,5.298970e-02,1.392014e-01,1.927996e-01,2.373932e-01,2.334187e-01
4.696653e-03,3.221003e-02,2.983324e-05,2.825915e-03,2.041897e-02,2.190393e-05
