# rmse alpha/u,rmse phic/h,rmse h/r,spread alpha/u,spread phic/h,spread h/r
4.174267e-01,2.388006e-01,2.814228e-01,2.109597e-01,1.610788e-01,1.911630e-01
2.677612e-03,2.516580e-02,8.726909e-05,3.263958e-03,2.489876e-02,6.102023e-05
