# rmse alpha/u,rmse phic/h,rmse h/r,spread alpha/u,spread phic/h,spread h/r
4.174267e-01,2.388006e-01,2.814228e-01,2.109597e-01,1.610788e-01,1.911630e-01
4.533635e-03,2.485219e-02,6.100011e-05,2.818551e-03,1.995611e-02,5.035266e-05
