# rmse alpha/u,rmse phic/h,rmse h/r,spread alpha/u,spread phic/h,spread h/r
4.174267e-01,2.388006e-01,2.814228e-01,2.109597e-01,1.610788e-01,1.911630e-01
5.204885e-03,3.714024e-02,7.686326e-05,3.160610e-03,2.441249e-02,5.559731e-05
