# rmse alpha/u,rmse phic/h,rmse h/r,spread alpha/u,spread phic/h,spread h/r
4.174267e-01,2.388006e-01,2.814228e-01,2.109597e-01,1.610788e-01,1.911630e-01
5.647518e-03,3.608386e-02,8.776679e-05,3.074001e-03,2.213917e-02,5.249624e-05
