# rmse alpha/u,rmse phic/h,rmse h/r,spread alpha/u,spread phic/h,spread h/r
4.174267e-01,2.388006e-01,2.814228e-01,2.109597e-01,1.610788e-01,1.911630e-01
4.264755e-03,2.884745e-02,6.208655e-05,3.357236e-03,2.398070e-02,5.340916e-05
