# rmse alpha/u,rmse phic/h,rmse h/r,spread alpha/u,spread phic/h,spread h/r
8.507487e-02,1.133771e-03,2.507221e-03,1.522047e-01,9.685034e-02,8.052004e-02
4.747717e-03,2.649891e-02,5.841640e-05,2.590350e-03,1.837619e-02,3.470897e-05
