# rmse alpha/u,rmse phic/h,rmse h/r,spread alpha/u,spread phic/h,spread h/r
8.507487e-02,1.133771e-03,2.507221e-03,1.522047e-01,9.685034e-02,8.052004e-02
3.523524e-03,1.827563e-02,4.415008e-05,2.688656e-03,1.769186e-02,3.420628e-05
