# rmse alpha/u,rmse phic/h,rmse h/r,spread alpha/u,spread phic/h,spread h/r
8.507487e-02,1.133771e-03,2.507221e-03,1.522047e-01,9.685034e-02,8.052004e-02
3.605001e-03,2.043172e-02,4.754037e-05,2.733967e-03,1.841623e-02,3.408644e-05
