# rmse alpha/u,rmse phic/h,rmse h/r,spread alpha/u,spread phic/h,spread h/r
8.507487e-02,1.133771e-03,2.507221e-03,1.522047e-01,9.685034e-02,8.052004e-02
5.036753e-03,3.192462e-02,4.889503e-05,2.930320e-03,1.924403e-02,3.279320e-05
