# rmse alpha/u,rmse phic/h,rmse h/r,spread alpha/u,spread phic/h,spread h/r
8.507487e-02,1.133771e-03,2.507221e-03,1.522047e-01,9.685034e-02,8.052004e-02
4.819308e-03,2.651922e-02,6.327974e-05,2.669942e-03,1.862173e-02,3.439817e-05
