# rmse alpha/u,rmse phic/h,rmse h/r,spread alpha/u,spread phic/h,spread h/r
8.507487e-02,1.133771e-03,2.507221e-03,1.522047e-01,9.685034e-02,8.052004e-02
4.943802e-03,2.358057e-02,5.506981e-05,2.851943e-03,1.880736e-02,3.530803e-05
