# rmse alpha/u,rmse phic/h,rmse h/r,spread alpha/u,spread phic/h,spread h/r
8.507487e-02,1.133771e-03,2.507221e-03,1.522047e-01,9.685034e-02,8.052004e-02
3.981197e-03,2.780800e-02,5.469879e-05,1.999860e-03,1.381632e-02,3.440373e-05
