# rmse alpha/u,rmse phic/h,rmse h/r,spread alpha/u,spread phic/h,spread h/r
7.102384e-02,3.082182e-02,4.019646e-03,1.434142e-01,9.710998e-02,7.935420e-02
3.327510e-03,2.729218e-02,5.549189e-05,2.525678e-03,1.948128e-02,5.470472e-05
