# rmse alpha/u,rmse phic/h,rmse h/r,spread alpha/u,spread phic/h,spread h/r
7.102384e-02,3.082182e-02,4.019646e-03,1.434142e-01,9.710998e-02,7.935420e-02
3.810013e-03,1.956536e-02,4.433759e-05,2.020115e-03,1.364858e-02,4.589897e-05
