# rmse alpha/u,rmse phic/h,rmse h/r,spread alpha/u,spread phic/h,spread h/r
3.152012e-01,5.671711e-02,1.195261e-03,1.982756e-01,1.909562e-01,1.621428e-01
8.723714e-04,6.563214e-03,2.440998e-05,8.734613e-04,6.953446e-03,4.849732e-05
