# rmse alpha/u,rmse phic/h,rmse h/r,spread alpha/u,spread phic/h,spread h/r
3.152012e-01,5.671711e-02,1.195261e-03,1.982756e-01,1.909562e-01,1.621428e-01
8.546493e-04,6.743109e-03,2.756795e-05,8.777404e-04,6.925378e-03,5.106611e-05
