# rmse alpha/u,rmse phic/h,rmse h/r,spread alpha/u,spread phic/h,spread h/r
3.152012e-01,5.671711e-02,1.195261e-03,1.982756e-01,1.909562e-01,1.621428e-01
8.465743e-04,6.846801e-03,2.190100e-05,8.630658e-04,6.709320e-03,5.020873e-05
