# rmse alpha/u,rmse phic/h,rmse h/r,spread alpha/u,spread phic/h,spread h/r
3.152012e-01,5.671711e-02,1.195261e-03,1.982756e-01,1.909562e-01,1.621428e-01
8.800056e-04,6.729208e-03,2.185035e-05,9.675009e-04,7.129081e-03,4.799806e-05
