# rmse alpha/u,rmse phic/h,rmse h/r,spread alpha/u,spread phic/h,spread h/r
6.242818e-02,5.319570e-03,2.916275e-02,1.460145e-01,8.531161e-02,6.830655e-02
4.902209e-03,3.456238e-02,5.090036e-05,3.785633e-03,2.759796e-02,3.408516e-05
