# rmse alpha/u,rmse phic/h,rmse h/r,spread alpha/u,spread phic/h,spread h/r
6.242818e-02,5.319570e-03,2.916275e-02,1.460145e-01,8.531161e-02,6.830655e-02
5.214817e-03,4.069316e-02,4.540172e-05,3.692846e-03,2.905054e-02,3.316347e-05
