# rmse alpha/u,rmse phic/h,rmse h/r,spread alpha/u,spread phic/h,spread h/r
6.242818e-02,5.319570e-03,2.916275e-02,1.460145e-01,8.531161e-02,6.830655e-02
4.379150e-03,3.251110e-02,4.519911e-05,3.492942e-03,2.425716e-02,3.103324e-05
