# rmse alpha/u,rmse phic/h,rmse h/r,spread alpha/u,spread phic/h,spread h/r
6.242818e-02,5.319570e-03,2.916275e-02,1.460145e-01,8.531161e-02,6.830655e-02
5.813407e-03,3.828975e-02,4.320772e-05,3.520608e-03,2.482159e-02,2.994166e-05
