# rmse alpha/u,rmse phic/h,rmse h/r,spread alpha/u,spread phic/h,spread h/r
6.242818e-02,5.319570e-03,2.916275e-02,1.460145e-01,8.531161e-02,6.830655e-02
5.320365e-03,2.899347e-02,3.295637e-05,3.457024e-03,2.412023e-02,2.101557e-05
