# rmse alpha/u,rmse phic/h,rmse h/r,spread alpha/u,spread phic/h,spread h/r
6.242818e-02,5.319570e-03,2.916275e-02,1.460145e-01,8.531161e-02,6.830655e-02
4.486227e-03,2.490138e-02,3.338476e-05,2.686601e-03,1.878153e-02,2.108040e-05
