# rmse alpha/u,rmse phic/h,rmse h/r,spread alpha/u,spread phic/h,spread h/r
6.242818e-02,5.319570e-03,2.916275e-02,1.460145e-01,8.531161e-02,6.830655e-02
5.177355e-03,3.744682e-02,4.605048e-05,3.240193e-03,2.322015e-02,2.884882e-05
