# rmse alpha/u,rmse phic/h,rmse h/r,spread alpha/u,spread phic/h,spread h/r
1.248580e-01,1.169431e-01,2.823824e-02,2.007666e-01,2.380345e-01,2.181955e-01
8.373015e-04,6.542821e-03,2.772420e-05,8.296949e-04,6.567516e-03,4.293998e-05
