# rmse alpha/u,rmse phic/h,rmse h/r,spread alpha/u,spread phic/h,spread h/r
1.248580e-01,1.169431e-01,2.823824e-02,2.007666e-01,2.380345e-01,2.181955e-01
8.123391e-04,6.324473e-03,2.145785e-05,8.242793e-04,6.572020e-03,4.098866e-05
