# rmse alpha/u,rmse phic/h,rmse h/r,spread alpha/u,spread phic/h,spread h/r
1.248580e-01,1.169431e-01,2.823824e-02,2.007666e-01,2.380345e-01,2.181955e-01
8.788032e-04,6.808968e-03,2.253097e-05,8.609092e-04,6.731914e-03,4.275375e-05
