# rmse alpha/u,rmse phic/h,rmse h/r,spread alpha/u,spread phic/h,spread h/r
1.248580e-01,1.169431e-01,2.823824e-02,2.007666e-01,2.380345e-01,2.181955e-01
8.177379e-04,6.628038e-03,2.600116e-05,8.137168e-04,6.519280e-03,4.110955e-05
