# rmse alpha/u,rmse phic/h,rmse h/r,spread alpha/u,spread phic/h,spread h/r
1.955147e-01,2.528731e-01,2.063129e-01,1.641627e-01,2.176017e-01,1.764511e-01
8.625104e-04,6.752860e-03,2.538523e-05,7.845488e-04,6.084000e-03,2.385806e-05
