# rmse alpha/u,rmse phic/h,rmse h/r,spread alpha/u,spread phic/h,spread h/r
1.955147e-01,2.528731e-01,2.063129e-01,1.641627e-01,2.176017e-01,1.764511e-01
8.328263e-04,6.474714e-03,2.237917e-05,7.734021e-04,6.051186e-03,2.383386e-05
