# rmse alpha/u,rmse phic/h,rmse h/r,spread alpha/u,spread phic/h,spread h/r
1.955147e-01,2.528731e-01,2.063129e-01,1.641627e-01,2.176017e-01,1.764511e-01
8.231444e-04,6.193596e-03,2.006173e-05,7.653093e-04,5.775383e-03,2.305308e-05
