# rmse alpha/u,rmse phic/h,rmse h/r,spread alpha/u,spread phic/h,spread h/r
2.223697e-03,9.547484e-03,3.195060e-03,1.378660e-01,7.905109e-02,6.695789e-02
1.401653e-03,1.108555e-02,3.910854e-05,9.507905e-04,7.114178e-03,3.508403e-05
