# rmse alpha/u,rmse phic/h,rmse h/r,spread alpha/u,spread phic/h,spread h/r
2.223697e-03,9.547484e-03,3.195060e-03,1.378660e-01,7.905109e-02,6.695789e-02
1.495911e-03,9.251879e-03,4.486120e-05,9.382642e-04,7.217606e-03,3.680142e-05
