# rmse alpha/u,rmse phic/h,rmse h/r,spread alpha/u,spread phic/h,spread h/r
2.223697e-03,9.547484e-03,3.195060e-03,1.378660e-01,7.905109e-02,6.695789e-02
1.511862e-03,8.018637e-03,3.017799e-05,9.302150e-04,6.598626e-03,3.439810e-05
