# rmse alpha/u,rmse phic/h,rmse h/r,spread alpha/u,spread phic/h,spread h/r
2.223697e-03,9.547484e-03,3.195060e-03,1.378660e-01,7.905109e-02,6.695789e-02
8.566916e-04,7.022448e-03,4.444716e-05,8.023654e-04,6.275527e-03,3.602931e-05
