# rmse alpha/u,rmse phic/h,rmse h/r,spread alpha/u,spread phic/h,spread h/r
2.223697e-03,9.547484e-03,3.195060e-03,1.378660e-01,7.905109e-02,6.695789e-02
8.599115e-04,7.004130e-03,2.798632e-05,7.742226e-04,6.097817e-03,3.506968e-05
