# rmse alpha/u,rmse phic/h,rmse h/r,spread alpha/u,spread phic/h,spread h/r
2.223697e-03,9.547484e-03,3.195060e-03,1.378660e-01,7.905109e-02,6.695789e-02
2.489829e-03,1.092156e-02,2.791290e-05,8.743832e-04,6.659785e-03,3.453170e-05
