# rmse alpha/u,rmse phic/h,rmse h/r,spread alpha/u,spread phic/h,spread h/r
2.223697e-03,9.547484e-03,3.195060e-03,1.378660e-01,7.905109e-02,6.695789e-02
1.098364e-03,8.476745e-03,3.245989e-05,1.027026e-03,7.340479e-03,3.610829e-05
