# rmse alpha/u,rmse phic/h,rmse h/r,spread alpha/u,spread phic/h,spread h/r
7.517250e-02,6.085576e-02,3.417493e-02,2.003257e-01,1.978003e-01,1.815101e-01
3.859151e-03,2.326965e-02,3.701310e-05,2.351587e-03,1.621702e-02,3.134368e-05
