# rmse alpha/u,rmse phic/h,rmse h/r,spread alpha/u,spread phic/h,spread h/r
7.517250e-02,6.085576e-02,3.417493e-02,2.003257e-01,1.978003e-01,1.815101e-01
3.666170e-03,2.568592e-02,2.884411e-05,2.680031e-03,1.950125e-02,2.866679e-05
