# rmse alpha/u,rmse phic/h,rmse h/r,spread alpha/u,spread phic/h,spread h/r
7.517250e-02,6.085576e-02,3.417493e-02,2.003257e-01,1.978003e-01,1.815101e-01
3.347627e-03,2.560782e-02,3.643077e-05,2.951617e-03,2.036831e-02,2.984478e-05
