# rmse alpha/u,rmse phic/h,rmse h/r,spread alpha/u,spread phic/h,spread h/r
7.517250e-02,6.085576e-02,3.417493e-02,2.003257e-01,1.978003e-01,1.815101e-01
1.614919e-03,1.513859e-02,2.269734e-05,1.568400e-03,1.037490e-02,2.144391e-05
