# rmse alpha/u,rmse phic/h,rmse h/r,spread alpha/u,spread phic/h,spread h/r
7.517250e-02,6.085576e-02,3.417493e-02,2.003257e-01,1.978003e-01,1.815101e-01
1.691792e-03,1.230497e-02,2.570345e-05,1.706417e-03,1.174588e-02,2.040649e-05
