# rmse alpha/u,rmse phic/h,rmse h/r,spread alpha/u,spread phic/h,spread h/r
7.517250e-02,6.085576e-02,3.417493e-02,2.003257e-01,1.978003e-01,1.815101e-01
2.262907e-03,1.379079e-02,2.090535e-05,1.790799e-03,1.236923e-02,2.080438e-05
