# rmse alpha/u,rmse phic/h,rmse h/r,spread alpha/u,spread phic/h,spread h/r
7.517250e-02,6.085576e-02,3.417493e-02,2.003257e-01,1.978003e-01,1.815101e-01
4.804560e-03,3.086940e-02,3.704322e-05,2.489650e-03,1.791754e-02,3.225908e-05
