# rmse alpha/u,rmse phic/h,rmse h/r,spread alpha/u,spread phic/h,spread h/r
7.517250e-02,6.085576e-02,3.417493e-02,2.003257e-01,1.978003e-01,1.815101e-01
3.249186e-03,2.166185e-02,3.272942e-05,1.922444e-03,1.376221e-02,2.660363e-05
