# rmse alpha/u,rmse phic/h,rmse h/r,spread alpha/u,spread phic/h,spread h/r
5.492913e-02,1.740020e-02,2.525862e-02,1.983375e-01,2.242886e-01,1.428976e-01
4.789698e-03,3.159847e-02,6.974396e-05,2.296866e-03,1.629041e-02,3.480932e-05
