# rmse alpha/u,rmse phic/h,rmse h/r,spread alpha/u,spread phic/h,spread h/r
5.492913e-02,1.740020e-02,2.525862e-02,1.983375e-01,2.242886e-01,1.428976e-01
4.598811e-03,3.038628e-02,5.607143e-05,3.201232e-03,2.204539e-02,3.263056e-05
