# rmse alpha/u,rmse phic/h,rmse h/r,spread alpha/u,spread phic/h,spread h/r
5.492913e-02,1.740020e-02,2.525862e-02,1.983375e-01,2.242886e-01,1.428976e-01
4.589214e-03,2.975479e-02,5.698551e-05,2.469837e-03,1.777248e-02,3.293207e-05
