# rmse alpha/u,rmse phic/h,rmse h/r,spread alpha/u,spread phic/h,spread h/r
5.492913e-02,1.740020e-02,2.525862e-02,1.983375e-01,2.242886e-01,1.428976e-01
4.821857e-03,3.419136e-02,6.968811e-05,2.511919e-03,1.653547e-02,3.857292e-05
