# rmse alpha/u,rmse phic/h,rmse h/r,spread alpha/u,spread phic/h,spread h/r
5.492913e-02,1.740020e-02,2.525862e-02,1.983375e-01,2.242886e-01,1.428976e-01
4.784849e-03,3.471062e-02,5.600710e-05,1.984604e-03,1.463853e-02,3.174801e-05
