# rmse alpha/u,rmse phic/h,rmse h/r,spread alpha/u,spread phic/h,spread h/r
5.492913e-02,1.740020e-02,2.525862e-02,1.983375e-01,2.242886e-01,1.428976e-01
3.006764e-03,2.240871e-02,3.787315e-05,2.425125e-03,1.587956e-02,2.778452e-05
