# rmse alpha/u,rmse phic/h,rmse h/r,spread alpha/u,spread phic/h,spread h/r
2.336892e-01,1.048053e-01,9.992223e-02,1.318144e-01,9.586954e-02,8.104354e-02
4.157831e-03,2.926382e-02,5.438977e-05,1.707316e-03,1.333618e-02,4.640318e-05
