# rmse alpha/u,rmse phic/h,rmse h/r,spread alpha/u,spread phic/h,spread h/r
2.336892e-01,1.048053e-01,9.992223e-02,1.318144e-01,9.586954e-02,8.104354e-02
2.335031e-03,9.666809e-03,3.271037e-05,1.378841e-03,9.594884e-03,3.760208e-05
