# rmse alpha/u,rmse phic/h,rmse h/r,spread alpha/u,spread phic/h,spread h/r
2.336892e-01,1.048053e-01,9.992223e-02,1.318144e-01,9.586954e-02,8.104354e-02
2.907929e-03,1.485996e-02,3.398863e-05,2.252757e-03,1.450387e-02,3.963832e-05
