# rmse alpha/u,rmse phic/h,rmse h/r,spread alpha/u,spread phic/h,spread h/r
9.900616e-02,2.606795e-05,4.476257e-02,1.500985e-01,6.567343e-02,5.665868e-02
4.593148e-03,3.049243e-02,6.643143e-05,3.135429e-03,2.267506e-02,4.335664e-05
