# rmse alpha/u,rmse phic/h,rmse h/r,spread alpha/u,spread phic/h,spread h/r
9.900616e-02,2.606795e-05,4.476257e-02,1.500985e-01,6.567343e-02,5.665868e-02
5.572422e-03,3.086436e-02,7.556989e-05,2.827239e-03,1.887291e-02,3.883461e-05
