# rmse alpha/u,rmse phic/h,rmse h/r,spread alpha/u,spread phic/h,spread h/r
9.900616e-02,2.606795e-05,4.476257e-02,1.500985e-01,6.567343e-02,5.665868e-02
4.307544e-03,2.390532e-02,6.945183e-05,2.460330e-03,1.633363e-02,3.384418e-05
