# rmse alpha/u,rmse phic/h,rmse h/r,spread alpha/u,spread phic/h,spread h/r
1.074818e-02,1.352977e-01,7.611934e-03,2.007018e-01,2.348895e-01,2.071683e-01
3.851168e-03,2.324824e-02,3.314844e-05,2.056353e-03,1.396631e-02,3.248752e-05
