# rmse alpha/u,rmse phic/h,rmse h/r,spread alpha/u,spread phic/h,spread h/r
1.074818e-02,1.352977e-01,7.611934e-03,2.007018e-01,2.348895e-01,2.071683e-01
5.195878e-03,2.803559e-02,4.525548e-05,3.208378e-03,2.405275e-02,4.300243e-05
