# rmse alpha/u,rmse phic/h,rmse h/r,spread alpha/u,spread phic/h,spread h/r
1.074818e-02,1.352977e-01,7.611934e-03,2.007018e-01,2.348895e-01,2.071683e-01
3.412146e-03,2.750935e-02,5.029936e-05,2.972197e-03,2.300318e-02,4.339483e-05
