# rmse alpha/u,rmse phic/h,rmse h/r,spread alpha/u,spread phic/h,spread h/r
1.074818e-02,1.352977e-01,7.611934e-03,2.007018e-01,2.348895e-01,2.071683e-01
3.556149e-03,2.974675e-02,4.679558e-05,3.265947e-03,2.302622e-02,3.810291e-05
