# rmse alpha/u,rmse phic/h,rmse h/r,spread alpha/u,spread phic/h,spread h/r
4.665078e-02,3.717122e-03,2.034583e-02,1.302750e-01,1.027823e-01,6.030181e-02
3.840837e-03,2.834829e-02,6.735759e-05,3.084908e-03,2.366085e-02,5.143234e-05
