# rmse alpha/u,rmse phic/h,rmse h/r,spread alpha/u,spread phic/h,spread h/r
4.665078e-02,3.717122e-03,2.034583e-02,1.302750e-01,1.027823e-01,6.030181e-02
3.959381e-03,2.612785e-02,5.408698e-05,3.060531e-03,2.271544e-02,4.724395e-05
