# rmse alpha/u,rmse phic/h,rmse h/r,spread alpha/u,spread phic/h,spread h/r
4.665078e-02,3.717122e-03,2.034583e-02,1.302750e-01,1.027823e-01,6.030181e-02
4.182187e-03,2.538671e-02,5.628466e-05,2.413779e-03,1.763412e-02,4.843362e-05
