# rmse alpha/u,rmse phic/h,rmse h/r,spread alpha/u,spread phic/h,spread h/r
1.942935e-01,1.751139e-01,1.423697e-01,1.315710e-01,1.068212e-01,8.778240e-02
4.178840e-03,2.530532e-02,4.470760e-05,1.778939e-03,1.180849e-02,4.220275e-05
