# rmse alpha/u,rmse phic/h,rmse h/r,spread alpha/u,spread phic/h,spread h/r
1.942935e-01,1.751139e-01,1.423697e-01,1.315710e-01,1.068212e-01,8.778240e-02
3.395165e-03,1.946335e-02,4.220580e-05,1.744778e-03,1.168231e-02,3.927558e-05
