# rmse alpha/u,rmse phic/h,rmse h/r,spread alpha/u,spread phic/h,spread h/r
1.942935e-01,1.751139e-01,1.423697e-01,1.315710e-01,1.068212e-01,8.778240e-02
2.205163e-03,2.131770e-02,4.750452e-05,1.990426e-03,1.459191e-02,4.777499e-05
