# rmse alpha/u,rmse phic/h,rmse h/r,spread alpha/u,spread phic/h,spread h/r
7.716434e-03,3.975734e-03,3.873668e-03,1.392269e-01,1.867044e-01,1.775510e-01
8.609209e-04,7.127744e-03,2.481406e-05,8.814570e-04,7.170038e-03,5.683601e-05
