# rmse alpha/u,rmse phic/h,rmse h/r,spread alpha/u,spread phic/h,spread h/r
7.716434e-03,3.975734e-03,3.873668e-03,1.392269e-01,1.867044e-01,1.775510e-01
8.165135e-04,6.672641e-03,2.000360e-05,8.298277e-04,6.630858e-03,5.378500e-05
