# rmse alpha/u,rmse phic/h,rmse h/r,spread alpha/u,spread phic/h,spread h/r
7.716434e-03,3.975734e-03,3.873668e-03,1.392269e-01,1.867044e-01,1.775510e-01
8.445500e-04,6.458162e-03,2.353135e-05,8.309943e-04,6.496021e-03,5.517680e-05
