# rmse alpha/u,rmse phic/h,rmse h/r,spread alpha/u,spread phic/h,spread h/r
7.716434e-03,3.975734e-03,3.873668e-03,1.392269e-01,1.867044e-01,1.775510e-01
8.828205e-04,7.030596e-03,2.989460e-05,8.810839e-04,6.887934e-03,5.663824e-05
