# rmse alpha/u,rmse phic/h,rmse h/r,spread alpha/u,spread phic/h,spread h/r
7.716434e-03,3.975734e-03,3.873668e-03,1.392269e-01,1.867044e-01,1.775510e-01
8.617911e-04,7.040911e-03,2.063399e-05,8.716449e-04,7.144036e-03,5.672972e-05
