# rmse alpha/u,rmse phic/h,rmse h/r,spread alpha/u,spread phic/h,spread h/r
7.716434e-03,3.975734e-03,3.873668e-03,1.392269e-01,1.867044e-01,1.775510e-01
8.435822e-04,6.314800e-03,2.205214e-05,8.444754e-04,6.723338e-03,5.341782e-05
