# rmse alpha/u,rmse phic/h,rmse h/r,spread alpha/u,spread phic/h,spread h/r
1.029821e-01,1.960159e-02,2.105672e-02,2.011122e-01,2.284813e-01,1.938860e-01
1.097886e-03,1.216373e-02,1.616665e-04,8.681490e-04,6.361060e-03,1.216633e-05
