# rmse alpha/u,rmse phic/h,rmse h/r,spread alpha/u,spread phic/h,spread h/r
1.532495e-04,3.006279e-03,5.347499e-03,1.326985e-01,9.373806e-02,7.033384e-02
1.310134e-03,7.327534e-03,2.036691e-05,1.007699e-03,7.766831e-03,4.308484e-05
