# rmse alpha/u,rmse phic/h,rmse h/r,spread alpha/u,spread phic/h,spread h/r
1.532495e-04,3.006279e-03,5.347499e-03,1.326985e-01,9.373806e-02,7.033384e-02
9.518428e-04,6.835816e-03,2.147748e-05,8.478878e-04,6.520299e-03,4.302526e-05
