# rmse alpha/u,rmse phic/h,rmse h/r,spread alpha/u,spread phic/h,spread h/r
1.532495e-04,3.006279e-03,5.347499e-03,1.326985e-01,9.373806e-02,7.033384e-02
1.242947e-03,8.276653e-03,2.393911e-05,9.003128e-04,6.940794e-03,4.442497e-05
