# rmse alpha/u,rmse phic/h,rmse h/r,spread alpha/u,spread phic/h,spread h/r
1.532495e-04,3.006279e-03,5.347499e-03,1.326985e-01,9.373806e-02,7.033384e-02
1.264848e-03,1.009217e-02,2.501642e-05,1.110132e-03,8.076878e-03,4.304881e-05
