# rmse alpha/u,rmse phic/h,rmse h/r,spread alpha/u,spread phic/h,spread h/r
2.004422e-01,4.539245e-01,5.626771e-01,1.969593e-01,1.699969e-01,1.470455e-01
4.120056e-03,2.227840e-02,4.564121e-05,2.316344e-03,1.511726e-02,1.598555e-05
