# rmse alpha/u,rmse phic/h,rmse h/r,spread alpha/u,spread phic/h,spread h/r
2.004422e-01,4.539245e-01,5.626771e-01,1.969593e-01,1.699969e-01,1.470455e-01
4.315166e-03,2.569362e-02,5.084787e-05,3.188906e-03,2.302592e-02,2.328650e-05
