# rmse alpha/u,rmse phic/h,rmse h/r,spread alpha/u,spread phic/h,spread h/r
2.004422e-01,4.539245e-01,5.626771e-01,1.969593e-01,1.699969e-01,1.470455e-01
4.516461e-03,2.859716e-02,5.184927e-05,2.667957e-03,2.001118e-02,2.762575e-05
