# rmse alpha/u,rmse phic/h,rmse h/r,spread alpha/u,spread phic/h,spread h/r
2.004422e-01,4.539245e-01,5.626771e-01,1.969593e-01,1.699969e-01,1.470455e-01
2.865656e-03,1.782524e-02,3.840039e-05,2.133841e-03,1.442765e-02,2.302162e-05
