# rmse alpha/u,rmse phic/h,rmse h/r,spread alpha/u,spread phic/h,spread h/r
3.008279e-01,2.569672e-01,2.762068e-01,2.012007e-01,2.236229e-01,1.884298e-01
3.237292e-03,3.114085e-02,6.344541e-05,2.430378e-03,1.940730e-02,4.868137e-05
