# rmse alpha/u,rmse phic/h,rmse h/r,spread alpha/u,spread phic/h,spread h/r
3.008279e-01,2.569672e-01,2.762068e-01,2.012007e-01,2.236229e-01,1.884298e-01
4.072668e-03,3.059931e-02,6.490725e-05,3.074424e-03,2.333856e-02,5.291305e-05
