# rmse alpha/u,rmse phic/h,rmse h/r,spread alpha/u,spread phic/h,spread h/r
3.008279e-01,2.569672e-01,2.762068e-01,2.012007e-01,2.236229e-01,1.884298e-01
4.843440e-03,2.983057e-02,7.410643e-05,2.824719e-03,2.144122e-02,5.819206e-05
