# rmse alpha/u,rmse phic/h,rmse h/r,spread alpha/u,spread phic/h,spread h/r
3.008279e-01,2.569672e-01,2.762068e-01,2.012007e-01,2.236229e-01,1.884298e-01
2.866079e-03,2.189188e-02,6.391640e-05,2.193294e-03,1.630598e-02,4.924186e-05
