# rmse alpha/u,rmse phic/h,rmse h/r,spread alpha/u,spread phic/h,spread h/r
3.008279e-01,2.569672e-01,2.762068e-01,2.012007e-01,2.236229e-01,1.884298e-01
5.104591e-03,2.866064e-02,6.340168e-05,2.698568e-03,2.037946e-02,5.331127e-05
