# rmse alpha/u,rmse phic/h,rmse h/r,spread alpha/u,spread phic/h,spread h/r
3.008279e-01,2.569672e-01,2.762068e-01,2.012007e-01,2.236229e-01,1.884298e-01
4.917589e-03,2.949992e-02,6.253801e-05,2.766203e-03,2.013511e-02,5.548892e-05
