# rmse alpha/u,rmse phic/h,rmse h/r,spread alpha/u,spread phic/h,spread h/r
2.544294e-02,8.458196e-03,5.257580e-03,1.379899e-01,1.044447e-01,7.647764e-02
3.286488e-03,2.211346e-02,3.852044e-05,2.017454e-03,1.396151e-02,3.997345e-05
