# rmse alpha/u,rmse phic/h,rmse h/r,spread alpha/u,spread phic/h,spread h/r
2.544294e-02,8.458196e-03,5.257580e-03,1.379899e-01,1.044447e-01,7.647764e-02
3.731180e-03,2.263647e-02,4.691906e-05,2.762849e-03,1.909138e-02,4.499792e-05
