# rmse alpha/u,rmse phic/h,rmse h/r,spread alpha/u,spread phic/h,spread h/r
2.544294e-02,8.458196e-03,5.257580e-03,1.379899e-01,1.044447e-01,7.647764e-02
4.894346e-03,3.297705e-02,6.187111e-05,3.230250e-03,2.562516e-02,5.226748e-05
