# rmse alpha/u,rmse phic/h,rmse h/r,spread alpha/u,spread phic/h,spread h/r
2.544294e-02,8.458196e-03,5.257580e-03,1.379899e-01,1.044447e-01,7.647764e-02
3.096771e-03,1.386935e-02,3.167011e-05,2.392869e-03,1.638344e-02,3.714468e-05
