# rmse alpha/u,rmse phic/h,rmse h/r,spread alpha/u,spread phic/h,spread h/r
2.544294e-02,8.458196e-03,5.257580e-03,1.379899e-01,1.044447e-01,7.647764e-02
3.803738e-03,1.884339e-02,3.353910e-05,2.523875e-03,1.746328e-02,3.806922e-05
