# rmse alpha/u,rmse phic/h,rmse h/r,spread alpha/u,spread phic/h,spread h/r
8.774984e-03,1.331001e-03,1.964856e-04,1.309702e-01,2.209915e-01,1.677873e-01
8.386751e-04,6.474810e-03,2.474471e-05,8.316327e-04,6.422278e-03,5.022821e-05
