# rmse alpha/u,rmse phic/h,rmse h/r,spread alpha/u,spread phic/h,spread h/r
8.774984e-03,1.331001e-03,1.964856e-04,1.309702e-01,2.209915e-01,1.677873e-01
7.822211e-04,5.910878e-03,1.892949e-05,8.053896e-04,6.196660e-03,4.843227e-05
