# rmse alpha/u,rmse phic/h,rmse h/r,spread alpha/u,spread phic/h,spread h/r
8.774984e-03,1.331001e-03,1.964856e-04,1.309702e-01,2.209915e-01,1.677873e-01
8.957953e-04,7.356683e-03,2.837038e-05,8.952846e-04,7.316564e-03,5.498926e-05
