# rmse alpha/u,rmse phic/h,rmse h/r,spread alpha/u,spread phic/h,spread h/r
8.774984e-03,1.331001e-03,1.964856e-04,1.309702e-01,2.209915e-01,1.677873e-01
8.593875e-04,6.706536e-03,2.148154e-05,8.397120e-04,6.700816e-03,4.980155e-05
