# rmse alpha/u,rmse phic/h,rmse h/r,spread alpha/u,spread phic/h,spread h/r
8.774984e-03,1.331001e-03,1.964856e-04,1.309702e-01,2.209915e-01,1.677873e-01
8.588524e-04,6.710618e-03,2.427097e-05,8.673443e-04,6.844723e-03,5.184933e-05
