# rmse alpha/u,rmse phic/h,rmse h/r,spread alpha/u,spread phic/h,spread h/r
8.774984e-03,1.331001e-03,1.964856e-04,1.309702e-01,2.209915e-01,1.677873e-01
8.221843e-04,6.222379e-03,2.369161e-05,8.251648e-04,6.477991e-03,4.936031e-05
