# rmse alpha/u,rmse phic/h,rmse h/r,spread alpha/u,spread phic/h,spread h/r
8.774984e-03,1.331001e-03,1.964856e-04,1.309702e-01,2.209915e-01,1.677873e-01
8.955614e-04,6.778726e-03,2.436166e-05,8.558013e-04,6.754366e-03,5.216413e-05
