# rmse alpha/u,rmse phic/h,rmse h/r,spread alpha/u,spread phic/h,spread h/r
4.455123e-02,6.157017e-03,4.997122e-02,1.733888e-01,2.278507e-01,1.488446e-01
8.133617e-04,6.519997e-03,2.198438e-05,8.389854e-04,6.670138e-03,4.659182e-05
