# rmse alpha/u,rmse phic/h,rmse h/r,spread alpha/u,spread phic/h,spread h/r
4.455123e-02,6.157017e-03,4.997122e-02,1.733888e-01,2.278507e-01,1.488446e-01
8.323776e-04,6.507628e-03,2.296840e-05,8.555759e-04,6.704041e-03,4.651355e-05
