# rmse alpha/u,rmse phic/h,rmse h/r,spread alpha/u,spread phic/h,spread h/r
4.455123e-02,6.157017e-03,4.997122e-02,1.733888e-01,2.278507e-01,1.488446e-01
8.952139e-04,7.457702e-03,2.512799e-05,8.918819e-04,7.120212e-03,4.786147e-05
