# rmse alpha/u,rmse phic/h,rmse h/r,spread alpha/u,spread phic/h,spread h/r
4.455123e-02,6.157017e-03,4.997122e-02,1.733888e-01,2.278507e-01,1.488446e-01
8.496151e-04,6.806681e-03,2.169582e-05,8.485409e-04,6.785521e-03,4.629662e-05
