# rmse alpha/u,rmse phic/h,rmse h/r,spread alpha/u,spread phic/h,spread h/r
4.455123e-02,6.157017e-03,4.997122e-02,1.733888e-01,2.278507e-01,1.488446e-01
9.099977e-04,7.310177e-03,2.720142e-05,8.938257e-04,7.213999e-03,4.886997e-05
