# rmse alpha/u,rmse phic/h,rmse h/r,spread alpha/u,spread phic/h,spread h/r
1.195611e-01,1.752957e-01,1.447471e-01,1.193375e-01,8.077271e-02,7.367434e-02
1.319097e-03,1.597714e-02,4.127155e-05,1.747709e-03,1.273698e-02,4.889460e-05
