# rmse alpha/u,rmse phic/h,rmse h/r,spread alpha/u,spread phic/h,spread h/r
1.195611e-01,1.752957e-01,1.447471e-01,1.193375e-01,8.077271e-02,7.367434e-02
2.539833e-03,1.746539e-02,3.496375e-05,2.090233e-03,1.429718e-02,4.406783e-05
