# rmse alpha/u,rmse phic/h,rmse h/r,spread alpha/u,spread phic/h,spread h/r
1.195611e-01,1.752957e-01,1.447471e-01,1.193375e-01,8.077271e-02,7.367434e-02
3.051748e-03,1.927666e-02,6.091098e-05,2.028404e-03,1.467438e-02,5.256854e-05
