# rmse alpha/u,rmse phic/h,rmse h/r,spread alpha/u,spread phic/h,spread h/r
1.195611e-01,1.752957e-01,1.447471e-01,1.193375e-01,8.077271e-02,7.367434e-02
2.915470e-03,1.374475e-02,2.399372e-05,1.507527e-03,1.037417e-02,4.294433e-05
