# rmse alpha/u,rmse phic/h,rmse h/r,spread alpha/u,spread phic/h,spread h/r
1.195611e-01,1.752957e-01,1.447471e-01,1.193375e-01,8.077271e-02,7.367434e-02
4.034223e-03,2.080391e-02,5.810893e-05,1.457906e-03,1.039794e-02,4.825025e-05
