# rmse alpha/u,rmse phic/h,rmse h/r,spread alpha/u,spread phic/h,spread h/r
1.195611e-01,1.752957e-01,1.447471e-01,1.193375e-01,8.077271e-02,7.367434e-02
3.394877e-03,1.965563e-02,3.405675e-05,1.976116e-03,1.361509e-02,4.964538e-05
