# rmse alpha/u,rmse phic/h,rmse h/r,spread alpha/u,spread phic/h,spread h/r
1.195611e-01,1.752957e-01,1.447471e-01,1.193375e-01,8.077271e-02,7.367434e-02
2.732655e-03,1.804996e-02,4.285856e-05,1.737302e-03,1.288218e-02,5.081758e-05
