# rmse alpha/u,rmse phic/h,rmse h/r,spread alpha/u,spread phic/h,spread h/r
1.551901e-01,1.768563e-01,2.158195e-01,1.493785e-01,1.615890e-01,1.574144e-01
8.244276e-04,6.554965e-03,2.159305e-05,8.321938e-04,6.630921e-03,4.969807e-05
