# rmse alpha/u,rmse phic/h,rmse h/r,spread alpha/u,spread phic/h,spread h/r
1.551901e-01,1.768563e-01,2.158195e-01,1.493785e-01,1.615890e-01,1.574144e-01
8.754029e-04,6.933147e-03,2.534498e-05,8.727024e-04,7.129945e-03,5.196956e-05
