# rmse alpha/u,rmse phic/h,rmse h/r,spread alpha/u,spread phic/h,spread h/r
1.551901e-01,1.768563e-01,2.158195e-01,1.493785e-01,1.615890e-01,1.574144e-01
8.580223e-04,6.661411e-03,2.166073e-05,8.543986e-04,6.856854e-03,4.985425e-05
