# rmse alpha/u,rmse phic/h,rmse h/r,spread alpha/u,spread phic/h,spread h/r
1.551901e-01,1.768563e-01,2.158195e-01,1.493785e-01,1.615890e-01,1.574144e-01
8.297723e-04,6.498389e-03,2.426933e-05,8.177698e-04,6.391472e-03,4.922281e-05
