# rmse alpha/u,rmse phic/h,rmse h/r,spread alpha/u,spread phic/h,spread h/r
1.551901e-01,1.768563e-01,2.158195e-01,1.493785e-01,1.615890e-01,1.574144e-01
8.768700e-04,6.872572e-03,2.871390e-05,8.716037e-04,7.023973e-03,5.384430e-05
