# rmse alpha/u,rmse phic/h,rmse h/r,spread alpha/u,spread phic/h,spread h/r
1.551901e-01,1.768563e-01,2.158195e-01,1.493785e-01,1.615890e-01,1.574144e-01
8.528662e-04,6.656315e-03,2.727546e-05,8.610689e-04,6.944637e-03,5.225734e-05
