# rmse alpha/u,rmse phic/h,rmse h/r,spread alpha/u,spread phic/h,spread h/r
2.976961e-01,4.811689e-01,3.012383e-01,1.795250e-01,2.190449e-01,1.813643e-01
4.686433e-03,2.380959e-02,7.842072e-05,3.300001e-03,2.225526e-02,6.350972e-05
