# rmse alpha/u,rmse phic/h,rmse h/r,spread alpha/u,spread phic/h,spread h/r
2.976961e-01,4.811689e-01,3.012383e-01,1.795250e-01,2.190449e-01,1.813643e-01
4.249613e-03,2.563028e-02,5.931487e-05,3.495091e-03,2.439084e-02,5.410871e-05
