# rmse alpha/u,rmse phic/h,rmse h/r,spread alpha/u,spread phic/h,spread h/r
2.565356e-02,1.548473e-02,2.184957e-02,1.379182e-01,7.826886e-02,6.704183e-02
2.300226e-03,1.112776e-02,3.632928e-05,1.127083e-03,7.561685e-03,3.607184e-05
