# rmse alpha/u,rmse phic/h,rmse h/r,spread alpha/u,spread phic/h,spread h/r
2.565356e-02,1.548473e-02,2.184957e-02,1.379182e-01,7.826886e-02,6.704183e-02
2.698825e-03,1.119609e-02,3.572491e-05,1.458111e-03,1.045783e-02,3.746878e-05
