# rmse alpha/u,rmse phic/h,rmse h/r,spread alpha/u,spread phic/h,spread h/r
2.565356e-02,1.548473e-02,2.184957e-02,1.379182e-01,7.826886e-02,6.704183e-02
3.241903e-03,1.743531e-02,3.877398e-05,1.702872e-03,1.169374e-02,3.838491e-05
