# rmse alpha/u,rmse phic/h,rmse h/r,spread alpha/u,spread phic/h,spread h/r
1.227423e-01,3.648996e-01,1.667971e-01,1.906733e-01,1.720275e-01,1.565591e-01
1.487915e-03,8.907179e-03,2.872065e-05,9.383091e-04,6.681143e-03,2.502672e-05
