# rmse alpha/u,rmse phic/h,rmse h/r,spread alpha/u,spread phic/h,spread h/r
1.227423e-01,3.648996e-01,1.667971e-01,1.906733e-01,1.720275e-01,1.565591e-01
1.039217e-03,9.776117e-03,2.762494e-05,7.993104e-04,6.147873e-03,2.480005e-05
