# rmse alpha/u,rmse phic/h,rmse h/r,spread alpha/u,spread phic/h,spread h/r
1.227423e-01,3.648996e-01,1.667971e-01,1.906733e-01,1.720275e-01,1.565591e-01
1.381289e-03,8.637188e-03,2.368143e-05,9.743853e-04,7.120114e-03,2.385142e-05
