# rmse alpha/u,rmse phic/h,rmse h/r,spread alpha/u,spread phic/h,spread h/r
1.227423e-01,3.648996e-01,1.667971e-01,1.906733e-01,1.720275e-01,1.565591e-01
9.584181e-04,7.052403e-03,3.054925e-05,8.533612e-04,6.331540e-03,2.393390e-05
