# rmse alpha/u,rmse phic/h,rmse h/r,spread alpha/u,spread phic/h,spread h/r
1.227423e-01,3.648996e-01,1.667971e-01,1.906733e-01,1.720275e-01,1.565591e-01
9.000194e-04,7.056670e-03,2.918366e-05,7.703144e-04,5.941395e-03,2.293830e-05
