# rmse alpha/u,rmse phic/h,rmse h/r,spread alpha/u,spread phic/h,spread h/r
2.976961e-01,4.811689e-01,3.012383e-01,1.795250e-01,2.190449e-01,1.813643e-01
4.415682e-03,2.666089e-02,2.910958e-05,3.345976e-03,2.481208e-02,3.592181e-05
