# rmse alpha/u,rmse phic/h,rmse h/r,spread alpha/u,spread phic/h,spread h/r
2.976961e-01,4.811689e-01,3.012383e-01,1.795250e-01,2.190449e-01,1.813643e-01
4.495942e-03,2.934644e-02,3.196397e-05,3.160075e-03,2.333202e-02,3.528705e-05
