# rmse alpha/u,rmse phic/h,rmse h/r,spread alpha/u,spread phic/h,spread h/r
2.976961e-01,4.811689e-01,3.012383e-01,1.795250e-01,2.190449e-01,1.813643e-01
3.371222e-03,2.762240e-02,3.002170e-05,3.521871e-03,2.771537e-02,3.752648e-05
