# rmse alpha/u,rmse phic/h,rmse h/r,spread alpha/u,spread phic/h,spread h/r
2.976961e-01,4.811689e-01,3.012383e-01,1.795250e-01,2.190449e-01,1.813643e-01
4.308890e-03,2.713915e-02,3.314351e-05,3.512517e-03,2.725792e-02,3.918401e-05
