# rmse alpha/u,rmse phic/h,rmse h/r,spread alpha/u,spread phic/h,spread h/r
2.976961e-01,4.811689e-01,3.012383e-01,1.795250e-01,2.190449e-01,1.813643e-01
4.845872e-03,2.680093e-02,2.882557e-05,3.572033e-03,2.747556e-02,3.565794e-05
