# rmse alpha/u,rmse phic/h,rmse h/r,spread alpha/u,spread phic/h,spread h/r
2.976961e-01,4.811689e-01,3.012383e-01,1.795250e-01,2.190449e-01,1.813643e-01
3.966814e-03,2.434267e-02,2.844611e-05,2.756236e-03,2.016510e-02,2.519714e-05
