# rmse alpha/u,rmse phic/h,rmse h/r,spread alpha/u,spread phic/h,spread h/r
2.976961e-01,4.811689e-01,3.012383e-01,1.795250e-01,2.190449e-01,1.813643e-01
4.056232e-03,2.411365e-02,3.089579e-05,3.004025e-03,2.123419e-02,2.435864e-05
