# rmse alpha/u,rmse phic/h,rmse h/r,spread alpha/u,spread phic/h,spread h/r
5.315824e-02,5.839034e-02,3.610511e-02,2.004119e-01,2.167927e-01,1.908257e-01
2.975704e-03,1.817727e-02,3.380628e-05,2.005768e-03,1.297203e-02,2.964815e-05
