# rmse alpha/u,rmse phic/h,rmse h/r,spread alpha/u,spread phic/h,spread h/r
5.315824e-02,5.839034e-02,3.610511e-02,2.004119e-01,2.167927e-01,1.908257e-01
3.500429e-03,1.992108e-02,5.157836e-05,2.359759e-03,1.646411e-02,3.593900e-05
