# rmse alpha/u,rmse phic/h,rmse h/r,spread alpha/u,spread phic/h,spread h/r
5.315824e-02,5.839034e-02,3.610511e-02,2.004119e-01,2.167927e-01,1.908257e-01
4.078518e-03,3.089698e-02,7.226963e-05,2.398399e-03,1.890270e-02,4.551428e-05
