# rmse alpha/u,rmse phic/h,rmse h/r,spread alpha/u,spread phic/h,spread h/r
5.315824e-02,5.839034e-02,3.610511e-02,2.004119e-01,2.167927e-01,1.908257e-01
2.432868e-03,2.200702e-02,6.801469e-05,1.901255e-03,1.369067e-02,4.012251e-05
