# rmse alpha/u,rmse phic/h,rmse h/r,spread alpha/u,spread phic/h,spread h/r
5.315824e-02,5.839034e-02,3.610511e-02,2.004119e-01,2.167927e-01,1.908257e-01
3.534031e-03,2.427908e-02,4.072226e-05,2.352272e-03,1.602984e-02,3.135949e-05
