# rmse alpha/u,rmse phic/h,rmse h/r,spread alpha/u,spread phic/h,spread h/r
5.315824e-02,5.839034e-02,3.610511e-02,2.004119e-01,2.167927e-01,1.908257e-01
2.608278e-03,1.886971e-02,4.975537e-05,1.878702e-03,1.407702e-02,3.575290e-05
