# rmse alpha/u,rmse phic/h,rmse h/r,spread alpha/u,spread phic/h,spread h/r
4.880047e-02,4.600782e-02,1.773331e-01,2.011122e-01,2.284813e-01,1.938860e-01
9.443442e-04,6.662881e-03,2.489734e-05,7.534190e-04,5.845289e-03,2.337448e-05
