# rmse alpha/u,rmse phic/h,rmse h/r,spread alpha/u,spread phic/h,spread h/r
4.880047e-02,4.600782e-02,1.773331e-01,2.011122e-01,2.284813e-01,1.938860e-01
8.677301e-04,7.203344e-03,3.197578e-05,8.129438e-04,6.383697e-03,3.023349e-05
