# rmse alpha/u,rmse phic/h,rmse h/r,spread alpha/u,spread phic/h,spread h/r
4.880047e-02,4.600782e-02,1.773331e-01,2.011122e-01,2.284813e-01,1.938860e-01
8.449786e-04,6.985489e-03,3.041245e-05,7.987801e-04,6.485121e-03,2.955827e-05
