# rmse alpha/u,rmse phic/h,rmse h/r,spread alpha/u,spread phic/h,spread h/r
4.880047e-02,4.600782e-02,1.773331e-01,2.011122e-01,2.284813e-01,1.938860e-01
8.652665e-04,7.078412e-03,3.084745e-05,7.873470e-04,6.125202e-03,2.492657e-05
