# rmse alpha/u,rmse phic/h,rmse h/r,spread alpha/u,spread phic/h,spread h/r
4.880047e-02,4.600782e-02,1.773331e-01,2.011122e-01,2.284813e-01,1.938860e-01
8.029751e-04,6.244384e-03,2.637759e-05,7.591919e-04,5.980163e-03,2.637038e-05
