# rmse alpha/u,rmse phic/h,rmse h/r,spread alpha/u,spread phic/h,spread h/r
4.880047e-02,4.600782e-02,1.773331e-01,2.011122e-01,2.284813e-01,1.938860e-01
1.075779e-03,1.103349e-02,4.004259e-05,8.065892e-04,6.196426e-03,2.705426e-05
