# rmse alpha/u,rmse phic/h,rmse h/r,spread alpha/u,spread phic/h,spread h/r
4.880047e-02,4.600782e-02,1.773331e-01,2.011122e-01,2.284813e-01,1.938860e-01
8.465322e-04,7.631395e-03,3.825512e-05,8.098513e-04,6.174801e-03,2.780853e-05
