# rmse alpha/u,rmse phic/h,rmse h/r,spread alpha/u,spread phic/h,spread h/r
7.731252e-02,2.356077e-01,2.218498e-01,2.011122e-01,2.284813e-01,1.938860e-01
8.238576e-04,1.180585e-02,3.610079e-05,7.347830e-04,5.786414e-03,2.579723e-05
