# rmse alpha/u,rmse phic/h,rmse h/r,spread alpha/u,spread phic/h,spread h/r
7.731252e-02,2.356077e-01,2.218498e-01,2.011122e-01,2.284813e-01,1.938860e-01
7.876528e-04,6.900311e-03,2.590622e-05,7.614550e-04,6.018690e-03,2.334484e-05
