# rmse alpha/u,rmse phic/h,rmse h/r,spread alpha/u,spread phic/h,spread h/r
7.731252e-02,2.356077e-01,2.218498e-01,2.011122e-01,2.284813e-01,1.938860e-01
8.314586e-04,6.323036e-03,2.584271e-05,7.673744e-04,6.136752e-03,2.480814e-05
