# rmse alpha/u,rmse phic/h,rmse h/r,spread alpha/u,spread phic/h,spread h/r
7.731252e-02,2.356077e-01,2.218498e-01,2.011122e-01,2.284813e-01,1.938860e-01
7.942596e-04,6.119653e-03,3.219913e-05,7.357164e-04,5.847116e-03,2.530708e-05
