# rmse alpha/u,rmse phic/h,rmse h/r,spread alpha/u,spread phic/h,spread h/r
7.731252e-02,2.356077e-01,2.218498e-01,2.011122e-01,2.284813e-01,1.938860e-01
8.350130e-04,6.522749e-03,3.262415e-05,7.801039e-04,6.263797e-03,2.549962e-05
