# rmse alpha/u,rmse phic/h,rmse h/r,spread alpha/u,spread phic/h,spread h/r
1.217421e-03,1.868328e-01,2.238887e-02,2.178019e-01,1.997102e-01,1.533221e-01
4.427312e-03,2.650146e-02,7.871453e-05,4.052854e-03,3.158199e-02,4.983521e-05
