# rmse alpha/u,rmse phic/h,rmse h/r,spread alpha/u,spread phic/h,spread h/r
1.217421e-03,1.868328e-01,2.238887e-02,2.178019e-01,1.997102e-01,1.533221e-01
5.550118e-03,4.255751e-02,8.550799e-05,4.805751e-03,3.565352e-02,6.139039e-05
