# rmse alpha/u,rmse phic/h,rmse h/r,spread alpha/u,spread phic/h,spread h/r
1.217421e-03,1.868328e-01,2.238887e-02,2.178019e-01,1.997102e-01,1.533221e-01
3.752162e-03,2.926130e-02,8.592562e-05,3.920036e-03,3.001588e-02,5.334724e-05
