# rmse alpha/u,rmse phic/h,rmse h/r,spread alpha/u,spread phic/h,spread h/r
1.217421e-03,1.868328e-01,2.238887e-02,2.178019e-01,1.997102e-01,1.533221e-01
4.511298e-03,3.104382e-02,7.982283e-05,3.957406e-03,2.899149e-02,5.041898e-05
