# rmse alpha/u,rmse phic/h,rmse h/r,spread alpha/u,spread phic/h,spread h/r
1.217421e-03,1.868328e-01,2.238887e-02,2.178019e-01,1.997102e-01,1.533221e-01
5.086109e-03,3.015570e-02,7.373150e-05,4.211465e-03,3.119469e-02,5.466593e-05
