# rmse alpha/u,rmse phic/h,rmse h/r,spread alpha/u,spread phic/h,spread h/r
7.066179e-04,1.999512e-01,3.903582e-01,2.004119e-01,2.167927e-01,1.908257e-01
3.746940e-03,2.436600e-02,4.845345e-05,1.810303e-03,1.199330e-02,1.780980e-05
