# rmse alpha/u,rmse phic/h,rmse h/r,spread alpha/u,spread phic/h,spread h/r
7.066179e-04,1.999512e-01,3.903582e-01,2.004119e-01,2.167927e-01,1.908257e-01
5.355576e-03,2.935393e-02,4.603890e-05,2.783678e-03,2.058077e-02,2.940364e-05
