# rmse alpha/u,rmse phic/h,rmse h/r,spread alpha/u,spread phic/h,spread h/r
7.066179e-04,1.999512e-01,3.903582e-01,2.004119e-01,2.167927e-01,1.908257e-01
2.315677e-03,1.584471e-02,3.502414e-05,1.605395e-03,1.087319e-02,1.950321e-05
