# rmse alpha/u,rmse phic/h,rmse h/r,spread alpha/u,spread phic/h,spread h/r
7.066179e-04,1.999512e-01,3.903582e-01,2.004119e-01,2.167927e-01,1.908257e-01
3.301344e-03,1.737097e-02,3.599865e-05,1.647239e-03,1.062523e-02,1.822668e-05
