# rmse alpha/u,rmse phic/h,rmse h/r,spread alpha/u,spread phic/h,spread h/r
2.305549e-03,1.565835e-02,3.613426e-05,1.647172e-01,2.045747e-01,1.678027e-01
1.759819e-03,1.254910e-02,5.006782e-05,1.011766e-03,7.213909e-03,2.986652e-05
