# rmse alpha/u,rmse phic/h,rmse h/r,spread alpha/u,spread phic/h,spread h/r
2.305549e-03,1.565835e-02,3.613426e-05,1.647172e-01,2.045747e-01,1.678027e-01
1.504372e-03,8.691154e-03,3.375835e-05,1.212345e-03,8.550514e-03,2.839687e-05
