# rmse alpha/u,rmse phic/h,rmse h/r,spread alpha/u,spread phic/h,spread h/r
2.305549e-03,1.565835e-02,3.613426e-05,1.647172e-01,2.045747e-01,1.678027e-01
1.361711e-03,8.963992e-03,3.929404e-05,1.113924e-03,8.290236e-03,3.016931e-05
