# rmse alpha/u,rmse phic/h,rmse h/r,spread alpha/u,spread phic/h,spread h/r
1.569565e-01,1.698306e-01,2.513990e-01,1.927996e-01,2.373932e-01,2.334187e-01
5.976076e-03,3.426128e-02,4.721515e-05,3.695448e-03,2.881088e-02,4.022132e-05
