# rmse alpha/u,rmse phic/h,rmse h/r,spread alpha/u,spread phic/h,spread h/r
1.569565e-01,1.698306e-01,2.513990e-01,1.927996e-01,2.373932e-01,2.334187e-01
3.865041e-03,2.427291e-02,4.136075e-05,3.673108e-03,2.558014e-02,3.647873e-05
