# rmse alpha/u,rmse phic/h,rmse h/r,spread alpha/u,spread phic/h,spread h/r
1.569565e-01,1.698306e-01,2.513990e-01,1.927996e-01,2.373932e-01,2.334187e-01
4.222527e-03,3.006115e-02,4.733919e-05,4.211716e-03,3.070523e-02,3.783536e-05
