# rmse alpha/u,rmse phic/h,rmse h/r,spread alpha/u,spread phic/h,spread h/r
1.569565e-01,1.698306e-01,2.513990e-01,1.927996e-01,2.373932e-01,2.334187e-01
4.406879e-03,3.295724e-02,5.251123e-05,3.011216e-03,2.115380e-02,3.411945e-05
