# rmse alpha/u,rmse phic/h,rmse h/r,spread alpha/u,spread phic/h,spread h/r
1.569565e-01,1.698306e-01,2.513990e-01,1.927996e-01,2.373932e-01,2.334187e-01
4.759491e-03,2.640145e-02,3.874432e-05,2.933646e-03,2.047203e-02,2.867332e-05
