# rmse alpha/u,rmse phic/h,rmse h/r,spread alpha/u,spread phic/h,spread h/r
1.569565e-01,1.698306e-01,2.513990e-01,1.927996e-01,2.373932e-01,2.334187e-01
4.792429e-03,2.871717e-02,4.226814e-05,3.325214e-03,2.287063e-02,2.565083e-05
