# rmse alpha/u,rmse phic/h,rmse h/r,spread alpha/u,spread phic/h,spread h/r
1.112619e-02,6.696775e-03,8.940304e-04,1.905384e-01,2.276642e-01,1.552812e-01
2.344820e-03,1.703257e-02,5.206798e-05,1.461613e-03,1.158113e-02,5.537838e-05
