# rmse alpha/u,rmse phic/h,rmse h/r,spread alpha/u,spread phic/h,spread h/r
1.112619e-02,6.696775e-03,8.940304e-04,1.905384e-01,2.276642e-01,1.552812e-01
8.512934e-04,6.158701e-03,2.776907e-05,8.484723e-04,6.605659e-03,4.663450e-05
