# rmse alpha/u,rmse phic/h,rmse h/r,spread alpha/u,spread phic/h,spread h/r
1.112619e-02,6.696775e-03,8.940304e-04,1.905384e-01,2.276642e-01,1.552812e-01
8.488238e-04,6.231214e-03,2.518662e-05,9.493141e-04,7.013081e-03,4.559216e-05
