# rmse alpha/u,rmse phic/h,rmse h/r,spread alpha/u,spread phic/h,spread h/r
1.112619e-02,6.696775e-03,8.940304e-04,1.905384e-01,2.276642e-01,1.552812e-01
2.054419e-03,9.649384e-03,2.789921e-05,1.380494e-03,9.632774e-03,4.945642e-05
