# rmse alpha/u,rmse phic/h,rmse h/r,spread alpha/u,spread phic/h,spread h/r
1.986210e-02,1.142198e-02,9.007262e-02,1.235883e-01,2.093659e-01,1.831292e-01
1.005967e-03,6.920623e-03,2.063912e-05,8.382786e-04,6.354673e-03,4.268432e-05
