# rmse alpha/u,rmse phic/h,rmse h/r,spread alpha/u,spread phic/h,spread h/r
1.986210e-02,1.142198e-02,9.007262e-02,1.235883e-01,2.093659e-01,1.831292e-01
8.304096e-04,6.368730e-03,2.628333e-05,7.999657e-04,6.282679e-03,4.295018e-05
