# rmse alpha/u,rmse phic/h,rmse h/r,spread alpha/u,spread phic/h,spread h/r
7.610090e-04,8.349186e-02,1.819198e-02,1.422149e-01,2.018648e-01,1.529227e-01
1.585182e-03,7.657534e-03,1.819416e-05,1.033053e-03,7.300380e-03,4.138820e-05
