# rmse alpha/u,rmse phic/h,rmse h/r,spread alpha/u,spread phic/h,spread h/r
7.610090e-04,8.349186e-02,1.819198e-02,1.422149e-01,2.018648e-01,1.529227e-01
1.931646e-03,9.258286e-03,2.148463e-05,9.239873e-04,6.835272e-03,4.310313e-05
