# rmse alpha/u,rmse phic/h,rmse h/r,spread alpha/u,spread phic/h,spread h/r
1.034985e-01,2.663006e-02,6.578537e-03,1.965442e-01,2.263021e-01,1.758542e-01
2.851574e-03,1.824088e-02,3.342840e-05,1.722583e-03,1.147634e-02,3.683115e-05
