# rmse alpha/u,rmse phic/h,rmse h/r,spread alpha/u,spread phic/h,spread h/r
1.034985e-01,2.663006e-02,6.578537e-03,1.965442e-01,2.263021e-01,1.758542e-01
1.988159e-03,1.683441e-02,4.002271e-05,1.557043e-03,1.094448e-02,3.925326e-05
