# rmse alpha/u,rmse phic/h,rmse h/r,spread alpha/u,spread phic/h,spread h/r
1.034985e-01,2.663006e-02,6.578537e-03,1.965442e-01,2.263021e-01,1.758542e-01
2.229081e-03,1.251511e-02,4.494124e-05,1.713285e-03,1.209503e-02,4.551968e-05
