# rmse alpha/u,rmse phic/h,rmse h/r,spread alpha/u,spread phic/h,spread h/r
1.034985e-01,2.663006e-02,6.578537e-03,1.965442e-01,2.263021e-01,1.758542e-01
3.059270e-03,2.184850e-02,5.641670e-05,1.727495e-03,1.215137e-02,4.374510e-05
