# rmse alpha/u,rmse phic/h,rmse h/r,spread alpha/u,spread phic/h,spread h/r
1.034985e-01,2.663006e-02,6.578537e-03,1.965442e-01,2.263021e-01,1.758542e-01
2.537916e-03,1.634252e-02,3.742052e-05,1.667693e-03,1.131600e-02,3.927631e-05
