# rmse alpha/u,rmse phic/h,rmse h/r,spread alpha/u,spread phic/h,spread h/r
1.034985e-01,2.663006e-02,6.578537e-03,1.965442e-01,2.263021e-01,1.758542e-01
3.680912e-03,2.679241e-02,5.830341e-05,2.052174e-03,1.442724e-02,4.664638e-05
