# rmse alpha/u,rmse phic/h,rmse h/r,spread alpha/u,spread phic/h,spread h/r
1.400077e-01,3.529672e-01,4.683149e-01,2.003257e-01,1.978003e-01,1.815101e-01
5.306090e-03,5.003261e-02,9.755618e-05,3.180363e-03,2.586658e-02,4.778110e-05
