# rmse alpha/u,rmse phic/h,rmse h/r,spread alpha/u,spread phic/h,spread h/r
1.400077e-01,3.529672e-01,4.683149e-01,2.003257e-01,1.978003e-01,1.815101e-01
5.288982e-03,4.719748e-02,7.156538e-05,3.680572e-03,2.963089e-02,4.593469e-05
