# rmse alpha/u,rmse phic/h,rmse h/r,spread alpha/u,spread phic/h,spread h/r
1.400077e-01,3.529672e-01,4.683149e-01,2.003257e-01,1.978003e-01,1.815101e-01
4.143227e-03,4.566922e-02,8.948733e-05,3.248627e-03,2.754481e-02,4.865038e-05
