# rmse alpha/u,rmse phic/h,rmse h/r,spread alpha/u,spread phic/h,spread h/r
1.400077e-01,3.529672e-01,4.683149e-01,2.003257e-01,1.978003e-01,1.815101e-01
4.313329e-03,2.932811e-02,6.330374e-05,3.828693e-03,2.789423e-02,4.417138e-05
