# rmse alpha/u,rmse phic/h,rmse h/r,spread alpha/u,spread phic/h,spread h/r
1.400077e-01,3.529672e-01,4.683149e-01,2.003257e-01,1.978003e-01,1.815101e-01
5.428371e-03,3.607170e-02,6.094642e-05,3.347827e-03,2.579012e-02,4.427680e-05
