# rmse alpha/u,rmse phic/h,rmse h/r,spread alpha/u,spread phic/h,spread h/r
1.400077e-01,3.529672e-01,4.683149e-01,2.003257e-01,1.978003e-01,1.815101e-01
3.412918e-03,2.425865e-02,4.660811e-05,2.700080e-03,1.824203e-02,3.210409e-05
