# rmse alpha/u,rmse phic/h,rmse h/r,spread alpha/u,spread phic/h,spread h/r
1.400077e-01,3.529672e-01,4.683149e-01,2.003257e-01,1.978003e-01,1.815101e-01
4.308712e-03,2.857372e-02,6.410770e-05,2.180380e-03,1.631971e-02,3.438987e-05
