# rmse alpha/u,rmse phic/h,rmse h/r,spread alpha/u,spread phic/h,spread h/r
1.400077e-01,3.529672e-01,4.683149e-01,2.003257e-01,1.978003e-01,1.815101e-01
4.088512e-03,2.594067e-02,5.966364e-05,2.341562e-03,1.670642e-02,3.274897e-05
