# rmse alpha/u,rmse phic/h,rmse h/r,spread alpha/u,spread phic/h,spread h/r
8.711309e-02,1.786662e-01,1.009448e-01,1.969593e-01,1.699969e-01,1.470455e-01
2.181769e-03,1.627469e-02,3.102809e-05,9.428538e-04,6.724568e-03,3.129799e-05
