# rmse alpha/u,rmse phic/h,rmse h/r,spread alpha/u,spread phic/h,spread h/r
8.711309e-02,1.786662e-01,1.009448e-01,1.969593e-01,1.699969e-01,1.470455e-01
1.410904e-03,8.361672e-03,3.582432e-05,1.004063e-03,7.125786e-03,3.094977e-05
