# rmse alpha/u,rmse phic/h,rmse h/r,spread alpha/u,spread phic/h,spread h/r
8.711309e-02,1.786662e-01,1.009448e-01,1.969593e-01,1.699969e-01,1.470455e-01
2.930799e-03,1.687383e-02,2.822342e-05,1.406894e-03,9.894639e-03,3.377486e-05
