# rmse alpha/u,rmse phic/h,rmse h/r,spread alpha/u,spread phic/h,spread h/r
8.711309e-02,1.786662e-01,1.009448e-01,1.969593e-01,1.699969e-01,1.470455e-01
2.558749e-03,1.265061e-02,2.777206e-05,1.417686e-03,1.000613e-02,3.409492e-05
