# rmse alpha/u,rmse phic/h,rmse h/r,spread alpha/u,spread phic/h,spread h/r
8.711309e-02,1.786662e-01,1.009448e-01,1.969593e-01,1.699969e-01,1.470455e-01
1.451324e-03,1.278923e-02,3.041204e-05,1.257139e-03,9.863535e-03,3.582048e-05
