# rmse alpha/u,rmse phic/h,rmse h/r,spread alpha/u,spread phic/h,spread h/r
8.711309e-02,1.786662e-01,1.009448e-01,1.969593e-01,1.699969e-01,1.470455e-01
2.066787e-03,1.273852e-02,2.499782e-05,1.512848e-03,1.071143e-02,3.319597e-05
