# rmse alpha/u,rmse phic/h,rmse h/r,spread alpha/u,spread phic/h,spread h/r
8.711309e-02,1.786662e-01,1.009448e-01,1.969593e-01,1.699969e-01,1.470455e-01
2.573487e-03,1.890026e-02,3.832414e-05,1.149586e-03,8.915923e-03,3.284059e-05
