# rmse alpha/u,rmse phic/h,rmse h/r,spread alpha/u,spread phic/h,spread h/r
8.711309e-02,1.786662e-01,1.009448e-01,1.969593e-01,1.699969e-01,1.470455e-01
8.456422e-04,6.967597e-03,1.745454e-05,8.247542e-04,6.147601e-03,3.100152e-05
