# rmse alpha/u,rmse phic/h,rmse h/r,spread alpha/u,spread phic/h,spread h/r
8.711309e-02,1.786662e-01,1.009448e-01,1.969593e-01,1.699969e-01,1.470455e-01
2.354876e-03,1.362208e-02,2.724137e-05,1.174459e-03,8.353592e-03,3.315695e-05
