# rmse alpha/u,rmse phic/h,rmse h/r,spread alpha/u,spread phic/h,spread h/r
8.711309e-02,1.786662e-01,1.009448e-01,1.969593e-01,1.699969e-01,1.470455e-01
2.084657e-03,9.532034e-03,2.497738e-05,1.230273e-03,8.418505e-03,3.351826e-05
