# rmse alpha/u,rmse phic/h,rmse h/r,spread alpha/u,spread phic/h,spread h/r
8.711309e-02,1.786662e-01,1.009448e-01,1.969593e-01,1.699969e-01,1.470455e-01
1.790304e-03,1.016786e-02,2.340633e-05,1.156567e-03,8.239813e-03,3.244058e-05
