# rmse alpha/u,rmse phic/h,rmse h/r,spread alpha/u,spread phic/h,spread h/r
3.560254e-02,2.334646e-03,2.026257e-02,1.870638e-01,1.644216e-01,2.200731e-01
3.626027e-03,2.008208e-02,5.058418e-05,3.179381e-03,2.280172e-02,5.149792e-05
