# rmse alpha/u,rmse phic/h,rmse h/r,spread alpha/u,spread phic/h,spread h/r
3.560254e-02,2.334646e-03,2.026257e-02,1.870638e-01,1.644216e-01,2.200731e-01
4.012168e-03,2.383587e-02,5.148107e-05,2.784927e-03,1.966135e-02,4.385755e-05
