# rmse alpha/u,rmse phic/h,rmse h/r,spread alpha/u,spread phic/h,spread h/r
3.560254e-02,2.334646e-03,2.026257e-02,1.870638e-01,1.644216e-01,2.200731e-01
4.330796e-03,2.015781e-02,4.187072e-05,3.195571e-03,2.224636e-02,4.121262e-05
