# rmse alpha/u,rmse phic/h,rmse h/r,spread alpha/u,spread phic/h,spread h/r
1.466087e-02,2.327283e-01,2.474077e-02,1.906733e-01,1.720275e-01,1.565591e-01
4.375120e-03,2.913241e-02,2.081488e-05,2.744537e-03,1.872365e-02,1.361513e-05
