# rmse alpha/u,rmse phic/h,rmse h/r,spread alpha/u,spread phic/h,spread h/r
1.466087e-02,2.327283e-01,2.474077e-02,1.906733e-01,1.720275e-01,1.565591e-01
5.656520e-03,4.219228e-02,2.858946e-05,3.359944e-03,2.450705e-02,1.280906e-05
