# rmse alpha/u,rmse phic/h,rmse h/r,spread alpha/u,spread phic/h,spread h/r
1.466087e-02,2.327283e-01,2.474077e-02,1.906733e-01,1.720275e-01,1.565591e-01
3.822537e-03,2.455950e-02,3.431651e-05,2.823168e-03,2.168748e-02,1.758230e-05
