# rmse alpha/u,rmse phic/h,rmse h/r,spread alpha/u,spread phic/h,spread h/r
1.699312e-01,2.207960e-01,5.956832e-01,1.402536e-01,2.207597e-01,2.039123e-01
1.389557e-03,1.334650e-02,2.725638e-05,1.649221e-03,1.180560e-02,4.180133e-05
