# rmse alpha/u,rmse phic/h,rmse h/r,spread alpha/u,spread phic/h,spread h/r
1.699312e-01,2.207960e-01,5.956832e-01,1.402536e-01,2.207597e-01,2.039123e-01
2.738959e-03,1.711287e-02,2.720312e-05,1.983683e-03,1.351406e-02,3.826598e-05
