# rmse alpha/u,rmse phic/h,rmse h/r,spread alpha/u,spread phic/h,spread h/r
1.699312e-01,2.207960e-01,5.956832e-01,1.402536e-01,2.207597e-01,2.039123e-01
2.508770e-03,1.155875e-02,2.343124e-05,1.422232e-03,1.022235e-02,3.950611e-05
