# rmse alpha/u,rmse phic/h,rmse h/r,spread alpha/u,spread phic/h,spread h/r
1.699312e-01,2.207960e-01,5.956832e-01,1.402536e-01,2.207597e-01,2.039123e-01
3.674731e-03,2.247798e-02,3.902250e-05,2.349618e-03,1.608799e-02,4.645910e-05
