# rmse alpha/u,rmse phic/h,rmse h/r,spread alpha/u,spread phic/h,spread h/r
1.051615e-01,1.007119e-06,2.088818e-02,1.982756e-01,1.909562e-01,1.621428e-01
6.053019e-03,2.989799e-02,3.751051e-05,2.525857e-03,1.613198e-02,2.497706e-05
