# rmse alpha/u,rmse phic/h,rmse h/r,spread alpha/u,spread phic/h,spread h/r
2.136613e-01,2.028065e-01,4.193488e-01,1.463073e-01,1.947400e-01,1.931064e-01
2.786905e-03,2.636352e-02,4.621335e-05,1.583019e-03,1.110690e-02,3.211143e-05
