# rmse alpha/u,rmse phic/h,rmse h/r,spread alpha/u,spread phic/h,spread h/r
2.136613e-01,2.028065e-01,4.193488e-01,1.463073e-01,1.947400e-01,1.931064e-01
3.438918e-03,2.121614e-02,2.967449e-05,1.620291e-03,1.145493e-02,3.172763e-05
