# rmse alpha/u,rmse phic/h,rmse h/r,spread alpha/u,spread phic/h,spread h/r
2.136613e-01,2.028065e-01,4.193488e-01,1.463073e-01,1.947400e-01,1.931064e-01
2.816822e-03,1.666637e-02,3.344013e-05,1.822226e-03,1.274219e-02,3.168822e-05
