# rmse alpha/u,rmse phic/h,rmse h/r,spread alpha/u,spread phic/h,spread h/r
2.136613e-01,2.028065e-01,4.193488e-01,1.463073e-01,1.947400e-01,1.931064e-01
3.548897e-03,1.983103e-02,4.538435e-05,1.861691e-03,1.306536e-02,3.199160e-05
