# rmse alpha/u,rmse phic/h,rmse h/r,spread alpha/u,spread phic/h,spread h/r
1.104642e-01,1.391891e-01,1.072062e-03,2.007666e-01,2.380345e-01,2.181955e-01
4.424057e-03,2.817767e-02,2.150610e-05,3.498839e-03,2.594458e-02,2.853358e-05
