# rmse alpha/u,rmse phic/h,rmse h/r,spread alpha/u,spread phic/h,spread h/r
1.104642e-01,1.391891e-01,1.072062e-03,2.007666e-01,2.380345e-01,2.181955e-01
3.745467e-03,2.765639e-02,3.600888e-05,3.497057e-03,2.731127e-02,3.050907e-05
