# rmse alpha/u,rmse phic/h,rmse h/r,spread alpha/u,spread phic/h,spread h/r
1.104642e-01,1.391891e-01,1.072062e-03,2.007666e-01,2.380345e-01,2.181955e-01
2.811347e-03,1.638242e-02,1.982532e-05,2.617809e-03,1.724522e-02,1.873647e-05
