# rmse alpha/u,rmse phic/h,rmse h/r,spread alpha/u,spread phic/h,spread h/r
5.180801e-03,3.366989e-03,6.714281e-02,1.607952e-01,2.333281e-01,1.795404e-01
3.789229e-03,2.363621e-02,6.336550e-05,2.486178e-03,1.722747e-02,4.713780e-05
