# rmse alpha/u,rmse phic/h,rmse h/r,spread alpha/u,spread phic/h,spread h/r
5.180801e-03,3.366989e-03,6.714281e-02,1.607952e-01,2.333281e-01,1.795404e-01
3.833336e-03,1.885136e-02,5.608797e-05,2.129259e-03,1.587897e-02,4.566594e-05
