# rmse alpha/u,rmse phic/h,rmse h/r,spread alpha/u,spread phic/h,spread h/r
5.180801e-03,3.366989e-03,6.714281e-02,1.607952e-01,2.333281e-01,1.795404e-01
3.772012e-03,2.002310e-02,5.645059e-05,1.845965e-03,1.233755e-02,4.013778e-05
