# rmse alpha/u,rmse phic/h,rmse h/r,spread alpha/u,spread phic/h,spread h/r
5.180801e-03,3.366989e-03,6.714281e-02,1.607952e-01,2.333281e-01,1.795404e-01
2.541097e-03,2.303689e-02,4.890219e-05,1.858317e-03,1.275835e-02,3.724946e-05
