# rmse alpha/u,rmse phic/h,rmse h/r,spread alpha/u,spread phic/h,spread h/r
5.180801e-03,3.366989e-03,6.714281e-02,1.607952e-01,2.333281e-01,1.795404e-01
2.694134e-03,1.471030e-02,4.901922e-05,1.799439e-03,1.211029e-02,3.421939e-05
