# rmse alpha/u,rmse phic/h,rmse h/r,spread alpha/u,spread phic/h,spread h/r
6.341600e-02,8.378555e-02,1.286022e-01,2.029553e-01,2.401346e-01,2.180772e-01
3.352714e-03,3.211553e-02,4.729101e-05,2.112973e-03,1.647652e-02,2.629582e-05
