# rmse alpha/u,rmse phic/h,rmse h/r,spread alpha/u,spread phic/h,spread h/r
6.341600e-02,8.378555e-02,1.286022e-01,2.029553e-01,2.401346e-01,2.180772e-01
4.649292e-03,2.563736e-02,3.722126e-05,2.494579e-03,1.804175e-02,2.045838e-05
