# rmse alpha/u,rmse phic/h,rmse h/r,spread alpha/u,spread phic/h,spread h/r
6.341600e-02,8.378555e-02,1.286022e-01,2.029553e-01,2.401346e-01,2.180772e-01
4.598765e-03,2.716004e-02,5.230062e-05,1.860244e-03,1.312282e-02,2.238131e-05
