# rmse alpha/u,rmse phic/h,rmse h/r,spread alpha/u,spread phic/h,spread h/r
1.044934e-01,1.623343e-01,2.670941e-01,2.029553e-01,2.401346e-01,2.180772e-01
6.002831e-03,3.611403e-02,1.322816e-04,3.380144e-03,2.412796e-02,6.180897e-05
