# rmse alpha/u,rmse phic/h,rmse h/r,spread alpha/u,spread phic/h,spread h/r
1.044934e-01,1.623343e-01,2.670941e-01,2.029553e-01,2.401346e-01,2.180772e-01
5.389744e-03,3.320040e-02,1.075839e-04,3.716365e-03,2.661894e-02,6.382413e-05
