# rmse alpha/u,rmse phic/h,rmse h/r,spread alpha/u,spread phic/h,spread h/r
1.044934e-01,1.623343e-01,2.670941e-01,2.029553e-01,2.401346e-01,2.180772e-01
4.660613e-03,3.295116e-02,1.029363e-04,3.012225e-03,2.172029e-02,4.949672e-05
