# rmse alpha/u,rmse phic/h,rmse h/r,spread alpha/u,spread phic/h,spread h/r
1.044934e-01,1.623343e-01,2.670941e-01,2.029553e-01,2.401346e-01,2.180772e-01
4.632785e-03,3.179464e-02,1.131176e-04,3.454560e-03,2.485460e-02,6.081566e-05
