# rmse alpha/u,rmse phic/h,rmse h/r,spread alpha/u,spread phic/h,spread h/r
1.044934e-01,1.623343e-01,2.670941e-01,2.029553e-01,2.401346e-01,2.180772e-01
4.166332e-03,3.259219e-02,1.040198e-04,3.089641e-03,2.174570e-02,5.749598e-05
