# rmse alpha/u,rmse phic/h,rmse h/r,spread alpha/u,spread phic/h,spread h/r
5.175386e-03,3.790005e-03,3.661226e-02,1.358489e-01,1.446992e-01,1.525750e-01
1.131301e-03,8.917325e-03,3.364286e-05,8.545759e-04,6.910207e-03,5.177766e-05
