# rmse alpha/u,rmse phic/h,rmse h/r,spread alpha/u,spread phic/h,spread h/r
5.175386e-03,3.790005e-03,3.661226e-02,1.358489e-01,1.446992e-01,1.525750e-01
8.554066e-04,7.123207e-03,2.687161e-05,8.167919e-04,6.511450e-03,4.945340e-05
