# rmse alpha/u,rmse phic/h,rmse h/r,spread alpha/u,spread phic/h,spread h/r
5.175386e-03,3.790005e-03,3.661226e-02,1.358489e-01,1.446992e-01,1.525750e-01
8.170017e-04,6.423254e-03,2.151618e-05,8.149220e-04,6.470370e-03,4.972380e-05
