# rmse alpha/u,rmse phic/h,rmse h/r,spread alpha/u,spread phic/h,spread h/r
2.260994e-01,4.383046e-02,7.282335e-03,1.772751e-01,2.179519e-01,2.340484e-01
3.932300e-03,2.749012e-02,6.334472e-05,2.517587e-03,1.698304e-02,3.922342e-05
