# rmse alpha/u,rmse phic/h,rmse h/r,spread alpha/u,spread phic/h,spread h/r
2.260994e-01,4.383046e-02,7.282335e-03,1.772751e-01,2.179519e-01,2.340484e-01
3.561898e-03,2.084160e-02,5.688104e-05,2.768475e-03,1.917065e-02,4.302169e-05
