# rmse alpha/u,rmse phic/h,rmse h/r,spread alpha/u,spread phic/h,spread h/r
2.260994e-01,4.383046e-02,7.282335e-03,1.772751e-01,2.179519e-01,2.340484e-01
3.585084e-03,2.241299e-02,5.930299e-05,2.431074e-03,1.703079e-02,3.987775e-05
