# rmse alpha/u,rmse phic/h,rmse h/r,spread alpha/u,spread phic/h,spread h/r
2.260994e-01,4.383046e-02,7.282335e-03,1.772751e-01,2.179519e-01,2.340484e-01
4.257572e-03,2.553158e-02,5.655200e-05,2.559213e-03,1.875563e-02,4.287378e-05
