# rmse alpha/u,rmse phic/h,rmse h/r,spread alpha/u,spread phic/h,spread h/r
2.552241e-03,2.678318e-02,1.019465e-01,2.011122e-01,2.284813e-01,1.938860e-01
4.665461e-03,3.349110e-02,3.897313e-05,3.337812e-03,2.483578e-02,1.833902e-05
