# rmse alpha/u,rmse phic/h,rmse h/r,spread alpha/u,spread phic/h,spread h/r
2.552241e-03,2.678318e-02,1.019465e-01,2.011122e-01,2.284813e-01,1.938860e-01
4.372226e-03,3.286243e-02,4.387175e-05,2.894850e-03,2.256881e-02,1.930729e-05
