# rmse alpha/u,rmse phic/h,rmse h/r,spread alpha/u,spread phic/h,spread h/r
2.552241e-03,2.678318e-02,1.019465e-01,2.011122e-01,2.284813e-01,1.938860e-01
5.076323e-03,2.868470e-02,2.498829e-05,2.846683e-03,1.918293e-02,8.943440e-06
