# rmse alpha/u,rmse phic/h,rmse h/r,spread alpha/u,spread phic/h,spread h/r
2.552241e-03,2.678318e-02,1.019465e-01,2.011122e-01,2.284813e-01,1.938860e-01
4.355292e-03,2.712652e-02,2.565866e-05,2.676006e-03,1.927129e-02,9.517822e-06
