# rmse alpha/u,rmse phic/h,rmse h/r,spread alpha/u,spread phic/h,spread h/r
2.552241e-03,2.678318e-02,1.019465e-01,2.011122e-01,2.284813e-01,1.938860e-01
5.007766e-03,3.184848e-02,3.056320e-05,2.762071e-03,1.979179e-02,1.418341e-05
