# rmse alpha/u,rmse phic/h,rmse h/r,spread alpha/u,spread phic/h,spread h/r
2.552241e-03,2.678318e-02,1.019465e-01,2.011122e-01,2.284813e-01,1.938860e-01
6.068091e-03,3.299382e-02,2.504869e-05,2.887203e-03,2.128302e-02,1.578952e-05
