# rmse alpha/u,rmse phic/h,rmse h/r,spread alpha/u,spread phic/h,spread h/r
2.552241e-03,2.678318e-02,1.019465e-01,2.011122e-01,2.284813e-01,1.938860e-01
4.498040e-03,3.111828e-02,4.959399e-05,3.189044e-03,2.315164e-02,1.649676e-05
