# rmse alpha/u,rmse phic/h,rmse h/r,spread alpha/u,spread phic/h,spread h/r
2.552241e-03,2.678318e-02,1.019465e-01,2.011122e-01,2.284813e-01,1.938860e-01
3.922942e-03,2.140429e-02,2.175107e-05,2.443586e-03,1.708605e-02,9.951094e-06
