# rmse alpha/u,rmse phic/h,rmse h/r,spread alpha/u,spread phic/h,spread h/r
2.552241e-03,2.678318e-02,1.019465e-01,2.011122e-01,2.284813e-01,1.938860e-01
5.003707e-03,3.160365e-02,3.353757e-05,3.286556e-03,2.364062e-02,1.548405e-05
