# rmse alpha/u,rmse phic/h,rmse h/r,spread alpha/u,spread phic/h,spread h/r
1.420008e-01,3.137644e-01,2.583791e-01,1.408747e-01,2.267476e-01,1.997121e-01
1.140858e-03,6.800219e-03,2.228228e-05,9.293312e-04,6.828725e-03,4.147455e-05
