# rmse alpha/u,rmse phic/h,rmse h/r,spread alpha/u,spread phic/h,spread h/r
1.420008e-01,3.137644e-01,2.583791e-01,1.408747e-01,2.267476e-01,1.997121e-01
8.142004e-04,5.997557e-03,1.735038e-05,8.077302e-04,6.194441e-03,3.873989e-05
