# rmse alpha/u,rmse phic/h,rmse h/r,spread alpha/u,spread phic/h,spread h/r
1.420008e-01,3.137644e-01,2.583791e-01,1.408747e-01,2.267476e-01,1.997121e-01
8.410520e-04,6.143831e-03,1.947398e-05,8.364561e-04,6.527201e-03,4.091443e-05
