# rmse alpha/u,rmse phic/h,rmse h/r,spread alpha/u,spread phic/h,spread h/r
1.420008e-01,3.137644e-01,2.583791e-01,1.408747e-01,2.267476e-01,1.997121e-01
8.652394e-04,6.839267e-03,2.676172e-05,8.434609e-04,6.798471e-03,4.404054e-05
