# rmse alpha/u,rmse phic/h,rmse h/r,spread alpha/u,spread phic/h,spread h/r
1.420008e-01,3.137644e-01,2.583791e-01,1.408747e-01,2.267476e-01,1.997121e-01
7.767580e-04,5.847187e-03,1.890357e-05,8.061678e-04,6.194872e-03,3.950702e-05
