# rmse alpha/u,rmse phic/h,rmse h/r,spread alpha/u,spread phic/h,spread h/r
2.467368e-01,2.174962e-01,1.930243e-01,1.813633e-01,2.153254e-01,1.756998e-01
4.347302e-03,2.842325e-02,6.473061e-05,3.039820e-03,2.081786e-02,5.209981e-05
