# rmse alpha/u,rmse phic/h,rmse h/r,spread alpha/u,spread phic/h,spread h/r
2.467368e-01,2.174962e-01,1.930243e-01,1.813633e-01,2.153254e-01,1.756998e-01
4.835223e-03,3.242942e-02,7.221008e-05,2.884242e-03,2.115933e-02,5.243415e-05
