# rmse alpha/u,rmse phic/h,rmse h/r,spread alpha/u,spread phic/h,spread h/r
2.467368e-01,2.174962e-01,1.930243e-01,1.813633e-01,2.153254e-01,1.756998e-01
2.754468e-03,1.784935e-02,5.262414e-05,2.454790e-03,1.805976e-02,5.146034e-05
