# rmse alpha/u,rmse phic/h,rmse h/r,spread alpha/u,spread phic/h,spread h/r
2.467368e-01,2.174962e-01,1.930243e-01,1.813633e-01,2.153254e-01,1.756998e-01
4.667993e-03,2.269213e-02,5.618910e-05,2.742857e-03,1.895491e-02,5.339044e-05
