# rmse alpha/u,rmse phic/h,rmse h/r,spread alpha/u,spread phic/h,spread h/r
2.467368e-01,2.174962e-01,1.930243e-01,1.813633e-01,2.153254e-01,1.756998e-01
3.375874e-03,2.041323e-02,6.993013e-05,2.596441e-03,1.835881e-02,5.741334e-05
