# rmse alpha/u,rmse phic/h,rmse h/r,spread alpha/u,spread phic/h,spread h/r
2.467368e-01,2.174962e-01,1.930243e-01,1.813633e-01,2.153254e-01,1.756998e-01
3.893302e-03,2.409294e-02,5.605713e-05,2.935557e-03,2.079220e-02,5.073527e-05
