# rmse alpha/u,rmse phic/h,rmse h/r,spread alpha/u,spread phic/h,spread h/r
2.467368e-01,2.174962e-01,1.930243e-01,1.813633e-01,2.153254e-01,1.756998e-01
5.223424e-03,2.927400e-02,6.174298e-05,3.214228e-03,2.265923e-02,5.255146e-05
