# rmse alpha/u,rmse phic/h,rmse h/r,spread alpha/u,spread phic/h,spread h/r
3.066018e-01,1.961199e-01,2.872542e-01,1.973023e-01,1.840877e-01,1.996707e-01
5.022549e-03,2.995649e-02,7.605006e-05,3.105482e-03,2.329660e-02,4.867930e-05
