# rmse alpha/u,rmse phic/h,rmse h/r,spread alpha/u,spread phic/h,spread h/r
3.066018e-01,1.961199e-01,2.872542e-01,1.973023e-01,1.840877e-01,1.996707e-01
5.475462e-03,3.447008e-02,1.080503e-04,3.925656e-03,2.836803e-02,6.076426e-05
