# rmse alpha/u,rmse phic/h,rmse h/r,spread alpha/u,spread phic/h,spread h/r
3.066018e-01,1.961199e-01,2.872542e-01,1.973023e-01,1.840877e-01,1.996707e-01
5.288100e-03,3.290253e-02,8.427151e-05,3.144645e-03,2.433040e-02,5.512959e-05
