# rmse alpha/u,rmse phic/h,rmse h/r,spread alpha/u,spread phic/h,spread h/r
3.066018e-01,1.961199e-01,2.872542e-01,1.973023e-01,1.840877e-01,1.996707e-01
4.611102e-03,2.602350e-02,6.131462e-05,2.974298e-03,2.054749e-02,4.678509e-05
