# rmse alpha/u,rmse phic/h,rmse h/r,spread alpha/u,spread phic/h,spread h/r
2.307510e-01,2.235982e-01,1.995249e-01,1.688664e-01,1.995395e-01,1.618977e-01
2.742636e-03,1.703424e-02,3.541582e-05,1.827109e-03,1.332684e-02,4.977344e-05
