# rmse alpha/u,rmse phic/h,rmse h/r,spread alpha/u,spread phic/h,spread h/r
2.307510e-01,2.235982e-01,1.995249e-01,1.688664e-01,1.995395e-01,1.618977e-01
2.541691e-03,1.047910e-02,3.901929e-05,1.256859e-03,9.240051e-03,4.567274e-05
