# rmse alpha/u,rmse phic/h,rmse h/r,spread alpha/u,spread phic/h,spread h/r
2.307510e-01,2.235982e-01,1.995249e-01,1.688664e-01,1.995395e-01,1.618977e-01
2.142056e-03,1.301034e-02,3.643069e-05,1.468043e-03,1.038672e-02,4.664328e-05
