# rmse alpha/u,rmse phic/h,rmse h/r,spread alpha/u,spread phic/h,spread h/r
2.307510e-01,2.235982e-01,1.995249e-01,1.688664e-01,1.995395e-01,1.618977e-01
1.444849e-03,1.412221e-02,3.961043e-05,1.391179e-03,1.038931e-02,4.895391e-05
