# rmse alpha/u,rmse phic/h,rmse h/r,spread alpha/u,spread phic/h,spread h/r
1.193317e-01,9.762447e-04,5.639662e-03,1.912689e-01,2.403168e-01,1.853798e-01
3.620891e-03,1.986093e-02,4.892910e-05,2.318899e-03,1.555808e-02,4.207528e-05
