# rmse alpha/u,rmse phic/h,rmse h/r,spread alpha/u,spread phic/h,spread h/r
1.193317e-01,9.762447e-04,5.639662e-03,1.912689e-01,2.403168e-01,1.853798e-01
4.752969e-03,2.589626e-02,7.578918e-05,1.883858e-03,1.329986e-02,4.336360e-05
