# rmse alpha/u,rmse phic/h,rmse h/r,spread alpha/u,spread phic/h,spread h/r
1.193317e-01,9.762447e-04,5.639662e-03,1.912689e-01,2.403168e-01,1.853798e-01
2.178703e-03,1.127201e-02,4.537284e-05,1.371629e-03,9.276827e-03,3.832602e-05
