# rmse alpha/u,rmse phic/h,rmse h/r,spread alpha/u,spread phic/h,spread h/r
1.193317e-01,9.762447e-04,5.639662e-03,1.912689e-01,2.403168e-01,1.853798e-01
3.434170e-03,1.729189e-02,5.061985e-05,1.534731e-03,1.096180e-02,4.073466e-05
