# rmse alpha/u,rmse phic/h,rmse h/r,spread alpha/u,spread phic/h,spread h/r
1.193317e-01,9.762447e-04,5.639662e-03,1.912689e-01,2.403168e-01,1.853798e-01
3.420197e-03,1.671197e-02,5.146693e-05,1.860678e-03,1.237001e-02,3.991656e-05
