# rmse alpha/u,rmse phic/h,rmse h/r,spread alpha/u,spread phic/h,spread h/r
1.193317e-01,9.762447e-04,5.639662e-03,1.912689e-01,2.403168e-01,1.853798e-01
2.121104e-03,1.442495e-02,6.019178e-05,1.366718e-03,9.308782e-03,4.142040e-05
