# rmse alpha/u,rmse phic/h,rmse h/r,spread alpha/u,spread phic/h,spread h/r
1.193317e-01,9.762447e-04,5.639662e-03,1.912689e-01,2.403168e-01,1.853798e-01
1.674866e-03,1.098507e-02,4.898612e-05,1.347265e-03,9.530851e-03,3.589537e-05
