# rmse alpha/u,rmse phic/h,rmse h/r,spread alpha/u,spread phic/h,spread h/r
6.548330e-02,6.458731e-02,4.859376e-02,1.344861e-01,9.859150e-02,9.156402e-02
2.913325e-03,1.340460e-02,3.514572e-05,1.746324e-03,1.236152e-02,2.627557e-05
