# rmse alpha/u,rmse phic/h,rmse h/r,spread alpha/u,spread phic/h,spread h/r
6.548330e-02,6.458731e-02,4.859376e-02,1.344861e-01,9.859150e-02,9.156402e-02
3.599586e-03,2.082640e-02,3.924727e-05,2.361021e-03,1.686812e-02,2.820669e-05
