# rmse alpha/u,rmse phic/h,rmse h/r,spread alpha/u,spread phic/h,spread h/r
6.548330e-02,6.458731e-02,4.859376e-02,1.344861e-01,9.859150e-02,9.156402e-02
2.675809e-03,1.964728e-02,4.164937e-05,1.736515e-03,1.211575e-02,2.786710e-05
