# rmse alpha/u,rmse phic/h,rmse h/r,spread alpha/u,spread phic/h,spread h/r
6.548330e-02,6.458731e-02,4.859376e-02,1.344861e-01,9.859150e-02,9.156402e-02
3.138463e-03,2.290006e-02,3.497845e-05,2.352321e-03,1.699745e-02,2.575911e-05
