# rmse alpha/u,rmse phic/h,rmse h/r,spread alpha/u,spread phic/h,spread h/r
6.548330e-02,6.458731e-02,4.859376e-02,1.344861e-01,9.859150e-02,9.156402e-02
4.164225e-03,2.556573e-02,3.676616e-05,2.401848e-03,1.674075e-02,3.244400e-05
