# rmse alpha/u,rmse phic/h,rmse h/r,spread alpha/u,spread phic/h,spread h/r
5.189682e-05,1.500421e-01,3.930686e-01,2.014417e-01,2.219743e-01,1.900285e-01
2.697968e-03,2.252721e-02,3.756945e-05,2.153159e-03,1.592824e-02,3.824707e-05
