# rmse alpha/u,rmse phic/h,rmse h/r,spread alpha/u,spread phic/h,spread h/r
5.189682e-05,1.500421e-01,3.930686e-01,2.014417e-01,2.219743e-01,1.900285e-01
3.575176e-03,2.817274e-02,4.560957e-05,2.300648e-03,1.755801e-02,4.154843e-05
