# rmse alpha/u,rmse phic/h,rmse h/r,spread alpha/u,spread phic/h,spread h/r
5.189682e-05,1.500421e-01,3.930686e-01,2.014417e-01,2.219743e-01,1.900285e-01
4.416287e-03,2.758901e-02,4.239002e-05,2.162458e-03,1.564341e-02,3.821713e-05
