# rmse alpha/u,rmse phic/h,rmse h/r,spread alpha/u,spread phic/h,spread h/r
5.448571e-02,2.515416e-01,3.186807e-01,1.969593e-01,1.699969e-01,1.470455e-01
2.415873e-03,1.427282e-02,4.222127e-05,1.720997e-03,1.140183e-02,2.705417e-05
