# rmse alpha/u,rmse phic/h,rmse h/r,spread alpha/u,spread phic/h,spread h/r
5.448571e-02,2.515416e-01,3.186807e-01,1.969593e-01,1.699969e-01,1.470455e-01
3.700895e-03,2.315835e-02,4.532907e-05,2.493457e-03,1.804524e-02,3.238169e-05
