# rmse alpha/u,rmse phic/h,rmse h/r,spread alpha/u,spread phic/h,spread h/r
5.448571e-02,2.515416e-01,3.186807e-01,1.969593e-01,1.699969e-01,1.470455e-01
3.162474e-03,1.801337e-02,3.705519e-05,2.466663e-03,1.661927e-02,2.892008e-05
