# rmse alpha/u,rmse phic/h,rmse h/r,spread alpha/u,spread phic/h,spread h/r
5.448571e-02,2.515416e-01,3.186807e-01,1.969593e-01,1.699969e-01,1.470455e-01
3.097661e-03,1.945651e-02,3.954178e-05,2.467000e-03,1.702678e-02,3.130079e-05
