# rmse alpha/u,rmse phic/h,rmse h/r,spread alpha/u,spread phic/h,spread h/r
5.448571e-02,2.515416e-01,3.186807e-01,1.969593e-01,1.699969e-01,1.470455e-01
3.309855e-03,2.502337e-02,5.069526e-05,2.618298e-03,1.945209e-02,3.726677e-05
