# rmse alpha/u,rmse phic/h,rmse h/r,spread alpha/u,spread phic/h,spread h/r
5.448571e-02,2.515416e-01,3.186807e-01,1.969593e-01,1.699969e-01,1.470455e-01
2.666075e-03,1.456541e-02,4.635931e-05,1.951860e-03,1.451205e-02,3.578277e-05
