# rmse alpha/u,rmse phic/h,rmse h/r,spread alpha/u,spread phic/h,spread h/r
5.448571e-02,2.515416e-01,3.186807e-01,1.969593e-01,1.699969e-01,1.470455e-01
3.496860e-03,1.974992e-02,4.531686e-05,2.040178e-03,1.356476e-02,2.969425e-05
