# rmse alpha/u,rmse phic/h,rmse h/r,spread alpha/u,spread phic/h,spread h/r
8.774005e-02,3.126009e-04,1.342800e-01,2.007666e-01,2.380345e-01,2.181955e-01
8.219812e-04,6.700250e-03,2.259989e-05,8.264133e-04,6.534275e-03,4.247198e-05
