# rmse alpha/u,rmse phic/h,rmse h/r,spread alpha/u,spread phic/h,spread h/r
4.235878e-02,6.920372e-02,1.020263e-01,2.170493e-01,2.450561e-01,2.337197e-01
4.545344e-03,3.954712e-02,8.725134e-05,2.894732e-03,2.327896e-02,5.821262e-05
