# rmse alpha/u,rmse phic/h,rmse h/r,spread alpha/u,spread phic/h,spread h/r
4.235878e-02,6.920372e-02,1.020263e-01,2.170493e-01,2.450561e-01,2.337197e-01
5.317276e-03,4.002921e-02,9.429061e-05,2.658269e-03,2.048111e-02,5.196294e-05
