# rmse alpha/u,rmse phic/h,rmse h/r,spread alpha/u,spread phic/h,spread h/r
4.235878e-02,6.920372e-02,1.020263e-01,2.170493e-01,2.450561e-01,2.337197e-01
5.116891e-03,3.762607e-02,6.154686e-05,3.954943e-03,2.809186e-02,5.314856e-05
