# rmse alpha/u,rmse phic/h,rmse h/r,spread alpha/u,spread phic/h,spread h/r
4.235878e-02,6.920372e-02,1.020263e-01,2.170493e-01,2.450561e-01,2.337197e-01
4.665164e-03,2.741219e-02,7.561857e-05,2.860879e-03,2.233489e-02,5.413591e-05
