# rmse alpha/u,rmse phic/h,rmse h/r,spread alpha/u,spread phic/h,spread h/r
4.235878e-02,6.920372e-02,1.020263e-01,2.170493e-01,2.450561e-01,2.337197e-01
5.434456e-03,2.915782e-02,5.591288e-05,2.756898e-03,1.881435e-02,4.569964e-05
