# rmse alpha/u,rmse phic/h,rmse h/r,spread alpha/u,spread phic/h,spread h/r
4.235878e-02,6.920372e-02,1.020263e-01,2.170493e-01,2.450561e-01,2.337197e-01
4.044212e-03,2.945776e-02,5.296681e-05,2.367011e-03,1.777134e-02,4.724229e-05
