# rmse alpha/u,rmse phic/h,rmse h/r,spread alpha/u,spread phic/h,spread h/r
4.235878e-02,6.920372e-02,1.020263e-01,2.170493e-01,2.450561e-01,2.337197e-01
3.893889e-03,2.124337e-02,4.551744e-05,2.143986e-03,1.479608e-02,4.196873e-05
