# rmse alpha/u,rmse phic/h,rmse h/r,spread alpha/u,spread phic/h,spread h/r
1.558501e-01,2.375777e-02,5.023901e-02,2.142820e-01,1.669179e-01,1.824466e-01
4.717344e-03,3.049466e-02,6.448250e-05,2.986489e-03,2.209302e-02,4.060812e-05
