# rmse alpha/u,rmse phic/h,rmse h/r,spread alpha/u,spread phic/h,spread h/r
1.558501e-01,2.375777e-02,5.023901e-02,2.142820e-01,1.669179e-01,1.824466e-01
3.023118e-03,2.276855e-02,5.249621e-05,2.003992e-03,1.347797e-02,3.222191e-05
