# rmse alpha/u,rmse phic/h,rmse h/r,spread alpha/u,spread phic/h,spread h/r
1.558501e-01,2.375777e-02,5.023901e-02,2.142820e-01,1.669179e-01,1.824466e-01
3.162648e-03,1.791971e-02,4.609205e-05,2.421018e-03,1.598419e-02,3.238797e-05
