# rmse alpha/u,rmse phic/h,rmse h/r,spread alpha/u,spread phic/h,spread h/r
7.897930e-02,4.674035e-03,3.342515e-02,2.060327e-01,2.303837e-01,1.881866e-01
4.588201e-03,3.623944e-02,4.450825e-05,3.526630e-03,2.581752e-02,4.254543e-05
