# rmse alpha/u,rmse phic/h,rmse h/r,spread alpha/u,spread phic/h,spread h/r
7.897930e-02,4.674035e-03,3.342515e-02,2.060327e-01,2.303837e-01,1.881866e-01
3.684405e-03,2.897301e-02,4.380015e-05,3.535124e-03,2.618731e-02,4.556022e-05
