# rmse alpha/u,rmse phic/h,rmse h/r,spread alpha/u,spread phic/h,spread h/r
6.730816e-03,2.778572e-01,6.074450e-04,2.007018e-01,2.348895e-01,2.071683e-01
8.611666e-04,6.732185e-03,2.129714e-05,8.617715e-04,6.844228e-03,4.284378e-05
