# rmse alpha/u,rmse phic/h,rmse h/r,spread alpha/u,spread phic/h,spread h/r
6.730816e-03,2.778572e-01,6.074450e-04,2.007018e-01,2.348895e-01,2.071683e-01
1.044000e-03,8.614701e-03,2.487243e-05,1.093787e-03,8.258477e-03,4.530527e-05
