# rmse alpha/u,rmse phic/h,rmse h/r,spread alpha/u,spread phic/h,spread h/r
6.730816e-03,2.778572e-01,6.074450e-04,2.007018e-01,2.348895e-01,2.071683e-01
8.304208e-04,6.898295e-03,3.455021e-05,8.453328e-04,6.412288e-03,3.975653e-05
