# rmse alpha/u,rmse phic/h,rmse h/r,spread alpha/u,spread phic/h,spread h/r
6.730816e-03,2.778572e-01,6.074450e-04,2.007018e-01,2.348895e-01,2.071683e-01
9.114482e-04,7.172948e-03,2.212912e-05,8.782046e-04,6.829840e-03,4.146766e-05
