# rmse alpha/u,rmse phic/h,rmse h/r,spread alpha/u,spread phic/h,spread h/r
6.730816e-03,2.778572e-01,6.074450e-04,2.007018e-01,2.348895e-01,2.071683e-01
7.980754e-04,6.223056e-03,1.908593e-05,8.053103e-04,6.224003e-03,3.774585e-05
