# rmse alpha/u,rmse phic/h,rmse h/r,spread alpha/u,spread phic/h,spread h/r
2.769435e-01,4.139803e-01,4.853120e-01,1.402536e-01,2.207597e-01,2.039123e-01
4.722458e-03,3.278802e-02,4.419770e-05,2.983074e-03,2.344532e-02,2.424517e-05
