# rmse alpha/u,rmse phic/h,rmse h/r,spread alpha/u,spread phic/h,spread h/r
2.769435e-01,4.139803e-01,4.853120e-01,1.402536e-01,2.207597e-01,2.039123e-01
6.144269e-03,4.632795e-02,4.412500e-05,3.184914e-03,2.572433e-02,3.160206e-05
