# rmse alpha/u,rmse phic/h,rmse h/r,spread alpha/u,spread phic/h,spread h/r
2.769435e-01,4.139803e-01,4.853120e-01,1.402536e-01,2.207597e-01,2.039123e-01
5.256922e-03,3.171018e-02,3.625273e-05,2.877396e-03,2.076713e-02,2.766245e-05
