# rmse alpha/u,rmse phic/h,rmse h/r,spread alpha/u,spread phic/h,spread h/r
4.950571e-03,4.898723e-03,3.129029e-02,1.243249e-01,1.431240e-01,1.616974e-01
8.025101e-04,6.541765e-03,1.807937e-05,8.267432e-04,6.500881e-03,4.840641e-05
