# rmse alpha/u,rmse phic/h,rmse h/r,spread alpha/u,spread phic/h,spread h/r
4.950571e-03,4.898723e-03,3.129029e-02,1.243249e-01,1.431240e-01,1.616974e-01
7.957109e-04,6.177271e-03,1.664674e-05,8.054272e-04,6.347612e-03,4.950263e-05
