# rmse alpha/u,rmse phic/h,rmse h/r,spread alpha/u,spread phic/h,spread h/r
4.950571e-03,4.898723e-03,3.129029e-02,1.243249e-01,1.431240e-01,1.616974e-01
8.608762e-04,7.099584e-03,2.400472e-05,8.343064e-04,6.645112e-03,5.097596e-05
