# rmse alpha/u,rmse phic/h,rmse h/r,spread alpha/u,spread phic/h,spread h/r
4.950571e-03,4.898723e-03,3.129029e-02,1.243249e-01,1.431240e-01,1.616974e-01
8.049340e-04,6.457172e-03,2.484639e-05,8.123515e-04,6.442709e-03,4.913793e-05
