# rmse alpha/u,rmse phic/h,rmse h/r,spread alpha/u,spread phic/h,spread h/r
4.950571e-03,4.898723e-03,3.129029e-02,1.243249e-01,1.431240e-01,1.616974e-01
8.346059e-04,6.196753e-03,1.899064e-05,8.355319e-04,6.681786e-03,5.157967e-05
