# rmse alpha/u,rmse phic/h,rmse h/r,spread alpha/u,spread phic/h,spread h/r
4.950571e-03,4.898723e-03,3.129029e-02,1.243249e-01,1.431240e-01,1.616974e-01
8.935769e-04,6.913914e-03,2.324200e-05,8.028615e-04,6.323276e-03,4.842025e-05
