# rmse alpha/u,rmse phic/h,rmse h/r,spread alpha/u,spread phic/h,spread h/r
3.475659e-02,3.805278e-03,4.526365e-03,1.351210e-01,1.072833e-01,6.607496e-02
4.510236e-03,3.415269e-02,4.481967e-05,2.783772e-03,2.226038e-02,3.061198e-05
