# rmse alpha/u,rmse phic/h,rmse h/r,spread alpha/u,spread phic/h,spread h/r
3.475659e-02,3.805278e-03,4.526365e-03,1.351210e-01,1.072833e-01,6.607496e-02
3.465226e-03,2.791731e-02,4.751601e-05,2.640252e-03,1.855932e-02,2.848321e-05
