# rmse alpha/u,rmse phic/h,rmse h/r,spread alpha/u,spread phic/h,spread h/r
2.990196e-02,1.553692e-02,1.015098e-02,1.773355e-01,2.077241e-01,1.916936e-01
3.793170e-03,2.389549e-02,5.392683e-05,2.397096e-03,1.737292e-02,4.144461e-05
