# rmse alpha/u,rmse phic/h,rmse h/r,spread alpha/u,spread phic/h,spread h/r
2.990196e-02,1.553692e-02,1.015098e-02,1.773355e-01,2.077241e-01,1.916936e-01
2.506908e-03,2.419701e-02,4.834739e-05,2.123613e-03,1.624215e-02,3.845483e-05
