# rmse alpha/u,rmse phic/h,rmse h/r,spread alpha/u,spread phic/h,spread h/r
2.990196e-02,1.553692e-02,1.015098e-02,1.773355e-01,2.077241e-01,1.916936e-01
3.599098e-03,2.504288e-02,5.593826e-05,2.099467e-03,1.516354e-02,3.851215e-05
