# rmse alpha/u,rmse phic/h,rmse h/r,spread alpha/u,spread phic/h,spread h/r
2.990196e-02,1.553692e-02,1.015098e-02,1.773355e-01,2.077241e-01,1.916936e-01
3.466181e-03,2.352147e-02,5.404510e-05,1.703020e-03,1.203682e-02,3.499115e-05
