# rmse alpha/u,rmse phic/h,rmse h/r,spread alpha/u,spread phic/h,spread h/r
2.990196e-02,1.553692e-02,1.015098e-02,1.773355e-01,2.077241e-01,1.916936e-01
2.587396e-03,1.820265e-02,4.748861e-05,1.550966e-03,1.070344e-02,3.406098e-05
