# rmse alpha/u,rmse phic/h,rmse h/r,spread alpha/u,spread phic/h,spread h/r
2.990196e-02,1.553692e-02,1.015098e-02,1.773355e-01,2.077241e-01,1.916936e-01
2.886463e-03,2.068153e-02,6.020047e-05,2.008138e-03,1.434622e-02,3.603796e-05
