# rmse alpha/u,rmse phic/h,rmse h/r,spread alpha/u,spread phic/h,spread h/r
2.990196e-02,1.553692e-02,1.015098e-02,1.773355e-01,2.077241e-01,1.916936e-01
4.168591e-03,2.963774e-02,4.558081e-05,1.818283e-03,1.259286e-02,3.011145e-05
