# rmse alpha/u,rmse phic/h,rmse h/r,spread alpha/u,spread phic/h,spread h/r
7.926804e-03,6.801414e-02,8.731427e-03,1.321382e-01,2.095871e-01,1.666448e-01
1.313042e-03,8.726729e-03,3.157104e-05,9.513725e-04,7.161871e-03,3.622834e-05
