# rmse alpha/u,rmse phic/h,rmse h/r,spread alpha/u,spread phic/h,spread h/r
7.926804e-03,6.801414e-02,8.731427e-03,1.321382e-01,2.095871e-01,1.666448e-01
9.505309e-04,8.282554e-03,3.045402e-05,8.904918e-04,6.684165e-03,3.639283e-05
