# rmse alpha/u,rmse phic/h,rmse h/r,spread alpha/u,spread phic/h,spread h/r
7.926804e-03,6.801414e-02,8.731427e-03,1.321382e-01,2.095871e-01,1.666448e-01
1.331150e-03,8.792601e-03,3.701586e-05,8.649920e-04,6.597156e-03,3.807981e-05
