# rmse alpha/u,rmse phic/h,rmse h/r,spread alpha/u,spread phic/h,spread h/r
7.926804e-03,6.801414e-02,8.731427e-03,1.321382e-01,2.095871e-01,1.666448e-01
2.211515e-03,1.171908e-02,2.966546e-05,8.940580e-04,6.534283e-03,3.588570e-05
