# rmse alpha/u,rmse phic/h,rmse h/r,spread alpha/u,spread phic/h,spread h/r
7.926804e-03,6.801414e-02,8.731427e-03,1.321382e-01,2.095871e-01,1.666448e-01
8.574940e-04,7.592647e-03,3.345378e-05,8.456542e-04,6.364471e-03,3.672916e-05
