# rmse alpha/u,rmse phic/h,rmse h/r,spread alpha/u,spread phic/h,spread h/r
7.926804e-03,6.801414e-02,8.731427e-03,1.321382e-01,2.095871e-01,1.666448e-01
1.680246e-03,1.044784e-02,2.852808e-05,8.603053e-04,6.616506e-03,3.547695e-05
