# rmse alpha/u,rmse phic/h,rmse h/r,spread alpha/u,spread phic/h,spread h/r
7.926804e-03,6.801414e-02,8.731427e-03,1.321382e-01,2.095871e-01,1.666448e-01
1.248704e-03,8.118942e-03,3.525342e-05,9.367489e-04,6.847433e-03,3.710669e-05
