# rmse alpha/u,rmse phic/h,rmse h/r,spread alpha/u,spread phic/h,spread h/r
1.970952e-02,2.428035e-02,2.893641e-01,2.064906e-01,1.899857e-01,1.562718e-01
4.698950e-03,2.548285e-02,3.573892e-05,2.495966e-03,1.821255e-02,4.123452e-05
