# rmse alpha/u,rmse phic/h,rmse h/r,spread alpha/u,spread phic/h,spread h/r
1.970952e-02,2.428035e-02,2.893641e-01,2.064906e-01,1.899857e-01,1.562718e-01
2.804827e-03,1.583050e-02,5.983682e-05,1.971191e-03,1.389720e-02,4.188046e-05
