# rmse alpha/u,rmse phic/h,rmse h/r,spread alpha/u,spread phic/h,spread h/r
1.970952e-02,2.428035e-02,2.893641e-01,2.064906e-01,1.899857e-01,1.562718e-01
1.772302e-03,1.017056e-02,2.443920e-05,1.243825e-03,8.870736e-03,3.434229e-05
