# rmse alpha/u,rmse phic/h,rmse h/r,spread alpha/u,spread phic/h,spread h/r
1.970952e-02,2.428035e-02,2.893641e-01,2.064906e-01,1.899857e-01,1.562718e-01
2.892436e-03,1.326065e-02,3.412056e-05,1.532319e-03,1.039856e-02,3.660248e-05
