# rmse alpha/u,rmse phic/h,rmse h/r,spread alpha/u,spread phic/h,spread h/r
1.970952e-02,2.428035e-02,2.893641e-01,2.064906e-01,1.899857e-01,1.562718e-01
1.801374e-03,1.786907e-02,4.379567e-05,1.418700e-03,9.951596e-03,3.639835e-05
