# rmse alpha/u,rmse phic/h,rmse h/r,spread alpha/u,spread phic/h,spread h/r
1.970952e-02,2.428035e-02,2.893641e-01,2.064906e-01,1.899857e-01,1.562718e-01
2.272118e-03,9.357409e-03,2.951466e-05,1.299972e-03,9.029735e-03,3.339880e-05
