# rmse alpha/u,rmse phic/h,rmse h/r,spread alpha/u,spread phic/h,spread h/r
1.295837e-01,1.624108e-01,7.019765e-02,1.286608e-01,1.021784e-01,6.475240e-02
2.643720e-03,1.385849e-02,4.175142e-05,1.113048e-03,7.785907e-03,2.694883e-05
