# rmse alpha/u,rmse phic/h,rmse h/r,spread alpha/u,spread phic/h,spread h/r
1.295837e-01,1.624108e-01,7.019765e-02,1.286608e-01,1.021784e-01,6.475240e-02
4.303536e-03,2.470882e-02,3.220265e-05,1.372526e-03,9.899999e-03,2.685769e-05
