# rmse alpha/u,rmse phic/h,rmse h/r,spread alpha/u,spread phic/h,spread h/r
1.295837e-01,1.624108e-01,7.019765e-02,1.286608e-01,1.021784e-01,6.475240e-02
1.000682e-03,7.505781e-03,3.602215e-05,1.081802e-03,7.555724e-03,2.826212e-05
