# rmse alpha/u,rmse phic/h,rmse h/r,spread alpha/u,spread phic/h,spread h/r
1.295837e-01,1.624108e-01,7.019765e-02,1.286608e-01,1.021784e-01,6.475240e-02
1.583174e-03,1.143737e-02,3.178885e-05,1.288924e-03,9.195853e-03,2.590013e-05
