# rmse alpha/u,rmse phic/h,rmse h/r,spread alpha/u,spread phic/h,spread h/r
1.295837e-01,1.624108e-01,7.019765e-02,1.286608e-01,1.021784e-01,6.475240e-02
3.311508e-03,2.715481e-02,4.700436e-05,1.538436e-03,1.123956e-02,3.177953e-05
