# rmse alpha/u,rmse phic/h,rmse h/r,spread alpha/u,spread phic/h,spread h/r
1.295837e-01,1.624108e-01,7.019765e-02,1.286608e-01,1.021784e-01,6.475240e-02
6.028425e-03,3.413415e-02,2.869683e-05,1.253572e-03,8.510650e-03,2.449749e-05
