# rmse alpha/u,rmse phic/h,rmse h/r,spread alpha/u,spread phic/h,spread h/r
1.295837e-01,1.624108e-01,7.019765e-02,1.286608e-01,1.021784e-01,6.475240e-02
4.145151e-03,2.462504e-02,5.279435e-05,1.443390e-03,1.007627e-02,2.640700e-05
