# rmse alpha/u,rmse phic/h,rmse h/r,spread alpha/u,spread phic/h,spread h/r
7.568081e-02,1.338987e-01,2.251943e-01,2.007018e-01,2.348895e-01,2.071683e-01
3.907399e-03,2.744137e-02,4.072336e-05,3.230856e-03,2.301928e-02,3.664111e-05
