# rmse alpha/u,rmse phic/h,rmse h/r,spread alpha/u,spread phic/h,spread h/r
7.568081e-02,1.338987e-01,2.251943e-01,2.007018e-01,2.348895e-01,2.071683e-01
4.587268e-03,3.033817e-02,4.008454e-05,3.676080e-03,2.694180e-02,3.999915e-05
