# rmse alpha/u,rmse phic/h,rmse h/r,spread alpha/u,spread phic/h,spread h/r
7.568081e-02,1.338987e-01,2.251943e-01,2.007018e-01,2.348895e-01,2.071683e-01
4.066553e-03,2.683360e-02,3.870636e-05,2.712241e-03,1.944570e-02,3.744258e-05
