# rmse alpha/u,rmse phic/h,rmse h/r,spread alpha/u,spread phic/h,spread h/r
8.905608e-05,1.113372e-02,1.234574e-02,1.034904e-01,1.111471e-01,7.279990e-02
2.149569e-03,1.644535e-02,2.688106e-05,9.398716e-04,7.080114e-03,4.492563e-05
