# rmse alpha/u,rmse phic/h,rmse h/r,spread alpha/u,spread phic/h,spread h/r
8.905608e-05,1.113372e-02,1.234574e-02,1.034904e-01,1.111471e-01,7.279990e-02
2.408364e-03,1.616846e-02,3.984217e-05,1.513627e-03,1.130183e-02,5.026886e-05
