# rmse alpha/u,rmse phic/h,rmse h/r,spread alpha/u,spread phic/h,spread h/r
8.905608e-05,1.113372e-02,1.234574e-02,1.034904e-01,1.111471e-01,7.279990e-02
1.490085e-03,6.783376e-03,3.147247e-05,9.920175e-04,7.635144e-03,4.685466e-05
