# rmse alpha/u,rmse phic/h,rmse h/r,spread alpha/u,spread phic/h,spread h/r
8.905608e-05,1.113372e-02,1.234574e-02,1.034904e-01,1.111471e-01,7.279990e-02
8.247932e-04,6.882204e-03,2.199357e-05,8.581608e-04,6.558600e-03,4.547727e-05
