# rmse alpha/u,rmse phic/h,rmse h/r,spread alpha/u,spread phic/h,spread h/r
8.905608e-05,1.113372e-02,1.234574e-02,1.034904e-01,1.111471e-01,7.279990e-02
1.521595e-03,9.255612e-03,2.943791e-05,1.099059e-03,8.237042e-03,4.745723e-05
