# rmse alpha/u,rmse phic/h,rmse h/r,spread alpha/u,spread phic/h,spread h/r
6.536963e-03,7.470251e-03,6.514077e-03,1.341692e-01,1.952631e-01,1.919587e-01
8.562734e-04,6.562265e-03,2.523738e-05,8.547555e-04,6.843377e-03,5.350165e-05
