# rmse alpha/u,rmse phic/h,rmse h/r,spread alpha/u,spread phic/h,spread h/r
6.536963e-03,7.470251e-03,6.514077e-03,1.341692e-01,1.952631e-01,1.919587e-01
7.917023e-04,6.143052e-03,2.000279e-05,8.155393e-04,6.314811e-03,5.100537e-05
