# rmse alpha/u,rmse phic/h,rmse h/r,spread alpha/u,spread phic/h,spread h/r
6.536963e-03,7.470251e-03,6.514077e-03,1.341692e-01,1.952631e-01,1.919587e-01
8.932448e-04,7.076698e-03,2.681552e-05,8.807562e-04,7.208112e-03,5.460558e-05
