# rmse alpha/u,rmse phic/h,rmse h/r,spread alpha/u,spread phic/h,spread h/r
6.536963e-03,7.470251e-03,6.514077e-03,1.341692e-01,1.952631e-01,1.919587e-01
8.926444e-04,7.142177e-03,1.948480e-05,8.922330e-04,7.138232e-03,5.487844e-05
