# rmse alpha/u,rmse phic/h,rmse h/r,spread alpha/u,spread phic/h,spread h/r
1.516634e-01,2.512638e-01,2.256827e-01,1.453944e-01,2.103465e-01,1.863979e-01
8.480403e-04,6.743072e-03,2.421754e-05,8.470624e-04,6.744978e-03,5.114254e-05
