# rmse alpha/u,rmse phic/h,rmse h/r,spread alpha/u,spread phic/h,spread h/r
1.516634e-01,2.512638e-01,2.256827e-01,1.453944e-01,2.103465e-01,1.863979e-01
8.174292e-04,6.206675e-03,2.297640e-05,8.454856e-04,6.626366e-03,5.262243e-05
