# rmse alpha/u,rmse phic/h,rmse h/r,spread alpha/u,spread phic/h,spread h/r
1.516634e-01,2.512638e-01,2.256827e-01,1.453944e-01,2.103465e-01,1.863979e-01
8.507865e-04,6.687856e-03,2.170494e-05,8.533731e-04,6.851019e-03,5.159701e-05
