# rmse alpha/u,rmse phic/h,rmse h/r,spread alpha/u,spread phic/h,spread h/r
1.516634e-01,2.512638e-01,2.256827e-01,1.453944e-01,2.103465e-01,1.863979e-01
7.926908e-04,6.264135e-03,2.003700e-05,8.094909e-04,6.366861e-03,5.036968e-05
