# rmse alpha/u,rmse phic/h,rmse h/r,spread alpha/u,spread phic/h,spread h/r
2.099950e-01,1.000530e-01,1.436965e-01,1.158835e-01,1.000525e-01,7.310127e-02
4.312481e-03,2.975664e-02,7.043197e-05,3.295854e-03,2.442671e-02,5.445794e-05
