# rmse alpha/u,rmse phic/h,rmse h/r,spread alpha/u,spread phic/h,spread h/r
2.099950e-01,1.000530e-01,1.436965e-01,1.158835e-01,1.000525e-01,7.310127e-02
3.973554e-03,2.202764e-02,4.097497e-05,3.223889e-03,2.261765e-02,4.576940e-05
