# rmse alpha/u,rmse phic/h,rmse h/r,spread alpha/u,spread phic/h,spread h/r
2.099950e-01,1.000530e-01,1.436965e-01,1.158835e-01,1.000525e-01,7.310127e-02
4.611888e-03,3.392287e-02,7.154263e-05,3.398695e-03,2.692447e-02,5.975973e-05
