# rmse alpha/u,rmse phic/h,rmse h/r,spread alpha/u,spread phic/h,spread h/r
2.099950e-01,1.000530e-01,1.436965e-01,1.158835e-01,1.000525e-01,7.310127e-02
4.965121e-03,3.736930e-02,7.818916e-05,3.093994e-03,2.441508e-02,5.720301e-05
