# rmse alpha/u,rmse phic/h,rmse h/r,spread alpha/u,spread phic/h,spread h/r
2.099950e-01,1.000530e-01,1.436965e-01,1.158835e-01,1.000525e-01,7.310127e-02
4.367057e-03,2.733057e-02,5.583395e-05,2.865778e-03,2.225286e-02,4.982808e-05
