# rmse alpha/u,rmse phic/h,rmse h/r,spread alpha/u,spread phic/h,spread h/r
1.404400e-01,9.357982e-02,7.197429e-02,1.155523e-01,9.348985e-02,5.591457e-02
3.027674e-03,1.913747e-02,5.002632e-05,2.087551e-03,1.483687e-02,4.865773e-05
