# rmse alpha/u,rmse phic/h,rmse h/r,spread alpha/u,spread phic/h,spread h/r
1.404400e-01,9.357982e-02,7.197429e-02,1.155523e-01,9.348985e-02,5.591457e-02
2.333333e-03,1.976392e-02,5.814498e-05,1.657168e-03,1.255956e-02,5.353954e-05
