# rmse alpha/u,rmse phic/h,rmse h/r,spread alpha/u,spread phic/h,spread h/r
1.404400e-01,9.357982e-02,7.197429e-02,1.155523e-01,9.348985e-02,5.591457e-02
4.142087e-03,1.868012e-02,3.940265e-05,1.612507e-03,1.139466e-02,4.742256e-05
