# rmse alpha/u,rmse phic/h,rmse h/r,spread alpha/u,spread phic/h,spread h/r
1.404400e-01,9.357982e-02,7.197429e-02,1.155523e-01,9.348985e-02,5.591457e-02
3.651771e-03,2.057567e-02,3.538077e-05,2.312849e-03,1.642047e-02,4.866568e-05
