# rmse alpha/u,rmse phic/h,rmse h/r,spread alpha/u,spread phic/h,spread h/r
2.930962e-01,6.301958e-01,5.681346e-01,2.042022e-01,1.992226e-01,1.814630e-01
3.035906e-03,1.819763e-02,3.031689e-05,1.979155e-03,1.379405e-02,3.294819e-05
