# rmse alpha/u,rmse phic/h,rmse h/r,spread alpha/u,spread phic/h,spread h/r
2.930962e-01,6.301958e-01,5.681346e-01,2.042022e-01,1.992226e-01,1.814630e-01
2.525413e-03,1.325113e-02,2.897821e-05,2.262230e-03,1.485099e-02,3.745599e-05
