# rmse alpha/u,rmse phic/h,rmse h/r,spread alpha/u,spread phic/h,spread h/r
2.930962e-01,6.301958e-01,5.681346e-01,2.042022e-01,1.992226e-01,1.814630e-01
1.926238e-03,9.797433e-03,3.238882e-05,1.407786e-03,1.029831e-02,3.337251e-05
