# rmse alpha/u,rmse phic/h,rmse h/r,spread alpha/u,spread phic/h,spread h/r
2.930962e-01,6.301958e-01,5.681346e-01,2.042022e-01,1.992226e-01,1.814630e-01
3.103815e-03,1.772099e-02,3.650744e-05,2.665517e-03,1.865075e-02,3.749243e-05
