# rmse alpha/u,rmse phic/h,rmse h/r,spread alpha/u,spread phic/h,spread h/r
2.930962e-01,6.301958e-01,5.681346e-01,2.042022e-01,1.992226e-01,1.814630e-01
3.512179e-03,1.814161e-02,3.587614e-05,2.259222e-03,1.614929e-02,3.565086e-05
