# rmse alpha/u,rmse phic/h,rmse h/r,spread alpha/u,spread phic/h,spread h/r
2.930962e-01,6.301958e-01,5.681346e-01,2.042022e-01,1.992226e-01,1.814630e-01
2.815054e-03,1.902344e-02,3.031507e-05,2.064466e-03,1.456942e-02,3.411814e-05
