# rmse alpha/u,rmse phic/h,rmse h/r,spread alpha/u,spread phic/h,spread h/r
2.930962e-01,6.301958e-01,5.681346e-01,2.042022e-01,1.992226e-01,1.814630e-01
3.033885e-03,1.720811e-02,2.462943e-05,2.175379e-03,1.444418e-02,3.119782e-05
