# rmse alpha/u,rmse phic/h,rmse h/r,spread alpha/u,spread phic/h,spread h/r
4.871709e-01,2.943590e-01,4.084589e-01,1.498822e-01,1.993221e-01,1.602325e-01
5.311010e-03,3.806830e-02,8.981839e-05,4.455474e-03,3.313286e-02,5.355277e-05
