# rmse alpha/u,rmse phic/h,rmse h/r,spread alpha/u,spread phic/h,spread h/r
4.871709e-01,2.943590e-01,4.084589e-01,1.498822e-01,1.993221e-01,1.602325e-01
5.806445e-03,3.857792e-02,8.118571e-05,4.113205e-03,3.114620e-02,5.303830e-05
