# rmse alpha/u,rmse phic/h,rmse h/r,spread alpha/u,spread phic/h,spread h/r
4.871709e-01,2.943590e-01,4.084589e-01,1.498822e-01,1.993221e-01,1.602325e-01
6.714684e-03,4.346793e-02,1.030805e-04,3.961582e-03,2.927652e-02,4.399857e-05
