# rmse alpha/u,rmse phic/h,rmse h/r,spread alpha/u,spread phic/h,spread h/r
6.335684e-04,4.043377e-02,2.396822e-03,1.699231e-01,2.371684e-01,1.419867e-01
1.404822e-03,8.718844e-03,2.437170e-05,1.383898e-03,9.795524e-03,3.786667e-05
