# rmse alpha/u,rmse phic/h,rmse h/r,spread alpha/u,spread phic/h,spread h/r
6.335684e-04,4.043377e-02,2.396822e-03,1.699231e-01,2.371684e-01,1.419867e-01
8.600754e-04,6.140395e-03,1.860123e-05,9.000195e-04,6.555129e-03,3.584992e-05
