# rmse alpha/u,rmse phic/h,rmse h/r,spread alpha/u,spread phic/h,spread h/r
6.335684e-04,4.043377e-02,2.396822e-03,1.699231e-01,2.371684e-01,1.419867e-01
1.634527e-03,8.442742e-03,2.032272e-05,1.229142e-03,8.621364e-03,3.393156e-05
