# rmse alpha/u,rmse phic/h,rmse h/r,spread alpha/u,spread phic/h,spread h/r
6.335684e-04,4.043377e-02,2.396822e-03,1.699231e-01,2.371684e-01,1.419867e-01
4.334170e-03,2.736496e-02,3.826607e-05,2.362569e-03,1.791212e-02,4.432396e-05
