# rmse alpha/u,rmse phic/h,rmse h/r,spread alpha/u,spread phic/h,spread h/r
6.335684e-04,4.043377e-02,2.396822e-03,1.699231e-01,2.371684e-01,1.419867e-01
1.212776e-03,7.388519e-03,2.563456e-05,1.044661e-03,7.767245e-03,3.707972e-05
