# rmse alpha/u,rmse phic/h,rmse h/r,spread alpha/u,spread phic/h,spread h/r
6.335684e-04,4.043377e-02,2.396822e-03,1.699231e-01,2.371684e-01,1.419867e-01
9.691051e-04,6.734001e-03,1.710365e-05,9.530639e-04,6.977646e-03,3.487895e-05
