# rmse alpha/u,rmse phic/h,rmse h/r,spread alpha/u,spread phic/h,spread h/r
6.335684e-04,4.043377e-02,2.396822e-03,1.699231e-01,2.371684e-01,1.419867e-01
1.691441e-03,7.843231e-03,2.229128e-05,1.217269e-03,8.952272e-03,3.685351e-05
