# rmse alpha/u,rmse phic/h,rmse h/r,spread alpha/u,spread phic/h,spread h/r
4.782344e-02,3.160873e-02,2.031093e-02,1.376055e-01,1.039859e-01,6.237271e-02
3.571787e-03,1.989343e-02,6.463102e-05,1.680042e-03,1.103153e-02,3.143403e-05
