# rmse alpha/u,rmse phic/h,rmse h/r,spread alpha/u,spread phic/h,spread h/r
4.782344e-02,3.160873e-02,2.031093e-02,1.376055e-01,1.039859e-01,6.237271e-02
4.394798e-03,2.570546e-02,7.461091e-05,2.179095e-03,1.605314e-02,3.726616e-05
