# rmse alpha/u,rmse phic/h,rmse h/r,spread alpha/u,spread phic/h,spread h/r
4.782344e-02,3.160873e-02,2.031093e-02,1.376055e-01,1.039859e-01,6.237271e-02
3.889009e-03,1.918994e-02,4.692955e-05,1.824300e-03,1.225581e-02,2.988956e-05
