# rmse alpha/u,rmse phic/h,rmse h/r,spread alpha/u,spread phic/h,spread h/r
4.782344e-02,3.160873e-02,2.031093e-02,1.376055e-01,1.039859e-01,6.237271e-02
5.148897e-03,2.801869e-02,7.281774e-05,1.945783e-03,1.381699e-02,3.063976e-05
