# rmse alpha/u,rmse phic/h,rmse h/r,spread alpha/u,spread phic/h,spread h/r
4.782344e-02,3.160873e-02,2.031093e-02,1.376055e-01,1.039859e-01,6.237271e-02
3.729344e-03,2.886149e-02,4.381342e-05,1.931342e-03,1.323540e-02,3.106213e-05
