# rmse alpha/u,rmse phic/h,rmse h/r,spread alpha/u,spread phic/h,spread h/r
9.679596e-07,1.994678e-03,1.890634e-02,1.335717e-01,9.029975e-02,7.897035e-02
1.200005e-03,9.595086e-03,2.836460e-05,1.129399e-03,8.445986e-03,5.084574e-05
