# rmse alpha/u,rmse phic/h,rmse h/r,spread alpha/u,spread phic/h,spread h/r
9.679596e-07,1.994678e-03,1.890634e-02,1.335717e-01,9.029975e-02,7.897035e-02
8.413264e-04,6.654104e-03,2.374211e-05,8.244440e-04,6.623978e-03,4.680947e-05
