# rmse alpha/u,rmse phic/h,rmse h/r,spread alpha/u,spread phic/h,spread h/r
1.249407e-01,1.032155e-01,8.921483e-03,2.007018e-01,2.348895e-01,2.071683e-01
9.122714e-04,7.929844e-03,3.181311e-05,8.844158e-04,7.082351e-03,5.124366e-05
