# rmse alpha/u,rmse phic/h,rmse h/r,spread alpha/u,spread phic/h,spread h/r
1.249407e-01,1.032155e-01,8.921483e-03,2.007018e-01,2.348895e-01,2.071683e-01
8.771337e-04,6.922543e-03,2.423461e-05,8.817038e-04,6.949240e-03,4.954082e-05
