# rmse alpha/u,rmse phic/h,rmse h/r,spread alpha/u,spread phic/h,spread h/r
1.249407e-01,1.032155e-01,8.921483e-03,2.007018e-01,2.348895e-01,2.071683e-01
8.423933e-04,6.468937e-03,2.215027e-05,8.481503e-04,6.763426e-03,4.661278e-05
