# rmse alpha/u,rmse phic/h,rmse h/r,spread alpha/u,spread phic/h,spread h/r
1.249407e-01,1.032155e-01,8.921483e-03,2.007018e-01,2.348895e-01,2.071683e-01
8.622412e-04,6.908983e-03,2.321221e-05,8.573109e-04,6.838248e-03,4.657194e-05
