# rmse alpha/u,rmse phic/h,rmse h/r,spread alpha/u,spread phic/h,spread h/r
3.554274e-01,1.085407e-01,5.004036e-02,1.927996e-01,2.373932e-01,2.334187e-01
5.937932e-03,3.345224e-02,5.206879e-05,3.688458e-03,2.604109e-02,3.478349e-05
