# rmse alpha/u,rmse phic/h,rmse h/r,spread alpha/u,spread phic/h,spread h/r
3.554274e-01,1.085407e-01,5.004036e-02,1.927996e-01,2.373932e-01,2.334187e-01
3.807743e-03,2.638281e-02,4.376209e-05,2.098376e-03,1.457748e-02,2.941945e-05
