# rmse alpha/u,rmse phic/h,rmse h/r,spread alpha/u,spread phic/h,spread h/r
4.598437e-02,1.335658e-02,2.609039e-02,1.975673e-01,2.333144e-01,1.698355e-01
5.971890e-03,3.794682e-02,5.493170e-05,3.942166e-03,2.999077e-02,4.854883e-05
