# rmse alpha/u,rmse phic/h,rmse h/r,spread alpha/u,spread phic/h,spread h/r
4.598437e-02,1.335658e-02,2.609039e-02,1.975673e-01,2.333144e-01,1.698355e-01
4.736896e-03,2.694702e-02,5.052166e-05,3.995270e-03,3.089297e-02,4.749861e-05
