# rmse alpha/u,rmse phic/h,rmse h/r,spread alpha/u,spread phic/h,spread h/r
4.598437e-02,1.335658e-02,2.609039e-02,1.975673e-01,2.333144e-01,1.698355e-01
5.773373e-03,3.986534e-02,5.255114e-05,4.194693e-03,3.405074e-02,5.068996e-05
