# rmse alpha/u,rmse phic/h,rmse h/r,spread alpha/u,spread phic/h,spread h/r
4.598437e-02,1.335658e-02,2.609039e-02,1.975673e-01,2.333144e-01,1.698355e-01
4.837393e-03,2.885963e-02,6.146457e-05,4.385688e-03,3.497116e-02,5.266978e-05
