# rmse alpha/u,rmse phic/h,rmse h/r,spread alpha/u,spread phic/h,spread h/r
4.598437e-02,1.335658e-02,2.609039e-02,1.975673e-01,2.333144e-01,1.698355e-01
4.978603e-03,2.667820e-02,4.752178e-05,3.725429e-03,2.899445e-02,5.231460e-05
