# rmse alpha/u,rmse phic/h,rmse h/r,spread alpha/u,spread phic/h,spread h/r
4.598437e-02,1.335658e-02,2.609039e-02,1.975673e-01,2.333144e-01,1.698355e-01
3.830734e-03,2.222771e-02,4.394833e-05,3.154180e-03,2.217541e-02,3.974592e-05
