# rmse alpha/u,rmse phic/h,rmse h/r,spread alpha/u,spread phic/h,spread h/r
9.230820e-02,1.084418e-01,2.461855e-02,1.927996e-01,2.373932e-01,2.334187e-01
8.325548e-04,6.318391e-03,3.064086e-05,7.842798e-04,6.091409e-03,3.629616e-05
