# rmse alpha/u,rmse phic/h,rmse h/r,spread alpha/u,spread phic/h,spread h/r
9.230820e-02,1.084418e-01,2.461855e-02,1.927996e-01,2.373932e-01,2.334187e-01
8.802681e-04,6.788326e-03,2.815987e-05,8.216047e-04,6.482418e-03,3.713900e-05
