# rmse alpha/u,rmse phic/h,rmse h/r,spread alpha/u,spread phic/h,spread h/r
2.369433e-02,1.007957e-01,4.881224e-01,1.733888e-01,2.278507e-01,1.488446e-01
3.646079e-03,2.252699e-02,4.106117e-05,1.523332e-03,1.067975e-02,3.888523e-05
