# rmse alpha/u,rmse phic/h,rmse h/r,spread alpha/u,spread phic/h,spread h/r
2.369433e-02,1.007957e-01,4.881224e-01,1.733888e-01,2.278507e-01,1.488446e-01
2.415698e-03,1.581544e-02,5.198844e-05,1.492300e-03,1.088239e-02,4.177808e-05
