# rmse alpha/u,rmse phic/h,rmse h/r,spread alpha/u,spread phic/h,spread h/r
2.369433e-02,1.007957e-01,4.881224e-01,1.733888e-01,2.278507e-01,1.488446e-01
2.909912e-03,2.123480e-02,3.623162e-05,1.191342e-03,8.544613e-03,3.614608e-05
