# rmse alpha/u,rmse phic/h,rmse h/r,spread alpha/u,spread phic/h,spread h/r
4.730598e-02,4.106674e-03,9.644601e-02,1.733888e-01,2.278507e-01,1.488446e-01
1.566919e-03,1.893340e-02,5.538236e-05,1.862042e-03,1.474482e-02,5.095083e-05
