# rmse alpha/u,rmse phic/h,rmse h/r,spread alpha/u,spread phic/h,spread h/r
4.730598e-02,4.106674e-03,9.644601e-02,1.733888e-01,2.278507e-01,1.488446e-01
4.725737e-03,3.137319e-02,5.390808e-05,3.390147e-03,2.424809e-02,5.141202e-05
