# rmse alpha/u,rmse phic/h,rmse h/r,spread alpha/u,spread phic/h,spread h/r
4.730598e-02,4.106674e-03,9.644601e-02,1.733888e-01,2.278507e-01,1.488446e-01
4.108526e-03,2.554088e-02,5.210583e-05,3.590086e-03,2.773058e-02,6.083900e-05
