# rmse alpha/u,rmse phic/h,rmse h/r,spread alpha/u,spread phic/h,spread h/r
4.730598e-02,4.106674e-03,9.644601e-02,1.733888e-01,2.278507e-01,1.488446e-01
3.090981e-03,2.613807e-02,6.074933e-05,2.321161e-03,1.843056e-02,5.335848e-05
