# rmse alpha/u,rmse phic/h,rmse h/r,spread alpha/u,spread phic/h,spread h/r
4.730598e-02,4.106674e-03,9.644601e-02,1.733888e-01,2.278507e-01,1.488446e-01
3.161595e-03,2.272083e-02,4.661500e-05,3.112460e-03,2.132236e-02,4.802079e-05
