# rmse alpha/u,rmse phic/h,rmse h/r,spread alpha/u,spread phic/h,spread h/r
4.730598e-02,4.106674e-03,9.644601e-02,1.733888e-01,2.278507e-01,1.488446e-01
3.989097e-03,2.031154e-02,4.734198e-05,2.385419e-03,1.790299e-02,5.308077e-05
