# rmse alpha/u,rmse phic/h,rmse h/r,spread alpha/u,spread phic/h,spread h/r
1.205074e-01,1.570169e-01,8.718588e-02,1.982756e-01,1.909562e-01,1.621428e-01
7.773468e-04,6.178976e-03,1.838240e-05,7.959935e-04,6.137308e-03,3.331921e-05
