# rmse alpha/u,rmse phic/h,rmse h/r,spread alpha/u,spread phic/h,spread h/r
1.205074e-01,1.570169e-01,8.718588e-02,1.982756e-01,1.909562e-01,1.621428e-01
8.231965e-04,6.198837e-03,1.598719e-05,8.444734e-04,6.186255e-03,3.292292e-05
