# rmse alpha/u,rmse phic/h,rmse h/r,spread alpha/u,spread phic/h,spread h/r
1.205074e-01,1.570169e-01,8.718588e-02,1.982756e-01,1.909562e-01,1.621428e-01
1.932957e-03,1.225286e-02,3.249016e-05,1.300971e-03,9.717557e-03,3.561453e-05
