# rmse alpha/u,rmse phic/h,rmse h/r,spread alpha/u,spread phic/h,spread h/r
1.205074e-01,1.570169e-01,8.718588e-02,1.982756e-01,1.909562e-01,1.621428e-01
3.205740e-03,2.088229e-02,2.932961e-05,1.277420e-03,9.229146e-03,3.794779e-05
