# rmse alpha/u,rmse phic/h,rmse h/r,spread alpha/u,spread phic/h,spread h/r
1.205074e-01,1.570169e-01,8.718588e-02,1.982756e-01,1.909562e-01,1.621428e-01
1.746046e-03,1.000451e-02,2.135374e-05,1.084366e-03,7.739554e-03,3.757282e-05
