# rmse alpha/u,rmse phic/h,rmse h/r,spread alpha/u,spread phic/h,spread h/r
1.205074e-01,1.570169e-01,8.718588e-02,1.982756e-01,1.909562e-01,1.621428e-01
2.803649e-03,1.229204e-02,1.951782e-05,1.342189e-03,9.727265e-03,3.798448e-05
