# rmse alpha/u,rmse phic/h,rmse h/r,spread alpha/u,spread phic/h,spread h/r
3.023961e-02,6.331689e-02,2.047025e-02,2.064906e-01,1.899857e-01,1.562718e-01
3.871554e-03,2.305177e-02,6.040707e-05,2.751465e-03,2.040811e-02,5.292140e-05
