# rmse alpha/u,rmse phic/h,rmse h/r,spread alpha/u,spread phic/h,spread h/r
3.023961e-02,6.331689e-02,2.047025e-02,2.064906e-01,1.899857e-01,1.562718e-01
2.817526e-03,2.764984e-02,4.584655e-05,2.064105e-03,1.552678e-02,4.772419e-05
