# rmse alpha/u,rmse phic/h,rmse h/r,spread alpha/u,spread phic/h,spread h/r
3.023961e-02,6.331689e-02,2.047025e-02,2.064906e-01,1.899857e-01,1.562718e-01
4.055550e-03,2.517376e-02,3.242226e-05,2.230488e-03,1.541563e-02,4.449308e-05
