# rmse alpha/u,rmse phic/h,rmse h/r,spread alpha/u,spread phic/h,spread h/r
3.023961e-02,6.331689e-02,2.047025e-02,2.064906e-01,1.899857e-01,1.562718e-01
4.193586e-03,2.577948e-02,3.895388e-05,2.048658e-03,1.461230e-02,4.994695e-05
