# rmse alpha/u,rmse phic/h,rmse h/r,spread alpha/u,spread phic/h,spread h/r
3.023961e-02,6.331689e-02,2.047025e-02,2.064906e-01,1.899857e-01,1.562718e-01
2.631098e-03,2.366025e-02,4.984425e-05,1.579830e-03,1.185239e-02,4.957024e-05
