# rmse alpha/u,rmse phic/h,rmse h/r,spread alpha/u,spread phic/h,spread h/r
3.023961e-02,6.331689e-02,2.047025e-02,2.064906e-01,1.899857e-01,1.562718e-01
2.929594e-03,1.902182e-02,4.784135e-05,1.505324e-03,1.058692e-02,4.553918e-05
