# rmse alpha/u,rmse phic/h,rmse h/r,spread alpha/u,spread phic/h,spread h/r
3.023961e-02,6.331689e-02,2.047025e-02,2.064906e-01,1.899857e-01,1.562718e-01
2.543930e-03,1.557492e-02,4.939425e-05,1.620738e-03,1.109546e-02,4.497717e-05
