# rmse alpha/u,rmse phic/h,rmse h/r,spread alpha/u,spread phic/h,spread h/r
3.023961e-02,6.331689e-02,2.047025e-02,2.064906e-01,1.899857e-01,1.562718e-01
3.377673e-03,1.588906e-02,3.362242e-05,1.529116e-03,1.013037e-02,4.375003e-05
