# rmse alpha/u,rmse phic/h,rmse h/r,spread alpha/u,spread phic/h,spread h/r
3.023961e-02,6.331689e-02,2.047025e-02,2.064906e-01,1.899857e-01,1.562718e-01
3.612143e-03,2.373247e-02,3.932567e-05,1.695421e-03,1.190589e-02,4.560186e-05
