# rmse alpha/u,rmse phic/h,rmse h/r,spread alpha/u,spread phic/h,spread h/r
3.023961e-02,6.331689e-02,2.047025e-02,2.064906e-01,1.899857e-01,1.562718e-01
1.897241e-03,1.133320e-02,2.830927e-05,1.471392e-03,1.068723e-02,4.332315e-05
