# rmse alpha/u,rmse phic/h,rmse h/r,spread alpha/u,spread phic/h,spread h/r
3.023961e-02,6.331689e-02,2.047025e-02,2.064906e-01,1.899857e-01,1.562718e-01
2.796163e-03,1.480004e-02,2.845139e-05,1.661361e-03,1.150121e-02,4.271924e-05
