# rmse alpha/u,rmse phic/h,rmse h/r,spread alpha/u,spread phic/h,spread h/r
1.891735e-02,2.519304e-03,1.746277e-03,2.029553e-01,2.401346e-01,2.180772e-01
4.118551e-03,3.205327e-02,5.368283e-05,2.204151e-03,1.477442e-02,4.265822e-05
