# rmse alpha/u,rmse phic/h,rmse h/r,spread alpha/u,spread phic/h,spread h/r
1.891735e-02,2.519304e-03,1.746277e-03,2.029553e-01,2.401346e-01,2.180772e-01
2.872273e-03,1.616472e-02,5.178413e-05,2.333053e-03,1.629274e-02,4.122003e-05
