# rmse alpha/u,rmse phic/h,rmse h/r,spread alpha/u,spread phic/h,spread h/r
1.891735e-02,2.519304e-03,1.746277e-03,2.029553e-01,2.401346e-01,2.180772e-01
4.395088e-03,2.378473e-02,4.511636e-05,2.456528e-03,1.661714e-02,4.203287e-05
