# rmse alpha/u,rmse phic/h,rmse h/r,spread alpha/u,spread phic/h,spread h/r
1.891735e-02,2.519304e-03,1.746277e-03,2.029553e-01,2.401346e-01,2.180772e-01
2.630183e-03,1.844122e-02,5.591397e-05,2.234271e-03,1.602648e-02,4.324448e-05
