# rmse alpha/u,rmse phic/h,rmse h/r,spread alpha/u,spread phic/h,spread h/r
1.891735e-02,2.519304e-03,1.746277e-03,2.029553e-01,2.401346e-01,2.180772e-01
3.221294e-03,1.840546e-02,4.200865e-05,1.769852e-03,1.191200e-02,4.285368e-05
