# rmse alpha/u,rmse phic/h,rmse h/r,spread alpha/u,spread phic/h,spread h/r
1.891735e-02,2.519304e-03,1.746277e-03,2.029553e-01,2.401346e-01,2.180772e-01
3.052778e-03,2.412784e-02,5.141849e-05,2.144914e-03,1.482847e-02,3.971949e-05
