# rmse alpha/u,rmse phic/h,rmse h/r,spread alpha/u,spread phic/h,spread h/r
2.715361e-01,3.709083e-01,4.918100e-01,1.408747e-01,2.267476e-01,1.997121e-01
5.267143e-03,3.851443e-02,5.210505e-05,2.862758e-03,2.223247e-02,2.366854e-05
