# rmse alpha/u,rmse phic/h,rmse h/r,spread alpha/u,spread phic/h,spread h/r
2.715361e-01,3.709083e-01,4.918100e-01,1.408747e-01,2.267476e-01,1.997121e-01
4.137413e-03,3.283496e-02,4.589063e-05,2.860627e-03,2.132576e-02,2.351848e-05
