# rmse alpha/u,rmse phic/h,rmse h/r,spread alpha/u,spread phic/h,spread h/r
2.715361e-01,3.709083e-01,4.918100e-01,1.408747e-01,2.267476e-01,1.997121e-01
4.954208e-03,3.766070e-02,3.804471e-05,3.638647e-03,2.825288e-02,3.004335e-05
