# rmse alpha/u,rmse phic/h,rmse h/r,spread alpha/u,spread phic/h,spread h/r
2.715361e-01,3.709083e-01,4.918100e-01,1.408747e-01,2.267476e-01,1.997121e-01
4.669593e-03,3.998107e-02,4.297873e-05,3.592496e-03,2.988894e-02,3.257406e-05
