# rmse alpha/u,rmse phic/h,rmse h/r,spread alpha/u,spread phic/h,spread h/r
2.715361e-01,3.709083e-01,4.918100e-01,1.408747e-01,2.267476e-01,1.997121e-01
4.805402e-03,2.552185e-02,3.633008e-05,3.383701e-03,2.396987e-02,2.579131e-05
