# rmse alpha/u,rmse phic/h,rmse h/r,spread alpha/u,spread phic/h,spread h/r
2.715361e-01,3.709083e-01,4.918100e-01,1.408747e-01,2.267476e-01,1.997121e-01
4.454870e-03,3.162861e-02,2.792502e-05,2.782219e-03,2.039650e-02,1.785324e-05
