# rmse alpha/u,rmse phic/h,rmse h/r,spread alpha/u,spread phic/h,spread h/r
2.715361e-01,3.709083e-01,4.918100e-01,1.408747e-01,2.267476e-01,1.997121e-01
4.791845e-03,3.257181e-02,3.237316e-05,3.037167e-03,2.303243e-02,2.712012e-05
