# rmse alpha/u,rmse phic/h,rmse h/r,spread alpha/u,spread phic/h,spread h/r
2.715361e-01,3.709083e-01,4.918100e-01,1.408747e-01,2.267476e-01,1.997121e-01
4.907626e-03,3.314509e-02,4.641967e-05,2.914787e-03,2.083203e-02,2.727428e-05
