# rmse alpha/u,rmse phic/h,rmse h/r,spread alpha/u,spread phic/h,spread h/r
1.714544e-01,2.596752e-01,1.866842e-01,1.387709e-01,2.166638e-01,1.639076e-01
8.760687e-04,6.971975e-03,6.625958e-05,8.786250e-04,7.050382e-03,3.708896e-05
