# rmse alpha/u,rmse phic/h,rmse h/r,spread alpha/u,spread phic/h,spread h/r
1.714544e-01,2.596752e-01,1.866842e-01,1.387709e-01,2.166638e-01,1.639076e-01
8.240923e-04,7.455344e-03,6.358378e-05,8.177347e-04,6.501715e-03,3.512038e-05
