# rmse alpha/u,rmse phic/h,rmse h/r,spread alpha/u,spread phic/h,spread h/r
1.508486e-02,8.837662e-04,5.200522e-02,9.743008e-02,9.240720e-02,7.421253e-02
4.555760e-03,2.573547e-02,3.453169e-05,2.265337e-03,1.686506e-02,2.758645e-05
