# rmse alpha/u,rmse phic/h,rmse h/r,spread alpha/u,spread phic/h,spread h/r
1.508486e-02,8.837662e-04,5.200522e-02,9.743008e-02,9.240720e-02,7.421253e-02
5.215726e-03,2.895737e-02,3.832279e-05,3.208173e-03,2.344242e-02,2.724061e-05
