# rmse alpha/u,rmse phic/h,rmse h/r,spread alpha/u,spread phic/h,spread h/r
1.508486e-02,8.837662e-04,5.200522e-02,9.743008e-02,9.240720e-02,7.421253e-02
4.454739e-03,3.349874e-02,3.503440e-05,2.759856e-03,2.080149e-02,3.027281e-05
