# rmse alpha/u,rmse phic/h,rmse h/r,spread alpha/u,spread phic/h,spread h/r
1.508486e-02,8.837662e-04,5.200522e-02,9.743008e-02,9.240720e-02,7.421253e-02
4.126789e-03,2.549364e-02,3.708661e-05,2.874530e-03,1.988261e-02,3.230494e-05
