# rmse alpha/u,rmse phic/h,rmse h/r,spread alpha/u,spread phic/h,spread h/r
6.031508e-02,3.316907e-03,6.558955e-02,1.781318e-01,2.315378e-01,1.838146e-01
1.480886e-03,1.191831e-02,3.823317e-05,1.083322e-03,7.706049e-03,4.585992e-05
