# rmse alpha/u,rmse phic/h,rmse h/r,spread alpha/u,spread phic/h,spread h/r
6.031508e-02,3.316907e-03,6.558955e-02,1.781318e-01,2.315378e-01,1.838146e-01
1.390511e-03,1.051960e-02,3.591533e-05,1.005630e-03,7.488152e-03,4.547591e-05
