# rmse alpha/u,rmse phic/h,rmse h/r,spread alpha/u,spread phic/h,spread h/r
6.031508e-02,3.316907e-03,6.558955e-02,1.781318e-01,2.315378e-01,1.838146e-01
2.321149e-03,2.019724e-02,4.499695e-05,1.283101e-03,1.011110e-02,4.580090e-05
