# rmse alpha/u,rmse phic/h,rmse h/r,spread alpha/u,spread phic/h,spread h/r
6.031508e-02,3.316907e-03,6.558955e-02,1.781318e-01,2.315378e-01,1.838146e-01
1.784547e-03,1.266193e-02,3.463131e-05,1.169218e-03,8.346043e-03,4.049830e-05
