# rmse alpha/u,rmse phic/h,rmse h/r,spread alpha/u,spread phic/h,spread h/r
6.031508e-02,3.316907e-03,6.558955e-02,1.781318e-01,2.315378e-01,1.838146e-01
3.580143e-03,2.303137e-02,5.402291e-05,2.716202e-03,1.892415e-02,5.174115e-05
