# rmse alpha/u,rmse phic/h,rmse h/r,spread alpha/u,spread phic/h,spread h/r
6.031508e-02,3.316907e-03,6.558955e-02,1.781318e-01,2.315378e-01,1.838146e-01
1.040468e-03,6.617151e-03,3.646786e-05,8.380988e-04,6.400271e-03,4.328873e-05
