# rmse alpha/u,rmse phic/h,rmse h/r,spread alpha/u,spread phic/h,spread h/r
1.537894e-01,2.898560e-01,4.172786e-01,1.247299e-01,2.016558e-01,1.417906e-01
5.093614e-03,3.342097e-02,5.100162e-05,2.658984e-03,1.794307e-02,2.394927e-05
