# rmse alpha/u,rmse phic/h,rmse h/r,spread alpha/u,spread phic/h,spread h/r
1.537894e-01,2.898560e-01,4.172786e-01,1.247299e-01,2.016558e-01,1.417906e-01
4.640877e-03,2.475379e-02,5.664094e-05,2.290974e-03,1.641995e-02,2.272260e-05
