# rmse alpha/u,rmse phic/h,rmse h/r,spread alpha/u,spread phic/h,spread h/r
1.537894e-01,2.898560e-01,4.172786e-01,1.247299e-01,2.016558e-01,1.417906e-01
5.072239e-03,2.970870e-02,7.405464e-05,2.570182e-03,1.759248e-02,3.351207e-05
