# rmse alpha/u,rmse phic/h,rmse h/r,spread alpha/u,spread phic/h,spread h/r
1.537894e-01,2.898560e-01,4.172786e-01,1.247299e-01,2.016558e-01,1.417906e-01
3.637145e-03,2.663862e-02,7.482196e-05,2.093451e-03,1.465491e-02,3.028541e-05
