# rmse alpha/u,rmse phic/h,rmse h/r,spread alpha/u,spread phic/h,spread h/r
1.537894e-01,2.898560e-01,4.172786e-01,1.247299e-01,2.016558e-01,1.417906e-01
3.640700e-03,2.585017e-02,4.467872e-05,2.209436e-03,1.480198e-02,2.778271e-05
