# rmse alpha/u,rmse phic/h,rmse h/r,spread alpha/u,spread phic/h,spread h/r
1.537894e-01,2.898560e-01,4.172786e-01,1.247299e-01,2.016558e-01,1.417906e-01
3.735879e-03,2.591883e-02,4.148456e-05,2.250634e-03,1.604625e-02,2.915354e-05
