# rmse alpha/u,rmse phic/h,rmse h/r,spread alpha/u,spread phic/h,spread h/r
2.582921e-03,3.105739e-01,9.306825e-02,2.178019e-01,1.997102e-01,1.533221e-01
3.284119e-03,2.225836e-02,3.111120e-05,2.582176e-03,1.943031e-02,3.146226e-05
