# rmse alpha/u,rmse phic/h,rmse h/r,spread alpha/u,spread phic/h,spread h/r
2.582921e-03,3.105739e-01,9.306825e-02,2.178019e-01,1.997102e-01,1.533221e-01
2.683343e-03,3.082533e-02,4.113179e-05,2.233352e-03,1.824669e-02,3.493638e-05
