# rmse alpha/u,rmse phic/h,rmse h/r,spread alpha/u,spread phic/h,spread h/r
2.582921e-03,3.105739e-01,9.306825e-02,2.178019e-01,1.997102e-01,1.533221e-01
4.287314e-03,2.908268e-02,4.205929e-05,2.803758e-03,2.198513e-02,3.533820e-05
