# rmse alpha/u,rmse phic/h,rmse h/r,spread alpha/u,spread phic/h,spread h/r
2.582921e-03,3.105739e-01,9.306825e-02,2.178019e-01,1.997102e-01,1.533221e-01
3.607802e-03,2.088229e-02,3.704395e-05,2.578655e-03,1.676185e-02,2.754985e-05
