# rmse alpha/u,rmse phic/h,rmse h/r,spread alpha/u,spread phic/h,spread h/r
2.582921e-03,3.105739e-01,9.306825e-02,2.178019e-01,1.997102e-01,1.533221e-01
3.030782e-03,1.702030e-02,2.197280e-05,1.920494e-03,1.432343e-02,2.589065e-05
