# rmse alpha/u,rmse phic/h,rmse h/r,spread alpha/u,spread phic/h,spread h/r
6.888507e-02,1.925360e-02,1.238255e-01,2.029553e-01,2.401346e-01,2.180772e-01
8.840550e-04,7.013815e-03,3.559448e-05,8.860520e-04,6.956715e-03,4.749892e-05
