# rmse alpha/u,rmse phic/h,rmse h/r,spread alpha/u,spread phic/h,spread h/r
6.888507e-02,1.925360e-02,1.238255e-01,2.029553e-01,2.401346e-01,2.180772e-01
8.260830e-04,6.254310e-03,3.526899e-05,8.205538e-04,6.488649e-03,4.336652e-05
