# rmse alpha/u,rmse phic/h,rmse h/r,spread alpha/u,spread phic/h,spread h/r
6.888507e-02,1.925360e-02,1.238255e-01,2.029553e-01,2.401346e-01,2.180772e-01
8.376153e-04,6.645066e-03,3.316446e-05,8.309526e-04,6.536938e-03,4.355412e-05
