# rmse alpha/u,rmse phic/h,rmse h/r,spread alpha/u,spread phic/h,spread h/r
6.888507e-02,1.925360e-02,1.238255e-01,2.029553e-01,2.401346e-01,2.180772e-01
8.402949e-04,6.476945e-03,3.243311e-05,8.343229e-04,6.521990e-03,4.583383e-05
