# rmse alpha/u,rmse phic/h,rmse h/r,spread alpha/u,spread phic/h,spread h/r
6.888507e-02,1.925360e-02,1.238255e-01,2.029553e-01,2.401346e-01,2.180772e-01
8.778396e-04,6.927190e-03,3.841258e-05,8.577361e-04,6.687946e-03,4.621477e-05
