# rmse alpha/u,rmse phic/h,rmse h/r,spread alpha/u,spread phic/h,spread h/r
6.888507e-02,1.925360e-02,1.238255e-01,2.029553e-01,2.401346e-01,2.180772e-01
8.852955e-04,6.733794e-03,4.355269e-05,8.790554e-04,6.957763e-03,4.655608e-05
