# rmse alpha/u,rmse phic/h,rmse h/r,spread alpha/u,spread phic/h,spread h/r
6.888507e-02,1.925360e-02,1.238255e-01,2.029553e-01,2.401346e-01,2.180772e-01
8.370450e-04,6.323861e-03,3.631620e-05,8.283604e-04,6.497336e-03,4.347052e-05
