# rmse alpha/u,rmse phic/h,rmse h/r,spread alpha/u,spread phic/h,spread h/r
6.888507e-02,1.925360e-02,1.238255e-01,2.029553e-01,2.401346e-01,2.180772e-01
7.911102e-04,7.045241e-03,3.404458e-05,8.229413e-04,6.476580e-03,4.330045e-05
