# rmse alpha/u,rmse phic/h,rmse h/r,spread alpha/u,spread phic/h,spread h/r
6.888507e-02,1.925360e-02,1.238255e-01,2.029553e-01,2.401346e-01,2.180772e-01
8.291821e-04,6.235805e-03,3.370765e-05,8.325483e-04,6.495831e-03,4.358037e-05
