# rmse alpha/u,rmse phic/h,rmse h/r,spread alpha/u,spread phic/h,spread h/r
2.998001e-01,2.154701e-01,2.576322e-01,1.813633e-01,2.153254e-01,1.756998e-01
5.115100e-03,3.082037e-02,3.846530e-05,2.943458e-03,2.085504e-02,3.462723e-05
