# rmse alpha/u,rmse phic/h,rmse h/r,spread alpha/u,spread phic/h,spread h/r
2.998001e-01,2.154701e-01,2.576322e-01,1.813633e-01,2.153254e-01,1.756998e-01
3.222257e-03,2.495443e-02,3.434995e-05,2.433208e-03,1.675377e-02,2.836276e-05
