# rmse alpha/u,rmse phic/h,rmse h/r,spread alpha/u,spread phic/h,spread h/r
2.998001e-01,2.154701e-01,2.576322e-01,1.813633e-01,2.153254e-01,1.756998e-01
5.304787e-03,2.951746e-02,2.810457e-05,2.792467e-03,2.050089e-02,3.141565e-05
