# rmse alpha/u,rmse phic/h,rmse h/r,spread alpha/u,spread phic/h,spread h/r
2.998001e-01,2.154701e-01,2.576322e-01,1.813633e-01,2.153254e-01,1.756998e-01
4.206282e-03,2.110175e-02,3.189875e-05,2.975301e-03,2.082469e-02,2.935128e-05
