# rmse alpha/u,rmse phic/h,rmse h/r,spread alpha/u,spread phic/h,spread h/r
2.998001e-01,2.154701e-01,2.576322e-01,1.813633e-01,2.153254e-01,1.756998e-01
4.799340e-03,3.426327e-02,3.395461e-05,3.368798e-03,2.536943e-02,3.410624e-05
