# rmse alpha/u,rmse phic/h,rmse h/r,spread alpha/u,spread phic/h,spread h/r
3.773373e-03,6.914513e-03,5.465239e-01,1.982756e-01,1.909562e-01,1.621428e-01
7.993223e-04,6.470833e-03,1.905341e-05,8.511889e-04,6.555500e-03,3.554108e-05
