# rmse alpha/u,rmse phic/h,rmse h/r,spread alpha/u,spread phic/h,spread h/r
3.773373e-03,6.914513e-03,5.465239e-01,1.982756e-01,1.909562e-01,1.621428e-01
1.739744e-03,8.393774e-03,2.945206e-05,1.060549e-03,7.609740e-03,3.656052e-05
