# rmse alpha/u,rmse phic/h,rmse h/r,spread alpha/u,spread phic/h,spread h/r
3.773373e-03,6.914513e-03,5.465239e-01,1.982756e-01,1.909562e-01,1.621428e-01
1.394142e-03,1.108943e-02,3.432554e-05,1.084877e-03,7.963827e-03,4.059836e-05
