# rmse alpha/u,rmse phic/h,rmse h/r,spread alpha/u,spread phic/h,spread h/r
3.773373e-03,6.914513e-03,5.465239e-01,1.982756e-01,1.909562e-01,1.621428e-01
1.215331e-03,7.320444e-03,1.921993e-05,8.415013e-04,6.506647e-03,3.334899e-05
