# rmse alpha/u,rmse phic/h,rmse h/r,spread alpha/u,spread phic/h,spread h/r
3.773373e-03,6.914513e-03,5.465239e-01,1.982756e-01,1.909562e-01,1.621428e-01
1.497225e-03,8.500350e-03,3.449244e-05,1.403363e-03,9.575801e-03,3.722782e-05
