# rmse alpha/u,rmse phic/h,rmse h/r,spread alpha/u,spread phic/h,spread h/r
3.773373e-03,6.914513e-03,5.465239e-01,1.982756e-01,1.909562e-01,1.621428e-01
1.092980e-03,8.322472e-03,4.471956e-05,1.005001e-03,7.679596e-03,4.044018e-05
