# rmse alpha/u,rmse phic/h,rmse h/r,spread alpha/u,spread phic/h,spread h/r
5.551187e-03,2.011220e-02,5.844702e-04,1.400859e-01,1.177824e-01,9.047878e-02
9.126869e-04,6.885380e-03,2.211819e-05,9.046622e-04,7.051003e-03,4.796110e-05
