# rmse alpha/u,rmse phic/h,rmse h/r,spread alpha/u,spread phic/h,spread h/r
5.551187e-03,2.011220e-02,5.844702e-04,1.400859e-01,1.177824e-01,9.047878e-02
1.687062e-03,9.952005e-03,2.157530e-05,1.051315e-03,7.867040e-03,4.766579e-05
