# rmse alpha/u,rmse phic/h,rmse h/r,spread alpha/u,spread phic/h,spread h/r
5.551187e-03,2.011220e-02,5.844702e-04,1.400859e-01,1.177824e-01,9.047878e-02
9.560688e-04,7.918144e-03,2.057697e-05,9.283960e-04,7.104870e-03,4.637523e-05
