# rmse alpha/u,rmse phic/h,rmse h/r,spread alpha/u,spread phic/h,spread h/r
5.551187e-03,2.011220e-02,5.844702e-04,1.400859e-01,1.177824e-01,9.047878e-02
1.952890e-03,1.148879e-02,3.436737e-05,1.031155e-03,7.708390e-03,4.790529e-05
