# rmse alpha/u,rmse phic/h,rmse h/r,spread alpha/u,spread phic/h,spread h/r
5.551187e-03,2.011220e-02,5.844702e-04,1.400859e-01,1.177824e-01,9.047878e-02
9.861599e-04,7.697786e-03,2.520070e-05,9.896440e-04,7.418492e-03,4.817530e-05
