# rmse alpha/u,rmse phic/h,rmse h/r,spread alpha/u,spread phic/h,spread h/r
5.551187e-03,2.011220e-02,5.844702e-04,1.400859e-01,1.177824e-01,9.047878e-02
1.303064e-03,1.091581e-02,2.111133e-05,1.013895e-03,7.593991e-03,4.743387e-05
