# rmse alpha/u,rmse phic/h,rmse h/r,spread alpha/u,spread phic/h,spread h/r
5.551187e-03,2.011220e-02,5.844702e-04,1.400859e-01,1.177824e-01,9.047878e-02
1.007052e-03,7.062692e-03,2.404423e-05,1.006729e-03,7.470316e-03,4.727150e-05
