# rmse alpha/u,rmse phic/h,rmse h/r,spread alpha/u,spread phic/h,spread h/r
7.550255e-01,3.291900e-01,2.130082e-01,1.387709e-01,2.166638e-01,1.639076e-01
4.188938e-03,2.978042e-02,3.265212e-05,2.821408e-03,2.019033e-02,2.266589e-05
