# rmse alpha/u,rmse phic/h,rmse h/r,spread alpha/u,spread phic/h,spread h/r
7.550255e-01,3.291900e-01,2.130082e-01,1.387709e-01,2.166638e-01,1.639076e-01
4.562760e-03,3.049321e-02,3.019832e-05,3.666067e-03,2.848027e-02,3.654481e-05
