# rmse alpha/u,rmse phic/h,rmse h/r,spread alpha/u,spread phic/h,spread h/r
7.550255e-01,3.291900e-01,2.130082e-01,1.387709e-01,2.166638e-01,1.639076e-01
3.952620e-03,2.091601e-02,2.227486e-05,3.199250e-03,2.257578e-02,2.552116e-05
