# rmse alpha/u,rmse phic/h,rmse h/r,spread alpha/u,spread phic/h,spread h/r
7.550255e-01,3.291900e-01,2.130082e-01,1.387709e-01,2.166638e-01,1.639076e-01
4.100601e-03,2.559929e-02,2.729361e-05,3.174673e-03,2.298763e-02,2.798266e-05
