# rmse alpha/u,rmse phic/h,rmse h/r,spread alpha/u,spread phic/h,spread h/r
1.021459e-01,1.563623e-03,1.155242e-01,2.029553e-01,2.401346e-01,2.180772e-01
8.713122e-04,7.199208e-03,4.142730e-05,8.591055e-04,6.797178e-03,4.303045e-05
