# rmse alpha/u,rmse phic/h,rmse h/r,spread alpha/u,spread phic/h,spread h/r
1.021459e-01,1.563623e-03,1.155242e-01,2.029553e-01,2.401346e-01,2.180772e-01
8.809378e-04,6.650770e-03,3.524291e-05,8.585157e-04,6.680894e-03,4.187888e-05
