# rmse alpha/u,rmse phic/h,rmse h/r,spread alpha/u,spread phic/h,spread h/r
1.021459e-01,1.563623e-03,1.155242e-01,2.029553e-01,2.401346e-01,2.180772e-01
8.900217e-04,7.214570e-03,5.172792e-05,8.688765e-04,6.832557e-03,4.363078e-05
