# rmse alpha/u,rmse phic/h,rmse h/r,spread alpha/u,spread phic/h,spread h/r
1.021459e-01,1.563623e-03,1.155242e-01,2.029553e-01,2.401346e-01,2.180772e-01
8.592731e-04,6.456247e-03,4.365007e-05,8.338972e-04,6.558948e-03,4.262407e-05
