# rmse alpha/u,rmse phic/h,rmse h/r,spread alpha/u,spread phic/h,spread h/r
1.021459e-01,1.563623e-03,1.155242e-01,2.029553e-01,2.401346e-01,2.180772e-01
8.819349e-04,6.751265e-03,4.770316e-05,8.696307e-04,6.759052e-03,4.474444e-05
