# rmse alpha/u,rmse phic/h,rmse h/r,spread alpha/u,spread phic/h,spread h/r
1.021459e-01,1.563623e-03,1.155242e-01,2.029553e-01,2.401346e-01,2.180772e-01
8.454554e-04,7.483520e-03,4.963760e-05,8.498810e-04,6.655886e-03,4.433781e-05
