# rmse alpha/u,rmse phic/h,rmse h/r,spread alpha/u,spread phic/h,spread h/r
9.522889e-02,3.286238e-03,1.404749e-02,1.175343e-01,8.842252e-02,9.385208e-02
5.840918e-03,2.861008e-02,6.433341e-05,2.500484e-03,1.758965e-02,3.006125e-05
