# rmse alpha/u,rmse phic/h,rmse h/r,spread alpha/u,spread phic/h,spread h/r
9.522889e-02,3.286238e-03,1.404749e-02,1.175343e-01,8.842252e-02,9.385208e-02
5.601955e-03,3.171443e-02,5.105866e-05,2.788419e-03,2.032181e-02,3.367172e-05
