# rmse alpha/u,rmse phic/h,rmse h/r,spread alpha/u,spread phic/h,spread h/r
9.522889e-02,3.286238e-03,1.404749e-02,1.175343e-01,8.842252e-02,9.385208e-02
3.888043e-03,2.403740e-02,6.890058e-05,2.673801e-03,1.792291e-02,3.381106e-05
