# rmse alpha/u,rmse phic/h,rmse h/r,spread alpha/u,spread phic/h,spread h/r
9.522889e-02,3.286238e-03,1.404749e-02,1.175343e-01,8.842252e-02,9.385208e-02
4.064646e-03,2.937649e-02,5.528525e-05,2.640948e-03,1.894911e-02,3.386154e-05
