# rmse alpha/u,rmse phic/h,rmse h/r,spread alpha/u,spread phic/h,spread h/r
9.522889e-02,3.286238e-03,1.404749e-02,1.175343e-01,8.842252e-02,9.385208e-02
3.845404e-03,2.147185e-02,5.208483e-05,2.437051e-03,1.726167e-02,2.775268e-05
