# rmse alpha/u,rmse phic/h,rmse h/r,spread alpha/u,spread phic/h,spread h/r
9.522889e-02,3.286238e-03,1.404749e-02,1.175343e-01,8.842252e-02,9.385208e-02
3.923321e-03,2.189785e-02,5.157117e-05,2.527153e-03,1.691709e-02,2.762231e-05
