# rmse alpha/u,rmse phic/h,rmse h/r,spread alpha/u,spread phic/h,spread h/r
9.522889e-02,3.286238e-03,1.404749e-02,1.175343e-01,8.842252e-02,9.385208e-02
4.403655e-03,2.861391e-02,4.248543e-05,2.642533e-03,1.738950e-02,2.560956e-05
