# rmse alpha/u,rmse phic/h,rmse h/r,spread alpha/u,spread phic/h,spread h/r
9.522889e-02,3.286238e-03,1.404749e-02,1.175343e-01,8.842252e-02,9.385208e-02
5.644584e-03,3.032226e-02,5.284036e-05,2.751614e-03,1.820156e-02,2.611963e-05
