# rmse alpha/u,rmse phic/h,rmse h/r,spread alpha/u,spread phic/h,spread h/r
9.522889e-02,3.286238e-03,1.404749e-02,1.175343e-01,8.842252e-02,9.385208e-02
4.752036e-03,3.118395e-02,6.912413e-05,2.627860e-03,1.805600e-02,3.457892e-05
