# rmse alpha/u,rmse phic/h,rmse h/r,spread alpha/u,spread phic/h,spread h/r
9.522889e-02,3.286238e-03,1.404749e-02,1.175343e-01,8.842252e-02,9.385208e-02
4.857033e-03,2.606312e-02,5.547547e-05,2.230090e-03,1.456312e-02,2.885193e-05
