# rmse alpha/u,rmse phic/h,rmse h/r,spread alpha/u,spread phic/h,spread h/r
1.830789e-02,7.123424e-02,3.853814e-04,1.825518e-01,1.908310e-01,1.885930e-01
8.277483e-04,6.339928e-03,2.445826e-05,8.382157e-04,6.640136e-03,4.900586e-05
