# rmse alpha/u,rmse phic/h,rmse h/r,spread alpha/u,spread phic/h,spread h/r
1.830789e-02,7.123424e-02,3.853814e-04,1.825518e-01,1.908310e-01,1.885930e-01
2.805873e-03,1.632074e-02,5.483185e-05,1.523707e-03,1.094209e-02,5.318272e-05
