# rmse alpha/u,rmse phic/h,rmse h/r,spread alpha/u,spread phic/h,spread h/r
1.830789e-02,7.123424e-02,3.853814e-04,1.825518e-01,1.908310e-01,1.885930e-01
2.338248e-03,1.182977e-02,4.385898e-05,1.464006e-03,1.020302e-02,5.238897e-05
