# rmse alpha/u,rmse phic/h,rmse h/r,spread alpha/u,spread phic/h,spread h/r
1.830789e-02,7.123424e-02,3.853814e-04,1.825518e-01,1.908310e-01,1.885930e-01
1.878683e-03,9.886041e-03,5.413330e-05,1.237151e-03,9.349005e-03,5.302793e-05
