# rmse alpha/u,rmse phic/h,rmse h/r,spread alpha/u,spread phic/h,spread h/r
2.609702e-01,1.027345e-01,2.579555e-01,1.534342e-01,7.906547e-02,8.096969e-02
4.588553e-03,3.881883e-02,6.815545e-05,2.795226e-03,1.995152e-02,3.681504e-05
