# rmse alpha/u,rmse phic/h,rmse h/r,spread alpha/u,spread phic/h,spread h/r
2.609702e-01,1.027345e-01,2.579555e-01,1.534342e-01,7.906547e-02,8.096969e-02
5.233417e-03,3.364224e-02,5.496861e-05,3.129078e-03,2.023582e-02,3.238087e-05
