# rmse alpha/u,rmse phic/h,rmse h/r,spread alpha/u,spread phic/h,spread h/r
2.609702e-01,1.027345e-01,2.579555e-01,1.534342e-01,7.906547e-02,8.096969e-02
4.892716e-03,3.214149e-02,4.176847e-05,2.665725e-03,1.813485e-02,2.530754e-05
