# rmse alpha/u,rmse phic/h,rmse h/r,spread alpha/u,spread phic/h,spread h/r
2.609702e-01,1.027345e-01,2.579555e-01,1.534342e-01,7.906547e-02,8.096969e-02
3.599904e-03,3.043545e-02,5.656433e-05,2.180217e-03,1.586316e-02,3.255822e-05
