# rmse alpha/u,rmse phic/h,rmse h/r,spread alpha/u,spread phic/h,spread h/r
1.426789e-01,1.100111e-01,8.882594e-02,1.363145e-01,1.100107e-01,8.863622e-02
1.892255e-03,1.121050e-02,4.532719e-05,1.163212e-03,8.493971e-03,4.511152e-05
