# rmse alpha/u,rmse phic/h,rmse h/r,spread alpha/u,spread phic/h,spread h/r
1.426789e-01,1.100111e-01,8.882594e-02,1.363145e-01,1.100107e-01,8.863622e-02
2.506423e-03,1.314932e-02,3.336959e-05,1.293650e-03,8.454582e-03,4.311899e-05
