# rmse alpha/u,rmse phic/h,rmse h/r,spread alpha/u,spread phic/h,spread h/r
1.426789e-01,1.100111e-01,8.882594e-02,1.363145e-01,1.100107e-01,8.863622e-02
1.398567e-03,1.130782e-02,3.098667e-05,1.453578e-03,1.003293e-02,4.418724e-05
