# rmse alpha/u,rmse phic/h,rmse h/r,spread alpha/u,spread phic/h,spread h/r
1.426789e-01,1.100111e-01,8.882594e-02,1.363145e-01,1.100107e-01,8.863622e-02
1.948171e-03,8.752673e-03,2.847987e-05,9.995146e-04,7.179308e-03,3.907820e-05
