# rmse alpha/u,rmse phic/h,rmse h/r,spread alpha/u,spread phic/h,spread h/r
1.426789e-01,1.100111e-01,8.882594e-02,1.363145e-01,1.100107e-01,8.863622e-02
1.710305e-03,7.863168e-03,3.290359e-05,1.012511e-03,7.261794e-03,4.075483e-05
