# rmse alpha/u,rmse phic/h,rmse h/r,spread alpha/u,spread phic/h,spread h/r
1.426789e-01,1.100111e-01,8.882594e-02,1.363145e-01,1.100107e-01,8.863622e-02
1.228155e-03,9.637552e-03,3.927066e-05,8.816896e-04,6.686086e-03,4.203916e-05
