# rmse alpha/u,rmse phic/h,rmse h/r,spread alpha/u,spread phic/h,spread h/r
2.124597e-01,4.493091e-03,9.092780e-02,2.007666e-01,2.380345e-01,2.181955e-01
3.628062e-03,1.780523e-02,6.754103e-05,2.185468e-03,1.404046e-02,4.570131e-05
