# rmse alpha/u,rmse phic/h,rmse h/r,spread alpha/u,spread phic/h,spread h/r
2.124597e-01,4.493091e-03,9.092780e-02,2.007666e-01,2.380345e-01,2.181955e-01
1.952871e-03,1.908079e-02,7.976000e-05,2.080759e-03,1.599368e-02,5.444175e-05
