# rmse alpha/u,rmse phic/h,rmse h/r,spread alpha/u,spread phic/h,spread h/r
2.124597e-01,4.493091e-03,9.092780e-02,2.007666e-01,2.380345e-01,2.181955e-01
3.675120e-03,1.825343e-02,8.015089e-05,2.419455e-03,1.731848e-02,6.182139e-05
