# rmse alpha/u,rmse phic/h,rmse h/r,spread alpha/u,spread phic/h,spread h/r
2.124597e-01,4.493091e-03,9.092780e-02,2.007666e-01,2.380345e-01,2.181955e-01
2.547633e-03,1.355105e-02,6.775927e-05,2.164750e-03,1.401124e-02,5.168318e-05
