# rmse alpha/u,rmse phic/h,rmse h/r,spread alpha/u,spread phic/h,spread h/r
2.124597e-01,4.493091e-03,9.092780e-02,2.007666e-01,2.380345e-01,2.181955e-01
3.332560e-03,1.865099e-02,8.837310e-05,2.663705e-03,1.921986e-02,6.240212e-05
