# rmse alpha/u,rmse phic/h,rmse h/r,spread alpha/u,spread phic/h,spread h/r
2.124597e-01,4.493091e-03,9.092780e-02,2.007666e-01,2.380345e-01,2.181955e-01
2.873595e-03,1.732824e-02,8.452243e-05,2.525995e-03,1.775876e-02,5.915264e-05
