# rmse alpha/u,rmse phic/h,rmse h/r,spread alpha/u,spread phic/h,spread h/r
2.124597e-01,4.493091e-03,9.092780e-02,2.007666e-01,2.380345e-01,2.181955e-01
2.943738e-03,1.942529e-02,8.272805e-05,2.260555e-03,1.698819e-02,5.484468e-05
