# rmse alpha/u,rmse phic/h,rmse h/r,spread alpha/u,spread phic/h,spread h/r
5.294385e-03,5.875700e-03,2.813048e-03,1.292535e-01,1.990431e-01,1.773223e-01
8.587066e-04,7.024026e-03,2.552805e-05,8.522815e-04,7.051266e-03,5.185857e-05
