# rmse alpha/u,rmse phic/h,rmse h/r,spread alpha/u,spread phic/h,spread h/r
5.294385e-03,5.875700e-03,2.813048e-03,1.292535e-01,1.990431e-01,1.773223e-01
9.080047e-04,8.848112e-03,2.702103e-05,8.322049e-04,6.829624e-03,5.011553e-05
