# rmse alpha/u,rmse phic/h,rmse h/r,spread alpha/u,spread phic/h,spread h/r
5.294385e-03,5.875700e-03,2.813048e-03,1.292535e-01,1.990431e-01,1.773223e-01
8.596709e-04,6.876364e-03,2.640213e-05,8.677205e-04,7.050390e-03,5.256050e-05
