# rmse alpha/u,rmse phic/h,rmse h/r,spread alpha/u,spread phic/h,spread h/r
7.764206e-02,1.163083e-01,1.701866e-01,2.077143e-01,2.466131e-01,2.309632e-01
5.124400e-03,3.588173e-02,8.093748e-05,3.335374e-03,2.385297e-02,5.336736e-05
