# rmse alpha/u,rmse phic/h,rmse h/r,spread alpha/u,spread phic/h,spread h/r
7.764206e-02,1.163083e-01,1.701866e-01,2.077143e-01,2.466131e-01,2.309632e-01
4.915026e-03,3.328698e-02,6.593898e-05,3.493139e-03,2.571372e-02,4.922918e-05
