# rmse alpha/u,rmse phic/h,rmse h/r,spread alpha/u,spread phic/h,spread h/r
7.764206e-02,1.163083e-01,1.701866e-01,2.077143e-01,2.466131e-01,2.309632e-01
4.410525e-03,2.872412e-02,6.992277e-05,3.464187e-03,2.386702e-02,4.774343e-05
