# rmse alpha/u,rmse phic/h,rmse h/r,spread alpha/u,spread phic/h,spread h/r
7.764206e-02,1.163083e-01,1.701866e-01,2.077143e-01,2.466131e-01,2.309632e-01
4.170835e-03,3.196218e-02,5.362065e-05,3.617869e-03,2.673271e-02,4.798044e-05
