# rmse alpha/u,rmse phic/h,rmse h/r,spread alpha/u,spread phic/h,spread h/r
7.764206e-02,1.163083e-01,1.701866e-01,2.077143e-01,2.466131e-01,2.309632e-01
6.174581e-03,3.829745e-02,8.018892e-05,3.070898e-03,2.434202e-02,5.775481e-05
