# rmse alpha/u,rmse phic/h,rmse h/r,spread alpha/u,spread phic/h,spread h/r
7.764206e-02,1.163083e-01,1.701866e-01,2.077143e-01,2.466131e-01,2.309632e-01
5.298326e-03,4.068541e-02,7.344416e-05,3.743752e-03,2.665338e-02,4.905817e-05
