# rmse alpha/u,rmse phic/h,rmse h/r,spread alpha/u,spread phic/h,spread h/r
7.764206e-02,1.163083e-01,1.701866e-01,2.077143e-01,2.466131e-01,2.309632e-01
4.215732e-03,3.410552e-02,7.300985e-05,2.836343e-03,2.029941e-02,4.817516e-05
