# rmse alpha/u,rmse phic/h,rmse h/r,spread alpha/u,spread phic/h,spread h/r
1.201645e-01,1.804291e-01,2.403525e-01,2.007666e-01,2.380345e-01,2.181955e-01
4.086972e-03,3.091114e-02,5.204656e-05,3.722746e-03,2.728426e-02,4.208272e-05
