# rmse alpha/u,rmse phic/h,rmse h/r,spread alpha/u,spread phic/h,spread h/r
1.201645e-01,1.804291e-01,2.403525e-01,2.007666e-01,2.380345e-01,2.181955e-01
3.926968e-03,2.659036e-02,5.131344e-05,3.844520e-03,2.862458e-02,4.169831e-05
