# rmse alpha/u,rmse phic/h,rmse h/r,spread alpha/u,spread phic/h,spread h/r
1.201645e-01,1.804291e-01,2.403525e-01,2.007666e-01,2.380345e-01,2.181955e-01
4.496364e-03,2.872725e-02,5.244196e-05,4.098676e-03,3.121948e-02,4.364022e-05
