# rmse alpha/u,rmse phic/h,rmse h/r,spread alpha/u,spread phic/h,spread h/r
1.201645e-01,1.804291e-01,2.403525e-01,2.007666e-01,2.380345e-01,2.181955e-01
5.944264e-03,3.176756e-02,5.493203e-05,3.454825e-03,2.384089e-02,3.826004e-05
