# rmse alpha/u,rmse phic/h,rmse h/r,spread alpha/u,spread phic/h,spread h/r
1.201645e-01,1.804291e-01,2.403525e-01,2.007666e-01,2.380345e-01,2.181955e-01
4.580673e-03,3.408038e-02,5.154469e-05,3.071574e-03,2.240054e-02,3.886520e-05
