# rmse alpha/u,rmse phic/h,rmse h/r,spread alpha/u,spread phic/h,spread h/r
1.201645e-01,1.804291e-01,2.403525e-01,2.007666e-01,2.380345e-01,2.181955e-01
3.633492e-03,2.976886e-02,5.075218e-05,3.122049e-03,2.423521e-02,3.347439e-05
