# rmse alpha/u,rmse phic/h,rmse h/r,spread alpha/u,spread phic/h,spread h/r
3.519357e-01,5.914578e-01,5.767501e-01,1.811844e-01,2.189349e-01,1.830777e-01
3.774349e-03,2.029873e-02,4.613603e-05,1.815416e-03,1.223821e-02,1.749031e-05
