# rmse alpha/u,rmse phic/h,rmse h/r,spread alpha/u,spread phic/h,spread h/r
3.519357e-01,5.914578e-01,5.767501e-01,1.811844e-01,2.189349e-01,1.830777e-01
2.876238e-03,2.001298e-02,4.890978e-05,1.413715e-03,9.383690e-03,1.777869e-05
