# rmse alpha/u,rmse phic/h,rmse h/r,spread alpha/u,spread phic/h,spread h/r
3.519357e-01,5.914578e-01,5.767501e-01,1.811844e-01,2.189349e-01,1.830777e-01
2.686103e-03,1.964388e-02,5.332453e-05,1.924770e-03,1.320143e-02,2.120768e-05
