# rmse alpha/u,rmse phic/h,rmse h/r,spread alpha/u,spread phic/h,spread h/r
7.004070e-03,9.264332e-03,1.420697e-03,1.498822e-01,1.993221e-01,1.602325e-01
8.788443e-04,6.914817e-03,2.719183e-05,9.114088e-04,6.928711e-03,3.646032e-05
