# rmse alpha/u,rmse phic/h,rmse h/r,spread alpha/u,spread phic/h,spread h/r
7.004070e-03,9.264332e-03,1.420697e-03,1.498822e-01,1.993221e-01,1.602325e-01
8.238336e-04,6.228371e-03,2.576174e-05,8.754269e-04,6.406398e-03,3.037932e-05
