# rmse alpha/u,rmse phic/h,rmse h/r,spread alpha/u,spread phic/h,spread h/r
7.004070e-03,9.264332e-03,1.420697e-03,1.498822e-01,1.993221e-01,1.602325e-01
8.542586e-04,6.736430e-03,2.624133e-05,8.213838e-04,6.450554e-03,3.250553e-05
