# rmse alpha/u,rmse phic/h,rmse h/r,spread alpha/u,spread phic/h,spread h/r
7.004070e-03,9.264332e-03,1.420697e-03,1.498822e-01,1.993221e-01,1.602325e-01
8.277486e-04,6.671230e-03,2.573781e-05,7.998522e-04,6.292830e-03,3.058966e-05
