# rmse alpha/u,rmse phic/h,rmse h/r,spread alpha/u,spread phic/h,spread h/r
5.364957e-02,2.544546e-02,8.083358e-02,2.045166e-01,2.305347e-01,2.041046e-01
2.181966e-03,1.725405e-02,3.555472e-05,1.797544e-03,1.234107e-02,4.748962e-05
