# rmse alpha/u,rmse phic/h,rmse h/r,spread alpha/u,spread phic/h,spread h/r
5.364957e-02,2.544546e-02,8.083358e-02,2.045166e-01,2.305347e-01,2.041046e-01
2.036647e-03,1.193548e-02,2.644186e-05,1.693462e-03,1.180373e-02,3.935827e-05
