# rmse alpha/u,rmse phic/h,rmse h/r,spread alpha/u,spread phic/h,spread h/r
5.364957e-02,2.544546e-02,8.083358e-02,2.045166e-01,2.305347e-01,2.041046e-01
3.813713e-03,1.699334e-02,3.343338e-05,2.840911e-03,2.011100e-02,4.696755e-05
