# rmse alpha/u,rmse phic/h,rmse h/r,spread alpha/u,spread phic/h,spread h/r
5.364957e-02,2.544546e-02,8.083358e-02,2.045166e-01,2.305347e-01,2.041046e-01
4.503297e-03,2.215381e-02,3.699349e-05,3.046188e-03,2.162878e-02,5.112328e-05
