# rmse alpha/u,rmse phic/h,rmse h/r,spread alpha/u,spread phic/h,spread h/r
5.364957e-02,2.544546e-02,8.083358e-02,2.045166e-01,2.305347e-01,2.041046e-01
3.769905e-03,2.096022e-02,5.240462e-05,2.338355e-03,1.641406e-02,5.422847e-05
