# rmse alpha/u,rmse phic/h,rmse h/r,spread alpha/u,spread phic/h,spread h/r
5.364957e-02,2.544546e-02,8.083358e-02,2.045166e-01,2.305347e-01,2.041046e-01
2.613135e-03,1.546500e-02,4.939032e-05,1.677398e-03,1.185196e-02,4.739441e-05
