# rmse alpha/u,rmse phic/h,rmse h/r,spread alpha/u,spread phic/h,spread h/r
3.670257e-01,2.461373e-01,2.276374e-01,1.872850e-01,2.322742e-01,2.037886e-01
3.350532e-03,1.985352e-02,4.205703e-05,2.661607e-03,1.850934e-02,3.861120e-05
