# rmse alpha/u,rmse phic/h,rmse h/r,spread alpha/u,spread phic/h,spread h/r
3.670257e-01,2.461373e-01,2.276374e-01,1.872850e-01,2.322742e-01,2.037886e-01
5.034904e-03,3.221486e-02,5.110588e-05,2.926021e-03,2.077205e-02,4.701948e-05
