# rmse alpha/u,rmse phic/h,rmse h/r,spread alpha/u,spread phic/h,spread h/r
3.670257e-01,2.461373e-01,2.276374e-01,1.872850e-01,2.322742e-01,2.037886e-01
3.865565e-03,2.073999e-02,4.644246e-05,1.882476e-03,1.281974e-02,3.393946e-05
