# rmse alpha/u,rmse phic/h,rmse h/r,spread alpha/u,spread phic/h,spread h/r
2.183572e-02,1.007903e-01,1.359993e-03,1.279201e-01,2.235519e-01,1.589263e-01
8.873334e-04,6.975199e-03,2.365422e-05,8.224959e-04,6.485255e-03,4.667412e-05
