# rmse alpha/u,rmse phic/h,rmse h/r,spread alpha/u,spread phic/h,spread h/r
2.183572e-02,1.007903e-01,1.359993e-03,1.279201e-01,2.235519e-01,1.589263e-01
8.652549e-04,6.249316e-03,1.970751e-05,9.150391e-04,6.904104e-03,4.706853e-05
