# rmse alpha/u,rmse phic/h,rmse h/r,spread alpha/u,spread phic/h,spread h/r
2.183572e-02,1.007903e-01,1.359993e-03,1.279201e-01,2.235519e-01,1.589263e-01
8.569675e-04,6.825244e-03,2.168169e-05,8.453854e-04,6.841565e-03,4.895485e-05
