# rmse alpha/u,rmse phic/h,rmse h/r,spread alpha/u,spread phic/h,spread h/r
2.183572e-02,1.007903e-01,1.359993e-03,1.279201e-01,2.235519e-01,1.589263e-01
8.791366e-04,6.565652e-03,1.972589e-05,8.520822e-04,6.793395e-03,4.807324e-05
