# rmse alpha/u,rmse phic/h,rmse h/r,spread alpha/u,spread phic/h,spread h/r
2.183572e-02,1.007903e-01,1.359993e-03,1.279201e-01,2.235519e-01,1.589263e-01
8.914970e-04,7.239254e-03,2.129255e-05,8.712251e-04,6.854530e-03,4.838856e-05
