# rmse alpha/u,rmse phic/h,rmse h/r,spread alpha/u,spread phic/h,spread h/r
2.183572e-02,1.007903e-01,1.359993e-03,1.279201e-01,2.235519e-01,1.589263e-01
8.375679e-04,6.647244e-03,1.927554e-05,8.342398e-04,6.671806e-03,4.729253e-05
