# rmse alpha/u,rmse phic/h,rmse h/r,spread alpha/u,spread phic/h,spread h/r
4.148287e-02,4.299643e-03,1.481123e-01,2.007018e-01,2.348895e-01,2.071683e-01
1.555045e-03,1.046056e-02,9.297344e-05,1.088033e-03,7.855982e-03,2.982360e-05
