# rmse alpha/u,rmse phic/h,rmse h/r,spread alpha/u,spread phic/h,spread h/r
4.148287e-02,4.299643e-03,1.481123e-01,2.007018e-01,2.348895e-01,2.071683e-01
9.369478e-04,7.110222e-03,5.285305e-05,1.040563e-03,7.452788e-03,2.626618e-05
