# rmse alpha/u,rmse phic/h,rmse h/r,spread alpha/u,spread phic/h,spread h/r
4.148287e-02,4.299643e-03,1.481123e-01,2.007018e-01,2.348895e-01,2.071683e-01
1.510296e-03,7.901804e-03,6.077291e-05,1.288995e-03,8.575788e-03,2.597370e-05
