# rmse alpha/u,rmse phic/h,rmse h/r,spread alpha/u,spread phic/h,spread h/r
4.148287e-02,4.299643e-03,1.481123e-01,2.007018e-01,2.348895e-01,2.071683e-01
2.989101e-03,1.564688e-02,6.169942e-05,1.666964e-03,1.162562e-02,3.070665e-05
