# rmse alpha/u,rmse phic/h,rmse h/r,spread alpha/u,spread phic/h,spread h/r
2.175992e-03,9.011804e-03,9.949207e-04,2.007666e-01,2.380345e-01,2.181955e-01
4.105166e-03,2.407203e-02,4.474769e-05,2.444850e-03,1.791416e-02,3.005660e-05
