# rmse alpha/u,rmse phic/h,rmse h/r,spread alpha/u,spread phic/h,spread h/r
2.175992e-03,9.011804e-03,9.949207e-04,2.007666e-01,2.380345e-01,2.181955e-01
3.878409e-03,2.255998e-02,3.285962e-05,2.303514e-03,1.670713e-02,3.083747e-05
