# rmse alpha/u,rmse phic/h,rmse h/r,spread alpha/u,spread phic/h,spread h/r
2.175992e-03,9.011804e-03,9.949207e-04,2.007666e-01,2.380345e-01,2.181955e-01
3.163540e-03,1.744896e-02,3.532629e-05,1.697329e-03,1.157111e-02,2.464774e-05
