# rmse alpha/u,rmse phic/h,rmse h/r,spread alpha/u,spread phic/h,spread h/r
2.175992e-03,9.011804e-03,9.949207e-04,2.007666e-01,2.380345e-01,2.181955e-01
3.303072e-03,1.558081e-02,4.397130e-05,1.895969e-03,1.303139e-02,2.449434e-05
