# rmse alpha/u,rmse phic/h,rmse h/r,spread alpha/u,spread phic/h,spread h/r
3.225060e-04,2.794409e-01,3.522850e-03,2.007018e-01,2.348895e-01,2.071683e-01
9.100452e-04,6.396532e-03,1.847588e-05,9.352955e-04,6.723174e-03,3.600363e-05
