# rmse alpha/u,rmse phic/h,rmse h/r,spread alpha/u,spread phic/h,spread h/r
3.225060e-04,2.794409e-01,3.522850e-03,2.007018e-01,2.348895e-01,2.071683e-01
8.330094e-04,6.740916e-03,1.840923e-05,9.249941e-04,7.034982e-03,3.685465e-05
