# rmse alpha/u,rmse phic/h,rmse h/r,spread alpha/u,spread phic/h,spread h/r
3.225060e-04,2.794409e-01,3.522850e-03,2.007018e-01,2.348895e-01,2.071683e-01
8.570588e-04,7.531277e-03,3.135549e-05,9.110324e-04,6.978792e-03,3.879099e-05
