# rmse alpha/u,rmse phic/h,rmse h/r,spread alpha/u,spread phic/h,spread h/r
3.225060e-04,2.794409e-01,3.522850e-03,2.007018e-01,2.348895e-01,2.071683e-01
2.810190e-03,1.765534e-02,4.236635e-05,1.469029e-03,1.157659e-02,4.694226e-05
