# rmse alpha/u,rmse phic/h,rmse h/r,spread alpha/u,spread phic/h,spread h/r
3.225060e-04,2.794409e-01,3.522850e-03,2.007018e-01,2.348895e-01,2.071683e-01
2.253278e-03,1.036513e-02,3.558364e-05,1.312880e-03,9.090567e-03,3.993065e-05
