# rmse alpha/u,rmse phic/h,rmse h/r,spread alpha/u,spread phic/h,spread h/r
3.225060e-04,2.794409e-01,3.522850e-03,2.007018e-01,2.348895e-01,2.071683e-01
2.063226e-03,1.270241e-02,3.895843e-05,1.391347e-03,1.029832e-02,4.581937e-05
