# rmse alpha/u,rmse phic/h,rmse h/r,spread alpha/u,spread phic/h,spread h/r
3.225060e-04,2.794409e-01,3.522850e-03,2.007018e-01,2.348895e-01,2.071683e-01
9.356717e-04,9.364730e-03,2.858123e-05,9.269783e-04,7.033250e-03,3.825554e-05
