# rmse alpha/u,rmse phic/h,rmse h/r,spread alpha/u,spread phic/h,spread h/r
3.225060e-04,2.794409e-01,3.522850e-03,2.007018e-01,2.348895e-01,2.071683e-01
1.342350e-03,1.035079e-02,2.563696e-05,1.015839e-03,7.470346e-03,3.979128e-05
