# rmse alpha/u,rmse phic/h,rmse h/r,spread alpha/u,spread phic/h,spread h/r
3.225060e-04,2.794409e-01,3.522850e-03,2.007018e-01,2.348895e-01,2.071683e-01
8.941626e-04,6.461633e-03,2.702122e-05,9.004997e-04,6.891624e-03,4.153392e-05
