# rmse alpha/u,rmse phic/h,rmse h/r,spread alpha/u,spread phic/h,spread h/r
2.695633e-05,1.046386e-01,2.190252e-02,1.229036e-01,1.971122e-01,1.547182e-01
1.157696e-03,7.478922e-03,3.046194e-05,9.716976e-04,7.015633e-03,3.397473e-05
