# rmse alpha/u,rmse phic/h,rmse h/r,spread alpha/u,spread phic/h,spread h/r
2.695633e-05,1.046386e-01,2.190252e-02,1.229036e-01,1.971122e-01,1.547182e-01
9.024561e-04,7.963362e-03,2.635370e-05,8.705601e-04,6.740470e-03,3.640365e-05
