# rmse alpha/u,rmse phic/h,rmse h/r,spread alpha/u,spread phic/h,spread h/r
2.695633e-05,1.046386e-01,2.190252e-02,1.229036e-01,1.971122e-01,1.547182e-01
2.947204e-03,1.285860e-02,3.540604e-05,1.004676e-03,7.752203e-03,3.863022e-05
