# rmse alpha/u,rmse phic/h,rmse h/r,spread alpha/u,spread phic/h,spread h/r
2.695633e-05,1.046386e-01,2.190252e-02,1.229036e-01,1.971122e-01,1.547182e-01
8.042596e-04,6.520355e-03,2.437536e-05,7.975923e-04,6.244921e-03,3.788979e-05
