# rmse alpha/u,rmse phic/h,rmse h/r,spread alpha/u,spread phic/h,spread h/r
1.419373e-01,1.024687e-01,2.001899e-02,2.029553e-01,2.401346e-01,2.180772e-01
8.373558e-04,6.730651e-03,2.071510e-05,8.563631e-04,6.814557e-03,4.682010e-05
