# rmse alpha/u,rmse phic/h,rmse h/r,spread alpha/u,spread phic/h,spread h/r
1.419373e-01,1.024687e-01,2.001899e-02,2.029553e-01,2.401346e-01,2.180772e-01
8.596743e-04,6.957847e-03,2.540966e-05,8.560153e-04,6.864562e-03,4.792248e-05
