# rmse alpha/u,rmse phic/h,rmse h/r,spread alpha/u,spread phic/h,spread h/r
1.773101e-01,2.094820e-03,2.056126e-02,1.906733e-01,1.720275e-01,1.565591e-01
3.834333e-03,2.757006e-02,4.311428e-05,2.977522e-03,2.097945e-02,2.369093e-05
