# rmse alpha/u,rmse phic/h,rmse h/r,spread alpha/u,spread phic/h,spread h/r
1.773101e-01,2.094820e-03,2.056126e-02,1.906733e-01,1.720275e-01,1.565591e-01
5.247281e-03,3.734192e-02,4.058604e-05,2.641679e-03,1.817757e-02,1.753865e-05
