# rmse alpha/u,rmse phic/h,rmse h/r,spread alpha/u,spread phic/h,spread h/r
1.773101e-01,2.094820e-03,2.056126e-02,1.906733e-01,1.720275e-01,1.565591e-01
5.302498e-03,3.673880e-02,5.129139e-05,2.796367e-03,2.056670e-02,2.227348e-05
