# rmse alpha/u,rmse phic/h,rmse h/r,spread alpha/u,spread phic/h,spread h/r
1.773101e-01,2.094820e-03,2.056126e-02,1.906733e-01,1.720275e-01,1.565591e-01
6.368906e-03,4.556521e-02,6.647755e-05,2.787787e-03,2.097596e-02,2.797044e-05
