# rmse alpha/u,rmse phic/h,rmse h/r,spread alpha/u,spread phic/h,spread h/r
1.773101e-01,2.094820e-03,2.056126e-02,1.906733e-01,1.720275e-01,1.565591e-01
7.397151e-03,4.588369e-02,5.692859e-05,2.573645e-03,1.963838e-02,2.475997e-05
