# rmse alpha/u,rmse phic/h,rmse h/r,spread alpha/u,spread phic/h,spread h/r
1.773101e-01,2.094820e-03,2.056126e-02,1.906733e-01,1.720275e-01,1.565591e-01
4.700217e-03,2.896185e-02,5.330316e-05,2.624228e-03,1.857169e-02,2.105996e-05
