# rmse alpha/u,rmse phic/h,rmse h/r,spread alpha/u,spread phic/h,spread h/r
1.773101e-01,2.094820e-03,2.056126e-02,1.906733e-01,1.720275e-01,1.565591e-01
5.306803e-03,3.497598e-02,2.868440e-05,2.429804e-03,1.606219e-02,1.191428e-05
