# rmse alpha/u,rmse phic/h,rmse h/r,spread alpha/u,spread phic/h,spread h/r
1.652030e-03,8.221090e-03,1.000839e-03,1.102369e-01,5.290450e-02,8.596744e-02
8.441992e-04,6.662279e-03,2.955147e-05,8.540692e-04,6.622166e-03,4.843213e-05
