# rmse alpha/u,rmse phic/h,rmse h/r,spread alpha/u,spread phic/h,spread h/r
1.652030e-03,8.221090e-03,1.000839e-03,1.102369e-01,5.290450e-02,8.596744e-02
9.470123e-04,7.959500e-03,2.392801e-05,8.916822e-04,7.004761e-03,4.929946e-05
