# rmse alpha/u,rmse phic/h,rmse h/r,spread alpha/u,spread phic/h,spread h/r
1.652030e-03,8.221090e-03,1.000839e-03,1.102369e-01,5.290450e-02,8.596744e-02
8.945962e-04,7.309801e-03,2.807933e-05,8.971134e-04,7.188189e-03,5.099199e-05
