# rmse alpha/u,rmse phic/h,rmse h/r,spread alpha/u,spread phic/h,spread h/r
1.652030e-03,8.221090e-03,1.000839e-03,1.102369e-01,5.290450e-02,8.596744e-02
2.325969e-03,1.120190e-02,3.770943e-05,1.036774e-03,7.991106e-03,5.285249e-05
