# rmse alpha/u,rmse phic/h,rmse h/r,spread alpha/u,spread phic/h,spread h/r
1.652030e-03,8.221090e-03,1.000839e-03,1.102369e-01,5.290450e-02,8.596744e-02
8.873076e-04,6.534664e-03,2.551287e-05,8.772039e-04,6.888382e-03,5.034120e-05
