# rmse alpha/u,rmse phic/h,rmse h/r,spread alpha/u,spread phic/h,spread h/r
2.758478e-01,2.053631e-01,2.702339e-01,2.040651e-01,2.045934e-01,1.851052e-01
4.893026e-03,2.675654e-02,4.904797e-05,3.084100e-03,2.133805e-02,5.042976e-05
