# rmse alpha/u,rmse phic/h,rmse h/r,spread alpha/u,spread phic/h,spread h/r
2.305549e-03,1.565835e-02,3.613426e-05,1.647172e-01,2.045747e-01,1.678027e-01
2.957970e-03,1.364332e-02,3.393273e-05,1.461586e-03,9.822066e-03,4.312423e-05
