# rmse alpha/u,rmse phic/h,rmse h/r,spread alpha/u,spread phic/h,spread h/r
2.305549e-03,1.565835e-02,3.613426e-05,1.647172e-01,2.045747e-01,1.678027e-01
2.421392e-03,1.641658e-02,3.719568e-05,1.504126e-03,1.044659e-02,4.594232e-05
