# rmse alpha/u,rmse phic/h,rmse h/r,spread alpha/u,spread phic/h,spread h/r
7.714426e-02,1.283729e-01,3.735299e-01,2.178019e-01,1.997102e-01,1.533221e-01
4.129149e-03,2.134350e-02,4.351419e-05,2.974186e-03,1.989718e-02,3.408468e-05
