# rmse alpha/u,rmse phic/h,rmse h/r,spread alpha/u,spread phic/h,spread h/r
7.714426e-02,1.283729e-01,3.735299e-01,2.178019e-01,1.997102e-01,1.533221e-01
2.029161e-03,1.077318e-02,3.293093e-05,1.607557e-03,1.049310e-02,2.862941e-05
