# rmse alpha/u,rmse phic/h,rmse h/r,spread alpha/u,spread phic/h,spread h/r
7.714426e-02,1.283729e-01,3.735299e-01,2.178019e-01,1.997102e-01,1.533221e-01
2.400717e-03,1.403660e-02,3.228102e-05,1.878664e-03,1.292610e-02,2.819616e-05
