# rmse alpha/u,rmse phic/h,rmse h/r,spread alpha/u,spread phic/h,spread h/r
7.714426e-02,1.283729e-01,3.735299e-01,2.178019e-01,1.997102e-01,1.533221e-01
3.900057e-03,2.202110e-02,3.768337e-05,2.402284e-03,1.615233e-02,3.168226e-05
