# rmse alpha/u,rmse phic/h,rmse h/r,spread alpha/u,spread phic/h,spread h/r
7.714426e-02,1.283729e-01,3.735299e-01,2.178019e-01,1.997102e-01,1.533221e-01
4.411796e-03,2.646076e-02,5.525676e-05,3.246208e-03,2.250003e-02,4.661485e-05
