# rmse alpha/u,rmse phic/h,rmse h/r,spread alpha/u,spread phic/h,spread h/r
7.714426e-02,1.283729e-01,3.735299e-01,2.178019e-01,1.997102e-01,1.533221e-01
2.200761e-03,1.287849e-02,3.834575e-05,1.527419e-03,1.004182e-02,2.993769e-05
