# rmse alpha/u,rmse phic/h,rmse h/r,spread alpha/u,spread phic/h,spread h/r
7.714426e-02,1.283729e-01,3.735299e-01,2.178019e-01,1.997102e-01,1.533221e-01
2.399320e-03,1.379730e-02,3.438566e-05,2.206075e-03,1.479631e-02,3.076028e-05
