# rmse alpha/u,rmse phic/h,rmse h/r,spread alpha/u,spread phic/h,spread h/r
7.714426e-02,1.283729e-01,3.735299e-01,2.178019e-01,1.997102e-01,1.533221e-01
3.419933e-03,1.776526e-02,4.394504e-05,2.229709e-03,1.541083e-02,3.689189e-05
