# rmse alpha/u,rmse phic/h,rmse h/r,spread alpha/u,spread phic/h,spread h/r
1.979058e-01,3.069501e-03,1.653840e-02,1.210786e-01,8.742993e-02,6.665865e-02
4.409052e-03,3.378708e-02,6.326201e-05,4.532582e-03,3.609789e-02,6.511242e-05
