# rmse alpha/u,rmse phic/h,rmse h/r,spread alpha/u,spread phic/h,spread h/r
1.979058e-01,3.069501e-03,1.653840e-02,1.210786e-01,8.742993e-02,6.665865e-02
3.389972e-03,2.885938e-02,6.557402e-05,3.613616e-03,2.773502e-02,5.215134e-05
