# rmse alpha/u,rmse phic/h,rmse h/r,spread alpha/u,spread phic/h,spread h/r
1.979058e-01,3.069501e-03,1.653840e-02,1.210786e-01,8.742993e-02,6.665865e-02
5.045746e-03,3.725494e-02,6.574994e-05,3.931384e-03,2.900535e-02,4.965401e-05
