# rmse alpha/u,rmse phic/h,rmse h/r,spread alpha/u,spread phic/h,spread h/r
1.979058e-01,3.069501e-03,1.653840e-02,1.210786e-01,8.742993e-02,6.665865e-02
3.898560e-03,3.037491e-02,6.660805e-05,4.239747e-03,3.333798e-02,5.918533e-05
