# rmse alpha/u,rmse phic/h,rmse h/r,spread alpha/u,spread phic/h,spread h/r
1.979058e-01,3.069501e-03,1.653840e-02,1.210786e-01,8.742993e-02,6.665865e-02
6.188996e-03,4.133556e-02,8.313623e-05,4.324255e-03,3.462751e-02,6.456766e-05
