# rmse alpha/u,rmse phic/h,rmse h/r,spread alpha/u,spread phic/h,spread h/r
1.979058e-01,3.069501e-03,1.653840e-02,1.210786e-01,8.742993e-02,6.665865e-02
4.290768e-03,3.147916e-02,6.321469e-05,3.304355e-03,2.378851e-02,4.458024e-05
