# rmse alpha/u,rmse phic/h,rmse h/r,spread alpha/u,spread phic/h,spread h/r
1.979058e-01,3.069501e-03,1.653840e-02,1.210786e-01,8.742993e-02,6.665865e-02
4.323826e-03,2.754177e-02,5.957148e-05,3.628217e-03,2.562573e-02,4.386135e-05
