# rmse alpha/u,rmse phic/h,rmse h/r,spread alpha/u,spread phic/h,spread h/r
1.979058e-01,3.069501e-03,1.653840e-02,1.210786e-01,8.742993e-02,6.665865e-02
5.994606e-03,3.111082e-02,3.848204e-05,3.265836e-03,2.228776e-02,3.743216e-05
