# rmse alpha/u,rmse phic/h,rmse h/r,spread alpha/u,spread phic/h,spread h/r
1.979058e-01,3.069501e-03,1.653840e-02,1.210786e-01,8.742993e-02,6.665865e-02
4.310293e-03,3.243198e-02,5.527850e-05,3.958954e-03,3.044309e-02,4.919691e-05
