# rmse alpha/u,rmse phic/h,rmse h/r,spread alpha/u,spread phic/h,spread h/r
2.711384e-01,2.224599e-01,2.022190e-01,1.811844e-01,2.189349e-01,1.830777e-01
4.628703e-03,2.458600e-02,6.859274e-05,2.832433e-03,1.863036e-02,3.828820e-05
