# rmse alpha/u,rmse phic/h,rmse h/r,spread alpha/u,spread phic/h,spread h/r
2.711384e-01,2.224599e-01,2.022190e-01,1.811844e-01,2.189349e-01,1.830777e-01
4.883540e-03,3.165654e-02,7.447737e-05,2.865242e-03,1.886240e-02,3.965521e-05
