# rmse alpha/u,rmse phic/h,rmse h/r,spread alpha/u,spread phic/h,spread h/r
2.711384e-01,2.224599e-01,2.022190e-01,1.811844e-01,2.189349e-01,1.830777e-01
5.037907e-03,3.104501e-02,8.376612e-05,2.805278e-03,1.803502e-02,3.993313e-05
