# rmse alpha/u,rmse phic/h,rmse h/r,spread alpha/u,spread phic/h,spread h/r
2.711384e-01,2.224599e-01,2.022190e-01,1.811844e-01,2.189349e-01,1.830777e-01
4.239038e-03,2.453652e-02,7.520868e-05,2.804256e-03,1.978691e-02,4.280467e-05
