# rmse alpha/u,rmse phic/h,rmse h/r,spread alpha/u,spread phic/h,spread h/r
2.711384e-01,2.224599e-01,2.022190e-01,1.811844e-01,2.189349e-01,1.830777e-01
3.513474e-03,2.178753e-02,7.163352e-05,2.680647e-03,1.849352e-02,4.043738e-05
