# rmse alpha/u,rmse phic/h,rmse h/r,spread alpha/u,spread phic/h,spread h/r
1.698746e-01,2.498840e-01,1.582038e-01,1.354666e-01,2.169042e-01,1.474046e-01
9.108888e-04,7.555727e-03,2.734168e-05,8.687023e-04,6.756329e-03,4.524181e-05
