# rmse alpha/u,rmse phic/h,rmse h/r,spread alpha/u,spread phic/h,spread h/r
1.698746e-01,2.498840e-01,1.582038e-01,1.354666e-01,2.169042e-01,1.474046e-01
8.943676e-04,6.937709e-03,2.922273e-05,8.692712e-04,6.771746e-03,4.480247e-05
