# rmse alpha/u,rmse phic/h,rmse h/r,spread alpha/u,spread phic/h,spread h/r
1.698746e-01,2.498840e-01,1.582038e-01,1.354666e-01,2.169042e-01,1.474046e-01
8.630575e-04,6.401524e-03,2.122652e-05,8.407774e-04,6.657969e-03,4.303070e-05
