# rmse alpha/u,rmse phic/h,rmse h/r,spread alpha/u,spread phic/h,spread h/r
1.698746e-01,2.498840e-01,1.582038e-01,1.354666e-01,2.169042e-01,1.474046e-01
8.676650e-04,6.434712e-03,2.057187e-05,8.489796e-04,6.745364e-03,4.163894e-05
