# rmse alpha/u,rmse phic/h,rmse h/r,spread alpha/u,spread phic/h,spread h/r
1.489072e-01,2.537275e-01,2.261489e-01,1.432029e-01,2.058364e-01,1.723291e-01
8.231520e-04,6.295316e-03,2.213071e-05,8.551564e-04,6.704072e-03,5.309393e-05
