# rmse alpha/u,rmse phic/h,rmse h/r,spread alpha/u,spread phic/h,spread h/r
1.489072e-01,2.537275e-01,2.261489e-01,1.432029e-01,2.058364e-01,1.723291e-01
8.344882e-04,6.912531e-03,2.101392e-05,8.370102e-04,6.716691e-03,4.928888e-05
