# rmse alpha/u,rmse phic/h,rmse h/r,spread alpha/u,spread phic/h,spread h/r
1.489072e-01,2.537275e-01,2.261489e-01,1.432029e-01,2.058364e-01,1.723291e-01
8.744138e-04,7.321879e-03,2.147388e-05,8.890119e-04,7.137020e-03,5.320204e-05
