# rmse alpha/u,rmse phic/h,rmse h/r,spread alpha/u,spread phic/h,spread h/r
1.489072e-01,2.537275e-01,2.261489e-01,1.432029e-01,2.058364e-01,1.723291e-01
7.943863e-04,6.304256e-03,2.111490e-05,8.134138e-04,6.409226e-03,5.089266e-05
