# rmse alpha/u,rmse phic/h,rmse h/r,spread alpha/u,spread phic/h,spread h/r
1.489072e-01,2.537275e-01,2.261489e-01,1.432029e-01,2.058364e-01,1.723291e-01
8.435283e-04,6.163915e-03,2.149279e-05,8.578882e-04,6.599957e-03,5.333011e-05
