# rmse alpha/u,rmse phic/h,rmse h/r,spread alpha/u,spread phic/h,spread h/r
1.065262e-01,7.669203e-02,1.061385e-01,2.160811e-01,2.088877e-01,2.143444e-01
4.226289e-03,2.864003e-02,6.914274e-05,2.545981e-03,1.857833e-02,4.079093e-05
