# rmse alpha/u,rmse phic/h,rmse h/r,spread alpha/u,spread phic/h,spread h/r
1.065262e-01,7.669203e-02,1.061385e-01,2.160811e-01,2.088877e-01,2.143444e-01
5.985410e-03,3.376381e-02,6.514510e-05,3.369649e-03,2.277124e-02,4.101553e-05
