# rmse alpha/u,rmse phic/h,rmse h/r,spread alpha/u,spread phic/h,spread h/r
1.065262e-01,7.669203e-02,1.061385e-01,2.160811e-01,2.088877e-01,2.143444e-01
6.582226e-03,3.736351e-02,6.542262e-05,3.066770e-03,2.109894e-02,3.828477e-05
