# rmse alpha/u,rmse phic/h,rmse h/r,spread alpha/u,spread phic/h,spread h/r
1.065262e-01,7.669203e-02,1.061385e-01,2.160811e-01,2.088877e-01,2.143444e-01
5.583415e-03,3.851212e-02,7.956553e-05,2.966116e-03,2.074739e-02,4.105576e-05
