# rmse alpha/u,rmse phic/h,rmse h/r,spread alpha/u,spread phic/h,spread h/r
1.065262e-01,7.669203e-02,1.061385e-01,2.160811e-01,2.088877e-01,2.143444e-01
7.273639e-03,4.122072e-02,8.765988e-05,2.885803e-03,2.030438e-02,4.008247e-05
