# rmse alpha/u,rmse phic/h,rmse h/r,spread alpha/u,spread phic/h,spread h/r
7.517250e-02,6.085576e-02,3.417493e-02,2.003257e-01,1.978003e-01,1.815101e-01
3.619222e-03,2.340993e-02,5.011760e-05,2.714428e-03,1.928371e-02,4.221012e-05
