# rmse alpha/u,rmse phic/h,rmse h/r,spread alpha/u,spread phic/h,spread h/r
7.517250e-02,6.085576e-02,3.417493e-02,2.003257e-01,1.978003e-01,1.815101e-01
3.115917e-03,2.050376e-02,5.575552e-05,2.081235e-03,1.467195e-02,4.237499e-05
