# rmse alpha/u,rmse phic/h,rmse h/r,spread alpha/u,spread phic/h,spread h/r
7.517250e-02,6.085576e-02,3.417493e-02,2.003257e-01,1.978003e-01,1.815101e-01
1.838161e-03,1.292457e-02,4.799330e-05,1.826641e-03,1.218364e-02,3.743968e-05
