# rmse alpha/u,rmse phic/h,rmse h/r,spread alpha/u,spread phic/h,spread h/r
7.517250e-02,6.085576e-02,3.417493e-02,2.003257e-01,1.978003e-01,1.815101e-01
2.461965e-03,1.594531e-02,4.540971e-05,2.692295e-03,1.930311e-02,4.379436e-05
