# rmse alpha/u,rmse phic/h,rmse h/r,spread alpha/u,spread phic/h,spread h/r
3.847595e-02,1.801093e-02,4.465194e-03,1.282444e-01,9.603715e-02,9.705174e-02
8.650458e-04,5.973796e-03,2.008568e-05,8.853381e-04,6.525669e-03,4.267740e-05
