# rmse alpha/u,rmse phic/h,rmse h/r,spread alpha/u,spread phic/h,spread h/r
3.847595e-02,1.801093e-02,4.465194e-03,1.282444e-01,9.603715e-02,9.705174e-02
1.332301e-03,1.497123e-02,2.444599e-05,9.955977e-04,7.472531e-03,4.379415e-05
