# rmse alpha/u,rmse phic/h,rmse h/r,spread alpha/u,spread phic/h,spread h/r
3.847595e-02,1.801093e-02,4.465194e-03,1.282444e-01,9.603715e-02,9.705174e-02
8.558977e-04,6.933240e-03,2.148131e-05,8.257413e-04,6.423243e-03,4.306168e-05
