# rmse alpha/u,rmse phic/h,rmse h/r,spread alpha/u,spread phic/h,spread h/r
3.847595e-02,1.801093e-02,4.465194e-03,1.282444e-01,9.603715e-02,9.705174e-02
9.194796e-04,7.620681e-03,2.565180e-05,8.481673e-04,6.536902e-03,4.273290e-05
