# rmse alpha/u,rmse phic/h,rmse h/r,spread alpha/u,spread phic/h,spread h/r
3.847595e-02,1.801093e-02,4.465194e-03,1.282444e-01,9.603715e-02,9.705174e-02
1.010763e-03,8.883471e-03,2.603168e-05,8.418655e-04,6.416401e-03,4.337931e-05
