# rmse alpha/u,rmse phic/h,rmse h/r,spread alpha/u,spread phic/h,spread h/r
3.847595e-02,1.801093e-02,4.465194e-03,1.282444e-01,9.603715e-02,9.705174e-02
8.684961e-04,6.506275e-03,2.500890e-05,8.455258e-04,6.465333e-03,4.413177e-05
