# rmse alpha/u,rmse phic/h,rmse h/r,spread alpha/u,spread phic/h,spread h/r
3.847595e-02,1.801093e-02,4.465194e-03,1.282444e-01,9.603715e-02,9.705174e-02
1.251944e-03,7.361087e-03,2.307542e-05,8.908155e-04,6.785531e-03,4.244270e-05
