# rmse alpha/u,rmse phic/h,rmse h/r,spread alpha/u,spread phic/h,spread h/r
2.711384e-01,2.224599e-01,2.022190e-01,1.811844e-01,2.189349e-01,1.830777e-01
4.169002e-03,2.483957e-02,2.711120e-05,1.848111e-03,1.295261e-02,1.639030e-05
