# rmse alpha/u,rmse phic/h,rmse h/r,spread alpha/u,spread phic/h,spread h/r
2.711384e-01,2.224599e-01,2.022190e-01,1.811844e-01,2.189349e-01,1.830777e-01
3.261545e-03,2.085525e-02,4.092411e-05,2.165970e-03,1.535793e-02,2.342640e-05
