# rmse alpha/u,rmse phic/h,rmse h/r,spread alpha/u,spread phic/h,spread h/r
2.711384e-01,2.224599e-01,2.022190e-01,1.811844e-01,2.189349e-01,1.830777e-01
7.343572e-03,3.050306e-02,4.802635e-05,2.594503e-03,1.705293e-02,2.162123e-05
