# rmse alpha/u,rmse phic/h,rmse h/r,spread alpha/u,spread phic/h,spread h/r
2.711384e-01,2.224599e-01,2.022190e-01,1.811844e-01,2.189349e-01,1.830777e-01
4.792387e-03,2.593365e-02,5.587547e-05,2.124479e-03,1.391826e-02,2.434564e-05
