# rmse alpha/u,rmse phic/h,rmse h/r,spread alpha/u,spread phic/h,spread h/r
2.711384e-01,2.224599e-01,2.022190e-01,1.811844e-01,2.189349e-01,1.830777e-01
4.599315e-03,2.848087e-02,4.816684e-05,2.637146e-03,1.908913e-02,2.677410e-05
