# rmse alpha/u,rmse phic/h,rmse h/r,spread alpha/u,spread phic/h,spread h/r
2.096893e-01,2.038737e-01,3.817819e-01,1.867207e-01,2.035091e-01,2.118522e-01
3.659764e-03,2.586926e-02,6.495484e-05,3.265396e-03,2.333525e-02,5.144911e-05
