# rmse alpha/u,rmse phic/h,rmse h/r,spread alpha/u,spread phic/h,spread h/r
2.096893e-01,2.038737e-01,3.817819e-01,1.867207e-01,2.035091e-01,2.118522e-01
4.647060e-03,3.511331e-02,6.571932e-05,3.210214e-03,2.562634e-02,5.513136e-05
