# rmse alpha/u,rmse phic/h,rmse h/r,spread alpha/u,spread phic/h,spread h/r
1.096745e-02,3.151513e-02,2.834939e-02,1.321054e-01,2.295134e-01,1.184339e-01
8.127946e-04,6.694582e-03,1.975669e-05,8.153376e-04,6.548804e-03,4.753315e-05
