# rmse alpha/u,rmse phic/h,rmse h/r,spread alpha/u,spread phic/h,spread h/r
1.096745e-02,3.151513e-02,2.834939e-02,1.321054e-01,2.295134e-01,1.184339e-01
9.107361e-04,7.697443e-03,2.566933e-05,8.813509e-04,7.143662e-03,5.019167e-05
