# rmse alpha/u,rmse phic/h,rmse h/r,spread alpha/u,spread phic/h,spread h/r
1.096745e-02,3.151513e-02,2.834939e-02,1.321054e-01,2.295134e-01,1.184339e-01
8.558383e-04,6.876741e-03,2.597440e-05,8.284337e-04,6.781546e-03,4.848560e-05
