# rmse alpha/u,rmse phic/h,rmse h/r,spread alpha/u,spread phic/h,spread h/r
6.177026e-03,1.970003e-02,4.997174e-03,1.290159e-01,1.988280e-01,1.807815e-01
8.479124e-04,6.548546e-03,3.001372e-05,8.236343e-04,6.235984e-03,4.688345e-05
