# rmse alpha/u,rmse phic/h,rmse h/r,spread alpha/u,spread phic/h,spread h/r
6.177026e-03,1.970003e-02,4.997174e-03,1.290159e-01,1.988280e-01,1.807815e-01
9.191410e-04,7.073587e-03,3.224422e-05,8.574450e-04,6.616822e-03,4.969818e-05
