# rmse alpha/u,rmse phic/h,rmse h/r,spread alpha/u,spread phic/h,spread h/r
6.177026e-03,1.970003e-02,4.997174e-03,1.290159e-01,1.988280e-01,1.807815e-01
8.297360e-04,6.095659e-03,2.427280e-05,8.081655e-04,6.247146e-03,4.575648e-05
