# rmse alpha/u,rmse phic/h,rmse h/r,spread alpha/u,spread phic/h,spread h/r
4.794845e-01,2.362510e-01,1.700999e-01,1.718493e-01,2.302247e-01,1.669910e-01
3.647740e-03,2.278007e-02,5.217132e-05,2.355336e-03,1.553884e-02,3.305676e-05
