# rmse alpha/u,rmse phic/h,rmse h/r,spread alpha/u,spread phic/h,spread h/r
4.794845e-01,2.362510e-01,1.700999e-01,1.718493e-01,2.302247e-01,1.669910e-01
3.575133e-03,3.207126e-02,5.937128e-05,2.655753e-03,1.971891e-02,3.582468e-05
