# rmse alpha/u,rmse phic/h,rmse h/r,spread alpha/u,spread phic/h,spread h/r
4.794845e-01,2.362510e-01,1.700999e-01,1.718493e-01,2.302247e-01,1.669910e-01
3.872665e-03,3.039022e-02,5.897890e-05,2.426925e-03,1.945608e-02,3.758947e-05
