# rmse alpha/u,rmse phic/h,rmse h/r,spread alpha/u,spread phic/h,spread h/r
4.794845e-01,2.362510e-01,1.700999e-01,1.718493e-01,2.302247e-01,1.669910e-01
4.050138e-03,2.772637e-02,5.792977e-05,2.600238e-03,1.838734e-02,4.009513e-05
