# rmse alpha/u,rmse phic/h,rmse h/r,spread alpha/u,spread phic/h,spread h/r
4.794845e-01,2.362510e-01,1.700999e-01,1.718493e-01,2.302247e-01,1.669910e-01
4.024460e-03,2.531540e-02,6.225309e-05,2.542615e-03,1.848289e-02,4.110797e-05
