# rmse alpha/u,rmse phic/h,rmse h/r,spread alpha/u,spread phic/h,spread h/r
4.794845e-01,2.362510e-01,1.700999e-01,1.718493e-01,2.302247e-01,1.669910e-01
3.974507e-03,2.498514e-02,5.554730e-05,2.277300e-03,1.534949e-02,3.511207e-05
