# rmse alpha/u,rmse phic/h,rmse h/r,spread alpha/u,spread phic/h,spread h/r
4.794845e-01,2.362510e-01,1.700999e-01,1.718493e-01,2.302247e-01,1.669910e-01
3.208224e-03,1.648642e-02,5.235116e-05,1.985058e-03,1.380696e-02,3.209561e-05
