# rmse alpha/u,rmse phic/h,rmse h/r,spread alpha/u,spread phic/h,spread h/r
4.794845e-01,2.362510e-01,1.700999e-01,1.718493e-01,2.302247e-01,1.669910e-01
5.045228e-03,2.849655e-02,5.485433e-05,2.605893e-03,1.872122e-02,4.371950e-05
