# rmse alpha/u,rmse phic/h,rmse h/r,spread alpha/u,spread phic/h,spread h/r
4.794845e-01,2.362510e-01,1.700999e-01,1.718493e-01,2.302247e-01,1.669910e-01
4.155182e-03,2.654522e-02,6.146309e-05,2.499202e-03,1.586527e-02,3.871783e-05
