# rmse alpha/u,rmse phic/h,rmse h/r,spread alpha/u,spread phic/h,spread h/r
4.794845e-01,2.362510e-01,1.700999e-01,1.718493e-01,2.302247e-01,1.669910e-01
3.104937e-03,1.895299e-02,6.039147e-05,1.941159e-03,1.336336e-02,3.737991e-05
