# rmse alpha/u,rmse phic/h,rmse h/r,spread alpha/u,spread phic/h,spread h/r
4.794845e-01,2.362510e-01,1.700999e-01,1.718493e-01,2.302247e-01,1.669910e-01
5.484671e-03,3.093325e-02,5.742406e-05,2.696966e-03,1.822637e-02,3.787002e-05
