# rmse alpha/u,rmse phic/h,rmse h/r,spread alpha/u,spread phic/h,spread h/r
4.794845e-01,2.362510e-01,1.700999e-01,1.718493e-01,2.302247e-01,1.669910e-01
3.777229e-03,2.253707e-02,6.709250e-05,2.422962e-03,1.645548e-02,4.026773e-05
