# rmse alpha/u,rmse phic/h,rmse h/r,spread alpha/u,spread phic/h,spread h/r
2.183696e-01,2.208176e-01,4.605919e-01,1.402536e-01,2.207597e-01,2.039123e-01
3.380332e-03,2.011933e-02,2.733144e-05,1.656673e-03,1.187562e-02,3.834283e-05
