# rmse alpha/u,rmse phic/h,rmse h/r,spread alpha/u,spread phic/h,spread h/r
2.183696e-01,2.208176e-01,4.605919e-01,1.402536e-01,2.207597e-01,2.039123e-01
2.779709e-03,1.797106e-02,2.124179e-05,1.640787e-03,1.082675e-02,3.764581e-05
