# rmse alpha/u,rmse phic/h,rmse h/r,spread alpha/u,spread phic/h,spread h/r
2.183696e-01,2.208176e-01,4.605919e-01,1.402536e-01,2.207597e-01,2.039123e-01
2.352575e-03,1.457157e-02,3.271228e-05,1.288077e-03,9.257627e-03,3.878469e-05
