# rmse alpha/u,rmse phic/h,rmse h/r,spread alpha/u,spread phic/h,spread h/r
3.687727e-02,3.435151e-02,3.533956e-01,2.178019e-01,1.997102e-01,1.533221e-01
3.336499e-03,1.760721e-02,4.802674e-05,1.779132e-03,1.311494e-02,3.989304e-05
