# rmse alpha/u,rmse phic/h,rmse h/r,spread alpha/u,spread phic/h,spread h/r
3.687727e-02,3.435151e-02,3.533956e-01,2.178019e-01,1.997102e-01,1.533221e-01
2.898114e-03,1.877224e-02,4.503204e-05,1.922855e-03,1.393952e-02,3.839197e-05
