# rmse alpha/u,rmse phic/h,rmse h/r,spread alpha/u,spread phic/h,spread h/r
3.687727e-02,3.435151e-02,3.533956e-01,2.178019e-01,1.997102e-01,1.533221e-01
2.588797e-03,1.592850e-02,3.640266e-05,1.668877e-03,1.092254e-02,3.134180e-05
