# rmse alpha/u,rmse phic/h,rmse h/r,spread alpha/u,spread phic/h,spread h/r
3.687727e-02,3.435151e-02,3.533956e-01,2.178019e-01,1.997102e-01,1.533221e-01
4.326561e-03,2.171869e-02,3.976069e-05,1.960394e-03,1.254288e-02,3.497355e-05
