# rmse alpha/u,rmse phic/h,rmse h/r,spread alpha/u,spread phic/h,spread h/r
3.687727e-02,3.435151e-02,3.533956e-01,2.178019e-01,1.997102e-01,1.533221e-01
3.108458e-03,2.048814e-02,4.747799e-05,1.623459e-03,1.061346e-02,3.129551e-05
