# rmse alpha/u,rmse phic/h,rmse h/r,spread alpha/u,spread phic/h,spread h/r
1.219250e-01,2.653709e-01,3.835214e-03,2.178019e-01,1.997102e-01,1.533221e-01
4.143068e-03,2.670392e-02,6.497142e-05,5.177736e-03,4.009408e-02,6.014583e-05
