# rmse alpha/u,rmse phic/h,rmse h/r,spread alpha/u,spread phic/h,spread h/r
1.219250e-01,2.653709e-01,3.835214e-03,2.178019e-01,1.997102e-01,1.533221e-01
4.628820e-03,2.729767e-02,7.330069e-05,4.157905e-03,3.133540e-02,5.636441e-05
