# rmse alpha/u,rmse phic/h,rmse h/r,spread alpha/u,spread phic/h,spread h/r
3.034054e-01,5.416866e-02,1.881035e-03,2.178019e-01,1.997102e-01,1.533221e-01
9.221889e-04,7.901332e-03,1.266167e-04,9.212991e-04,7.002930e-03,2.668129e-05
