# rmse alpha/u,rmse phic/h,rmse h/r,spread alpha/u,spread phic/h,spread h/r
3.034054e-01,5.416866e-02,1.881035e-03,2.178019e-01,1.997102e-01,1.533221e-01
8.835391e-04,8.311289e-03,1.282066e-04,8.579440e-04,6.701191e-03,2.693320e-05
