# rmse alpha/u,rmse phic/h,rmse h/r,spread alpha/u,spread phic/h,spread h/r
3.034054e-01,5.416866e-02,1.881035e-03,2.178019e-01,1.997102e-01,1.533221e-01
8.548021e-04,8.294228e-03,1.302242e-04,8.122396e-04,6.462768e-03,2.802689e-05
