# rmse alpha/u,rmse phic/h,rmse h/r,spread alpha/u,spread phic/h,spread h/r
3.034054e-01,5.416866e-02,1.881035e-03,2.178019e-01,1.997102e-01,1.533221e-01
8.727626e-04,7.015012e-03,1.417019e-04,8.278023e-04,6.542292e-03,2.598979e-05
