# rmse alpha/u,rmse phic/h,rmse h/r,spread alpha/u,spread phic/h,spread h/r
3.034054e-01,5.416866e-02,1.881035e-03,2.178019e-01,1.997102e-01,1.533221e-01
8.458450e-04,7.028548e-03,1.454541e-04,8.152779e-04,6.602453e-03,2.864255e-05
