# rmse alpha/u,rmse phic/h,rmse h/r,spread alpha/u,spread phic/h,spread h/r
3.034054e-01,5.416866e-02,1.881035e-03,2.178019e-01,1.997102e-01,1.533221e-01
8.323646e-04,6.210851e-03,1.648036e-04,8.603316e-04,6.524422e-03,1.654468e-05
