# rmse alpha/u,rmse phic/h,rmse h/r,spread alpha/u,spread phic/h,spread h/r
5.713742e-02,1.588989e-02,9.389032e-03,1.927996e-01,2.373932e-01,2.334187e-01
3.824599e-03,2.503944e-02,3.956565e-05,2.309510e-03,1.539616e-02,3.967903e-05
