# rmse alpha/u,rmse phic/h,rmse h/r,spread alpha/u,spread phic/h,spread h/r
5.713742e-02,1.588989e-02,9.389032e-03,1.927996e-01,2.373932e-01,2.334187e-01
4.550438e-03,3.078439e-02,5.718285e-05,2.700156e-03,1.956883e-02,4.824579e-05
