# rmse alpha/u,rmse phic/h,rmse h/r,spread alpha/u,spread phic/h,spread h/r
5.713742e-02,1.588989e-02,9.389032e-03,1.927996e-01,2.373932e-01,2.334187e-01
4.000720e-03,2.771146e-02,5.795178e-05,2.754124e-03,2.059291e-02,5.086106e-05
