# rmse alpha/u,rmse phic/h,rmse h/r,spread alpha/u,spread phic/h,spread h/r
5.713742e-02,1.588989e-02,9.389032e-03,1.927996e-01,2.373932e-01,2.334187e-01
3.106557e-03,2.017074e-02,4.425323e-05,2.008584e-03,1.326384e-02,4.099076e-05
