# rmse alpha/u,rmse phic/h,rmse h/r,spread alpha/u,spread phic/h,spread h/r
5.713742e-02,1.588989e-02,9.389032e-03,1.927996e-01,2.373932e-01,2.334187e-01
3.556702e-03,2.650267e-02,4.006381e-05,2.123338e-03,1.527306e-02,4.373009e-05
