# rmse alpha/u,rmse phic/h,rmse h/r,spread alpha/u,spread phic/h,spread h/r
3.067315e-01,9.138058e-02,1.919712e-01,1.160175e-01,9.137264e-02,6.903545e-02
4.475245e-03,2.987121e-02,4.937007e-05,3.230414e-03,2.430259e-02,4.724818e-05
