# rmse alpha/u,rmse phic/h,rmse h/r,spread alpha/u,spread phic/h,spread h/r
3.067315e-01,9.138058e-02,1.919712e-01,1.160175e-01,9.137264e-02,6.903545e-02
3.728510e-03,2.401135e-02,5.104770e-05,3.204364e-03,2.357517e-02,4.448594e-05
