# rmse alpha/u,rmse phic/h,rmse h/r,spread alpha/u,spread phic/h,spread h/r
3.067315e-01,9.138058e-02,1.919712e-01,1.160175e-01,9.137264e-02,6.903545e-02
4.641000e-03,2.991195e-02,4.492484e-05,3.265702e-03,2.507183e-02,4.283839e-05
