# rmse alpha/u,rmse phic/h,rmse h/r,spread alpha/u,spread phic/h,spread h/r
3.067315e-01,9.138058e-02,1.919712e-01,1.160175e-01,9.137264e-02,6.903545e-02
4.607862e-03,2.472591e-02,4.994777e-05,3.010948e-03,2.260855e-02,4.387441e-05
