# rmse alpha/u,rmse phic/h,rmse h/r,spread alpha/u,spread phic/h,spread h/r
3.627753e-02,1.928758e-02,1.440608e-02,1.811101e-01,1.969144e-01,2.100729e-01
2.968074e-03,1.760014e-02,3.732406e-05,2.304693e-03,1.472560e-02,4.085146e-05
