# rmse alpha/u,rmse phic/h,rmse h/r,spread alpha/u,spread phic/h,spread h/r
3.591986e-01,1.163411e-01,1.859433e-01,1.371981e-01,8.968187e-02,7.917930e-02
3.376643e-03,2.541198e-02,3.101403e-05,2.777360e-03,1.844141e-02,2.111088e-05
