# rmse alpha/u,rmse phic/h,rmse h/r,spread alpha/u,spread phic/h,spread h/r
3.591986e-01,1.163411e-01,1.859433e-01,1.371981e-01,8.968187e-02,7.917930e-02
4.496461e-03,2.751703e-02,4.105544e-05,3.280329e-03,2.467500e-02,3.071742e-05
