# rmse alpha/u,rmse phic/h,rmse h/r,spread alpha/u,spread phic/h,spread h/r
3.591986e-01,1.163411e-01,1.859433e-01,1.371981e-01,8.968187e-02,7.917930e-02
3.602863e-03,2.813251e-02,4.689004e-05,3.113491e-03,2.249539e-02,2.863745e-05
