# rmse alpha/u,rmse phic/h,rmse h/r,spread alpha/u,spread phic/h,spread h/r
3.591986e-01,1.163411e-01,1.859433e-01,1.371981e-01,8.968187e-02,7.917930e-02
4.914858e-03,3.572634e-02,5.445586e-05,3.334530e-03,2.459890e-02,3.449256e-05
