# rmse alpha/u,rmse phic/h,rmse h/r,spread alpha/u,spread phic/h,spread h/r
3.591986e-01,1.163411e-01,1.859433e-01,1.371981e-01,8.968187e-02,7.917930e-02
5.056253e-03,3.591087e-02,5.019070e-05,2.675559e-03,1.824260e-02,2.981049e-05
