# rmse alpha/u,rmse phic/h,rmse h/r,spread alpha/u,spread phic/h,spread h/r
3.591986e-01,1.163411e-01,1.859433e-01,1.371981e-01,8.968187e-02,7.917930e-02
4.451572e-03,2.560358e-02,4.578050e-05,2.957900e-03,1.937455e-02,2.657509e-05
