# rmse alpha/u,rmse phic/h,rmse h/r,spread alpha/u,spread phic/h,spread h/r
3.591986e-01,1.163411e-01,1.859433e-01,1.371981e-01,8.968187e-02,7.917930e-02
5.889545e-03,3.460217e-02,5.411800e-05,3.324271e-03,2.395619e-02,3.058178e-05
