# rmse alpha/u,rmse phic/h,rmse h/r,spread alpha/u,spread phic/h,spread h/r
3.715623e-02,9.025516e-02,1.163687e-01,1.499608e-01,2.135583e-01,1.807254e-01
3.805355e-03,2.687392e-02,6.007650e-05,2.810149e-03,2.035473e-02,4.122531e-05
