# rmse alpha/u,rmse phic/h,rmse h/r,spread alpha/u,spread phic/h,spread h/r
3.715623e-02,9.025516e-02,1.163687e-01,1.499608e-01,2.135583e-01,1.807254e-01
4.064805e-03,2.746919e-02,6.754096e-05,2.902630e-03,2.154966e-02,4.578318e-05
