# rmse alpha/u,rmse phic/h,rmse h/r,spread alpha/u,spread phic/h,spread h/r
3.715623e-02,9.025516e-02,1.163687e-01,1.499608e-01,2.135583e-01,1.807254e-01
4.126643e-03,3.055503e-02,7.595177e-05,2.406875e-03,1.694650e-02,4.112001e-05
