# rmse alpha/u,rmse phic/h,rmse h/r,spread alpha/u,spread phic/h,spread h/r
3.715623e-02,9.025516e-02,1.163687e-01,1.499608e-01,2.135583e-01,1.807254e-01
2.981673e-03,2.136188e-02,6.767691e-05,2.732573e-03,1.890011e-02,4.602072e-05
