# rmse alpha/u,rmse phic/h,rmse h/r,spread alpha/u,spread phic/h,spread h/r
3.103355e-02,2.993561e-02,4.110506e-02,1.970962e-01,2.245612e-01,1.605225e-01
1.057058e-03,9.672452e-03,4.101527e-05,1.119224e-03,7.884644e-03,3.961236e-05
