# rmse alpha/u,rmse phic/h,rmse h/r,spread alpha/u,spread phic/h,spread h/r
3.103355e-02,2.993561e-02,4.110506e-02,1.970962e-01,2.245612e-01,1.605225e-01
1.587185e-03,8.696754e-03,3.991018e-05,9.436662e-04,6.969777e-03,3.724729e-05
