# rmse alpha/u,rmse phic/h,rmse h/r,spread alpha/u,spread phic/h,spread h/r
3.103355e-02,2.993561e-02,4.110506e-02,1.970962e-01,2.245612e-01,1.605225e-01
1.373210e-03,1.201051e-02,5.335794e-05,1.000165e-03,7.406029e-03,3.986836e-05
