# rmse alpha/u,rmse phic/h,rmse h/r,spread alpha/u,spread phic/h,spread h/r
3.103355e-02,2.993561e-02,4.110506e-02,1.970962e-01,2.245612e-01,1.605225e-01
1.269797e-03,9.840775e-03,3.994039e-05,8.616117e-04,6.442695e-03,3.809432e-05
