# rmse alpha/u,rmse phic/h,rmse h/r,spread alpha/u,spread phic/h,spread h/r
3.103355e-02,2.993561e-02,4.110506e-02,1.970962e-01,2.245612e-01,1.605225e-01
1.166431e-03,8.541787e-03,4.138212e-05,9.475244e-04,7.167712e-03,3.368567e-05
