# rmse alpha/u,rmse phic/h,rmse h/r,spread alpha/u,spread phic/h,spread h/r
3.103355e-02,2.993561e-02,4.110506e-02,1.970962e-01,2.245612e-01,1.605225e-01
2.013943e-03,1.678787e-02,4.365643e-05,1.288226e-03,8.992973e-03,3.737640e-05
