# rmse alpha/u,rmse phic/h,rmse h/r,spread alpha/u,spread phic/h,spread h/r
8.235322e-03,4.843858e-02,1.422117e-01,1.947588e-01,2.099149e-01,1.943279e-01
4.672241e-03,3.232620e-02,5.566774e-05,4.504216e-03,3.431455e-02,5.391604e-05
