# rmse alpha/u,rmse phic/h,rmse h/r,spread alpha/u,spread phic/h,spread h/r
8.235322e-03,4.843858e-02,1.422117e-01,1.947588e-01,2.099149e-01,1.943279e-01
4.564129e-03,3.214024e-02,5.570934e-05,4.565884e-03,3.714104e-02,5.570397e-05
