# rmse alpha/u,rmse phic/h,rmse h/r,spread alpha/u,spread phic/h,spread h/r
8.235322e-03,4.843858e-02,1.422117e-01,1.947588e-01,2.099149e-01,1.943279e-01
4.838051e-03,2.904185e-02,6.535763e-05,4.591227e-03,3.717296e-02,6.167725e-05
