# rmse alpha/u,rmse phic/h,rmse h/r,spread alpha/u,spread phic/h,spread h/r
8.235322e-03,4.843858e-02,1.422117e-01,1.947588e-01,2.099149e-01,1.943279e-01
4.896669e-03,3.449654e-02,6.993081e-05,4.526297e-03,3.644006e-02,6.212896e-05
