# rmse alpha/u,rmse phic/h,rmse h/r,spread alpha/u,spread phic/h,spread h/r
8.235322e-03,4.843858e-02,1.422117e-01,1.947588e-01,2.099149e-01,1.943279e-01
5.219380e-03,3.663301e-02,5.869609e-05,4.574165e-03,3.640020e-02,5.783866e-05
