# rmse alpha/u,rmse phic/h,rmse h/r,spread alpha/u,spread phic/h,spread h/r
8.235322e-03,4.843858e-02,1.422117e-01,1.947588e-01,2.099149e-01,1.943279e-01
6.208949e-03,4.447010e-02,6.125025e-05,4.938311e-03,4.106833e-02,6.183828e-05
