# rmse alpha/u,rmse phic/h,rmse h/r,spread alpha/u,spread phic/h,spread h/r
8.235322e-03,4.843858e-02,1.422117e-01,1.947588e-01,2.099149e-01,1.943279e-01
5.936243e-03,3.994683e-02,6.608969e-05,4.556944e-03,3.717007e-02,5.953676e-05
