# rmse alpha/u,rmse phic/h,rmse h/r,spread alpha/u,spread phic/h,spread h/r
8.235322e-03,4.843858e-02,1.422117e-01,1.947588e-01,2.099149e-01,1.943279e-01
4.731146e-03,3.394381e-02,7.168733e-05,4.025668e-03,3.094757e-02,5.577565e-05
