# rmse alpha/u,rmse phic/h,rmse h/r,spread alpha/u,spread phic/h,spread h/r
7.341751e-02,1.770232e-03,5.991742e-03,2.043333e-01,2.367205e-01,1.852534e-01
2.794379e-03,1.460596e-02,3.674647e-05,1.721132e-03,1.107556e-02,3.875515e-05
