# rmse alpha/u,rmse phic/h,rmse h/r,spread alpha/u,spread phic/h,spread h/r
7.341751e-02,1.770232e-03,5.991742e-03,2.043333e-01,2.367205e-01,1.852534e-01
3.828333e-03,2.761541e-02,7.098700e-05,1.907843e-03,1.304613e-02,4.742333e-05
