# rmse alpha/u,rmse phic/h,rmse h/r,spread alpha/u,spread phic/h,spread h/r
7.341751e-02,1.770232e-03,5.991742e-03,2.043333e-01,2.367205e-01,1.852534e-01
4.524767e-03,2.399106e-02,5.327007e-05,1.790481e-03,1.233259e-02,4.835429e-05
