# rmse alpha/u,rmse phic/h,rmse h/r,spread alpha/u,spread phic/h,spread h/r
7.341751e-02,1.770232e-03,5.991742e-03,2.043333e-01,2.367205e-01,1.852534e-01
2.615967e-03,1.262736e-02,3.689772e-05,1.371402e-03,9.509252e-03,4.263557e-05
