# rmse alpha/u,rmse phic/h,rmse h/r,spread alpha/u,spread phic/h,spread h/r
7.341751e-02,1.770232e-03,5.991742e-03,2.043333e-01,2.367205e-01,1.852534e-01
1.596244e-03,1.486858e-02,5.048611e-05,1.577359e-03,1.175467e-02,4.467317e-05
