# rmse alpha/u,rmse phic/h,rmse h/r,spread alpha/u,spread phic/h,spread h/r
7.526487e-01,3.152545e-01,2.234632e-01,1.354666e-01,2.169042e-01,1.474046e-01
3.170919e-03,2.325732e-02,2.486714e-05,3.199574e-03,2.226114e-02,2.823396e-05
