# rmse alpha/u,rmse phic/h,rmse h/r,spread alpha/u,spread phic/h,spread h/r
7.526487e-01,3.152545e-01,2.234632e-01,1.354666e-01,2.169042e-01,1.474046e-01
4.746736e-03,3.003709e-02,4.235709e-05,3.272368e-03,2.603097e-02,3.709934e-05
