# rmse alpha/u,rmse phic/h,rmse h/r,spread alpha/u,spread phic/h,spread h/r
7.526487e-01,3.152545e-01,2.234632e-01,1.354666e-01,2.169042e-01,1.474046e-01
3.644581e-03,2.173781e-02,3.687710e-05,3.278418e-03,2.240998e-02,2.972700e-05
