# rmse alpha/u,rmse phic/h,rmse h/r,spread alpha/u,spread phic/h,spread h/r
7.526487e-01,3.152545e-01,2.234632e-01,1.354666e-01,2.169042e-01,1.474046e-01
3.497019e-03,2.041944e-02,3.306058e-05,3.259879e-03,2.355971e-02,3.137930e-05
