# rmse alpha/u,rmse phic/h,rmse h/r,spread alpha/u,spread phic/h,spread h/r
7.526487e-01,3.152545e-01,2.234632e-01,1.354666e-01,2.169042e-01,1.474046e-01
4.314933e-03,2.295322e-02,3.280843e-05,3.107805e-03,2.253277e-02,3.274258e-05
