# rmse alpha/u,rmse phic/h,rmse h/r,spread alpha/u,spread phic/h,spread h/r
7.526487e-01,3.152545e-01,2.234632e-01,1.354666e-01,2.169042e-01,1.474046e-01
5.028590e-03,2.851601e-02,4.046812e-05,3.108630e-03,2.327043e-02,3.612514e-05
