# rmse alpha/u,rmse phic/h,rmse h/r,spread alpha/u,spread phic/h,spread h/r
2.854802e-02,3.488360e-02,3.420211e-01,2.064906e-01,1.899857e-01,1.562718e-01
2.579382e-03,1.936300e-02,5.814627e-05,1.839041e-03,1.359692e-02,4.365391e-05
