# rmse alpha/u,rmse phic/h,rmse h/r,spread alpha/u,spread phic/h,spread h/r
2.854802e-02,3.488360e-02,3.420211e-01,2.064906e-01,1.899857e-01,1.562718e-01
2.564639e-03,1.492809e-02,5.351203e-05,1.831759e-03,1.180456e-02,4.185040e-05
