# rmse alpha/u,rmse phic/h,rmse h/r,spread alpha/u,spread phic/h,spread h/r
2.854802e-02,3.488360e-02,3.420211e-01,2.064906e-01,1.899857e-01,1.562718e-01
2.320317e-03,1.235656e-02,4.971986e-05,2.072734e-03,1.467893e-02,4.046881e-05
