# rmse alpha/u,rmse phic/h,rmse h/r,spread alpha/u,spread phic/h,spread h/r
2.854802e-02,3.488360e-02,3.420211e-01,2.064906e-01,1.899857e-01,1.562718e-01
2.839773e-03,1.883122e-02,5.026428e-05,2.054805e-03,1.417994e-02,4.323790e-05
