# rmse alpha/u,rmse phic/h,rmse h/r,spread alpha/u,spread phic/h,spread h/r
2.854802e-02,3.488360e-02,3.420211e-01,2.064906e-01,1.899857e-01,1.562718e-01
3.547680e-03,1.679183e-02,4.897285e-05,1.809949e-03,1.213015e-02,4.374909e-05
