# rmse alpha/u,rmse phic/h,rmse h/r,spread alpha/u,spread phic/h,spread h/r
7.574524e-02,1.494746e-01,1.607670e-01,2.007666e-01,2.380345e-01,2.181955e-01
4.610094e-03,2.567355e-02,1.196278e-04,3.870201e-03,2.682355e-02,7.244026e-05
