# rmse alpha/u,rmse phic/h,rmse h/r,spread alpha/u,spread phic/h,spread h/r
5.783978e-02,9.231170e-02,4.037524e-02,2.108986e-01,2.184920e-01,1.878878e-01
3.311115e-03,1.922810e-02,4.091867e-05,2.231268e-03,1.481433e-02,4.250113e-05
