# rmse alpha/u,rmse phic/h,rmse h/r,spread alpha/u,spread phic/h,spread h/r
5.783978e-02,9.231170e-02,4.037524e-02,2.108986e-01,2.184920e-01,1.878878e-01
3.510169e-03,1.875696e-02,5.263179e-05,2.638280e-03,1.869101e-02,5.147355e-05
