# rmse alpha/u,rmse phic/h,rmse h/r,spread alpha/u,spread phic/h,spread h/r
5.783978e-02,9.231170e-02,4.037524e-02,2.108986e-01,2.184920e-01,1.878878e-01
2.419391e-03,1.145460e-02,4.275421e-05,2.209425e-03,1.488844e-02,4.264120e-05
