# rmse alpha/u,rmse phic/h,rmse h/r,spread alpha/u,spread phic/h,spread h/r
5.783978e-02,9.231170e-02,4.037524e-02,2.108986e-01,2.184920e-01,1.878878e-01
3.328509e-03,1.896150e-02,5.081587e-05,2.810229e-03,2.023751e-02,4.642952e-05
