# rmse alpha/u,rmse phic/h,rmse h/r,spread alpha/u,spread phic/h,spread h/r
5.783978e-02,9.231170e-02,4.037524e-02,2.108986e-01,2.184920e-01,1.878878e-01
3.599059e-03,1.902044e-02,5.027148e-05,1.761445e-03,1.253526e-02,4.363052e-05
