# rmse alpha/u,rmse phic/h,rmse h/r,spread alpha/u,spread phic/h,spread h/r
5.783978e-02,9.231170e-02,4.037524e-02,2.108986e-01,2.184920e-01,1.878878e-01
3.682530e-03,2.718021e-02,5.232552e-05,3.385242e-03,2.380014e-02,5.118690e-05
