# rmse alpha/u,rmse phic/h,rmse h/r,spread alpha/u,spread phic/h,spread h/r
5.783978e-02,9.231170e-02,4.037524e-02,2.108986e-01,2.184920e-01,1.878878e-01
2.535847e-03,1.390163e-02,3.778945e-05,1.897077e-03,1.300386e-02,3.747983e-05
