# rmse alpha/u,rmse phic/h,rmse h/r,spread alpha/u,spread phic/h,spread h/r
5.783978e-02,9.231170e-02,4.037524e-02,2.108986e-01,2.184920e-01,1.878878e-01
2.996429e-03,2.611672e-02,5.563348e-05,2.831489e-03,2.077798e-02,5.059026e-05
