# rmse alpha/u,rmse phic/h,rmse h/r,spread alpha/u,spread phic/h,spread h/r
5.783978e-02,9.231170e-02,4.037524e-02,2.108986e-01,2.184920e-01,1.878878e-01
3.154231e-03,2.074989e-02,5.461584e-05,2.204534e-03,1.607711e-02,4.502064e-05
