# rmse alpha/u,rmse phic/h,rmse h/r,spread alpha/u,spread phic/h,spread h/r
2.001832e-02,2.579562e-02,2.095131e-02,1.954058e-01,1.879914e-01,2.204968e-01
3.293930e-03,2.070642e-02,5.608164e-05,2.464711e-03,1.835918e-02,5.207240e-05
