# rmse alpha/u,rmse phic/h,rmse h/r,spread alpha/u,spread phic/h,spread h/r
2.001832e-02,2.579562e-02,2.095131e-02,1.954058e-01,1.879914e-01,2.204968e-01
3.174190e-03,1.923055e-02,5.185510e-05,2.851551e-03,1.866192e-02,5.023225e-05
