# rmse alpha/u,rmse phic/h,rmse h/r,spread alpha/u,spread phic/h,spread h/r
2.001832e-02,2.579562e-02,2.095131e-02,1.954058e-01,1.879914e-01,2.204968e-01
4.439594e-03,2.589839e-02,4.987999e-05,3.224394e-03,2.426047e-02,5.577880e-05
