# rmse alpha/u,rmse phic/h,rmse h/r,spread alpha/u,spread phic/h,spread h/r
2.001832e-02,2.579562e-02,2.095131e-02,1.954058e-01,1.879914e-01,2.204968e-01
4.348782e-03,2.381981e-02,5.021098e-05,3.485473e-03,2.546531e-02,5.809105e-05
