# rmse alpha/u,rmse phic/h,rmse h/r,spread alpha/u,spread phic/h,spread h/r
2.001832e-02,2.579562e-02,2.095131e-02,1.954058e-01,1.879914e-01,2.204968e-01
3.412506e-03,2.267511e-02,5.775811e-05,3.069566e-03,2.314929e-02,5.712952e-05
