# rmse alpha/u,rmse phic/h,rmse h/r,spread alpha/u,spread phic/h,spread h/r
2.001832e-02,2.579562e-02,2.095131e-02,1.954058e-01,1.879914e-01,2.204968e-01
2.872089e-03,1.380979e-02,4.219266e-05,2.159157e-03,1.450322e-02,4.672004e-05
