# rmse alpha/u,rmse phic/h,rmse h/r,spread alpha/u,spread phic/h,spread h/r
9.341536e-03,1.258606e-01,2.019428e-01,1.930173e-01,2.361888e-01,2.194398e-01
4.988893e-03,3.501013e-02,7.956908e-05,4.045811e-03,3.079007e-02,5.001683e-05
