# rmse alpha/u,rmse phic/h,rmse h/r,spread alpha/u,spread phic/h,spread h/r
9.341536e-03,1.258606e-01,2.019428e-01,1.930173e-01,2.361888e-01,2.194398e-01
4.880297e-03,3.412226e-02,8.362633e-05,3.759403e-03,2.908495e-02,4.915255e-05
