# rmse alpha/u,rmse phic/h,rmse h/r,spread alpha/u,spread phic/h,spread h/r
9.341536e-03,1.258606e-01,2.019428e-01,1.930173e-01,2.361888e-01,2.194398e-01
5.409332e-03,4.066025e-02,8.131198e-05,4.163284e-03,3.259613e-02,4.707571e-05
