# rmse alpha/u,rmse phic/h,rmse h/r,spread alpha/u,spread phic/h,spread h/r
9.341536e-03,1.258606e-01,2.019428e-01,1.930173e-01,2.361888e-01,2.194398e-01
5.525030e-03,3.272412e-02,7.175362e-05,4.319059e-03,3.230146e-02,5.769640e-05
