# rmse alpha/u,rmse phic/h,rmse h/r,spread alpha/u,spread phic/h,spread h/r
9.341536e-03,1.258606e-01,2.019428e-01,1.930173e-01,2.361888e-01,2.194398e-01
5.700898e-03,4.495829e-02,6.937372e-05,4.609897e-03,3.447934e-02,5.538480e-05
