# rmse alpha/u,rmse phic/h,rmse h/r,spread alpha/u,spread phic/h,spread h/r
9.341536e-03,1.258606e-01,2.019428e-01,1.930173e-01,2.361888e-01,2.194398e-01
4.903572e-03,2.890573e-02,6.699325e-05,4.140385e-03,2.833426e-02,4.580173e-05
