# rmse alpha/u,rmse phic/h,rmse h/r,spread alpha/u,spread phic/h,spread h/r
3.412119e-02,9.396163e-02,4.638299e-01,1.738920e-01,2.448466e-01,1.681315e-01
2.235242e-03,2.655200e-02,6.973773e-05,1.260294e-03,9.311216e-03,2.018977e-05
