# rmse alpha/u,rmse phic/h,rmse h/r,spread alpha/u,spread phic/h,spread h/r
3.412119e-02,9.396163e-02,4.638299e-01,1.738920e-01,2.448466e-01,1.681315e-01
2.318400e-03,1.694572e-02,6.939745e-05,9.406217e-04,7.107659e-03,1.777138e-05
