# rmse alpha/u,rmse phic/h,rmse h/r,spread alpha/u,spread phic/h,spread h/r
3.412119e-02,9.396163e-02,4.638299e-01,1.738920e-01,2.448466e-01,1.681315e-01
3.265242e-03,1.714140e-02,5.815572e-05,8.617659e-04,6.459825e-03,1.768533e-05
