# rmse alpha/u,rmse phic/h,rmse h/r,spread alpha/u,spread phic/h,spread h/r
7.522509e-02,1.215696e-02,6.395978e-03,2.127208e-01,2.341384e-01,2.035657e-01
2.776495e-03,2.131080e-02,4.944599e-05,2.753362e-03,1.936147e-02,4.396088e-05
