# rmse alpha/u,rmse phic/h,rmse h/r,spread alpha/u,spread phic/h,spread h/r
7.522509e-02,1.215696e-02,6.395978e-03,2.127208e-01,2.341384e-01,2.035657e-01
3.988354e-03,2.352457e-02,5.292764e-05,2.700936e-03,1.921746e-02,4.847215e-05
