# rmse alpha/u,rmse phic/h,rmse h/r,spread alpha/u,spread phic/h,spread h/r
7.522509e-02,1.215696e-02,6.395978e-03,2.127208e-01,2.341384e-01,2.035657e-01
4.103640e-03,2.649792e-02,5.695560e-05,3.610263e-03,2.541369e-02,5.327708e-05
