# rmse alpha/u,rmse phic/h,rmse h/r,spread alpha/u,spread phic/h,spread h/r
1.229264e-01,1.218393e-02,2.530678e-02,1.484235e-01,1.064078e-01,8.097793e-02
2.983854e-03,1.268114e-02,3.184962e-05,1.810267e-03,1.225828e-02,4.039133e-05
