# rmse alpha/u,rmse phic/h,rmse h/r,spread alpha/u,spread phic/h,spread h/r
1.229264e-01,1.218393e-02,2.530678e-02,1.484235e-01,1.064078e-01,8.097793e-02
3.330925e-03,2.088799e-02,5.624491e-05,2.048227e-03,1.526727e-02,5.148403e-05
