# rmse alpha/u,rmse phic/h,rmse h/r,spread alpha/u,spread phic/h,spread h/r
1.229264e-01,1.218393e-02,2.530678e-02,1.484235e-01,1.064078e-01,8.097793e-02
2.905386e-03,2.105455e-02,4.986541e-05,1.741881e-03,1.212313e-02,4.870917e-05
