# rmse alpha/u,rmse phic/h,rmse h/r,spread alpha/u,spread phic/h,spread h/r
1.229264e-01,1.218393e-02,2.530678e-02,1.484235e-01,1.064078e-01,8.097793e-02
2.045816e-03,1.382852e-02,4.794078e-05,1.577774e-03,1.123680e-02,5.015853e-05
