# rmse alpha/u,rmse phic/h,rmse h/r,spread alpha/u,spread phic/h,spread h/r
8.902414e-05,1.200979e-02,5.802144e-01,1.969593e-01,1.699969e-01,1.470455e-01
2.488817e-03,1.645868e-02,5.692592e-05,1.702193e-03,1.190955e-02,3.950071e-05
