# rmse alpha/u,rmse phic/h,rmse h/r,spread alpha/u,spread phic/h,spread h/r
8.902414e-05,1.200979e-02,5.802144e-01,1.969593e-01,1.699969e-01,1.470455e-01
1.465807e-03,8.315648e-03,3.613245e-05,8.876010e-04,6.569863e-03,3.026947e-05
