# rmse alpha/u,rmse phic/h,rmse h/r,spread alpha/u,spread phic/h,spread h/r
8.902414e-05,1.200979e-02,5.802144e-01,1.969593e-01,1.699969e-01,1.470455e-01
1.153847e-03,7.683175e-03,3.601678e-05,8.939018e-04,6.694372e-03,2.935780e-05
