# rmse alpha/u,rmse phic/h,rmse h/r,spread alpha/u,spread phic/h,spread h/r
8.902414e-05,1.200979e-02,5.802144e-01,1.969593e-01,1.699969e-01,1.470455e-01
1.531547e-03,9.252313e-03,1.986565e-05,8.369175e-04,6.270789e-03,2.675395e-05
