# rmse alpha/u,rmse phic/h,rmse h/r,spread alpha/u,spread phic/h,spread h/r
8.902414e-05,1.200979e-02,5.802144e-01,1.969593e-01,1.699969e-01,1.470455e-01
1.144695e-03,7.594985e-03,2.061001e-05,1.040417e-03,7.649536e-03,2.886850e-05
