# rmse alpha/u,rmse phic/h,rmse h/r,spread alpha/u,spread phic/h,spread h/r
8.902414e-05,1.200979e-02,5.802144e-01,1.969593e-01,1.699969e-01,1.470455e-01
1.095109e-03,8.078297e-03,4.366235e-05,9.716348e-04,7.431867e-03,3.398558e-05
