# rmse alpha/u,rmse phic/h,rmse h/r,spread alpha/u,spread phic/h,spread h/r
4.291813e-01,6.125694e-02,4.430338e-01,1.498822e-01,1.993221e-01,1.602325e-01
3.729855e-03,3.181534e-02,4.738771e-05,3.434193e-03,2.622036e-02,3.339927e-05
