# rmse alpha/u,rmse phic/h,rmse h/r,spread alpha/u,spread phic/h,spread h/r
4.291813e-01,6.125694e-02,4.430338e-01,1.498822e-01,1.993221e-01,1.602325e-01
5.029770e-03,2.768611e-02,5.383439e-05,2.677316e-03,1.735610e-02,2.658927e-05
