# rmse alpha/u,rmse phic/h,rmse h/r,spread alpha/u,spread phic/h,spread h/r
4.291813e-01,6.125694e-02,4.430338e-01,1.498822e-01,1.993221e-01,1.602325e-01
5.642411e-03,2.949239e-02,3.680393e-05,3.127361e-03,2.272389e-02,2.578939e-05
