# rmse alpha/u,rmse phic/h,rmse h/r,spread alpha/u,spread phic/h,spread h/r
4.291813e-01,6.125694e-02,4.430338e-01,1.498822e-01,1.993221e-01,1.602325e-01
2.995307e-03,1.972853e-02,3.447171e-05,2.713925e-03,1.933609e-02,2.340742e-05
