# rmse alpha/u,rmse phic/h,rmse h/r,spread alpha/u,spread phic/h,spread h/r
4.291813e-01,6.125694e-02,4.430338e-01,1.498822e-01,1.993221e-01,1.602325e-01
3.137984e-03,2.924509e-02,4.566024e-05,3.001562e-03,2.026150e-02,2.522090e-05
