# rmse alpha/u,rmse phic/h,rmse h/r,spread alpha/u,spread phic/h,spread h/r
7.568531e-02,6.176222e-02,1.622141e-02,1.311809e-01,8.916144e-02,7.053168e-02
3.777225e-03,1.922268e-02,5.826928e-05,2.577071e-03,1.738008e-02,5.172396e-05
