# rmse alpha/u,rmse phic/h,rmse h/r,spread alpha/u,spread phic/h,spread h/r
7.568531e-02,6.176222e-02,1.622141e-02,1.311809e-01,8.916144e-02,7.053168e-02
4.401347e-03,2.470102e-02,6.321337e-05,3.071352e-03,2.170966e-02,5.508096e-05
