# rmse alpha/u,rmse phic/h,rmse h/r,spread alpha/u,spread phic/h,spread h/r
7.568531e-02,6.176222e-02,1.622141e-02,1.311809e-01,8.916144e-02,7.053168e-02
3.960043e-03,2.733383e-02,7.549521e-05,2.667931e-03,1.941810e-02,5.587635e-05
