# rmse alpha/u,rmse phic/h,rmse h/r,spread alpha/u,spread phic/h,spread h/r
7.568531e-02,6.176222e-02,1.622141e-02,1.311809e-01,8.916144e-02,7.053168e-02
2.717137e-03,1.548948e-02,5.209961e-05,2.029448e-03,1.345461e-02,4.612779e-05
