# rmse alpha/u,rmse phic/h,rmse h/r,spread alpha/u,spread phic/h,spread h/r
7.568531e-02,6.176222e-02,1.622141e-02,1.311809e-01,8.916144e-02,7.053168e-02
2.960957e-03,1.873079e-02,5.293093e-05,2.289553e-03,1.613600e-02,4.930598e-05
