# rmse alpha/u,rmse phic/h,rmse h/r,spread alpha/u,spread phic/h,spread h/r
7.568531e-02,6.176222e-02,1.622141e-02,1.311809e-01,8.916144e-02,7.053168e-02
4.149132e-03,2.651714e-02,7.063009e-05,2.809771e-03,1.919454e-02,5.192985e-05
