# rmse alpha/u,rmse phic/h,rmse h/r,spread alpha/u,spread phic/h,spread h/r
7.568531e-02,6.176222e-02,1.622141e-02,1.311809e-01,8.916144e-02,7.053168e-02
1.975014e-03,1.134881e-02,5.006874e-05,1.671989e-03,1.190196e-02,4.271135e-05
