# rmse alpha/u,rmse phic/h,rmse h/r,spread alpha/u,spread phic/h,spread h/r
1.487149e-02,8.599889e-02,8.415419e-04,2.011122e-01,2.284813e-01,1.938860e-01
3.012378e-03,1.668032e-02,4.057724e-05,1.914665e-03,1.318632e-02,2.313046e-05
