# rmse alpha/u,rmse phic/h,rmse h/r,spread alpha/u,spread phic/h,spread h/r
1.487149e-02,8.599889e-02,8.415419e-04,2.011122e-01,2.284813e-01,1.938860e-01
3.271184e-03,2.324396e-02,3.866615e-05,1.935177e-03,1.222908e-02,2.222152e-05
