# rmse alpha/u,rmse phic/h,rmse h/r,spread alpha/u,spread phic/h,spread h/r
1.487149e-02,8.599889e-02,8.415419e-04,2.011122e-01,2.284813e-01,1.938860e-01
4.064764e-03,2.542092e-02,5.144557e-05,2.760589e-03,2.066873e-02,2.711267e-05
