# rmse alpha/u,rmse phic/h,rmse h/r,spread alpha/u,spread phic/h,spread h/r
1.487149e-02,8.599889e-02,8.415419e-04,2.011122e-01,2.284813e-01,1.938860e-01
3.978097e-03,2.084635e-02,3.689348e-05,2.091675e-03,1.393218e-02,2.192109e-05
