# rmse alpha/u,rmse phic/h,rmse h/r,spread alpha/u,spread phic/h,spread h/r
2.305549e-03,1.565835e-02,3.613426e-05,1.647172e-01,2.045747e-01,1.678027e-01
1.772908e-03,9.380008e-03,1.943460e-05,9.799516e-04,7.109510e-03,2.801300e-05
