# rmse alpha/u,rmse phic/h,rmse h/r,spread alpha/u,spread phic/h,spread h/r
2.305549e-03,1.565835e-02,3.613426e-05,1.647172e-01,2.045747e-01,1.678027e-01
1.398819e-03,7.504468e-03,2.693071e-05,1.034443e-03,7.196553e-03,2.753374e-05
