# rmse alpha/u,rmse phic/h,rmse h/r,spread alpha/u,spread phic/h,spread h/r
2.305549e-03,1.565835e-02,3.613426e-05,1.647172e-01,2.045747e-01,1.678027e-01
8.483468e-04,5.934247e-03,1.967462e-05,8.741524e-04,6.181799e-03,2.780496e-05
