# rmse alpha/u,rmse phic/h,rmse h/r,spread alpha/u,spread phic/h,spread h/r
2.305549e-03,1.565835e-02,3.613426e-05,1.647172e-01,2.045747e-01,1.678027e-01
1.214490e-03,8.324105e-03,2.223169e-05,1.025173e-03,7.250355e-03,2.862291e-05
