# rmse alpha/u,rmse phic/h,rmse h/r,spread alpha/u,spread phic/h,spread h/r
2.305549e-03,1.565835e-02,3.613426e-05,1.647172e-01,2.045747e-01,1.678027e-01
2.268544e-03,1.274732e-02,2.336569e-05,1.533627e-03,1.082191e-02,2.882970e-05
