# rmse alpha/u,rmse phic/h,rmse h/r,spread alpha/u,spread phic/h,spread h/r
2.305549e-03,1.565835e-02,3.613426e-05,1.647172e-01,2.045747e-01,1.678027e-01
1.371142e-03,6.865477e-03,1.510261e-05,1.026446e-03,7.308789e-03,2.685627e-05
