# rmse alpha/u,rmse phic/h,rmse h/r,spread alpha/u,spread phic/h,spread h/r
2.425671e-01,4.789598e-01,5.311611e-01,1.906733e-01,1.720275e-01,1.565591e-01
3.861360e-03,2.349291e-02,3.248648e-05,2.594854e-03,1.768390e-02,1.706270e-05
