# rmse alpha/u,rmse phic/h,rmse h/r,spread alpha/u,spread phic/h,spread h/r
2.425671e-01,4.789598e-01,5.311611e-01,1.906733e-01,1.720275e-01,1.565591e-01
4.166586e-03,2.380206e-02,3.692904e-05,3.016080e-03,2.146191e-02,2.401073e-05
