# rmse alpha/u,rmse phic/h,rmse h/r,spread alpha/u,spread phic/h,spread h/r
2.425671e-01,4.789598e-01,5.311611e-01,1.906733e-01,1.720275e-01,1.565591e-01
3.288028e-03,2.126369e-02,3.950148e-05,2.184614e-03,1.494396e-02,2.497082e-05
