# rmse alpha/u,rmse phic/h,rmse h/r,spread alpha/u,spread phic/h,spread h/r
2.425671e-01,4.789598e-01,5.311611e-01,1.906733e-01,1.720275e-01,1.565591e-01
3.203102e-03,1.760105e-02,3.343773e-05,1.904308e-03,1.188660e-02,2.019265e-05
