# rmse alpha/u,rmse phic/h,rmse h/r,spread alpha/u,spread phic/h,spread h/r
2.425671e-01,4.789598e-01,5.311611e-01,1.906733e-01,1.720275e-01,1.565591e-01
2.791999e-03,1.415285e-02,2.739876e-05,1.740386e-03,1.192649e-02,1.827075e-05
