# rmse alpha/u,rmse phic/h,rmse h/r,spread alpha/u,spread phic/h,spread h/r
2.425671e-01,4.789598e-01,5.311611e-01,1.906733e-01,1.720275e-01,1.565591e-01
3.344096e-03,1.840155e-02,2.383360e-05,2.227031e-03,1.495190e-02,1.688312e-05
