# rmse alpha/u,rmse phic/h,rmse h/r,spread alpha/u,spread phic/h,spread h/r
8.580092e-02,1.114206e-01,3.480022e-02,2.014417e-01,2.219743e-01,1.900285e-01
9.168303e-04,6.651785e-03,9.906452e-05,8.882902e-04,6.498781e-03,1.569082e-05
