# rmse alpha/u,rmse phic/h,rmse h/r,spread alpha/u,spread phic/h,spread h/r
8.580092e-02,1.114206e-01,3.480022e-02,2.014417e-01,2.219743e-01,1.900285e-01
1.580850e-03,1.055358e-02,9.143932e-05,1.041067e-03,7.622376e-03,1.755576e-05
