# rmse alpha/u,rmse phic/h,rmse h/r,spread alpha/u,spread phic/h,spread h/r
8.580092e-02,1.114206e-01,3.480022e-02,2.014417e-01,2.219743e-01,1.900285e-01
1.156924e-03,9.421417e-03,1.045676e-04,1.119509e-03,8.815003e-03,2.112544e-05
