# rmse alpha/u,rmse phic/h,rmse h/r,spread alpha/u,spread phic/h,spread h/r
8.580092e-02,1.114206e-01,3.480022e-02,2.014417e-01,2.219743e-01,1.900285e-01
8.848097e-04,7.014016e-03,1.016059e-04,8.636881e-04,6.612476e-03,1.998494e-05
