# rmse alpha/u,rmse phic/h,rmse h/r,spread alpha/u,spread phic/h,spread h/r
5.973020e-02,3.592581e-02,1.767371e-02,1.991584e-01,1.887421e-01,1.952955e-01
3.579875e-03,2.259979e-02,5.211891e-05,3.378216e-03,2.630582e-02,5.166312e-05
