# rmse alpha/u,rmse phic/h,rmse h/r,spread alpha/u,spread phic/h,spread h/r
5.973020e-02,3.592581e-02,1.767371e-02,1.991584e-01,1.887421e-01,1.952955e-01
3.972391e-03,2.491428e-02,4.642588e-05,3.455850e-03,2.599939e-02,5.352664e-05
