# rmse alpha/u,rmse phic/h,rmse h/r,spread alpha/u,spread phic/h,spread h/r
5.973020e-02,3.592581e-02,1.767371e-02,1.991584e-01,1.887421e-01,1.952955e-01
4.265785e-03,2.291299e-02,4.167749e-05,3.558646e-03,2.512577e-02,5.002349e-05
