# rmse alpha/u,rmse phic/h,rmse h/r,spread alpha/u,spread phic/h,spread h/r
5.973020e-02,3.592581e-02,1.767371e-02,1.991584e-01,1.887421e-01,1.952955e-01
4.322389e-03,2.994250e-02,5.271424e-05,3.668360e-03,2.803677e-02,4.934835e-05
