# rmse alpha/u,rmse phic/h,rmse h/r,spread alpha/u,spread phic/h,spread h/r
1.242940e-02,1.039186e-03,1.025587e-02,1.328863e-01,8.948990e-02,8.686637e-02
8.262807e-04,6.491288e-03,3.296894e-05,7.598778e-04,5.991610e-03,3.800983e-05
