# rmse alpha/u,rmse phic/h,rmse h/r,spread alpha/u,spread phic/h,spread h/r
1.242940e-02,1.039186e-03,1.025587e-02,1.328863e-01,8.948990e-02,8.686637e-02
8.154467e-04,6.560789e-03,2.589441e-05,7.726746e-04,5.976609e-03,3.809666e-05
