# rmse alpha/u,rmse phic/h,rmse h/r,spread alpha/u,spread phic/h,spread h/r
1.242940e-02,1.039186e-03,1.025587e-02,1.328863e-01,8.948990e-02,8.686637e-02
9.014644e-04,8.424230e-03,4.282407e-05,7.994555e-04,6.243402e-03,3.808287e-05
