# rmse alpha/u,rmse phic/h,rmse h/r,spread alpha/u,spread phic/h,spread h/r
9.481873e-04,7.583117e-03,4.504958e-02,1.868649e-01,2.391690e-01,2.069925e-01
3.649800e-03,2.607212e-02,5.536741e-05,2.695957e-03,2.126465e-02,5.910994e-05
