# rmse alpha/u,rmse phic/h,rmse h/r,spread alpha/u,spread phic/h,spread h/r
9.481873e-04,7.583117e-03,4.504958e-02,1.868649e-01,2.391690e-01,2.069925e-01
4.018325e-03,2.525207e-02,4.821189e-05,2.705566e-03,2.018382e-02,5.451252e-05
