# rmse alpha/u,rmse phic/h,rmse h/r,spread alpha/u,spread phic/h,spread h/r
9.481873e-04,7.583117e-03,4.504958e-02,1.868649e-01,2.391690e-01,2.069925e-01
3.323945e-03,2.426560e-02,4.959220e-05,2.426400e-03,1.729747e-02,4.861259e-05
