# rmse alpha/u,rmse phic/h,rmse h/r,spread alpha/u,spread phic/h,spread h/r
9.481873e-04,7.583117e-03,4.504958e-02,1.868649e-01,2.391690e-01,2.069925e-01
2.021962e-03,1.312174e-02,3.747763e-05,1.721850e-03,1.258892e-02,4.581754e-05
