# rmse alpha/u,rmse phic/h,rmse h/r,spread alpha/u,spread phic/h,spread h/r
1.974105e-03,2.776591e-02,1.523956e-02,4.730154e-02,1.012047e-01,1.019513e-01
9.331500e-04,7.141321e-03,2.278324e-05,8.618559e-04,6.883043e-03,4.396610e-05
