# rmse alpha/u,rmse phic/h,rmse h/r,spread alpha/u,spread phic/h,spread h/r
1.974105e-03,2.776591e-02,1.523956e-02,4.730154e-02,1.012047e-01,1.019513e-01
9.275929e-04,7.200914e-03,2.358566e-05,8.199264e-04,6.630560e-03,4.302172e-05
