# rmse alpha/u,rmse phic/h,rmse h/r,spread alpha/u,spread phic/h,spread h/r
1.974105e-03,2.776591e-02,1.523956e-02,4.730154e-02,1.012047e-01,1.019513e-01
8.514695e-04,6.728851e-03,1.887030e-05,8.042388e-04,6.315756e-03,4.177690e-05
