# rmse alpha/u,rmse phic/h,rmse h/r,spread alpha/u,spread phic/h,spread h/r
1.865392e-01,3.162437e-01,2.659340e-01,1.463073e-01,1.947400e-01,1.931064e-01
8.305179e-04,6.420815e-03,3.137997e-05,8.031229e-04,6.307820e-03,3.955457e-05
