# rmse alpha/u,rmse phic/h,rmse h/r,spread alpha/u,spread phic/h,spread h/r
1.865392e-01,3.162437e-01,2.659340e-01,1.463073e-01,1.947400e-01,1.931064e-01
1.017724e-03,8.377089e-03,2.614970e-05,8.431820e-04,6.631626e-03,4.078787e-05
