# rmse alpha/u,rmse phic/h,rmse h/r,spread alpha/u,spread phic/h,spread h/r
1.865392e-01,3.162437e-01,2.659340e-01,1.463073e-01,1.947400e-01,1.931064e-01
8.612441e-04,6.472819e-03,2.661909e-05,8.111770e-04,6.472389e-03,4.027864e-05
