# rmse alpha/u,rmse phic/h,rmse h/r,spread alpha/u,spread phic/h,spread h/r
1.865392e-01,3.162437e-01,2.659340e-01,1.463073e-01,1.947400e-01,1.931064e-01
8.345070e-04,6.362175e-03,2.177745e-05,8.082527e-04,6.217764e-03,3.909132e-05
