# rmse alpha/u,rmse phic/h,rmse h/r,spread alpha/u,spread phic/h,spread h/r
1.865392e-01,3.162437e-01,2.659340e-01,1.463073e-01,1.947400e-01,1.931064e-01
8.557730e-04,7.333526e-03,2.221825e-05,8.396186e-04,6.651741e-03,3.978346e-05
