# rmse alpha/u,rmse phic/h,rmse h/r,spread alpha/u,spread phic/h,spread h/r
1.865392e-01,3.162437e-01,2.659340e-01,1.463073e-01,1.947400e-01,1.931064e-01
8.385853e-04,6.650836e-03,1.892630e-05,7.876923e-04,6.045077e-03,3.412659e-05
