# rmse alpha/u,rmse phic/h,rmse h/r,spread alpha/u,spread phic/h,spread h/r
1.865392e-01,3.162437e-01,2.659340e-01,1.463073e-01,1.947400e-01,1.931064e-01
1.012995e-03,6.839082e-03,1.961119e-05,8.070555e-04,6.288113e-03,3.587370e-05
