# rmse alpha/u,rmse phic/h,rmse h/r,spread alpha/u,spread phic/h,spread h/r
1.865392e-01,3.162437e-01,2.659340e-01,1.463073e-01,1.947400e-01,1.931064e-01
9.756866e-04,7.797406e-03,2.672692e-05,8.479466e-04,6.713953e-03,3.912214e-05
