# rmse alpha/u,rmse phic/h,rmse h/r,spread alpha/u,spread phic/h,spread h/r
1.865392e-01,3.162437e-01,2.659340e-01,1.463073e-01,1.947400e-01,1.931064e-01
8.334883e-04,6.500497e-03,2.138084e-05,8.050086e-04,6.262149e-03,3.729783e-05
