# rmse alpha/u,rmse phic/h,rmse h/r,spread alpha/u,spread phic/h,spread h/r
1.865392e-01,3.162437e-01,2.659340e-01,1.463073e-01,1.947400e-01,1.931064e-01
8.357265e-04,6.713794e-03,2.681253e-05,8.071608e-04,6.311838e-03,3.798865e-05
