# rmse alpha/u,rmse phic/h,rmse h/r,spread alpha/u,spread phic/h,spread h/r
3.533511e-01,2.088187e-01,2.495946e-01,1.365009e-01,2.056984e-01,1.580122e-01
2.000025e-03,1.164964e-02,3.216724e-05,1.398290e-03,1.052024e-02,2.111837e-05
