# rmse alpha/u,rmse phic/h,rmse h/r,spread alpha/u,spread phic/h,spread h/r
3.533511e-01,2.088187e-01,2.495946e-01,1.365009e-01,2.056984e-01,1.580122e-01
4.327586e-03,2.218391e-02,3.398334e-05,2.968135e-03,2.154784e-02,2.772954e-05
