# rmse alpha/u,rmse phic/h,rmse h/r,spread alpha/u,spread phic/h,spread h/r
3.533511e-01,2.088187e-01,2.495946e-01,1.365009e-01,2.056984e-01,1.580122e-01
5.013578e-03,3.380270e-02,4.777894e-05,2.832962e-03,2.084624e-02,2.875314e-05
