# rmse alpha/u,rmse phic/h,rmse h/r,spread alpha/u,spread phic/h,spread h/r
5.708718e-02,2.906995e-03,5.212793e-02,1.372708e-01,9.149438e-02,7.391102e-02
3.941729e-03,2.668557e-02,5.091722e-05,3.642158e-03,2.597130e-02,4.352883e-05
