# rmse alpha/u,rmse phic/h,rmse h/r,spread alpha/u,spread phic/h,spread h/r
5.708718e-02,2.906995e-03,5.212793e-02,1.372708e-01,9.149438e-02,7.391102e-02
3.267415e-03,3.475435e-02,6.993371e-05,3.581237e-03,2.782463e-02,4.539739e-05
