# rmse alpha/u,rmse phic/h,rmse h/r,spread alpha/u,spread phic/h,spread h/r
5.708718e-02,2.906995e-03,5.212793e-02,1.372708e-01,9.149438e-02,7.391102e-02
4.372437e-03,3.655330e-02,6.713181e-05,4.167185e-03,3.113201e-02,4.418097e-05
