# rmse alpha/u,rmse phic/h,rmse h/r,spread alpha/u,spread phic/h,spread h/r
5.708718e-02,2.906995e-03,5.212793e-02,1.372708e-01,9.149438e-02,7.391102e-02
4.907974e-03,3.548744e-02,4.550094e-05,3.187294e-03,2.410890e-02,4.484864e-05
