# rmse alpha/u,rmse phic/h,rmse h/r,spread alpha/u,spread phic/h,spread h/r
5.708718e-02,2.906995e-03,5.212793e-02,1.372708e-01,9.149438e-02,7.391102e-02
4.800257e-03,2.996747e-02,4.584821e-05,3.184551e-03,2.269830e-02,3.772089e-05
