# rmse alpha/u,rmse phic/h,rmse h/r,spread alpha/u,spread phic/h,spread h/r
5.708718e-02,2.906995e-03,5.212793e-02,1.372708e-01,9.149438e-02,7.391102e-02
5.268938e-03,3.605367e-02,4.010727e-05,3.803624e-03,2.923460e-02,4.166094e-05
