# rmse alpha/u,rmse phic/h,rmse h/r,spread alpha/u,spread phic/h,spread h/r
3.291656e-02,3.638692e-02,3.430123e-01,1.982756e-01,1.909562e-01,1.621428e-01
3.924047e-03,2.273054e-02,5.881598e-05,2.765641e-03,2.120323e-02,5.095876e-05
