# rmse alpha/u,rmse phic/h,rmse h/r,spread alpha/u,spread phic/h,spread h/r
3.291656e-02,3.638692e-02,3.430123e-01,1.982756e-01,1.909562e-01,1.621428e-01
2.202002e-03,1.680994e-02,4.476720e-05,1.897725e-03,1.332304e-02,3.831404e-05
