# rmse alpha/u,rmse phic/h,rmse h/r,spread alpha/u,spread phic/h,spread h/r
3.291656e-02,3.638692e-02,3.430123e-01,1.982756e-01,1.909562e-01,1.621428e-01
1.961019e-03,1.392575e-02,4.282334e-05,2.122158e-03,1.481787e-02,3.868286e-05
