# rmse alpha/u,rmse phic/h,rmse h/r,spread alpha/u,spread phic/h,spread h/r
3.291656e-02,3.638692e-02,3.430123e-01,1.982756e-01,1.909562e-01,1.621428e-01
3.383796e-03,2.707512e-02,5.154635e-05,1.803290e-03,1.352170e-02,3.994384e-05
