# rmse alpha/u,rmse phic/h,rmse h/r,spread alpha/u,spread phic/h,spread h/r
3.291656e-02,3.638692e-02,3.430123e-01,1.982756e-01,1.909562e-01,1.621428e-01
2.174421e-03,1.459814e-02,4.404644e-05,1.883335e-03,1.260399e-02,3.968189e-05
