# rmse alpha/u,rmse phic/h,rmse h/r,spread alpha/u,spread phic/h,spread h/r
3.291656e-02,3.638692e-02,3.430123e-01,1.982756e-01,1.909562e-01,1.621428e-01
3.103818e-03,1.800428e-02,4.203417e-05,1.812210e-03,1.249838e-02,3.965307e-05
