# rmse alpha/u,rmse phic/h,rmse h/r,spread alpha/u,spread phic/h,spread h/r
3.291656e-02,3.638692e-02,3.430123e-01,1.982756e-01,1.909562e-01,1.621428e-01
2.221386e-03,1.667570e-02,3.503106e-05,2.010929e-03,1.356456e-02,3.554317e-05
