# rmse alpha/u,rmse phic/h,rmse h/r,spread alpha/u,spread phic/h,spread h/r
3.291656e-02,3.638692e-02,3.430123e-01,1.982756e-01,1.909562e-01,1.621428e-01
3.671382e-03,2.560305e-02,5.805125e-05,2.193828e-03,1.559181e-02,4.212525e-05
