# rmse alpha/u,rmse phic/h,rmse h/r,spread alpha/u,spread phic/h,spread h/r
2.017699e-01,2.033919e-01,2.005222e-01,1.845160e-01,1.999864e-01,1.808796e-01
1.623542e-03,9.950997e-03,6.221823e-05,9.456710e-04,7.099199e-03,2.791671e-05
