# rmse alpha/u,rmse phic/h,rmse h/r,spread alpha/u,spread phic/h,spread h/r
2.017699e-01,2.033919e-01,2.005222e-01,1.845160e-01,1.999864e-01,1.808796e-01
2.090873e-03,1.267011e-02,6.457148e-05,1.636265e-03,1.204947e-02,3.297140e-05
