# rmse alpha/u,rmse phic/h,rmse h/r,spread alpha/u,spread phic/h,spread h/r
2.017699e-01,2.033919e-01,2.005222e-01,1.845160e-01,1.999864e-01,1.808796e-01
8.266636e-04,6.335325e-03,6.374143e-05,8.113336e-04,6.306295e-03,2.299006e-05
