# rmse alpha/u,rmse phic/h,rmse h/r,spread alpha/u,spread phic/h,spread h/r
2.017699e-01,2.033919e-01,2.005222e-01,1.845160e-01,1.999864e-01,1.808796e-01
8.479483e-04,6.015823e-03,6.228884e-05,8.959785e-04,6.553409e-03,2.102808e-05
