# rmse alpha/u,rmse phic/h,rmse h/r,spread alpha/u,spread phic/h,spread h/r
2.810967e-01,2.279896e-01,1.688037e-01,1.929667e-01,2.038344e-01,1.635611e-01
2.021579e-03,1.316735e-02,4.753650e-05,1.325476e-03,9.721081e-03,3.724201e-05
