# rmse alpha/u,rmse phic/h,rmse h/r,spread alpha/u,spread phic/h,spread h/r
2.810967e-01,2.279896e-01,1.688037e-01,1.929667e-01,2.038344e-01,1.635611e-01
1.639440e-03,1.057709e-02,3.885822e-05,1.139104e-03,8.224350e-03,3.469126e-05
