# rmse alpha/u,rmse phic/h,rmse h/r,spread alpha/u,spread phic/h,spread h/r
2.810967e-01,2.279896e-01,1.688037e-01,1.929667e-01,2.038344e-01,1.635611e-01
3.370440e-03,2.224752e-02,4.088424e-05,1.864856e-03,1.327694e-02,4.108712e-05
