# rmse alpha/u,rmse phic/h,rmse h/r,spread alpha/u,spread phic/h,spread h/r
2.810967e-01,2.279896e-01,1.688037e-01,1.929667e-01,2.038344e-01,1.635611e-01
9.680035e-04,9.226709e-03,3.865183e-05,8.383767e-04,6.474832e-03,3.563302e-05
