# rmse alpha/u,rmse phic/h,rmse h/r,spread alpha/u,spread phic/h,spread h/r
1.565905e-01,1.714883e-02,6.941779e-02,1.982756e-01,1.909562e-01,1.621428e-01
3.662956e-03,2.321896e-02,4.919072e-05,3.591997e-03,2.585655e-02,4.842707e-05
