# rmse alpha/u,rmse phic/h,rmse h/r,spread alpha/u,spread phic/h,spread h/r
1.565905e-01,1.714883e-02,6.941779e-02,1.982756e-01,1.909562e-01,1.621428e-01
3.738611e-03,2.399793e-02,4.876237e-05,3.061380e-03,2.277003e-02,4.182807e-05
