# rmse alpha/u,rmse phic/h,rmse h/r,spread alpha/u,spread phic/h,spread h/r
1.565905e-01,1.714883e-02,6.941779e-02,1.982756e-01,1.909562e-01,1.621428e-01
4.339956e-03,2.725093e-02,4.762592e-05,3.126609e-03,2.197239e-02,3.947235e-05
