# rmse alpha/u,rmse phic/h,rmse h/r,spread alpha/u,spread phic/h,spread h/r
1.565905e-01,1.714883e-02,6.941779e-02,1.982756e-01,1.909562e-01,1.621428e-01
4.270739e-03,2.616479e-02,3.934674e-05,3.446401e-03,2.423938e-02,3.803546e-05
