# rmse alpha/u,rmse phic/h,rmse h/r,spread alpha/u,spread phic/h,spread h/r
1.565905e-01,1.714883e-02,6.941779e-02,1.982756e-01,1.909562e-01,1.621428e-01
4.836996e-03,3.645338e-02,4.933273e-05,3.220995e-03,2.391523e-02,3.810383e-05
