# rmse alpha/u,rmse phic/h,rmse h/r,spread alpha/u,spread phic/h,spread h/r
1.565905e-01,1.714883e-02,6.941779e-02,1.982756e-01,1.909562e-01,1.621428e-01
4.537183e-03,2.631791e-02,5.012811e-05,3.195936e-03,2.355509e-02,3.809188e-05
