# rmse alpha/u,rmse phic/h,rmse h/r,spread alpha/u,spread phic/h,spread h/r
1.565905e-01,1.714883e-02,6.941779e-02,1.982756e-01,1.909562e-01,1.621428e-01
2.501901e-03,1.376229e-02,3.479219e-05,2.024549e-03,1.396495e-02,2.819707e-05
