# rmse alpha/u,rmse phic/h,rmse h/r,spread alpha/u,spread phic/h,spread h/r
2.165083e-03,1.336991e-02,1.767900e-03,2.007018e-01,2.348895e-01,2.071683e-01
2.645878e-03,1.386222e-02,2.991189e-05,2.119023e-03,1.438446e-02,2.739029e-05
