# rmse alpha/u,rmse phic/h,rmse h/r,spread alpha/u,spread phic/h,spread h/r
2.165083e-03,1.336991e-02,1.767900e-03,2.007018e-01,2.348895e-01,2.071683e-01
3.369904e-03,1.653577e-02,4.412118e-05,1.889481e-03,1.323708e-02,2.843500e-05
