# rmse alpha/u,rmse phic/h,rmse h/r,spread alpha/u,spread phic/h,spread h/r
2.165083e-03,1.336991e-02,1.767900e-03,2.007018e-01,2.348895e-01,2.071683e-01
3.424276e-03,1.956645e-02,3.285475e-05,1.998494e-03,1.417628e-02,3.033809e-05
