# rmse alpha/u,rmse phic/h,rmse h/r,spread alpha/u,spread phic/h,spread h/r
1.735121e-01,2.189063e-01,3.336935e-01,1.734948e-01,1.824917e-01,2.065462e-01
5.013593e-03,3.150248e-02,6.024394e-05,4.056355e-03,3.106639e-02,6.867779e-05
