# rmse alpha/u,rmse phic/h,rmse h/r,spread alpha/u,spread phic/h,spread h/r
1.735121e-01,2.189063e-01,3.336935e-01,1.734948e-01,1.824917e-01,2.065462e-01
4.856710e-03,2.860278e-02,6.253850e-05,3.517929e-03,2.625064e-02,6.304759e-05
