# rmse alpha/u,rmse phic/h,rmse h/r,spread alpha/u,spread phic/h,spread h/r
1.735121e-01,2.189063e-01,3.336935e-01,1.734948e-01,1.824917e-01,2.065462e-01
2.869081e-03,2.594687e-02,7.760625e-05,2.440605e-03,1.984894e-02,6.096780e-05
