# rmse alpha/u,rmse phic/h,rmse h/r,spread alpha/u,spread phic/h,spread h/r
1.735121e-01,2.189063e-01,3.336935e-01,1.734948e-01,1.824917e-01,2.065462e-01
4.216570e-03,2.354760e-02,4.691128e-05,2.727043e-03,1.975189e-02,5.531890e-05
