# rmse alpha/u,rmse phic/h,rmse h/r,spread alpha/u,spread phic/h,spread h/r
1.735121e-01,2.189063e-01,3.336935e-01,1.734948e-01,1.824917e-01,2.065462e-01
3.593863e-03,2.360688e-02,4.369711e-05,2.460504e-03,1.763615e-02,5.443597e-05
