# rmse alpha/u,rmse phic/h,rmse h/r,spread alpha/u,spread phic/h,spread h/r
9.723084e-02,8.871351e-06,2.113368e-02,2.064906e-01,1.899857e-01,1.562718e-01
4.911947e-03,3.269067e-02,4.569969e-05,4.182142e-03,3.279212e-02,4.391328e-05
