# rmse alpha/u,rmse phic/h,rmse h/r,spread alpha/u,spread phic/h,spread h/r
9.723084e-02,8.871351e-06,2.113368e-02,2.064906e-01,1.899857e-01,1.562718e-01
3.856892e-03,3.584250e-02,5.075828e-05,3.372795e-03,2.892447e-02,4.460552e-05
