# rmse alpha/u,rmse phic/h,rmse h/r,spread alpha/u,spread phic/h,spread h/r
5.646738e-02,5.078954e-02,3.524598e-02,2.123994e-01,1.936555e-01,1.948980e-01
3.586653e-03,2.161209e-02,3.968289e-05,2.230364e-03,1.553018e-02,2.899759e-05
