# rmse alpha/u,rmse phic/h,rmse h/r,spread alpha/u,spread phic/h,spread h/r
5.646738e-02,5.078954e-02,3.524598e-02,2.123994e-01,1.936555e-01,1.948980e-01
3.563416e-03,2.286812e-02,3.196338e-05,2.814275e-03,2.108351e-02,3.312624e-05
