# rmse alpha/u,rmse phic/h,rmse h/r,spread alpha/u,spread phic/h,spread h/r
5.646738e-02,5.078954e-02,3.524598e-02,2.123994e-01,1.936555e-01,1.948980e-01
2.936672e-03,1.469742e-02,1.852979e-05,1.854851e-03,1.263621e-02,1.843749e-05
