# rmse alpha/u,rmse phic/h,rmse h/r,spread alpha/u,spread phic/h,spread h/r
5.646738e-02,5.078954e-02,3.524598e-02,2.123994e-01,1.936555e-01,1.948980e-01
3.411247e-03,1.719947e-02,3.749309e-05,1.733887e-03,1.221848e-02,2.411658e-05
