# rmse alpha/u,rmse phic/h,rmse h/r,spread alpha/u,spread phic/h,spread h/r
5.646738e-02,5.078954e-02,3.524598e-02,2.123994e-01,1.936555e-01,1.948980e-01
2.352481e-03,1.785854e-02,2.759631e-05,2.317573e-03,1.691720e-02,2.561148e-05
