# rmse alpha/u,rmse phic/h,rmse h/r,spread alpha/u,spread phic/h,spread h/r
6.836673e-02,8.629488e-03,4.283932e-02,1.437836e-01,9.205586e-02,8.314509e-02
5.636407e-03,3.565890e-02,2.264468e-05,3.572322e-03,2.698829e-02,2.552132e-05
