# rmse alpha/u,rmse phic/h,rmse h/r,spread alpha/u,spread phic/h,spread h/r
6.836673e-02,8.629488e-03,4.283932e-02,1.437836e-01,9.205586e-02,8.314509e-02
5.109198e-03,3.435738e-02,2.012486e-05,4.406971e-03,3.231965e-02,2.305901e-05
