# rmse alpha/u,rmse phic/h,rmse h/r,spread alpha/u,spread phic/h,spread h/r
6.836673e-02,8.629488e-03,4.283932e-02,1.437836e-01,9.205586e-02,8.314509e-02
3.848902e-03,2.544177e-02,3.477230e-05,3.390636e-03,2.524484e-02,2.404573e-05
