# rmse alpha/u,rmse phic/h,rmse h/r,spread alpha/u,spread phic/h,spread h/r
1.754645e-01,2.188689e-01,2.743502e-01,1.739111e-01,2.136952e-01,1.710992e-01
4.468000e-03,2.240992e-02,5.177807e-05,3.194055e-03,2.281283e-02,6.342245e-05
