# rmse alpha/u,rmse phic/h,rmse h/r,spread alpha/u,spread phic/h,spread h/r
1.754645e-01,2.188689e-01,2.743502e-01,1.739111e-01,2.136952e-01,1.710992e-01
4.165778e-03,2.525698e-02,5.682100e-05,3.467884e-03,2.487261e-02,6.552175e-05
