# rmse alpha/u,rmse phic/h,rmse h/r,spread alpha/u,spread phic/h,spread h/r
1.754645e-01,2.188689e-01,2.743502e-01,1.739111e-01,2.136952e-01,1.710992e-01
2.855392e-03,2.093226e-02,5.264708e-05,2.553922e-03,1.855334e-02,6.202328e-05
