# rmse alpha/u,rmse phic/h,rmse h/r,spread alpha/u,spread phic/h,spread h/r
1.754645e-01,2.188689e-01,2.743502e-01,1.739111e-01,2.136952e-01,1.710992e-01
3.065375e-03,1.932378e-02,4.920343e-05,2.046944e-03,1.523461e-02,5.870345e-05
