# rmse alpha/u,rmse phic/h,rmse h/r,spread alpha/u,spread phic/h,spread h/r
1.754645e-01,2.188689e-01,2.743502e-01,1.739111e-01,2.136952e-01,1.710992e-01
2.553171e-03,1.520593e-02,4.331773e-05,1.979242e-03,1.391272e-02,5.177522e-05
