# rmse alpha/u,rmse phic/h,rmse h/r,spread alpha/u,spread phic/h,spread h/r
1.754645e-01,2.188689e-01,2.743502e-01,1.739111e-01,2.136952e-01,1.710992e-01
3.844794e-03,2.567931e-02,5.407352e-05,1.818220e-03,1.402973e-02,5.608285e-05
