# rmse alpha/u,rmse phic/h,rmse h/r,spread alpha/u,spread phic/h,spread h/r
1.754645e-01,2.188689e-01,2.743502e-01,1.739111e-01,2.136952e-01,1.710992e-01
2.771422e-03,1.328499e-02,2.777679e-05,1.542138e-03,1.046900e-02,4.866923e-05
