# rmse alpha/u,rmse phic/h,rmse h/r,spread alpha/u,spread phic/h,spread h/r
1.754645e-01,2.188689e-01,2.743502e-01,1.739111e-01,2.136952e-01,1.710992e-01
1.647915e-03,1.015909e-02,3.092197e-05,1.307409e-03,1.019562e-02,5.228224e-05
