# rmse alpha/u,rmse phic/h,rmse h/r,spread alpha/u,spread phic/h,spread h/r
2.814192e-02,9.701460e-02,3.926200e-02,2.007018e-01,2.348895e-01,2.071683e-01
8.495255e-04,6.639778e-03,2.407527e-05,8.369868e-04,6.622974e-03,4.002587e-05
