# rmse alpha/u,rmse phic/h,rmse h/r,spread alpha/u,spread phic/h,spread h/r
2.814192e-02,9.701460e-02,3.926200e-02,2.007018e-01,2.348895e-01,2.071683e-01
8.338892e-04,6.486505e-03,1.956700e-05,8.357346e-04,6.583440e-03,4.045706e-05
