# rmse alpha/u,rmse phic/h,rmse h/r,spread alpha/u,spread phic/h,spread h/r
2.814192e-02,9.701460e-02,3.926200e-02,2.007018e-01,2.348895e-01,2.071683e-01
8.959291e-04,7.886197e-03,2.538030e-05,8.713697e-04,6.819784e-03,4.094739e-05
