# rmse alpha/u,rmse phic/h,rmse h/r,spread alpha/u,spread phic/h,spread h/r
2.814192e-02,9.701460e-02,3.926200e-02,2.007018e-01,2.348895e-01,2.071683e-01
1.712349e-03,8.927980e-03,2.706677e-05,9.845916e-04,7.596150e-03,4.293755e-05
