# rmse alpha/u,rmse phic/h,rmse h/r,spread alpha/u,spread phic/h,spread h/r
2.814192e-02,9.701460e-02,3.926200e-02,2.007018e-01,2.348895e-01,2.071683e-01
9.491373e-04,7.339756e-03,2.245997e-05,9.383708e-04,7.439025e-03,4.394492e-05
