# rmse alpha/u,rmse phic/h,rmse h/r,spread alpha/u,spread phic/h,spread h/r
2.814192e-02,9.701460e-02,3.926200e-02,2.007018e-01,2.348895e-01,2.071683e-01
8.747843e-04,7.084343e-03,1.960108e-05,1.002637e-03,7.488844e-03,4.084479e-05
