# rmse alpha/u,rmse phic/h,rmse h/r,spread alpha/u,spread phic/h,spread h/r
2.303791e-01,1.492992e-01,8.272945e-02,1.358620e-01,7.477318e-02,6.064036e-02
4.556146e-03,2.760314e-02,3.981341e-05,3.347343e-03,2.372864e-02,3.313476e-05
