# rmse alpha/u,rmse phic/h,rmse h/r,spread alpha/u,spread phic/h,spread h/r
2.303791e-01,1.492992e-01,8.272945e-02,1.358620e-01,7.477318e-02,6.064036e-02
4.560458e-03,2.731613e-02,4.321149e-05,3.030482e-03,2.104172e-02,2.820900e-05
