# rmse alpha/u,rmse phic/h,rmse h/r,spread alpha/u,spread phic/h,spread h/r
2.303791e-01,1.492992e-01,8.272945e-02,1.358620e-01,7.477318e-02,6.064036e-02
4.911615e-03,2.905900e-02,3.533042e-05,2.446799e-03,1.635305e-02,2.641926e-05
