# rmse alpha/u,rmse phic/h,rmse h/r,spread alpha/u,spread phic/h,spread h/r
2.303791e-01,1.492992e-01,8.272945e-02,1.358620e-01,7.477318e-02,6.064036e-02
3.498242e-03,2.943829e-02,3.750205e-05,2.583459e-03,1.679798e-02,2.344292e-05
