# rmse alpha/u,rmse phic/h,rmse h/r,spread alpha/u,spread phic/h,spread h/r
1.656041e-01,2.574145e-03,9.840647e-03,1.437055e-01,1.017696e-01,7.091264e-02
5.164570e-03,3.253817e-02,5.397644e-05,4.275574e-03,3.116918e-02,4.689593e-05
