# rmse alpha/u,rmse phic/h,rmse h/r,spread alpha/u,spread phic/h,spread h/r
1.656041e-01,2.574145e-03,9.840647e-03,1.437055e-01,1.017696e-01,7.091264e-02
5.281241e-03,3.562630e-02,4.977768e-05,3.571059e-03,2.489561e-02,3.803040e-05
