# rmse alpha/u,rmse phic/h,rmse h/r,spread alpha/u,spread phic/h,spread h/r
1.656041e-01,2.574145e-03,9.840647e-03,1.437055e-01,1.017696e-01,7.091264e-02
5.395426e-03,4.242039e-02,5.885144e-05,3.250235e-03,2.515648e-02,4.845617e-05
