# rmse alpha/u,rmse phic/h,rmse h/r,spread alpha/u,spread phic/h,spread h/r
1.656041e-01,2.574145e-03,9.840647e-03,1.437055e-01,1.017696e-01,7.091264e-02
4.451133e-03,2.180360e-02,5.282502e-05,2.493126e-03,1.611207e-02,3.821960e-05
