# rmse alpha/u,rmse phic/h,rmse h/r,spread alpha/u,spread phic/h,spread h/r
1.656041e-01,2.574145e-03,9.840647e-03,1.437055e-01,1.017696e-01,7.091264e-02
5.337933e-03,2.792276e-02,6.082115e-05,2.981505e-03,2.080350e-02,3.870794e-05
