# rmse alpha/u,rmse phic/h,rmse h/r,spread alpha/u,spread phic/h,spread h/r
7.574480e-01,2.923803e-01,2.297282e-01,1.247299e-01,2.016558e-01,1.417906e-01
3.921431e-03,2.950413e-02,3.166849e-05,2.724085e-03,2.009839e-02,2.246108e-05
