# rmse alpha/u,rmse phic/h,rmse h/r,spread alpha/u,spread phic/h,spread h/r
7.574480e-01,2.923803e-01,2.297282e-01,1.247299e-01,2.016558e-01,1.417906e-01
4.952821e-03,3.255558e-02,3.704249e-05,2.629564e-03,1.795910e-02,1.713432e-05
