# rmse alpha/u,rmse phic/h,rmse h/r,spread alpha/u,spread phic/h,spread h/r
7.574480e-01,2.923803e-01,2.297282e-01,1.247299e-01,2.016558e-01,1.417906e-01
3.398682e-03,2.252661e-02,3.100027e-05,2.335290e-03,1.591356e-02,1.909431e-05
