# rmse alpha/u,rmse phic/h,rmse h/r,spread alpha/u,spread phic/h,spread h/r
7.574480e-01,2.923803e-01,2.297282e-01,1.247299e-01,2.016558e-01,1.417906e-01
3.933488e-03,2.414597e-02,3.857041e-05,2.883925e-03,2.032326e-02,2.480031e-05
