# rmse alpha/u,rmse phic/h,rmse h/r,spread alpha/u,spread phic/h,spread h/r
7.574480e-01,2.923803e-01,2.297282e-01,1.247299e-01,2.016558e-01,1.417906e-01
3.852179e-03,2.598986e-02,3.243435e-05,2.706922e-03,1.812599e-02,2.218414e-05
