# rmse alpha/u,rmse phic/h,rmse h/r,spread alpha/u,spread phic/h,spread h/r
3.941586e-02,5.802249e-02,6.663459e-02,1.927248e-01,2.307026e-01,1.644412e-01
3.148028e-03,1.556244e-02,5.706891e-05,2.648137e-03,1.939747e-02,5.518150e-05
