# rmse alpha/u,rmse phic/h,rmse h/r,spread alpha/u,spread phic/h,spread h/r
3.941586e-02,5.802249e-02,6.663459e-02,1.927248e-01,2.307026e-01,1.644412e-01
2.835801e-03,1.467817e-02,5.223098e-05,1.695966e-03,1.248865e-02,4.561994e-05
