# rmse alpha/u,rmse phic/h,rmse h/r,spread alpha/u,spread phic/h,spread h/r
3.941586e-02,5.802249e-02,6.663459e-02,1.927248e-01,2.307026e-01,1.644412e-01
3.511051e-03,1.915543e-02,4.878856e-05,1.761544e-03,1.293999e-02,4.824618e-05
