# rmse alpha/u,rmse phic/h,rmse h/r,spread alpha/u,spread phic/h,spread h/r
3.941586e-02,5.802249e-02,6.663459e-02,1.927248e-01,2.307026e-01,1.644412e-01
2.450911e-03,1.866830e-02,4.292983e-05,1.858856e-03,1.274455e-02,4.681546e-05
