# rmse alpha/u,rmse phic/h,rmse h/r,spread alpha/u,spread phic/h,spread h/r
3.941586e-02,5.802249e-02,6.663459e-02,1.927248e-01,2.307026e-01,1.644412e-01
1.849858e-03,1.223086e-02,3.986826e-05,1.283492e-03,9.287281e-03,4.520482e-05
