# rmse alpha/u,rmse phic/h,rmse h/r,spread alpha/u,spread phic/h,spread h/r
3.023961e-02,6.331689e-02,2.047025e-02,2.064906e-01,1.899857e-01,1.562718e-01
2.395692e-03,1.847176e-02,3.954762e-05,2.288571e-03,1.685767e-02,4.684324e-05
