# rmse alpha/u,rmse phic/h,rmse h/r,spread alpha/u,spread phic/h,spread h/r
3.023961e-02,6.331689e-02,2.047025e-02,2.064906e-01,1.899857e-01,1.562718e-01
1.577351e-03,1.071880e-02,3.649003e-05,1.567583e-03,1.078694e-02,4.333178e-05
