# rmse alpha/u,rmse phic/h,rmse h/r,spread alpha/u,spread phic/h,spread h/r
3.023961e-02,6.331689e-02,2.047025e-02,2.064906e-01,1.899857e-01,1.562718e-01
2.174678e-03,1.374433e-02,3.585876e-05,1.530370e-03,1.055939e-02,4.288964e-05
