# rmse alpha/u,rmse phic/h,rmse h/r,spread alpha/u,spread phic/h,spread h/r
1.185293e-04,6.393208e-02,2.747384e-02,1.168289e-04,4.551534e-02,2.148031e-02
4.659581e-03,2.638463e-02,9.069486e-05,4.307983e-03,3.627129e-02,9.704083e-05
