# rmse alpha/u,rmse phic/h,rmse h/r,spread alpha/u,spread phic/h,spread h/r
5.715278e-02,2.579862e-02,1.432186e-01,2.007666e-01,2.380345e-01,2.181955e-01
8.531428e-04,6.923228e-03,2.328626e-05,8.375750e-04,6.878874e-03,4.144719e-05
