# rmse alpha/u,rmse phic/h,rmse h/r,spread alpha/u,spread phic/h,spread h/r
5.715278e-02,2.579862e-02,1.432186e-01,2.007666e-01,2.380345e-01,2.181955e-01
8.129934e-04,6.260180e-03,2.290128e-05,7.974478e-04,6.345674e-03,3.807672e-05
