# rmse alpha/u,rmse phic/h,rmse h/r,spread alpha/u,spread phic/h,spread h/r
5.715278e-02,2.579862e-02,1.432186e-01,2.007666e-01,2.380345e-01,2.181955e-01
8.073409e-04,6.075079e-03,2.103920e-05,7.894184e-04,6.130593e-03,3.877593e-05
