# rmse alpha/u,rmse phic/h,rmse h/r,spread alpha/u,spread phic/h,spread h/r
5.715278e-02,2.579862e-02,1.432186e-01,2.007666e-01,2.380345e-01,2.181955e-01
8.943198e-04,7.251567e-03,2.859146e-05,8.666189e-04,7.074516e-03,4.512872e-05
