# rmse alpha/u,rmse phic/h,rmse h/r,spread alpha/u,spread phic/h,spread h/r
5.715278e-02,2.579862e-02,1.432186e-01,2.007666e-01,2.380345e-01,2.181955e-01
8.842508e-04,7.067156e-03,2.118345e-05,8.534373e-04,6.834352e-03,4.145884e-05
