# rmse alpha/u,rmse phic/h,rmse h/r,spread alpha/u,spread phic/h,spread h/r
5.715278e-02,2.579862e-02,1.432186e-01,2.007666e-01,2.380345e-01,2.181955e-01
8.455949e-04,6.735750e-03,2.249796e-05,8.291476e-04,6.606737e-03,4.065629e-05
