# rmse alpha/u,rmse phic/h,rmse h/r,spread alpha/u,spread phic/h,spread h/r
1.459557e-01,1.703860e-01,1.799719e-02,2.007018e-01,2.348895e-01,2.071683e-01
8.586556e-04,6.806377e-03,1.090855e-04,8.429736e-04,6.412535e-03,2.429443e-05
