# rmse alpha/u,rmse phic/h,rmse h/r,spread alpha/u,spread phic/h,spread h/r
1.459557e-01,1.703860e-01,1.799719e-02,2.007018e-01,2.348895e-01,2.071683e-01
8.298782e-04,6.958286e-03,1.023165e-04,8.257327e-04,6.417197e-03,2.409045e-05
