# rmse alpha/u,rmse phic/h,rmse h/r,spread alpha/u,spread phic/h,spread h/r
1.459557e-01,1.703860e-01,1.799719e-02,2.007018e-01,2.348895e-01,2.071683e-01
8.840172e-04,7.115243e-03,1.015178e-04,8.334971e-04,6.458084e-03,2.529803e-05
