# rmse alpha/u,rmse phic/h,rmse h/r,spread alpha/u,spread phic/h,spread h/r
4.177288e-03,4.116062e-02,1.990695e-02,1.906733e-01,1.720275e-01,1.565591e-01
3.564105e-03,2.325466e-02,7.860656e-05,2.314189e-03,1.630021e-02,3.201211e-05
