# rmse alpha/u,rmse phic/h,rmse h/r,spread alpha/u,spread phic/h,spread h/r
4.177288e-03,4.116062e-02,1.990695e-02,1.906733e-01,1.720275e-01,1.565591e-01
3.435325e-03,1.811789e-02,4.533100e-05,1.559584e-03,1.071879e-02,2.270562e-05
