# rmse alpha/u,rmse phic/h,rmse h/r,spread alpha/u,spread phic/h,spread h/r
4.177288e-03,4.116062e-02,1.990695e-02,1.906733e-01,1.720275e-01,1.565591e-01
3.140451e-03,2.221621e-02,6.189579e-05,1.657887e-03,1.208470e-02,2.735125e-05
