# rmse alpha/u,rmse phic/h,rmse h/r,spread alpha/u,spread phic/h,spread h/r
4.177288e-03,4.116062e-02,1.990695e-02,1.906733e-01,1.720275e-01,1.565591e-01
4.000830e-03,2.519921e-02,5.919587e-05,1.446955e-03,1.097916e-02,2.737696e-05
