# rmse alpha/u,rmse phic/h,rmse h/r,spread alpha/u,spread phic/h,spread h/r
1.522774e-02,7.332855e-02,5.227388e-01,1.633829e-01,2.359221e-01,1.343989e-01
1.668116e-03,1.032627e-02,4.107250e-05,1.079077e-03,8.087838e-03,3.202004e-05
