# rmse alpha/u,rmse phic/h,rmse h/r,spread alpha/u,spread phic/h,spread h/r
1.522774e-02,7.332855e-02,5.227388e-01,1.633829e-01,2.359221e-01,1.343989e-01
3.754615e-03,2.086961e-02,4.996981e-05,1.397375e-03,1.031303e-02,3.441548e-05
