# rmse alpha/u,rmse phic/h,rmse h/r,spread alpha/u,spread phic/h,spread h/r
1.522774e-02,7.332855e-02,5.227388e-01,1.633829e-01,2.359221e-01,1.343989e-01
3.004853e-03,1.727005e-02,4.954448e-05,9.099031e-04,6.768497e-03,2.859256e-05
