# rmse alpha/u,rmse phic/h,rmse h/r,spread alpha/u,spread phic/h,spread h/r
1.522774e-02,7.332855e-02,5.227388e-01,1.633829e-01,2.359221e-01,1.343989e-01
2.886935e-03,2.100142e-02,4.045222e-05,1.059799e-03,7.674732e-03,2.897137e-05
