# rmse alpha/u,rmse phic/h,rmse h/r,spread alpha/u,spread phic/h,spread h/r
2.737951e-01,1.025648e-01,5.717432e-02,2.029553e-01,2.401346e-01,2.180772e-01
5.478710e-03,3.039145e-02,4.891757e-05,4.010101e-03,2.822496e-02,4.817838e-05
