# rmse alpha/u,rmse phic/h,rmse h/r,spread alpha/u,spread phic/h,spread h/r
2.737951e-01,1.025648e-01,5.717432e-02,2.029553e-01,2.401346e-01,2.180772e-01
3.446715e-03,2.394225e-02,5.113440e-05,2.472249e-03,1.825546e-02,4.226567e-05
