# rmse alpha/u,rmse phic/h,rmse h/r,spread alpha/u,spread phic/h,spread h/r
2.737951e-01,1.025648e-01,5.717432e-02,2.029553e-01,2.401346e-01,2.180772e-01
4.051043e-03,2.547043e-02,4.660379e-05,3.805972e-03,2.729225e-02,4.806692e-05
