# rmse alpha/u,rmse phic/h,rmse h/r,spread alpha/u,spread phic/h,spread h/r
2.737951e-01,1.025648e-01,5.717432e-02,2.029553e-01,2.401346e-01,2.180772e-01
4.304541e-03,2.804127e-02,4.999231e-05,3.511628e-03,2.546304e-02,4.895147e-05
