# rmse alpha/u,rmse phic/h,rmse h/r,spread alpha/u,spread phic/h,spread h/r
2.737951e-01,1.025648e-01,5.717432e-02,2.029553e-01,2.401346e-01,2.180772e-01
4.262082e-03,3.064094e-02,6.219055e-05,3.208448e-03,2.343928e-02,4.887095e-05
