# rmse alpha/u,rmse phic/h,rmse h/r,spread alpha/u,spread phic/h,spread h/r
2.737951e-01,1.025648e-01,5.717432e-02,2.029553e-01,2.401346e-01,2.180772e-01
3.452239e-03,2.802044e-02,5.322333e-05,2.652857e-03,1.920815e-02,4.340896e-05
