# rmse alpha/u,rmse phic/h,rmse h/r,spread alpha/u,spread phic/h,spread h/r
2.737951e-01,1.025648e-01,5.717432e-02,2.029553e-01,2.401346e-01,2.180772e-01
4.925660e-03,2.480411e-02,4.369803e-05,2.460253e-03,1.815123e-02,3.729064e-05
