# rmse alpha/u,rmse phic/h,rmse h/r,spread alpha/u,spread phic/h,spread h/r
1.021459e-01,1.678191e-01,1.614340e-01,2.029553e-01,2.401346e-01,2.180772e-01
8.796753e-04,7.195759e-03,2.645480e-05,8.735572e-04,7.217501e-03,5.108467e-05
