# rmse alpha/u,rmse phic/h,rmse h/r,spread alpha/u,spread phic/h,spread h/r
1.021459e-01,1.678191e-01,1.614340e-01,2.029553e-01,2.401346e-01,2.180772e-01
8.440570e-04,6.610602e-03,2.329782e-05,8.417225e-04,6.834277e-03,4.827222e-05
