# rmse alpha/u,rmse phic/h,rmse h/r,spread alpha/u,spread phic/h,spread h/r
1.189193e-01,1.564920e-03,3.218140e-01,2.004119e-01,2.167927e-01,1.908257e-01
6.576559e-03,3.604108e-02,1.063833e-04,3.538424e-03,2.439255e-02,4.101074e-05
