# rmse alpha/u,rmse phic/h,rmse h/r,spread alpha/u,spread phic/h,spread h/r
1.189193e-01,1.564920e-03,3.218140e-01,2.004119e-01,2.167927e-01,1.908257e-01
4.628861e-03,3.761950e-02,8.852929e-05,4.029212e-03,2.917524e-02,4.724289e-05
