# rmse alpha/u,rmse phic/h,rmse h/r,spread alpha/u,spread phic/h,spread h/r
1.189193e-01,1.564920e-03,3.218140e-01,2.004119e-01,2.167927e-01,1.908257e-01
5.377778e-03,3.549733e-02,1.079182e-04,3.878641e-03,2.608783e-02,5.138237e-05
