# rmse alpha/u,rmse phic/h,rmse h/r,spread alpha/u,spread phic/h,spread h/r
1.189193e-01,1.564920e-03,3.218140e-01,2.004119e-01,2.167927e-01,1.908257e-01
6.160714e-03,4.216618e-02,9.092519e-05,3.747967e-03,2.714306e-02,4.375602e-05
