# rmse alpha/u,rmse phic/h,rmse h/r,spread alpha/u,spread phic/h,spread h/r
1.189193e-01,1.564920e-03,3.218140e-01,2.004119e-01,2.167927e-01,1.908257e-01
6.130584e-03,3.645732e-02,1.024731e-04,3.432236e-03,2.371325e-02,4.613399e-05
