# rmse alpha/u,rmse phic/h,rmse h/r,spread alpha/u,spread phic/h,spread h/r
1.117836e-01,8.742564e-03,2.092115e-02,1.295101e-01,9.113734e-02,6.769543e-02
4.168936e-03,2.678488e-02,6.559794e-05,2.726026e-03,1.858524e-02,4.423609e-05
