# rmse alpha/u,rmse phic/h,rmse h/r,spread alpha/u,spread phic/h,spread h/r
1.117836e-01,8.742564e-03,2.092115e-02,1.295101e-01,9.113734e-02,6.769543e-02
4.513860e-03,2.888038e-02,5.779806e-05,3.277791e-03,2.398651e-02,5.006652e-05
