# rmse alpha/u,rmse phic/h,rmse h/r,spread alpha/u,spread phic/h,spread h/r
1.117836e-01,8.742564e-03,2.092115e-02,1.295101e-01,9.113734e-02,6.769543e-02
3.722655e-03,2.013602e-02,4.774618e-05,2.768964e-03,2.038254e-02,4.666591e-05
