# rmse alpha/u,rmse phic/h,rmse h/r,spread alpha/u,spread phic/h,spread h/r
1.117836e-01,8.742564e-03,2.092115e-02,1.295101e-01,9.113734e-02,6.769543e-02
4.763861e-03,3.028729e-02,5.287806e-05,3.323419e-03,2.379139e-02,4.572581e-05
