# rmse alpha/u,rmse phic/h,rmse h/r,spread alpha/u,spread phic/h,spread h/r
1.117836e-01,8.742564e-03,2.092115e-02,1.295101e-01,9.113734e-02,6.769543e-02
5.412948e-03,3.113136e-02,5.886470e-05,3.348121e-03,2.391383e-02,4.710701e-05
