# rmse alpha/u,rmse phic/h,rmse h/r,spread alpha/u,spread phic/h,spread h/r
1.458410e-01,1.487991e-01,4.666888e-04,1.927996e-01,2.373932e-01,2.334187e-01
3.753689e-03,2.148292e-02,2.088918e-05,2.637503e-03,1.870697e-02,2.234073e-05
