# rmse alpha/u,rmse phic/h,rmse h/r,spread alpha/u,spread phic/h,spread h/r
1.458410e-01,1.487991e-01,4.666888e-04,1.927996e-01,2.373932e-01,2.334187e-01
4.204204e-03,2.414170e-02,2.393330e-05,2.958155e-03,2.037517e-02,2.169321e-05
