# rmse alpha/u,rmse phic/h,rmse h/r,spread alpha/u,spread phic/h,spread h/r
1.458410e-01,1.487991e-01,4.666888e-04,1.927996e-01,2.373932e-01,2.334187e-01
4.300848e-03,2.488553e-02,2.613794e-05,3.059384e-03,2.212768e-02,2.190245e-05
