# rmse alpha/u,rmse phic/h,rmse h/r,spread alpha/u,spread phic/h,spread h/r
1.458410e-01,1.487991e-01,4.666888e-04,1.927996e-01,2.373932e-01,2.334187e-01
3.790093e-03,2.666985e-02,3.088199e-05,2.476260e-03,1.683801e-02,2.069403e-05
