# rmse alpha/u,rmse phic/h,rmse h/r,spread alpha/u,spread phic/h,spread h/r
4.923655e-01,2.420202e-01,4.010883e-01,1.593925e-01,2.113047e-01,1.635165e-01
5.778059e-03,3.878038e-02,2.697793e-05,4.005330e-03,3.176994e-02,2.113240e-05
