# rmse alpha/u,rmse phic/h,rmse h/r,spread alpha/u,spread phic/h,spread h/r
3.773373e-03,6.914513e-03,5.465239e-01,1.982756e-01,1.909562e-01,1.621428e-01
8.126700e-04,6.453767e-03,3.351826e-05,8.480460e-04,6.595095e-03,3.676324e-05
