# rmse alpha/u,rmse phic/h,rmse h/r,spread alpha/u,spread phic/h,spread h/r
3.773373e-03,6.914513e-03,5.465239e-01,1.982756e-01,1.909562e-01,1.621428e-01
1.011747e-03,8.464268e-03,4.396606e-05,9.352233e-04,7.210395e-03,3.493976e-05
