# rmse alpha/u,rmse phic/h,rmse h/r,spread alpha/u,spread phic/h,spread h/r
3.773373e-03,6.914513e-03,5.465239e-01,1.982756e-01,1.909562e-01,1.621428e-01
1.921599e-03,1.325477e-02,3.733961e-05,1.088031e-03,7.697945e-03,3.397153e-05
