# rmse alpha/u,rmse phic/h,rmse h/r,spread alpha/u,spread phic/h,spread h/r
1.014003e-02,4.110235e-02,5.011335e-03,1.515782e-01,9.891367e-02,6.829610e-02
2.044694e-03,1.237177e-02,4.311174e-05,1.201824e-03,8.301874e-03,2.952359e-05
