# rmse alpha/u,rmse phic/h,rmse h/r,spread alpha/u,spread phic/h,spread h/r
1.014003e-02,4.110235e-02,5.011335e-03,1.515782e-01,9.891367e-02,6.829610e-02
2.212346e-03,1.424654e-02,4.188646e-05,1.223694e-03,8.115806e-03,2.780815e-05
