# rmse alpha/u,rmse phic/h,rmse h/r,spread alpha/u,spread phic/h,spread h/r
1.014003e-02,4.110235e-02,5.011335e-03,1.515782e-01,9.891367e-02,6.829610e-02
1.023947e-03,8.285603e-03,3.877766e-05,1.005987e-03,7.214973e-03,2.888179e-05
