# rmse alpha/u,rmse phic/h,rmse h/r,spread alpha/u,spread phic/h,spread h/r
1.014003e-02,4.110235e-02,5.011335e-03,1.515782e-01,9.891367e-02,6.829610e-02
2.723231e-03,1.697107e-02,6.028053e-05,1.528590e-03,1.027863e-02,3.380173e-05
