# rmse alpha/u,rmse phic/h,rmse h/r,spread alpha/u,spread phic/h,spread h/r
1.676583e-01,2.828777e-01,4.014165e-01,1.365009e-01,2.056984e-01,1.580122e-01
3.856110e-03,2.384803e-02,4.291532e-05,3.024580e-03,2.209018e-02,3.741541e-05
