# rmse alpha/u,rmse phic/h,rmse h/r,spread alpha/u,spread phic/h,spread h/r
1.676583e-01,2.828777e-01,4.014165e-01,1.365009e-01,2.056984e-01,1.580122e-01
4.242806e-03,2.866879e-02,4.112187e-05,3.561865e-03,2.650065e-02,4.363354e-05
