# rmse alpha/u,rmse phic/h,rmse h/r,spread alpha/u,spread phic/h,spread h/r
1.676583e-01,2.828777e-01,4.014165e-01,1.365009e-01,2.056984e-01,1.580122e-01
4.549444e-03,3.024339e-02,5.858783e-05,3.975570e-03,3.054086e-02,5.808154e-05
