# rmse alpha/u,rmse phic/h,rmse h/r,spread alpha/u,spread phic/h,spread h/r
1.676583e-01,2.828777e-01,4.014165e-01,1.365009e-01,2.056984e-01,1.580122e-01
3.825696e-03,2.706645e-02,6.880072e-05,3.072483e-03,2.418770e-02,5.322056e-05
