# rmse alpha/u,rmse phic/h,rmse h/r,spread alpha/u,spread phic/h,spread h/r
1.676583e-01,2.828777e-01,4.014165e-01,1.365009e-01,2.056984e-01,1.580122e-01
3.872926e-03,2.535950e-02,6.494421e-05,2.076729e-03,1.626788e-02,4.032172e-05
