# rmse alpha/u,rmse phic/h,rmse h/r,spread alpha/u,spread phic/h,spread h/r
1.676583e-01,2.828777e-01,4.014165e-01,1.365009e-01,2.056984e-01,1.580122e-01
2.627410e-03,1.983412e-02,3.663325e-05,2.342980e-03,1.587100e-02,3.814004e-05
