# rmse alpha/u,rmse phic/h,rmse h/r,spread alpha/u,spread phic/h,spread h/r
4.810180e-02,2.552864e-03,8.949385e-04,1.310601e-01,1.026748e-01,6.488208e-02
3.330913e-03,2.248465e-02,5.895811e-05,2.270290e-03,1.617768e-02,5.038682e-05
