# rmse alpha/u,rmse phic/h,rmse h/r,spread alpha/u,spread phic/h,spread h/r
4.810180e-02,2.552864e-03,8.949385e-04,1.310601e-01,1.026748e-01,6.488208e-02
2.117914e-03,1.411508e-02,3.727704e-05,1.922854e-03,1.335931e-02,4.198948e-05
