# rmse alpha/u,rmse phic/h,rmse h/r,spread alpha/u,spread phic/h,spread h/r
6.730816e-03,4.379954e-04,1.719263e-05,2.007018e-01,2.348895e-01,2.071683e-01
1.497093e-03,9.087640e-03,2.224558e-05,1.211571e-03,8.364899e-03,3.706329e-05
