# rmse alpha/u,rmse phic/h,rmse h/r,spread alpha/u,spread phic/h,spread h/r
6.730816e-03,4.379954e-04,1.719263e-05,2.007018e-01,2.348895e-01,2.071683e-01
2.277655e-03,1.213852e-02,2.741988e-05,1.379862e-03,9.973475e-03,4.084009e-05
