# rmse alpha/u,rmse phic/h,rmse h/r,spread alpha/u,spread phic/h,spread h/r
6.730816e-03,4.379954e-04,1.719263e-05,2.007018e-01,2.348895e-01,2.071683e-01
2.957237e-03,1.801480e-02,3.052403e-05,1.388732e-03,1.005718e-02,4.070463e-05
