# rmse alpha/u,rmse phic/h,rmse h/r,spread alpha/u,spread phic/h,spread h/r
6.730816e-03,4.379954e-04,1.719263e-05,2.007018e-01,2.348895e-01,2.071683e-01
1.385147e-03,7.904131e-03,2.064165e-05,1.046989e-03,7.955053e-03,3.869109e-05
