# rmse alpha/u,rmse phic/h,rmse h/r,spread alpha/u,spread phic/h,spread h/r
6.730816e-03,4.379954e-04,1.719263e-05,2.007018e-01,2.348895e-01,2.071683e-01
2.300344e-03,9.975297e-03,2.238109e-05,1.554591e-03,1.092040e-02,3.428148e-05
