# rmse alpha/u,rmse phic/h,rmse h/r,spread alpha/u,spread phic/h,spread h/r
3.306372e-01,3.106766e-01,2.524715e-01,1.973023e-01,1.840877e-01,1.996707e-01
8.710158e-04,6.544603e-03,1.734492e-04,7.813041e-04,6.121580e-03,1.782281e-05
