# rmse alpha/u,rmse phic/h,rmse h/r,spread alpha/u,spread phic/h,spread h/r
3.306372e-01,3.106766e-01,2.524715e-01,1.973023e-01,1.840877e-01,1.996707e-01
1.108077e-03,1.158017e-02,1.894470e-04,7.662755e-04,5.831615e-03,1.667250e-05
