# rmse alpha/u,rmse phic/h,rmse h/r,spread alpha/u,spread phic/h,spread h/r
3.306372e-01,3.106766e-01,2.524715e-01,1.973023e-01,1.840877e-01,1.996707e-01
8.603613e-04,6.966550e-03,1.890271e-04,8.012213e-04,6.195842e-03,1.797468e-05
