# rmse alpha/u,rmse phic/h,rmse h/r,spread alpha/u,spread phic/h,spread h/r
5.032307e-03,6.401364e-03,3.682891e-05,1.234562e-01,9.337447e-02,7.845732e-02
8.511146e-04,6.187553e-03,2.413105e-05,8.349222e-04,6.366184e-03,4.954839e-05
