# rmse alpha/u,rmse phic/h,rmse h/r,spread alpha/u,spread phic/h,spread h/r
5.032307e-03,6.401364e-03,3.682891e-05,1.234562e-01,9.337447e-02,7.845732e-02
8.798680e-04,7.049114e-03,2.740021e-05,8.950083e-04,7.030096e-03,5.146091e-05
