# rmse alpha/u,rmse phic/h,rmse h/r,spread alpha/u,spread phic/h,spread h/r
5.032307e-03,6.401364e-03,3.682891e-05,1.234562e-01,9.337447e-02,7.845732e-02
8.927308e-04,8.439721e-03,2.789091e-05,9.890459e-04,7.622613e-03,5.141918e-05
