# rmse alpha/u,rmse phic/h,rmse h/r,spread alpha/u,spread phic/h,spread h/r
5.032307e-03,6.401364e-03,3.682891e-05,1.234562e-01,9.337447e-02,7.845732e-02
8.513766e-04,6.570319e-03,3.325186e-05,8.464612e-04,6.589475e-03,4.821162e-05
