# rmse alpha/u,rmse phic/h,rmse h/r,spread alpha/u,spread phic/h,spread h/r
5.032307e-03,6.401364e-03,3.682891e-05,1.234562e-01,9.337447e-02,7.845732e-02
8.834969e-04,7.217506e-03,3.082224e-05,8.878660e-04,7.104294e-03,5.109134e-05
