# rmse alpha/u,rmse phic/h,rmse h/r,spread alpha/u,spread phic/h,spread h/r
6.288910e-02,5.280010e-03,3.614191e-02,1.530671e-01,7.498820e-02,8.434723e-02
4.892924e-03,4.254244e-02,8.044775e-05,3.338050e-03,2.672370e-02,5.170759e-05
