# rmse alpha/u,rmse phic/h,rmse h/r,spread alpha/u,spread phic/h,spread h/r
6.288910e-02,5.280010e-03,3.614191e-02,1.530671e-01,7.498820e-02,8.434723e-02
5.606679e-03,4.629083e-02,6.584704e-05,4.118210e-03,3.029931e-02,5.020598e-05
