# rmse alpha/u,rmse phic/h,rmse h/r,spread alpha/u,spread phic/h,spread h/r
6.288910e-02,5.280010e-03,3.614191e-02,1.530671e-01,7.498820e-02,8.434723e-02
5.237613e-03,4.045343e-02,8.646627e-05,3.676839e-03,2.941645e-02,5.445645e-05
