# rmse alpha/u,rmse phic/h,rmse h/r,spread alpha/u,spread phic/h,spread h/r
6.288910e-02,5.280010e-03,3.614191e-02,1.530671e-01,7.498820e-02,8.434723e-02
6.537805e-03,3.882981e-02,6.140465e-05,3.738690e-03,2.771316e-02,4.593769e-05
