# rmse alpha/u,rmse phic/h,rmse h/r,spread alpha/u,spread phic/h,spread h/r
6.288910e-02,5.280010e-03,3.614191e-02,1.530671e-01,7.498820e-02,8.434723e-02
5.879588e-03,3.885855e-02,5.795871e-05,3.703678e-03,2.668977e-02,4.564636e-05
