# rmse alpha/u,rmse phic/h,rmse h/r,spread alpha/u,spread phic/h,spread h/r
6.288910e-02,5.280010e-03,3.614191e-02,1.530671e-01,7.498820e-02,8.434723e-02
4.854172e-03,3.442419e-02,5.872334e-05,3.450625e-03,2.539960e-02,4.559234e-05
