# rmse alpha/u,rmse phic/h,rmse h/r,spread alpha/u,spread phic/h,spread h/r
6.288910e-02,5.280010e-03,3.614191e-02,1.530671e-01,7.498820e-02,8.434723e-02
3.150003e-03,2.567542e-02,5.795672e-05,3.278500e-03,2.332967e-02,3.948928e-05
