# rmse alpha/u,rmse phic/h,rmse h/r,spread alpha/u,spread phic/h,spread h/r
4.716210e-01,2.230977e-01,4.293836e-01,1.656333e-01,2.287768e-01,1.567509e-01
5.012959e-03,3.112614e-02,9.096414e-05,3.817323e-03,2.868821e-02,5.574137e-05
