# rmse alpha/u,rmse phic/h,rmse h/r,spread alpha/u,spread phic/h,spread h/r
4.716210e-01,2.230977e-01,4.293836e-01,1.656333e-01,2.287768e-01,1.567509e-01
5.387077e-03,3.399996e-02,7.096571e-05,4.479885e-03,3.342171e-02,5.198117e-05
