# rmse alpha/u,rmse phic/h,rmse h/r,spread alpha/u,spread phic/h,spread h/r
3.254320e-02,4.148304e-03,1.865277e-01,2.029553e-01,2.401346e-01,2.180772e-01
1.615443e-03,1.089047e-02,5.893041e-05,1.052750e-03,7.857275e-03,3.065370e-05
