# rmse alpha/u,rmse phic/h,rmse h/r,spread alpha/u,spread phic/h,spread h/r
3.254320e-02,4.148304e-03,1.865277e-01,2.029553e-01,2.401346e-01,2.180772e-01
8.553590e-04,6.383583e-03,4.766391e-05,8.233341e-04,6.375500e-03,2.645210e-05
