# rmse alpha/u,rmse phic/h,rmse h/r,spread alpha/u,spread phic/h,spread h/r
3.254320e-02,4.148304e-03,1.865277e-01,2.029553e-01,2.401346e-01,2.180772e-01
1.085095e-03,6.710642e-03,4.390399e-05,8.895611e-04,6.580797e-03,2.462811e-05
