# rmse alpha/u,rmse phic/h,rmse h/r,spread alpha/u,spread phic/h,spread h/r
3.254320e-02,4.148304e-03,1.865277e-01,2.029553e-01,2.401346e-01,2.180772e-01
3.215230e-03,1.570698e-02,6.295104e-05,1.693073e-03,1.271421e-02,3.159269e-05
