# rmse alpha/u,rmse phic/h,rmse h/r,spread alpha/u,spread phic/h,spread h/r
3.254320e-02,4.148304e-03,1.865277e-01,2.029553e-01,2.401346e-01,2.180772e-01
3.255845e-03,2.906801e-02,5.918008e-05,1.806009e-03,1.444450e-02,3.805847e-05
