# rmse alpha/u,rmse phic/h,rmse h/r,spread alpha/u,spread phic/h,spread h/r
3.254320e-02,4.148304e-03,1.865277e-01,2.029553e-01,2.401346e-01,2.180772e-01
2.006953e-03,1.600781e-02,5.794948e-05,1.414427e-03,1.106816e-02,3.513466e-05
