# rmse alpha/u,rmse phic/h,rmse h/r,spread alpha/u,spread phic/h,spread h/r
3.254320e-02,4.148304e-03,1.865277e-01,2.029553e-01,2.401346e-01,2.180772e-01
1.245870e-03,7.582049e-03,5.226778e-05,8.509094e-04,6.459621e-03,2.969925e-05
