# rmse alpha/u,rmse phic/h,rmse h/r,spread alpha/u,spread phic/h,spread h/r
1.999358e-01,3.128205e-01,1.658709e-01,1.982756e-01,1.909562e-01,1.621428e-01
8.711407e-04,6.554475e-03,2.704318e-05,8.698093e-04,6.726458e-03,4.383183e-05
