# rmse alpha/u,rmse phic/h,rmse h/r,spread alpha/u,spread phic/h,spread h/r
1.999358e-01,3.128205e-01,1.658709e-01,1.982756e-01,1.909562e-01,1.621428e-01
8.656767e-04,6.611026e-03,2.138062e-05,8.805170e-04,6.853161e-03,4.523059e-05
