# rmse alpha/u,rmse phic/h,rmse h/r,spread alpha/u,spread phic/h,spread h/r
1.999358e-01,3.128205e-01,1.658709e-01,1.982756e-01,1.909562e-01,1.621428e-01
8.200372e-04,6.381339e-03,1.997664e-05,8.404265e-04,6.558203e-03,4.450528e-05
