# rmse alpha/u,rmse phic/h,rmse h/r,spread alpha/u,spread phic/h,spread h/r
1.999358e-01,3.128205e-01,1.658709e-01,1.982756e-01,1.909562e-01,1.621428e-01
9.492546e-04,8.335071e-03,2.905052e-05,1.000146e-03,7.686841e-03,4.602208e-05
