# rmse alpha/u,rmse phic/h,rmse h/r,spread alpha/u,spread phic/h,spread h/r
1.999358e-01,3.128205e-01,1.658709e-01,1.982756e-01,1.909562e-01,1.621428e-01
1.302651e-03,7.410894e-03,2.246176e-05,9.609582e-04,6.924147e-03,4.446688e-05
