# rmse alpha/u,rmse phic/h,rmse h/r,spread alpha/u,spread phic/h,spread h/r
1.999358e-01,3.128205e-01,1.658709e-01,1.982756e-01,1.909562e-01,1.621428e-01
8.834712e-04,6.600429e-03,2.072107e-05,8.631212e-04,6.614008e-03,4.324262e-05
