# rmse alpha/u,rmse phic/h,rmse h/r,spread alpha/u,spread phic/h,spread h/r
1.529058e-01,6.939363e-04,2.220443e-02,2.029553e-01,2.401346e-01,2.180772e-01
8.202368e-04,6.612434e-03,1.680149e-04,7.965868e-04,6.175775e-03,1.403985e-05
