# rmse alpha/u,rmse phic/h,rmse h/r,spread alpha/u,spread phic/h,spread h/r
1.529058e-01,6.939363e-04,2.220443e-02,2.029553e-01,2.401346e-01,2.180772e-01
8.899906e-04,7.305699e-03,1.853707e-04,8.476720e-04,6.547669e-03,1.482883e-05
