# rmse alpha/u,rmse phic/h,rmse h/r,spread alpha/u,spread phic/h,spread h/r
1.529058e-01,6.939363e-04,2.220443e-02,2.029553e-01,2.401346e-01,2.180772e-01
9.252660e-04,7.290123e-03,1.933136e-04,8.238929e-04,6.420562e-03,1.749563e-05
