# rmse alpha/u,rmse phic/h,rmse h/r,spread alpha/u,spread phic/h,spread h/r
1.529058e-01,6.939363e-04,2.220443e-02,2.029553e-01,2.401346e-01,2.180772e-01
8.451885e-04,6.746212e-03,2.034552e-04,8.364464e-04,6.426391e-03,1.472290e-05
