# rmse alpha/u,rmse phic/h,rmse h/r,spread alpha/u,spread phic/h,spread h/r
1.529058e-01,6.939363e-04,2.220443e-02,2.029553e-01,2.401346e-01,2.180772e-01
9.460344e-04,6.638657e-03,1.906788e-04,8.645798e-04,6.666317e-03,1.316751e-05
