# rmse alpha/u,rmse phic/h,rmse h/r,spread alpha/u,spread phic/h,spread h/r
6.609537e-02,1.343896e-03,5.327390e-02,1.993498e-01,2.046881e-01,2.302435e-01
4.283000e-03,2.667997e-02,4.073628e-05,2.987175e-03,2.106696e-02,3.884538e-05
