# rmse alpha/u,rmse phic/h,rmse h/r,spread alpha/u,spread phic/h,spread h/r
6.609537e-02,1.343896e-03,5.327390e-02,1.993498e-01,2.046881e-01,2.302435e-01
4.850771e-03,3.001811e-02,4.655550e-05,3.647308e-03,2.724656e-02,4.338247e-05
