# rmse alpha/u,rmse phic/h,rmse h/r,spread alpha/u,spread phic/h,spread h/r
6.609537e-02,1.343896e-03,5.327390e-02,1.993498e-01,2.046881e-01,2.302435e-01
4.755135e-03,3.225141e-02,4.367722e-05,3.823693e-03,3.064461e-02,4.466126e-05
