# rmse alpha/u,rmse phic/h,rmse h/r,spread alpha/u,spread phic/h,spread h/r
6.609537e-02,1.343896e-03,5.327390e-02,1.993498e-01,2.046881e-01,2.302435e-01
4.160211e-03,2.585930e-02,5.284731e-05,3.250418e-03,2.282490e-02,3.986354e-05
