# rmse alpha/u,rmse phic/h,rmse h/r,spread alpha/u,spread phic/h,spread h/r
6.609537e-02,1.343896e-03,5.327390e-02,1.993498e-01,2.046881e-01,2.302435e-01
3.481732e-03,2.190227e-02,6.059705e-05,3.260481e-03,2.328453e-02,4.231266e-05
