# rmse alpha/u,rmse phic/h,rmse h/r,spread alpha/u,spread phic/h,spread h/r
6.609537e-02,1.343896e-03,5.327390e-02,1.993498e-01,2.046881e-01,2.302435e-01
3.448192e-03,2.713452e-02,5.675383e-05,3.267509e-03,2.397872e-02,4.048434e-05
