# rmse alpha/u,rmse phic/h,rmse h/r,spread alpha/u,spread phic/h,spread h/r
6.609537e-02,1.343896e-03,5.327390e-02,1.993498e-01,2.046881e-01,2.302435e-01
3.774747e-03,2.434263e-02,4.918304e-05,3.357850e-03,2.312528e-02,3.854816e-05
