# rmse alpha/u,rmse phic/h,rmse h/r,spread alpha/u,spread phic/h,spread h/r
2.112408e-01,1.034868e-02,2.372915e-01,2.064906e-01,1.899857e-01,1.562718e-01
8.450902e-04,6.874683e-03,2.068509e-04,8.193159e-04,6.430275e-03,1.636671e-05
