# rmse alpha/u,rmse phic/h,rmse h/r,spread alpha/u,spread phic/h,spread h/r
2.112408e-01,1.034868e-02,2.372915e-01,2.064906e-01,1.899857e-01,1.562718e-01
9.521193e-04,7.863190e-03,2.164413e-04,8.581889e-04,6.762359e-03,1.880145e-05
