# rmse alpha/u,rmse phic/h,rmse h/r,spread alpha/u,spread phic/h,spread h/r
2.112408e-01,1.034868e-02,2.372915e-01,2.064906e-01,1.899857e-01,1.562718e-01
9.313852e-04,8.186172e-03,2.463153e-04,8.179925e-04,6.489071e-03,2.259491e-05
