# rmse alpha/u,rmse phic/h,rmse h/r,spread alpha/u,spread phic/h,spread h/r
4.438459e-02,2.856317e-02,4.059062e-03,1.316928e-01,1.030180e-01,7.586718e-02
2.917412e-03,1.561622e-02,4.818909e-05,1.927948e-03,1.270188e-02,3.413373e-05
