# rmse alpha/u,rmse phic/h,rmse h/r,spread alpha/u,spread phic/h,spread h/r
4.438459e-02,2.856317e-02,4.059062e-03,1.316928e-01,1.030180e-01,7.586718e-02
3.160387e-03,1.582405e-02,4.286815e-05,2.001999e-03,1.239836e-02,3.211091e-05
