# rmse alpha/u,rmse phic/h,rmse h/r,spread alpha/u,spread phic/h,spread h/r
4.438459e-02,2.856317e-02,4.059062e-03,1.316928e-01,1.030180e-01,7.586718e-02
3.104677e-03,2.059321e-02,5.818775e-05,2.606627e-03,1.845208e-02,3.629316e-05
