# rmse alpha/u,rmse phic/h,rmse h/r,spread alpha/u,spread phic/h,spread h/r
4.438459e-02,2.856317e-02,4.059062e-03,1.316928e-01,1.030180e-01,7.586718e-02
3.808592e-03,2.115138e-02,6.009266e-05,2.436988e-03,1.739493e-02,3.904412e-05
