# rmse alpha/u,rmse phic/h,rmse h/r,spread alpha/u,spread phic/h,spread h/r
4.438459e-02,2.856317e-02,4.059062e-03,1.316928e-01,1.030180e-01,7.586718e-02
3.456438e-03,1.957473e-02,5.798595e-05,1.931287e-03,1.308738e-02,3.468334e-05
