# rmse alpha/u,rmse phic/h,rmse h/r,spread alpha/u,spread phic/h,spread h/r
7.379368e-04,1.474720e-02,3.815936e-02,1.691888e-01,2.215943e-01,2.121727e-01
1.262420e-03,9.041382e-03,2.599847e-05,1.200242e-03,8.868874e-03,5.421986e-05
