# rmse alpha/u,rmse phic/h,rmse h/r,spread alpha/u,spread phic/h,spread h/r
7.379368e-04,1.474720e-02,3.815936e-02,1.691888e-01,2.215943e-01,2.121727e-01
8.442375e-04,6.697833e-03,2.409129e-05,8.431482e-04,6.748954e-03,5.182236e-05
