# rmse alpha/u,rmse phic/h,rmse h/r,spread alpha/u,spread phic/h,spread h/r
7.379368e-04,1.474720e-02,3.815936e-02,1.691888e-01,2.215943e-01,2.121727e-01
8.225488e-04,6.534575e-03,1.864960e-05,8.443225e-04,6.635552e-03,5.126686e-05
