# rmse alpha/u,rmse phic/h,rmse h/r,spread alpha/u,spread phic/h,spread h/r
7.379368e-04,1.474720e-02,3.815936e-02,1.691888e-01,2.215943e-01,2.121727e-01
1.466738e-03,8.050674e-03,2.366921e-05,9.960349e-04,7.683576e-03,5.312403e-05
