# rmse alpha/u,rmse phic/h,rmse h/r,spread alpha/u,spread phic/h,spread h/r
7.379368e-04,1.474720e-02,3.815936e-02,1.691888e-01,2.215943e-01,2.121727e-01
8.870650e-04,7.337173e-03,2.101013e-05,9.598812e-04,7.341402e-03,5.121700e-05
