# rmse alpha/u,rmse phic/h,rmse h/r,spread alpha/u,spread phic/h,spread h/r
3.139714e-02,1.940423e-02,3.336362e-02,1.808338e-01,1.956112e-01,1.899612e-01
3.264441e-03,1.790098e-02,4.117833e-05,2.118819e-03,1.372583e-02,3.272140e-05
