# rmse alpha/u,rmse phic/h,rmse h/r,spread alpha/u,spread phic/h,spread h/r
3.139714e-02,1.940423e-02,3.336362e-02,1.808338e-01,1.956112e-01,1.899612e-01
2.678012e-03,1.662488e-02,6.156606e-05,1.866020e-03,1.248093e-02,3.734589e-05
