# rmse alpha/u,rmse phic/h,rmse h/r,spread alpha/u,spread phic/h,spread h/r
1.738214e-02,1.544158e-06,3.671179e-02,1.253354e-01,8.761544e-02,8.188121e-02
3.924773e-03,2.442559e-02,4.565627e-05,3.075621e-03,2.231385e-02,3.254549e-05
