# rmse alpha/u,rmse phic/h,rmse h/r,spread alpha/u,spread phic/h,spread h/r
1.511812e-03,6.302014e-04,1.855565e-02,1.142652e-01,9.886709e-02,8.259851e-02
9.462857e-04,6.574496e-03,2.295872e-05,9.010417e-04,6.908269e-03,4.740187e-05
