# rmse alpha/u,rmse phic/h,rmse h/r,spread alpha/u,spread phic/h,spread h/r
1.396791e-04,1.880710e-01,2.536830e-02,2.064906e-01,1.899857e-01,1.562718e-01
5.607310e-03,4.083165e-02,2.645182e-05,3.772365e-03,2.948125e-02,2.917520e-05
