# rmse alpha/u,rmse phic/h,rmse h/r,spread alpha/u,spread phic/h,spread h/r
1.396791e-04,1.880710e-01,2.536830e-02,2.064906e-01,1.899857e-01,1.562718e-01
4.577536e-03,2.890997e-02,3.033103e-05,3.719586e-03,2.932298e-02,2.874674e-05
