# rmse alpha/u,rmse phic/h,rmse h/r,spread alpha/u,spread phic/h,spread h/r
1.396791e-04,1.880710e-01,2.536830e-02,2.064906e-01,1.899857e-01,1.562718e-01
5.268935e-03,3.768395e-02,3.497113e-05,3.730788e-03,3.002197e-02,2.998087e-05
