# rmse alpha/u,rmse phic/h,rmse h/r,spread alpha/u,spread phic/h,spread h/r
1.396791e-04,1.880710e-01,2.536830e-02,2.064906e-01,1.899857e-01,1.562718e-01
5.749027e-03,3.798607e-02,2.828904e-05,3.630547e-03,2.796681e-02,2.488055e-05
