# rmse alpha/u,rmse phic/h,rmse h/r,spread alpha/u,spread phic/h,spread h/r
3.260006e-02,1.667359e-03,6.110231e-02,1.647172e-01,2.045747e-01,1.678027e-01
8.139698e-04,7.148856e-03,3.648485e-05,8.077807e-04,6.225902e-03,3.879801e-05
