# rmse alpha/u,rmse phic/h,rmse h/r,spread alpha/u,spread phic/h,spread h/r
3.260006e-02,1.667359e-03,6.110231e-02,1.647172e-01,2.045747e-01,1.678027e-01
8.369720e-04,6.886666e-03,3.190970e-05,8.049606e-04,6.182784e-03,3.843528e-05
