# rmse alpha/u,rmse phic/h,rmse h/r,spread alpha/u,spread phic/h,spread h/r
3.260006e-02,1.667359e-03,6.110231e-02,1.647172e-01,2.045747e-01,1.678027e-01
8.966780e-04,9.266931e-03,5.107852e-05,8.345048e-04,6.440837e-03,3.834831e-05
