# rmse alpha/u,rmse phic/h,rmse h/r,spread alpha/u,spread phic/h,spread h/r
3.260006e-02,1.667359e-03,6.110231e-02,1.647172e-01,2.045747e-01,1.678027e-01
9.433431e-04,1.012218e-02,3.567427e-05,8.220490e-04,6.256201e-03,3.796337e-05
