# rmse alpha/u,rmse phic/h,rmse h/r,spread alpha/u,spread phic/h,spread h/r
3.260006e-02,1.667359e-03,6.110231e-02,1.647172e-01,2.045747e-01,1.678027e-01
8.636678e-04,6.897323e-03,3.394361e-05,8.133658e-04,6.312901e-03,3.838579e-05
