# rmse alpha/u,rmse phic/h,rmse h/r,spread alpha/u,spread phic/h,spread h/r
3.260006e-02,1.667359e-03,6.110231e-02,1.647172e-01,2.045747e-01,1.678027e-01
8.502042e-04,6.462932e-03,4.523626e-05,8.034970e-04,6.081726e-03,3.668186e-05
