# rmse alpha/u,rmse phic/h,rmse h/r,spread alpha/u,spread phic/h,spread h/r
3.260006e-02,1.667359e-03,6.110231e-02,1.647172e-01,2.045747e-01,1.678027e-01
8.627858e-04,6.582185e-03,3.869346e-05,8.341264e-04,6.415695e-03,3.919555e-05
