# rmse alpha/u,rmse phic/h,rmse h/r,spread alpha/u,spread phic/h,spread h/r
3.260006e-02,1.667359e-03,6.110231e-02,1.647172e-01,2.045747e-01,1.678027e-01
1.014560e-03,1.096599e-02,5.017511e-05,7.953956e-04,6.144746e-03,3.720653e-05
