# rmse alpha/u,rmse phic/h,rmse h/r,spread alpha/u,spread phic/h,spread h/r
9.222751e-02,2.028673e-02,2.278470e-03,1.968346e-01,2.149403e-01,1.527485e-01
3.043160e-03,1.716054e-02,3.269414e-05,1.620635e-03,1.058347e-02,3.101710e-05
