# rmse alpha/u,rmse phic/h,rmse h/r,spread alpha/u,spread phic/h,spread h/r
9.222751e-02,2.028673e-02,2.278470e-03,1.968346e-01,2.149403e-01,1.527485e-01
3.785511e-03,2.173181e-02,5.477817e-05,2.565935e-03,1.776069e-02,4.472722e-05
