# rmse alpha/u,rmse phic/h,rmse h/r,spread alpha/u,spread phic/h,spread h/r
9.222751e-02,2.028673e-02,2.278470e-03,1.968346e-01,2.149403e-01,1.527485e-01
3.207190e-03,1.626170e-02,4.788606e-05,1.539372e-03,1.147684e-02,3.936960e-05
