# rmse alpha/u,rmse phic/h,rmse h/r,spread alpha/u,spread phic/h,spread h/r
9.222751e-02,2.028673e-02,2.278470e-03,1.968346e-01,2.149403e-01,1.527485e-01
2.097574e-03,1.056635e-02,3.875866e-05,1.505870e-03,1.000135e-02,3.440988e-05
