# rmse alpha/u,rmse phic/h,rmse h/r,spread alpha/u,spread phic/h,spread h/r
9.222751e-02,2.028673e-02,2.278470e-03,1.968346e-01,2.149403e-01,1.527485e-01
3.572559e-03,2.753267e-02,5.704119e-05,1.590821e-03,1.134504e-02,3.772795e-05
