# rmse alpha/u,rmse phic/h,rmse h/r,spread alpha/u,spread phic/h,spread h/r
9.222751e-02,2.028673e-02,2.278470e-03,1.968346e-01,2.149403e-01,1.527485e-01
2.758178e-03,1.574918e-02,6.274539e-05,1.586756e-03,1.067581e-02,3.776212e-05
