# rmse alpha/u,rmse phic/h,rmse h/r,spread alpha/u,spread phic/h,spread h/r
9.222751e-02,2.028673e-02,2.278470e-03,1.968346e-01,2.149403e-01,1.527485e-01
2.065177e-03,1.778607e-02,5.993524e-05,1.530744e-03,1.074509e-02,3.691185e-05
