# rmse alpha/u,rmse phic/h,rmse h/r,spread alpha/u,spread phic/h,spread h/r
9.222751e-02,2.028673e-02,2.278470e-03,1.968346e-01,2.149403e-01,1.527485e-01
2.501673e-03,1.324801e-02,5.668336e-05,1.378668e-03,9.265332e-03,3.567127e-05
