# rmse alpha/u,rmse phic/h,rmse h/r,spread alpha/u,spread phic/h,spread h/r
1.989848e-01,2.592528e-01,2.238774e-01,1.909684e-01,2.207097e-01,2.003914e-01
3.127073e-03,2.079442e-02,2.288962e-05,1.345449e-03,9.903049e-03,3.193239e-05
