# rmse alpha/u,rmse phic/h,rmse h/r,spread alpha/u,spread phic/h,spread h/r
1.989848e-01,2.592528e-01,2.238774e-01,1.909684e-01,2.207097e-01,2.003914e-01
3.605898e-03,2.786880e-02,3.753209e-05,2.359161e-03,1.640384e-02,3.577719e-05
