# rmse alpha/u,rmse phic/h,rmse h/r,spread alpha/u,spread phic/h,spread h/r
1.989848e-01,2.592528e-01,2.238774e-01,1.909684e-01,2.207097e-01,2.003914e-01
5.176034e-03,3.214372e-02,3.967913e-05,1.581200e-03,1.089932e-02,3.153787e-05
