# rmse alpha/u,rmse phic/h,rmse h/r,spread alpha/u,spread phic/h,spread h/r
4.923655e-01,2.420202e-01,4.010883e-01,1.593925e-01,2.113047e-01,1.635165e-01
4.453973e-03,3.035809e-02,9.614982e-05,4.562724e-03,3.363255e-02,5.935613e-05
