# rmse alpha/u,rmse phic/h,rmse h/r,spread alpha/u,spread phic/h,spread h/r
4.923655e-01,2.420202e-01,4.010883e-01,1.593925e-01,2.113047e-01,1.635165e-01
5.020369e-03,3.373832e-02,7.956053e-05,4.432637e-03,3.465444e-02,6.245493e-05
