# rmse alpha/u,rmse phic/h,rmse h/r,spread alpha/u,spread phic/h,spread h/r
4.923655e-01,2.420202e-01,4.010883e-01,1.593925e-01,2.113047e-01,1.635165e-01
5.900912e-03,4.305051e-02,1.076957e-04,4.084419e-03,3.079932e-02,5.244771e-05
