# rmse alpha/u,rmse phic/h,rmse h/r,spread alpha/u,spread phic/h,spread h/r
1.040438e-01,2.414357e-03,3.989772e-02,1.357212e-01,9.651416e-02,7.466859e-02
3.870098e-03,3.042283e-02,4.788161e-05,3.688210e-03,2.737289e-02,3.672955e-05
