# rmse alpha/u,rmse phic/h,rmse h/r,spread alpha/u,spread phic/h,spread h/r
1.040438e-01,2.414357e-03,3.989772e-02,1.357212e-01,9.651416e-02,7.466859e-02
4.351953e-03,3.482050e-02,4.970900e-05,4.153391e-03,3.091757e-02,3.837120e-05
