# rmse alpha/u,rmse phic/h,rmse h/r,spread alpha/u,spread phic/h,spread h/r
1.040438e-01,2.414357e-03,3.989772e-02,1.357212e-01,9.651416e-02,7.466859e-02
5.115157e-03,3.372756e-02,5.216491e-05,4.220943e-03,3.307011e-02,4.243146e-05
