# rmse alpha/u,rmse phic/h,rmse h/r,spread alpha/u,spread phic/h,spread h/r
1.040438e-01,2.414357e-03,3.989772e-02,1.357212e-01,9.651416e-02,7.466859e-02
3.943761e-03,2.414529e-02,3.885898e-05,3.214248e-03,2.255614e-02,3.399547e-05
