# rmse alpha/u,rmse phic/h,rmse h/r,spread alpha/u,spread phic/h,spread h/r
1.040438e-01,2.414357e-03,3.989772e-02,1.357212e-01,9.651416e-02,7.466859e-02
4.350319e-03,3.150095e-02,4.603827e-05,4.019151e-03,3.045592e-02,4.042575e-05
