# rmse alpha/u,rmse phic/h,rmse h/r,spread alpha/u,spread phic/h,spread h/r
1.040438e-01,2.414357e-03,3.989772e-02,1.357212e-01,9.651416e-02,7.466859e-02
5.340023e-03,3.612616e-02,5.012494e-05,4.080728e-03,3.047453e-02,4.085297e-05
