# rmse alpha/u,rmse phic/h,rmse h/r,spread alpha/u,spread phic/h,spread h/r
1.040438e-01,2.414357e-03,3.989772e-02,1.357212e-01,9.651416e-02,7.466859e-02
5.156404e-03,3.474390e-02,5.755298e-05,3.513710e-03,2.737494e-02,4.229137e-05
