# rmse alpha/u,rmse phic/h,rmse h/r,spread alpha/u,spread phic/h,spread h/r
1.040438e-01,2.414357e-03,3.989772e-02,1.357212e-01,9.651416e-02,7.466859e-02
6.065608e-03,3.421981e-02,5.652683e-05,3.602643e-03,2.698744e-02,4.048900e-05
