# rmse alpha/u,rmse phic/h,rmse h/r,spread alpha/u,spread phic/h,spread h/r
1.040438e-01,2.414357e-03,3.989772e-02,1.357212e-01,9.651416e-02,7.466859e-02
3.343148e-03,2.886490e-02,4.390313e-05,3.324124e-03,2.465975e-02,3.920860e-05
