# rmse alpha/u,rmse phic/h,rmse h/r,spread alpha/u,spread phic/h,spread h/r
2.283438e-01,4.272910e-01,5.766004e-01,1.847168e-01,2.479040e-01,2.153381e-01
2.648473e-03,1.935544e-02,6.723931e-05,1.046594e-03,7.369441e-03,2.111534e-05
