# rmse alpha/u,rmse phic/h,rmse h/r,spread alpha/u,spread phic/h,spread h/r
2.283438e-01,4.272910e-01,5.766004e-01,1.847168e-01,2.479040e-01,2.153381e-01
2.000678e-03,1.533916e-02,6.152662e-05,1.423499e-03,1.020661e-02,2.483554e-05
