# rmse alpha/u,rmse phic/h,rmse h/r,spread alpha/u,spread phic/h,spread h/r
2.283438e-01,4.272910e-01,5.766004e-01,1.847168e-01,2.479040e-01,2.153381e-01
2.250372e-03,1.341912e-02,6.326458e-05,9.038857e-04,6.935736e-03,1.886899e-05
