# rmse alpha/u,rmse phic/h,rmse h/r,spread alpha/u,spread phic/h,spread h/r
2.283438e-01,4.272910e-01,5.766004e-01,1.847168e-01,2.479040e-01,2.153381e-01
2.021212e-03,1.869632e-02,5.895233e-05,8.966181e-04,6.893393e-03,1.846916e-05
