# rmse alpha/u,rmse phic/h,rmse h/r,spread alpha/u,spread phic/h,spread h/r
1.667815e-01,2.327850e-01,6.027810e-01,1.408747e-01,2.267476e-01,1.997121e-01
4.802592e-03,2.554501e-02,3.284112e-05,3.172730e-03,2.196455e-02,4.428595e-05
