# rmse alpha/u,rmse phic/h,rmse h/r,spread alpha/u,spread phic/h,spread h/r
1.667815e-01,2.327850e-01,6.027810e-01,1.408747e-01,2.267476e-01,1.997121e-01
4.604424e-03,3.080547e-02,3.359024e-05,3.028650e-03,2.216162e-02,4.269171e-05
