# rmse alpha/u,rmse phic/h,rmse h/r,spread alpha/u,spread phic/h,spread h/r
1.667815e-01,2.327850e-01,6.027810e-01,1.408747e-01,2.267476e-01,1.997121e-01
1.479684e-03,9.596285e-03,2.771406e-05,1.315167e-03,9.662488e-03,3.913958e-05
