# rmse alpha/u,rmse phic/h,rmse h/r,spread alpha/u,spread phic/h,spread h/r
1.667815e-01,2.327850e-01,6.027810e-01,1.408747e-01,2.267476e-01,1.997121e-01
5.082422e-03,2.507346e-02,4.148048e-05,1.827433e-03,1.394412e-02,4.456642e-05
