# rmse alpha/u,rmse phic/h,rmse h/r,spread alpha/u,spread phic/h,spread h/r
9.926046e-02,4.074912e-05,8.653112e-02,1.390659e-01,7.981777e-02,6.888568e-02
5.064691e-03,3.597901e-02,3.568804e-05,4.450314e-03,3.481948e-02,2.927799e-05
