# rmse alpha/u,rmse phic/h,rmse h/r,spread alpha/u,spread phic/h,spread h/r
1.222005e-01,2.250468e-01,1.738058e-01,1.052106e-01,9.362503e-02,6.906324e-02
9.478458e-04,8.169527e-03,2.508254e-05,1.004718e-03,7.746022e-03,5.226647e-05
