# rmse alpha/u,rmse phic/h,rmse h/r,spread alpha/u,spread phic/h,spread h/r
1.222005e-01,2.250468e-01,1.738058e-01,1.052106e-01,9.362503e-02,6.906324e-02
8.678333e-04,7.527097e-03,3.318292e-05,8.766627e-04,7.235034e-03,5.416777e-05
