# rmse alpha/u,rmse phic/h,rmse h/r,spread alpha/u,spread phic/h,spread h/r
1.222005e-01,2.250468e-01,1.738058e-01,1.052106e-01,9.362503e-02,6.906324e-02
8.848242e-04,6.560891e-03,2.814941e-05,8.789774e-04,7.002325e-03,5.515875e-05
