# rmse alpha/u,rmse phic/h,rmse h/r,spread alpha/u,spread phic/h,spread h/r
1.222005e-01,2.250468e-01,1.738058e-01,1.052106e-01,9.362503e-02,6.906324e-02
8.686007e-04,6.740899e-03,2.877825e-05,8.910602e-04,7.012166e-03,5.507523e-05
