# rmse alpha/u,rmse phic/h,rmse h/r,spread alpha/u,spread phic/h,spread h/r
1.222005e-01,2.250468e-01,1.738058e-01,1.052106e-01,9.362503e-02,6.906324e-02
8.745439e-04,6.640211e-03,3.384556e-05,8.517546e-04,6.851911e-03,5.263228e-05
