# rmse alpha/u,rmse phic/h,rmse h/r,spread alpha/u,spread phic/h,spread h/r
2.854802e-02,3.488360e-02,3.420211e-01,2.064906e-01,1.899857e-01,1.562718e-01
1.838981e-03,1.061359e-02,3.590318e-05,1.781345e-03,1.184978e-02,3.555143e-05
