# rmse alpha/u,rmse phic/h,rmse h/r,spread alpha/u,spread phic/h,spread h/r
2.854802e-02,3.488360e-02,3.420211e-01,2.064906e-01,1.899857e-01,1.562718e-01
2.863327e-03,2.506015e-02,5.359060e-05,1.620720e-03,1.198791e-02,3.804034e-05
