# rmse alpha/u,rmse phic/h,rmse h/r,spread alpha/u,spread phic/h,spread h/r
2.854802e-02,3.488360e-02,3.420211e-01,2.064906e-01,1.899857e-01,1.562718e-01
3.450674e-03,1.843213e-02,4.256629e-05,1.859643e-03,1.264804e-02,3.458615e-05
