# rmse alpha/u,rmse phic/h,rmse h/r,spread alpha/u,spread phic/h,spread h/r
2.854802e-02,3.488360e-02,3.420211e-01,2.064906e-01,1.899857e-01,1.562718e-01
3.547492e-03,2.121782e-02,3.581557e-05,2.075151e-03,1.487334e-02,4.198459e-05
