# rmse alpha/u,rmse phic/h,rmse h/r,spread alpha/u,spread phic/h,spread h/r
9.024723e-02,2.335201e-02,2.684283e-02,1.891346e-01,2.458699e-01,1.883455e-01
4.618169e-03,3.586813e-02,6.428517e-05,2.129522e-03,1.469029e-02,3.982525e-05
