# rmse alpha/u,rmse phic/h,rmse h/r,spread alpha/u,spread phic/h,spread h/r
9.024723e-02,2.335201e-02,2.684283e-02,1.891346e-01,2.458699e-01,1.883455e-01
5.488292e-03,3.466881e-02,7.861159e-05,3.984343e-03,2.820779e-02,5.938796e-05
