# rmse alpha/u,rmse phic/h,rmse h/r,spread alpha/u,spread phic/h,spread h/r
9.024723e-02,2.335201e-02,2.684283e-02,1.891346e-01,2.458699e-01,1.883455e-01
3.887650e-03,3.182955e-02,9.162858e-05,2.428529e-03,1.877690e-02,4.469312e-05
