# rmse alpha/u,rmse phic/h,rmse h/r,spread alpha/u,spread phic/h,spread h/r
9.024723e-02,2.335201e-02,2.684283e-02,1.891346e-01,2.458699e-01,1.883455e-01
4.293599e-03,3.222082e-02,8.487120e-05,2.409032e-03,1.757016e-02,4.474014e-05
