# rmse alpha/u,rmse phic/h,rmse h/r,spread alpha/u,spread phic/h,spread h/r
1.077247e-02,1.204996e-01,1.865310e-04,2.007666e-01,2.380345e-01,2.181955e-01
4.172083e-03,2.489114e-02,3.437078e-05,3.012863e-03,2.226813e-02,3.890131e-05
