# rmse alpha/u,rmse phic/h,rmse h/r,spread alpha/u,spread phic/h,spread h/r
1.077247e-02,1.204996e-01,1.865310e-04,2.007666e-01,2.380345e-01,2.181955e-01
4.660333e-03,2.698076e-02,4.432756e-05,3.117026e-03,2.294177e-02,3.871606e-05
