# rmse alpha/u,rmse phic/h,rmse h/r,spread alpha/u,spread phic/h,spread h/r
1.077247e-02,1.204996e-01,1.865310e-04,2.007666e-01,2.380345e-01,2.181955e-01
3.383937e-03,1.636419e-02,2.697291e-05,2.226903e-03,1.530634e-02,2.805102e-05
