# rmse alpha/u,rmse phic/h,rmse h/r,spread alpha/u,spread phic/h,spread h/r
1.077247e-02,1.204996e-01,1.865310e-04,2.007666e-01,2.380345e-01,2.181955e-01
3.641641e-03,2.255170e-02,3.084119e-05,2.478242e-03,1.714133e-02,2.912946e-05
