# rmse alpha/u,rmse phic/h,rmse h/r,spread alpha/u,spread phic/h,spread h/r
2.810266e-02,1.103366e-01,1.551460e-02,2.007666e-01,2.380345e-01,2.181955e-01
8.632586e-04,6.960195e-03,2.059197e-05,9.165769e-04,7.202082e-03,3.813844e-05
