# rmse alpha/u,rmse phic/h,rmse h/r,spread alpha/u,spread phic/h,spread h/r
2.810266e-02,1.103366e-01,1.551460e-02,2.007666e-01,2.380345e-01,2.181955e-01
1.574216e-03,1.087063e-02,2.566571e-05,1.135022e-03,8.516431e-03,3.878528e-05
