# rmse alpha/u,rmse phic/h,rmse h/r,spread alpha/u,spread phic/h,spread h/r
2.810266e-02,1.103366e-01,1.551460e-02,2.007666e-01,2.380345e-01,2.181955e-01
1.551139e-03,8.306304e-03,3.864769e-05,9.711141e-04,7.398399e-03,4.009418e-05
