# rmse alpha/u,rmse phic/h,rmse h/r,spread alpha/u,spread phic/h,spread h/r
2.810266e-02,1.103366e-01,1.551460e-02,2.007666e-01,2.380345e-01,2.181955e-01
8.359477e-04,6.449702e-03,2.625481e-05,8.123761e-04,6.489073e-03,3.822275e-05
