# rmse alpha/u,rmse phic/h,rmse h/r,spread alpha/u,spread phic/h,spread h/r
2.810266e-02,1.103366e-01,1.551460e-02,2.007666e-01,2.380345e-01,2.181955e-01
9.523805e-04,7.504182e-03,1.867950e-05,9.988742e-04,7.462585e-03,3.720557e-05
