# rmse alpha/u,rmse phic/h,rmse h/r,spread alpha/u,spread phic/h,spread h/r
5.189682e-05,1.500421e-01,3.930686e-01,2.014417e-01,2.219743e-01,1.900285e-01
3.352023e-03,3.140420e-02,5.994151e-05,2.244386e-03,1.660861e-02,3.022249e-05
