# rmse alpha/u,rmse phic/h,rmse h/r,spread alpha/u,spread phic/h,spread h/r
5.189682e-05,1.500421e-01,3.930686e-01,2.014417e-01,2.219743e-01,1.900285e-01
3.088762e-03,1.505481e-02,4.341044e-05,1.441977e-03,1.002129e-02,2.238833e-05
