# rmse alpha/u,rmse phic/h,rmse h/r,spread alpha/u,spread phic/h,spread h/r
1.509028e-01,1.190968e-03,3.276822e-01,2.003257e-01,1.978003e-01,1.815101e-01
4.533918e-03,3.068817e-02,2.477337e-05,3.533770e-03,2.629027e-02,1.738003e-05
