# rmse alpha/u,rmse phic/h,rmse h/r,spread alpha/u,spread phic/h,spread h/r
1.509028e-01,1.190968e-03,3.276822e-01,2.003257e-01,1.978003e-01,1.815101e-01
4.340836e-03,3.433983e-02,2.114547e-05,3.601464e-03,2.910060e-02,2.273750e-05
