# rmse alpha/u,rmse phic/h,rmse h/r,spread alpha/u,spread phic/h,spread h/r
1.509028e-01,1.190968e-03,3.276822e-01,2.003257e-01,1.978003e-01,1.815101e-01
5.327368e-03,2.953082e-02,2.172600e-05,3.690012e-03,2.825891e-02,1.939414e-05
