# rmse alpha/u,rmse phic/h,rmse h/r,spread alpha/u,spread phic/h,spread h/r
1.509028e-01,1.190968e-03,3.276822e-01,2.003257e-01,1.978003e-01,1.815101e-01
5.238868e-03,3.362908e-02,2.470032e-05,4.025288e-03,3.078538e-02,2.095417e-05
