# rmse alpha/u,rmse phic/h,rmse h/r,spread alpha/u,spread phic/h,spread h/r
1.509028e-01,1.190968e-03,3.276822e-01,2.003257e-01,1.978003e-01,1.815101e-01
4.617812e-03,3.125341e-02,1.231383e-05,3.475027e-03,2.619396e-02,1.830445e-05
