# rmse alpha/u,rmse phic/h,rmse h/r,spread alpha/u,spread phic/h,spread h/r
1.509028e-01,1.190968e-03,3.276822e-01,2.003257e-01,1.978003e-01,1.815101e-01
4.899259e-03,3.687742e-02,3.205099e-05,3.774341e-03,2.881243e-02,2.399234e-05
