# rmse alpha/u,rmse phic/h,rmse h/r,spread alpha/u,spread phic/h,spread h/r
1.197488e-02,6.592333e-03,1.086361e-02,1.410320e-01,1.084693e-01,8.181107e-02
2.649517e-03,1.444765e-02,3.568430e-05,1.772062e-03,1.220785e-02,5.007994e-05
