# rmse alpha/u,rmse phic/h,rmse h/r,spread alpha/u,spread phic/h,spread h/r
1.197488e-02,6.592333e-03,1.086361e-02,1.410320e-01,1.084693e-01,8.181107e-02
2.505745e-03,2.007626e-02,4.991722e-05,1.695545e-03,1.303360e-02,5.636961e-05
