# rmse alpha/u,rmse phic/h,rmse h/r,spread alpha/u,spread phic/h,spread h/r
1.197488e-02,6.592333e-03,1.086361e-02,1.410320e-01,1.084693e-01,8.181107e-02
2.287621e-03,1.902115e-02,5.743604e-05,1.546399e-03,1.207772e-02,5.534466e-05
