# rmse alpha/u,rmse phic/h,rmse h/r,spread alpha/u,spread phic/h,spread h/r
1.197488e-02,6.592333e-03,1.086361e-02,1.410320e-01,1.084693e-01,8.181107e-02
9.510261e-04,7.251710e-03,3.201236e-05,9.637652e-04,7.247702e-03,4.812442e-05
