# rmse alpha/u,rmse phic/h,rmse h/r,spread alpha/u,spread phic/h,spread h/r
3.834187e-02,2.563373e-04,5.826295e-03,1.071327e-01,9.649348e-02,8.223162e-02
2.769264e-03,2.024117e-02,5.125403e-05,1.840501e-03,1.319765e-02,4.893259e-05
