# rmse alpha/u,rmse phic/h,rmse h/r,spread alpha/u,spread phic/h,spread h/r
3.834187e-02,2.563373e-04,5.826295e-03,1.071327e-01,9.649348e-02,8.223162e-02
2.816784e-03,1.756467e-02,3.852557e-05,1.365576e-03,9.401711e-03,4.480423e-05
