# rmse alpha/u,rmse phic/h,rmse h/r,spread alpha/u,spread phic/h,spread h/r
1.577190e-01,1.141765e-01,1.338211e-01,1.433638e-01,9.188864e-02,8.708109e-02
3.071835e-03,1.639351e-02,4.387481e-05,1.951886e-03,1.352249e-02,4.687535e-05
