# rmse alpha/u,rmse phic/h,rmse h/r,spread alpha/u,spread phic/h,spread h/r
1.577190e-01,1.141765e-01,1.338211e-01,1.433638e-01,9.188864e-02,8.708109e-02
1.883919e-03,1.670156e-02,3.550534e-05,1.723244e-03,1.213184e-02,4.396150e-05
