# rmse alpha/u,rmse phic/h,rmse h/r,spread alpha/u,spread phic/h,spread h/r
1.577190e-01,1.141765e-01,1.338211e-01,1.433638e-01,9.188864e-02,8.708109e-02
4.616143e-03,3.363823e-02,3.753108e-05,2.912371e-03,1.950440e-02,4.377100e-05
