# rmse alpha/u,rmse phic/h,rmse h/r,spread alpha/u,spread phic/h,spread h/r
1.577190e-01,1.141765e-01,1.338211e-01,1.433638e-01,9.188864e-02,8.708109e-02
3.337542e-03,2.176611e-02,4.574367e-05,1.765014e-03,1.193960e-02,4.566031e-05
