# rmse alpha/u,rmse phic/h,rmse h/r,spread alpha/u,spread phic/h,spread h/r
1.577190e-01,1.141765e-01,1.338211e-01,1.433638e-01,9.188864e-02,8.708109e-02
4.680160e-03,1.846831e-02,5.031762e-05,1.503970e-03,1.031869e-02,4.565073e-05
