# rmse alpha/u,rmse phic/h,rmse h/r,spread alpha/u,spread phic/h,spread h/r
1.577190e-01,1.141765e-01,1.338211e-01,1.433638e-01,9.188864e-02,8.708109e-02
1.700045e-03,1.014215e-02,3.255798e-05,9.921985e-04,7.020824e-03,4.043486e-05
