# rmse alpha/u,rmse phic/h,rmse h/r,spread alpha/u,spread phic/h,spread h/r
1.577190e-01,1.141765e-01,1.338211e-01,1.433638e-01,9.188864e-02,8.708109e-02
1.946797e-03,1.367896e-02,3.105510e-05,1.571772e-03,1.023289e-02,4.142764e-05
