# rmse alpha/u,rmse phic/h,rmse h/r,spread alpha/u,spread phic/h,spread h/r
1.577190e-01,1.141765e-01,1.338211e-01,1.433638e-01,9.188864e-02,8.708109e-02
3.481882e-03,2.593079e-02,6.073131e-05,1.835965e-03,1.324466e-02,4.777198e-05
