# rmse alpha/u,rmse phic/h,rmse h/r,spread alpha/u,spread phic/h,spread h/r
1.577190e-01,1.141765e-01,1.338211e-01,1.433638e-01,9.188864e-02,8.708109e-02
2.644669e-03,1.811336e-02,5.093951e-05,1.588949e-03,1.164333e-02,4.601309e-05
