# rmse alpha/u,rmse phic/h,rmse h/r,spread alpha/u,spread phic/h,spread h/r
1.577190e-01,1.141765e-01,1.338211e-01,1.433638e-01,9.188864e-02,8.708109e-02
3.402755e-03,1.962864e-02,4.688406e-05,1.597775e-03,1.152107e-02,4.435410e-05
