# rmse alpha/u,rmse phic/h,rmse h/r,spread alpha/u,spread phic/h,spread h/r
5.564660e-02,1.039339e-02,2.280751e-03,2.026189e-01,2.294776e-01,1.559318e-01
2.170784e-03,1.417504e-02,3.557096e-05,1.644114e-03,1.144480e-02,4.313749e-05
