# rmse alpha/u,rmse phic/h,rmse h/r,spread alpha/u,spread phic/h,spread h/r
5.564660e-02,1.039339e-02,2.280751e-03,2.026189e-01,2.294776e-01,1.559318e-01
3.586906e-03,1.703685e-02,3.618958e-05,2.594339e-03,1.763959e-02,4.919723e-05
