# rmse alpha/u,rmse phic/h,rmse h/r,spread alpha/u,spread phic/h,spread h/r
5.564660e-02,1.039339e-02,2.280751e-03,2.026189e-01,2.294776e-01,1.559318e-01
3.813690e-03,2.280480e-02,6.142603e-05,2.877496e-03,2.224701e-02,6.195227e-05
