# rmse alpha/u,rmse phic/h,rmse h/r,spread alpha/u,spread phic/h,spread h/r
5.564660e-02,1.039339e-02,2.280751e-03,2.026189e-01,2.294776e-01,1.559318e-01
3.486411e-03,1.759436e-02,5.859441e-05,2.089725e-03,1.508672e-02,5.352445e-05
