# rmse alpha/u,rmse phic/h,rmse h/r,spread alpha/u,spread phic/h,spread h/r
5.564660e-02,1.039339e-02,2.280751e-03,2.026189e-01,2.294776e-01,1.559318e-01
2.549921e-03,1.851775e-02,5.674045e-05,1.840441e-03,1.336686e-02,5.189531e-05
