# rmse alpha/u,rmse phic/h,rmse h/r,spread alpha/u,spread phic/h,spread h/r
5.564660e-02,1.039339e-02,2.280751e-03,2.026189e-01,2.294776e-01,1.559318e-01
3.342651e-03,1.708862e-02,4.781929e-05,1.848092e-03,1.256428e-02,4.637358e-05
