# rmse alpha/u,rmse phic/h,rmse h/r,spread alpha/u,spread phic/h,spread h/r
5.564660e-02,1.039339e-02,2.280751e-03,2.026189e-01,2.294776e-01,1.559318e-01
2.162300e-03,1.813330e-02,5.288770e-05,1.787215e-03,1.295401e-02,5.356467e-05
