# rmse alpha/u,rmse phic/h,rmse h/r,spread alpha/u,spread phic/h,spread h/r
3.491013e-01,3.028117e-01,2.003469e-01,1.641627e-01,2.176017e-01,1.764511e-01
2.625612e-03,1.254703e-02,3.247996e-05,1.700171e-03,1.206669e-02,2.510305e-05
