# rmse alpha/u,rmse phic/h,rmse h/r,spread alpha/u,spread phic/h,spread h/r
3.491013e-01,3.028117e-01,2.003469e-01,1.641627e-01,2.176017e-01,1.764511e-01
3.742402e-03,2.148337e-02,4.687295e-05,1.424252e-03,1.083063e-02,2.789694e-05
