# rmse alpha/u,rmse phic/h,rmse h/r,spread alpha/u,spread phic/h,spread h/r
3.491013e-01,3.028117e-01,2.003469e-01,1.641627e-01,2.176017e-01,1.764511e-01
3.269448e-03,2.296812e-02,5.026184e-05,1.158232e-03,8.945118e-03,2.523159e-05
