# rmse alpha/u,rmse phic/h,rmse h/r,spread alpha/u,spread phic/h,spread h/r
3.491013e-01,3.028117e-01,2.003469e-01,1.641627e-01,2.176017e-01,1.764511e-01
2.314959e-03,1.866851e-02,4.435118e-05,9.118118e-04,6.833478e-03,2.183881e-05
