# rmse alpha/u,rmse phic/h,rmse h/r,spread alpha/u,spread phic/h,spread h/r
3.491013e-01,3.028117e-01,2.003469e-01,1.641627e-01,2.176017e-01,1.764511e-01
4.074091e-03,2.395410e-02,4.668542e-05,1.917304e-03,1.376554e-02,2.956858e-05
