# rmse alpha/u,rmse phic/h,rmse h/r,spread alpha/u,spread phic/h,spread h/r
3.491013e-01,3.028117e-01,2.003469e-01,1.641627e-01,2.176017e-01,1.764511e-01
3.912743e-03,2.598639e-02,5.452085e-05,2.064451e-03,1.444644e-02,3.393865e-05
