# rmse alpha/u,rmse phic/h,rmse h/r,spread alpha/u,spread phic/h,spread h/r
3.623974e-02,4.282368e-03,4.991014e-02,1.982073e-01,2.431264e-01,1.613861e-01
1.378344e-03,1.099387e-02,3.722310e-05,1.227768e-03,8.982914e-03,4.700079e-05
