# rmse alpha/u,rmse phic/h,rmse h/r,spread alpha/u,spread phic/h,spread h/r
3.623974e-02,4.282368e-03,4.991014e-02,1.982073e-01,2.431264e-01,1.613861e-01
1.804546e-03,1.605410e-02,4.170350e-05,1.382135e-03,9.561644e-03,4.713104e-05
