# rmse alpha/u,rmse phic/h,rmse h/r,spread alpha/u,spread phic/h,spread h/r
3.623974e-02,4.282368e-03,4.991014e-02,1.982073e-01,2.431264e-01,1.613861e-01
8.356259e-04,6.613334e-03,2.470421e-05,8.667594e-04,6.716103e-03,4.166808e-05
