# rmse alpha/u,rmse phic/h,rmse h/r,spread alpha/u,spread phic/h,spread h/r
3.623974e-02,4.282368e-03,4.991014e-02,1.982073e-01,2.431264e-01,1.613861e-01
1.376694e-03,8.070764e-03,2.559526e-05,1.129576e-03,8.241231e-03,3.976683e-05
