# rmse alpha/u,rmse phic/h,rmse h/r,spread alpha/u,spread phic/h,spread h/r
3.623974e-02,4.282368e-03,4.991014e-02,1.982073e-01,2.431264e-01,1.613861e-01
1.592511e-03,1.166643e-02,3.108846e-05,1.207965e-03,8.628754e-03,4.305837e-05
