# rmse alpha/u,rmse phic/h,rmse h/r,spread alpha/u,spread phic/h,spread h/r
3.623974e-02,4.282368e-03,4.991014e-02,1.982073e-01,2.431264e-01,1.613861e-01
1.486408e-03,9.481540e-03,2.898614e-05,1.179539e-03,8.735409e-03,4.557428e-05
