# rmse alpha/u,rmse phic/h,rmse h/r,spread alpha/u,spread phic/h,spread h/r
3.623974e-02,4.282368e-03,4.991014e-02,1.982073e-01,2.431264e-01,1.613861e-01
1.508067e-03,8.839743e-03,2.595995e-05,1.427308e-03,9.568435e-03,4.447472e-05
