# rmse alpha/u,rmse phic/h,rmse h/r,spread alpha/u,spread phic/h,spread h/r
3.420865e-01,2.028458e-01,2.589241e-01,1.247299e-01,2.016558e-01,1.417906e-01
1.863458e-03,1.002775e-02,3.309873e-05,1.335021e-03,8.999640e-03,1.030507e-05
