# rmse alpha/u,rmse phic/h,rmse h/r,spread alpha/u,spread phic/h,spread h/r
3.420865e-01,2.028458e-01,2.589241e-01,1.247299e-01,2.016558e-01,1.417906e-01
3.665047e-03,2.592550e-02,3.953723e-05,2.430979e-03,1.648882e-02,1.552050e-05
