# rmse alpha/u,rmse phic/h,rmse h/r,spread alpha/u,spread phic/h,spread h/r
3.420865e-01,2.028458e-01,2.589241e-01,1.247299e-01,2.016558e-01,1.417906e-01
4.321744e-03,2.671436e-02,5.922546e-05,2.429502e-03,1.729052e-02,2.545312e-05
