# rmse alpha/u,rmse phic/h,rmse h/r,spread alpha/u,spread phic/h,spread h/r
1.622657e-01,2.939774e-01,3.608925e-01,1.242292e-01,2.019602e-01,1.801946e-01
4.393396e-03,2.195825e-02,3.565741e-05,2.008662e-03,1.506793e-02,3.385670e-05
