# rmse alpha/u,rmse phic/h,rmse h/r,spread alpha/u,spread phic/h,spread h/r
1.622657e-01,2.939774e-01,3.608925e-01,1.242292e-01,2.019602e-01,1.801946e-01
4.500143e-03,2.575572e-02,5.086236e-05,2.406316e-03,1.696930e-02,3.804744e-05
