# rmse alpha/u,rmse phic/h,rmse h/r,spread alpha/u,spread phic/h,spread h/r
1.227423e-01,3.648996e-01,1.667971e-01,1.906733e-01,1.720275e-01,1.565591e-01
8.467594e-04,8.011782e-03,4.312004e-05,7.949429e-04,6.126183e-03,2.156936e-05
