# rmse alpha/u,rmse phic/h,rmse h/r,spread alpha/u,spread phic/h,spread h/r
1.227423e-01,3.648996e-01,1.667971e-01,1.906733e-01,1.720275e-01,1.565591e-01
9.369195e-04,9.402692e-03,4.140638e-05,8.395218e-04,6.253353e-03,2.118126e-05
