# rmse alpha/u,rmse phic/h,rmse h/r,spread alpha/u,spread phic/h,spread h/r
1.227423e-01,3.648996e-01,1.667971e-01,1.906733e-01,1.720275e-01,1.565591e-01
1.998516e-03,1.040246e-02,4.829795e-05,9.342075e-04,6.599356e-03,1.987515e-05
