# rmse alpha/u,rmse phic/h,rmse h/r,spread alpha/u,spread phic/h,spread h/r
1.667815e-01,2.327850e-01,6.027810e-01,1.408747e-01,2.267476e-01,1.997121e-01
3.361337e-03,2.286134e-02,4.848921e-05,1.774027e-03,1.220619e-02,4.676265e-05
