# rmse alpha/u,rmse phic/h,rmse h/r,spread alpha/u,spread phic/h,spread h/r
1.667815e-01,2.327850e-01,6.027810e-01,1.408747e-01,2.267476e-01,1.997121e-01
1.439408e-03,7.867265e-03,3.828427e-05,9.546667e-04,7.384653e-03,4.328380e-05
