# rmse alpha/u,rmse phic/h,rmse h/r,spread alpha/u,spread phic/h,spread h/r
1.667815e-01,2.327850e-01,6.027810e-01,1.408747e-01,2.267476e-01,1.997121e-01
5.199977e-03,2.644812e-02,5.758903e-05,2.208397e-03,1.534209e-02,4.933663e-05
