# rmse alpha/u,rmse phic/h,rmse h/r,spread alpha/u,spread phic/h,spread h/r
3.166771e-01,5.065447e-01,2.920722e-01,1.674265e-01,2.226131e-01,1.935605e-01
3.819744e-03,2.726848e-02,8.232835e-05,3.115554e-03,2.311807e-02,6.412534e-05
