# rmse alpha/u,rmse phic/h,rmse h/r,spread alpha/u,spread phic/h,spread h/r
3.166771e-01,5.065447e-01,2.920722e-01,1.674265e-01,2.226131e-01,1.935605e-01
3.838385e-03,2.635180e-02,8.203214e-05,3.765740e-03,2.653513e-02,6.111008e-05
