# rmse alpha/u,rmse phic/h,rmse h/r,spread alpha/u,spread phic/h,spread h/r
1.567520e-02,1.172511e-04,7.643202e-04,1.166893e-01,1.024969e-01,7.515065e-02
1.099434e-03,7.909922e-03,2.323762e-05,8.552743e-04,6.474857e-03,3.331195e-05
