# rmse alpha/u,rmse phic/h,rmse h/r,spread alpha/u,spread phic/h,spread h/r
1.567520e-02,1.172511e-04,7.643202e-04,1.166893e-01,1.024969e-01,7.515065e-02
8.438087e-04,6.814922e-03,2.651881e-05,8.038249e-04,6.004369e-03,3.468639e-05
