# rmse alpha/u,rmse phic/h,rmse h/r,spread alpha/u,spread phic/h,spread h/r
1.567520e-02,1.172511e-04,7.643202e-04,1.166893e-01,1.024969e-01,7.515065e-02
9.275137e-04,7.300408e-03,2.399167e-05,7.970446e-04,6.129554e-03,3.533089e-05
