# rmse alpha/u,rmse phic/h,rmse h/r,spread alpha/u,spread phic/h,spread h/r
1.567520e-02,1.172511e-04,7.643202e-04,1.166893e-01,1.024969e-01,7.515065e-02
8.940892e-04,6.352192e-03,2.252120e-05,7.609742e-04,5.917182e-03,3.353705e-05
