# rmse alpha/u,rmse phic/h,rmse h/r,spread alpha/u,spread phic/h,spread h/r
1.020452e-01,1.430017e-02,8.043530e-02,1.647172e-01,2.045747e-01,1.678027e-01
2.892856e-03,2.173389e-02,3.442705e-05,2.801543e-03,2.009266e-02,2.628554e-05
