# rmse alpha/u,rmse phic/h,rmse h/r,spread alpha/u,spread phic/h,spread h/r
1.020452e-01,1.430017e-02,8.043530e-02,1.647172e-01,2.045747e-01,1.678027e-01
4.370938e-03,3.190286e-02,3.550316e-05,3.087982e-03,2.220257e-02,2.867812e-05
