# rmse alpha/u,rmse phic/h,rmse h/r,spread alpha/u,spread phic/h,spread h/r
2.423287e-02,2.510655e-05,3.007277e-02,1.379186e-01,1.564592e-01,1.946155e-01
8.699674e-04,6.585047e-03,3.086554e-05,8.221961e-04,6.329529e-03,4.589536e-05
