# rmse alpha/u,rmse phic/h,rmse h/r,spread alpha/u,spread phic/h,spread h/r
2.423287e-02,2.510655e-05,3.007277e-02,1.379186e-01,1.564592e-01,1.946155e-01
8.450074e-04,6.780796e-03,3.226441e-05,8.206765e-04,6.308980e-03,4.847290e-05
