# rmse alpha/u,rmse phic/h,rmse h/r,spread alpha/u,spread phic/h,spread h/r
2.423287e-02,2.510655e-05,3.007277e-02,1.379186e-01,1.564592e-01,1.946155e-01
8.307212e-04,6.255213e-03,3.264896e-05,8.130587e-04,6.362036e-03,4.559409e-05
