# rmse alpha/u,rmse phic/h,rmse h/r,spread alpha/u,spread phic/h,spread h/r
2.423287e-02,2.510655e-05,3.007277e-02,1.379186e-01,1.564592e-01,1.946155e-01
9.357821e-04,6.832584e-03,3.199861e-05,8.180498e-04,6.399481e-03,4.504708e-05
