# rmse alpha/u,rmse phic/h,rmse h/r,spread alpha/u,spread phic/h,spread h/r
2.423287e-02,2.510655e-05,3.007277e-02,1.379186e-01,1.564592e-01,1.946155e-01
9.749164e-04,8.512580e-03,3.597508e-05,8.031193e-04,6.365849e-03,4.474958e-05
