# rmse alpha/u,rmse phic/h,rmse h/r,spread alpha/u,spread phic/h,spread h/r
2.708705e-01,1.401865e-01,1.361457e-01,1.488163e-01,1.047142e-01,8.359476e-02
3.547632e-03,2.435541e-02,5.050494e-05,2.320225e-03,1.707732e-02,4.752282e-05
