# rmse alpha/u,rmse phic/h,rmse h/r,spread alpha/u,spread phic/h,spread h/r
2.708705e-01,1.401865e-01,1.361457e-01,1.488163e-01,1.047142e-01,8.359476e-02
2.741631e-03,2.137144e-02,5.700737e-05,2.427842e-03,1.659077e-02,4.780103e-05
