# rmse alpha/u,rmse phic/h,rmse h/r,spread alpha/u,spread phic/h,spread h/r
2.708705e-01,1.401865e-01,1.361457e-01,1.488163e-01,1.047142e-01,8.359476e-02
3.756118e-03,2.630079e-02,5.589551e-05,2.667345e-03,1.912324e-02,4.835495e-05
