# rmse alpha/u,rmse phic/h,rmse h/r,spread alpha/u,spread phic/h,spread h/r
2.708705e-01,1.401865e-01,1.361457e-01,1.488163e-01,1.047142e-01,8.359476e-02
3.625332e-03,2.607431e-02,6.197875e-05,2.672016e-03,1.871691e-02,5.109697e-05
