# rmse alpha/u,rmse phic/h,rmse h/r,spread alpha/u,spread phic/h,spread h/r
2.708705e-01,1.401865e-01,1.361457e-01,1.488163e-01,1.047142e-01,8.359476e-02
6.405441e-03,2.799961e-02,6.580626e-05,2.777385e-03,1.814454e-02,4.874773e-05
