# rmse alpha/u,rmse phic/h,rmse h/r,spread alpha/u,spread phic/h,spread h/r
2.154551e-01,3.367457e-01,4.011446e-01,1.247299e-01,2.016558e-01,1.417906e-01
2.509384e-03,1.509775e-02,2.602330e-05,1.441944e-03,9.739667e-03,2.279835e-05
