# rmse alpha/u,rmse phic/h,rmse h/r,spread alpha/u,spread phic/h,spread h/r
2.154551e-01,3.367457e-01,4.011446e-01,1.247299e-01,2.016558e-01,1.417906e-01
2.472877e-03,2.195682e-02,4.907939e-05,1.069614e-03,8.270291e-03,2.469660e-05
