# rmse alpha/u,rmse phic/h,rmse h/r,spread alpha/u,spread phic/h,spread h/r
2.154551e-01,3.367457e-01,4.011446e-01,1.247299e-01,2.016558e-01,1.417906e-01
1.623131e-03,1.519336e-02,4.144498e-05,1.043087e-03,7.984267e-03,2.268984e-05
