# rmse alpha/u,rmse phic/h,rmse h/r,spread alpha/u,spread phic/h,spread h/r
2.154551e-01,3.367457e-01,4.011446e-01,1.247299e-01,2.016558e-01,1.417906e-01
1.313984e-03,1.170814e-02,4.956714e-05,1.131139e-03,8.243296e-03,2.060699e-05
