# rmse alpha/u,rmse phic/h,rmse h/r,spread alpha/u,spread phic/h,spread h/r
2.154551e-01,3.367457e-01,4.011446e-01,1.247299e-01,2.016558e-01,1.417906e-01
3.583271e-03,2.089766e-02,3.167163e-05,1.228447e-03,8.475916e-03,1.834542e-05
