# rmse alpha/u,rmse phic/h,rmse h/r,spread alpha/u,spread phic/h,spread h/r
1.726681e-01,2.191167e-01,5.106913e-01,1.252033e-01,2.157036e-01,2.323844e-01
4.183757e-03,2.360928e-02,6.722341e-05,1.842466e-03,1.328297e-02,3.361331e-05
