# rmse alpha/u,rmse phic/h,rmse h/r,spread alpha/u,spread phic/h,spread h/r
1.726681e-01,2.191167e-01,5.106913e-01,1.252033e-01,2.157036e-01,2.323844e-01
3.975649e-03,3.736736e-02,8.339879e-05,2.548699e-03,1.930381e-02,4.377247e-05
