# rmse alpha/u,rmse phic/h,rmse h/r,spread alpha/u,spread phic/h,spread h/r
1.726681e-01,2.191167e-01,5.106913e-01,1.252033e-01,2.157036e-01,2.323844e-01
2.658199e-03,1.359809e-02,4.116550e-05,1.363995e-03,8.924291e-03,2.565385e-05
