# rmse alpha/u,rmse phic/h,rmse h/r,spread alpha/u,spread phic/h,spread h/r
1.726681e-01,2.191167e-01,5.106913e-01,1.252033e-01,2.157036e-01,2.323844e-01
5.708193e-03,2.672758e-02,8.473236e-05,1.216268e-03,8.781348e-03,2.852905e-05
