# rmse alpha/u,rmse phic/h,rmse h/r,spread alpha/u,spread phic/h,spread h/r
1.726681e-01,2.191167e-01,5.106913e-01,1.252033e-01,2.157036e-01,2.323844e-01
5.008383e-03,3.018259e-02,7.113948e-05,2.076427e-03,1.447621e-02,3.304974e-05
