# rmse alpha/u,rmse phic/h,rmse h/r,spread alpha/u,spread phic/h,spread h/r
1.726681e-01,2.191167e-01,5.106913e-01,1.252033e-01,2.157036e-01,2.323844e-01
3.585934e-03,2.102917e-02,7.768101e-05,1.446385e-03,1.044108e-02,2.755147e-05
