# rmse alpha/u,rmse phic/h,rmse h/r,spread alpha/u,spread phic/h,spread h/r
4.771877e-02,3.640125e-03,1.352914e-02,1.213355e-01,7.082736e-02,7.135762e-02
3.230749e-03,2.538015e-02,4.744485e-05,2.974782e-03,2.224980e-02,5.275884e-05
