# rmse alpha/u,rmse phic/h,rmse h/r,spread alpha/u,spread phic/h,spread h/r
4.771877e-02,3.640125e-03,1.352914e-02,1.213355e-01,7.082736e-02,7.135762e-02
4.033534e-03,3.237579e-02,7.468992e-05,3.091910e-03,2.306672e-02,5.908219e-05
