# rmse alpha/u,rmse phic/h,rmse h/r,spread alpha/u,spread phic/h,spread h/r
4.771877e-02,3.640125e-03,1.352914e-02,1.213355e-01,7.082736e-02,7.135762e-02
3.466166e-03,2.144462e-02,5.284177e-05,2.572009e-03,1.832989e-02,5.476008e-05
