# rmse alpha/u,rmse phic/h,rmse h/r,spread alpha/u,spread phic/h,spread h/r
4.771877e-02,3.640125e-03,1.352914e-02,1.213355e-01,7.082736e-02,7.135762e-02
3.506044e-03,2.053723e-02,6.094158e-05,2.543610e-03,1.672219e-02,5.016480e-05
