# rmse alpha/u,rmse phic/h,rmse h/r,spread alpha/u,spread phic/h,spread h/r
4.771877e-02,3.640125e-03,1.352914e-02,1.213355e-01,7.082736e-02,7.135762e-02
2.200833e-03,1.399458e-02,4.886841e-05,1.997019e-03,1.344343e-02,4.742819e-05
