# rmse alpha/u,rmse phic/h,rmse h/r,spread alpha/u,spread phic/h,spread h/r
2.042078e-01,2.541856e-01,2.067015e-01,1.674265e-01,2.226131e-01,1.935605e-01
8.154779e-04,6.523826e-03,2.441350e-05,8.118462e-04,6.613396e-03,4.016083e-05
