# rmse alpha/u,rmse phic/h,rmse h/r,spread alpha/u,spread phic/h,spread h/r
2.042078e-01,2.541856e-01,2.067015e-01,1.674265e-01,2.226131e-01,1.935605e-01
7.901514e-04,6.092965e-03,2.158187e-05,8.093357e-04,6.394017e-03,4.050213e-05
