# rmse alpha/u,rmse phic/h,rmse h/r,spread alpha/u,spread phic/h,spread h/r
2.042078e-01,2.541856e-01,2.067015e-01,1.674265e-01,2.226131e-01,1.935605e-01
8.578520e-04,6.511571e-03,1.864051e-05,8.535069e-04,6.672902e-03,3.993016e-05
