# rmse alpha/u,rmse phic/h,rmse h/r,spread alpha/u,spread phic/h,spread h/r
2.042078e-01,2.541856e-01,2.067015e-01,1.674265e-01,2.226131e-01,1.935605e-01
8.221102e-04,6.725318e-03,2.204292e-05,8.131108e-04,6.528733e-03,3.766249e-05
