# rmse alpha/u,rmse phic/h,rmse h/r,spread alpha/u,spread phic/h,spread h/r
2.042078e-01,2.541856e-01,2.067015e-01,1.674265e-01,2.226131e-01,1.935605e-01
9.167972e-04,7.324256e-03,2.110819e-05,7.811892e-04,6.096736e-03,3.763630e-05
