# rmse alpha/u,rmse phic/h,rmse h/r,spread alpha/u,spread phic/h,spread h/r
2.042078e-01,2.541856e-01,2.067015e-01,1.674265e-01,2.226131e-01,1.935605e-01
7.854358e-04,6.141720e-03,1.913527e-05,7.853892e-04,6.159461e-03,3.921831e-05
