# rmse alpha/u,rmse phic/h,rmse h/r,spread alpha/u,spread phic/h,spread h/r
2.042078e-01,2.541856e-01,2.067015e-01,1.674265e-01,2.226131e-01,1.935605e-01
8.777233e-04,7.115480e-03,2.733874e-05,8.598190e-04,6.960897e-03,4.240549e-05
