# rmse alpha/u,rmse phic/h,rmse h/r,spread alpha/u,spread phic/h,spread h/r
2.234436e-02,1.490302e-01,6.706080e-03,2.011122e-01,2.284813e-01,1.938860e-01
8.731567e-04,7.375253e-03,2.975436e-05,8.488630e-04,6.662591e-03,2.303677e-05
