# rmse alpha/u,rmse phic/h,rmse h/r,spread alpha/u,spread phic/h,spread h/r
2.234436e-02,1.490302e-01,6.706080e-03,2.011122e-01,2.284813e-01,1.938860e-01
9.968263e-04,8.107676e-03,3.250003e-05,9.260186e-04,6.773653e-03,2.262228e-05
