# rmse alpha/u,rmse phic/h,rmse h/r,spread alpha/u,spread phic/h,spread h/r
2.234436e-02,1.490302e-01,6.706080e-03,2.011122e-01,2.284813e-01,1.938860e-01
1.989606e-03,1.069915e-02,3.998350e-05,8.656965e-04,6.687750e-03,2.602547e-05
