# rmse alpha/u,rmse phic/h,rmse h/r,spread alpha/u,spread phic/h,spread h/r
2.234436e-02,1.490302e-01,6.706080e-03,2.011122e-01,2.284813e-01,1.938860e-01
8.106467e-04,6.587979e-03,2.843225e-05,7.890619e-04,6.075558e-03,2.304630e-05
