# rmse alpha/u,rmse phic/h,rmse h/r,spread alpha/u,spread phic/h,spread h/r
2.234436e-02,1.490302e-01,6.706080e-03,2.011122e-01,2.284813e-01,1.938860e-01
9.651145e-04,9.682931e-03,3.628234e-05,8.092493e-04,6.445066e-03,2.292173e-05
