# rmse alpha/u,rmse phic/h,rmse h/r,spread alpha/u,spread phic/h,spread h/r
2.234436e-02,1.490302e-01,6.706080e-03,2.011122e-01,2.284813e-01,1.938860e-01
9.989048e-04,8.622146e-03,3.167348e-05,7.698607e-04,5.857674e-03,2.172313e-05
