# rmse alpha/u,rmse phic/h,rmse h/r,spread alpha/u,spread phic/h,spread h/r
1.109181e-02,4.880861e-04,1.839422e-03,2.029553e-01,2.401346e-01,2.180772e-01
1.773814e-03,1.101527e-02,4.051601e-05,1.477601e-03,1.033978e-02,4.876756e-05
