# rmse alpha/u,rmse phic/h,rmse h/r,spread alpha/u,spread phic/h,spread h/r
1.109181e-02,4.880861e-04,1.839422e-03,2.029553e-01,2.401346e-01,2.180772e-01
7.994961e-04,7.070626e-03,3.676523e-05,8.392036e-04,6.550506e-03,4.415535e-05
