# rmse alpha/u,rmse phic/h,rmse h/r,spread alpha/u,spread phic/h,spread h/r
1.109181e-02,4.880861e-04,1.839422e-03,2.029553e-01,2.401346e-01,2.180772e-01
1.756722e-03,1.173094e-02,5.170718e-05,1.083797e-03,7.995298e-03,4.659179e-05
