# rmse alpha/u,rmse phic/h,rmse h/r,spread alpha/u,spread phic/h,spread h/r
1.109181e-02,4.880861e-04,1.839422e-03,2.029553e-01,2.401346e-01,2.180772e-01
2.317236e-03,1.422264e-02,5.227511e-05,1.178540e-03,8.348010e-03,4.653054e-05
