# rmse alpha/u,rmse phic/h,rmse h/r,spread alpha/u,spread phic/h,spread h/r
1.109181e-02,4.880861e-04,1.839422e-03,2.029553e-01,2.401346e-01,2.180772e-01
1.889854e-03,1.114002e-02,4.821452e-05,1.109601e-03,8.233958e-03,4.843183e-05
