# rmse alpha/u,rmse phic/h,rmse h/r,spread alpha/u,spread phic/h,spread h/r
1.109181e-02,4.880861e-04,1.839422e-03,2.029553e-01,2.401346e-01,2.180772e-01
1.439070e-03,7.168717e-03,3.846188e-05,1.065378e-03,8.046182e-03,4.865896e-05
