# rmse alpha/u,rmse phic/h,rmse h/r,spread alpha/u,spread phic/h,spread h/r
1.109181e-02,4.880861e-04,1.839422e-03,2.029553e-01,2.401346e-01,2.180772e-01
1.313452e-03,7.747913e-03,3.640638e-05,1.070765e-03,7.565117e-03,4.545236e-05
