# rmse alpha/u,rmse phic/h,rmse h/r,spread alpha/u,spread phic/h,spread h/r
1.109181e-02,4.880861e-04,1.839422e-03,2.029553e-01,2.401346e-01,2.180772e-01
2.282009e-03,1.072511e-02,3.754026e-05,1.815584e-03,1.232045e-02,4.663368e-05
