# rmse alpha/u,rmse phic/h,rmse h/r,spread alpha/u,spread phic/h,spread h/r
4.238982e-04,2.280823e-02,4.335290e-02,1.226442e-01,1.040304e-01,8.902478e-02
9.189970e-04,7.117864e-03,2.681505e-05,8.823796e-04,6.664666e-03,4.228010e-05
