# rmse alpha/u,rmse phic/h,rmse h/r,spread alpha/u,spread phic/h,spread h/r
4.238982e-04,2.280823e-02,4.335290e-02,1.226442e-01,1.040304e-01,8.902478e-02
1.679082e-03,1.099614e-02,2.602774e-05,1.089639e-03,8.232378e-03,4.388675e-05
