# rmse alpha/u,rmse phic/h,rmse h/r,spread alpha/u,spread phic/h,spread h/r
4.238982e-04,2.280823e-02,4.335290e-02,1.226442e-01,1.040304e-01,8.902478e-02
1.386589e-03,1.182944e-02,3.190087e-05,8.687023e-04,6.620537e-03,4.214284e-05
