# rmse alpha/u,rmse phic/h,rmse h/r,spread alpha/u,spread phic/h,spread h/r
4.238982e-04,2.280823e-02,4.335290e-02,1.226442e-01,1.040304e-01,8.902478e-02
1.261655e-03,7.455553e-03,1.783544e-05,1.019420e-03,7.148594e-03,4.084570e-05
