# rmse alpha/u,rmse phic/h,rmse h/r,spread alpha/u,spread phic/h,spread h/r
4.238982e-04,2.280823e-02,4.335290e-02,1.226442e-01,1.040304e-01,8.902478e-02
1.206028e-03,1.305149e-02,3.050165e-05,1.135912e-03,8.813467e-03,4.375576e-05
