# rmse alpha/u,rmse phic/h,rmse h/r,spread alpha/u,spread phic/h,spread h/r
4.238982e-04,2.280823e-02,4.335290e-02,1.226442e-01,1.040304e-01,8.902478e-02
1.262921e-03,9.191065e-03,2.784388e-05,9.205771e-04,6.808964e-03,4.159348e-05
