# rmse alpha/u,rmse phic/h,rmse h/r,spread alpha/u,spread phic/h,spread h/r
4.238982e-04,2.280823e-02,4.335290e-02,1.226442e-01,1.040304e-01,8.902478e-02
9.091516e-04,7.998332e-03,2.576338e-05,8.427648e-04,6.204572e-03,4.157351e-05
