# rmse alpha/u,rmse phic/h,rmse h/r,spread alpha/u,spread phic/h,spread h/r
4.238982e-04,2.280823e-02,4.335290e-02,1.226442e-01,1.040304e-01,8.902478e-02
8.750996e-04,6.770779e-03,2.210447e-05,8.568541e-04,6.578360e-03,4.149041e-05
