# rmse alpha/u,rmse phic/h,rmse h/r,spread alpha/u,spread phic/h,spread h/r
4.135450e-01,2.662326e-01,1.790310e-01,2.006135e-01,2.337605e-01,1.726082e-01
3.513616e-03,1.738356e-02,4.283508e-05,2.253799e-03,1.463148e-02,4.368755e-05
