# rmse alpha/u,rmse phic/h,rmse h/r,spread alpha/u,spread phic/h,spread h/r
4.135450e-01,2.662326e-01,1.790310e-01,2.006135e-01,2.337605e-01,1.726082e-01
3.498929e-03,1.542289e-02,4.210098e-05,2.600866e-03,1.840985e-02,4.600412e-05
