# rmse alpha/u,rmse phic/h,rmse h/r,spread alpha/u,spread phic/h,spread h/r
4.135450e-01,2.662326e-01,1.790310e-01,2.006135e-01,2.337605e-01,1.726082e-01
3.524242e-03,1.919264e-02,5.374351e-05,3.039576e-03,2.253417e-02,5.519919e-05
