# rmse alpha/u,rmse phic/h,rmse h/r,spread alpha/u,spread phic/h,spread h/r
4.135450e-01,2.662326e-01,1.790310e-01,2.006135e-01,2.337605e-01,1.726082e-01
2.504680e-03,1.559391e-02,4.462673e-05,2.220959e-03,1.548740e-02,4.734689e-05
