# rmse alpha/u,rmse phic/h,rmse h/r,spread alpha/u,spread phic/h,spread h/r
4.135450e-01,2.662326e-01,1.790310e-01,2.006135e-01,2.337605e-01,1.726082e-01
2.724230e-03,2.019242e-02,6.071079e-05,2.561271e-03,1.839312e-02,5.320291e-05
