# rmse alpha/u,rmse phic/h,rmse h/r,spread alpha/u,spread phic/h,spread h/r
4.135450e-01,2.662326e-01,1.790310e-01,2.006135e-01,2.337605e-01,1.726082e-01
3.063962e-03,1.669135e-02,4.937241e-05,2.826070e-03,1.910902e-02,5.191999e-05
