# rmse alpha/u,rmse phic/h,rmse h/r,spread alpha/u,spread phic/h,spread h/r
4.692722e-04,4.692603e-02,2.080756e-03,1.795980e-01,1.545698e-01,2.082745e-01
1.971555e-03,1.139428e-02,2.895442e-05,1.112369e-03,8.231592e-03,4.753522e-05
