# rmse alpha/u,rmse phic/h,rmse h/r,spread alpha/u,spread phic/h,spread h/r
1.962099e-01,2.839398e-01,2.299232e-01,1.872850e-01,2.322742e-01,2.037886e-01
1.899935e-03,1.154717e-02,3.978230e-05,1.212936e-03,8.644973e-03,4.776687e-05
