# rmse alpha/u,rmse phic/h,rmse h/r,spread alpha/u,spread phic/h,spread h/r
3.592414e-02,2.189071e-02,1.349115e-01,1.927996e-01,2.373932e-01,2.334187e-01
8.773325e-04,7.098468e-03,5.204369e-05,8.571206e-04,6.710270e-03,3.653463e-05
