# rmse alpha/u,rmse phic/h,rmse h/r,spread alpha/u,spread phic/h,spread h/r
3.592414e-02,2.189071e-02,1.349115e-01,1.927996e-01,2.373932e-01,2.334187e-01
8.741264e-04,6.902968e-03,4.776850e-05,8.528517e-04,6.556620e-03,3.680964e-05
