# rmse alpha/u,rmse phic/h,rmse h/r,spread alpha/u,spread phic/h,spread h/r
3.592414e-02,2.189071e-02,1.349115e-01,1.927996e-01,2.373932e-01,2.334187e-01
8.930438e-04,6.844328e-03,3.392549e-05,8.381619e-04,6.533795e-03,3.797323e-05
