# rmse alpha/u,rmse phic/h,rmse h/r,spread alpha/u,spread phic/h,spread h/r
3.592414e-02,2.189071e-02,1.349115e-01,1.927996e-01,2.373932e-01,2.334187e-01
9.675132e-04,7.237764e-03,5.724953e-05,8.723967e-04,6.935282e-03,3.863675e-05
