# rmse alpha/u,rmse phic/h,rmse h/r,spread alpha/u,spread phic/h,spread h/r
3.592414e-02,2.189071e-02,1.349115e-01,1.927996e-01,2.373932e-01,2.334187e-01
8.228843e-04,6.540504e-03,4.555825e-05,7.892984e-04,6.255729e-03,3.534114e-05
