# rmse alpha/u,rmse phic/h,rmse h/r,spread alpha/u,spread phic/h,spread h/r
3.241640e-01,4.988435e-01,3.085454e-01,1.641627e-01,2.176017e-01,1.764511e-01
4.799172e-03,3.032871e-02,1.041256e-04,3.304126e-03,2.211605e-02,4.610876e-05
