# rmse alpha/u,rmse phic/h,rmse h/r,spread alpha/u,spread phic/h,spread h/r
3.241640e-01,4.988435e-01,3.085454e-01,1.641627e-01,2.176017e-01,1.764511e-01
5.270948e-03,3.040660e-02,8.284509e-05,3.143721e-03,2.234130e-02,5.128976e-05
