# rmse alpha/u,rmse phic/h,rmse h/r,spread alpha/u,spread phic/h,spread h/r
3.241640e-01,4.988435e-01,3.085454e-01,1.641627e-01,2.176017e-01,1.764511e-01
5.415158e-03,3.082028e-02,7.686024e-05,2.662751e-03,1.708412e-02,4.301550e-05
