# rmse alpha/u,rmse phic/h,rmse h/r,spread alpha/u,spread phic/h,spread h/r
3.241640e-01,4.988435e-01,3.085454e-01,1.641627e-01,2.176017e-01,1.764511e-01
4.331595e-03,2.966591e-02,7.158775e-05,2.556776e-03,1.680701e-02,3.865065e-05
