# rmse alpha/u,rmse phic/h,rmse h/r,spread alpha/u,spread phic/h,spread h/r
3.241640e-01,4.988435e-01,3.085454e-01,1.641627e-01,2.176017e-01,1.764511e-01
3.509624e-03,2.019516e-02,6.990543e-05,2.630462e-03,1.705073e-02,3.320048e-05
