# rmse alpha/u,rmse phic/h,rmse h/r,spread alpha/u,spread phic/h,spread h/r
4.177288e-03,4.116062e-02,1.990695e-02,1.906733e-01,1.720275e-01,1.565591e-01
5.251372e-03,2.791299e-02,6.210794e-05,2.230755e-03,1.560208e-02,2.604477e-05
