# rmse alpha/u,rmse phic/h,rmse h/r,spread alpha/u,spread phic/h,spread h/r
4.177288e-03,4.116062e-02,1.990695e-02,1.906733e-01,1.720275e-01,1.565591e-01
4.171826e-03,2.304247e-02,4.627417e-05,1.799029e-03,1.308945e-02,2.673108e-05
