# rmse alpha/u,rmse phic/h,rmse h/r,spread alpha/u,spread phic/h,spread h/r
4.177288e-03,4.116062e-02,1.990695e-02,1.906733e-01,1.720275e-01,1.565591e-01
3.089172e-03,2.008324e-02,4.250154e-05,1.541623e-03,1.098791e-02,2.751066e-05
