# rmse alpha/u,rmse phic/h,rmse h/r,spread alpha/u,spread phic/h,spread h/r
4.177288e-03,4.116062e-02,1.990695e-02,1.906733e-01,1.720275e-01,1.565591e-01
3.156191e-03,1.956407e-02,3.343901e-05,1.416165e-03,1.066081e-02,2.689830e-05
