# rmse alpha/u,rmse phic/h,rmse h/r,spread alpha/u,spread phic/h,spread h/r
4.177288e-03,4.116062e-02,1.990695e-02,1.906733e-01,1.720275e-01,1.565591e-01
4.057108e-03,2.316943e-02,4.060811e-05,1.661471e-03,1.120007e-02,2.477518e-05
