# rmse alpha/u,rmse phic/h,rmse h/r,spread alpha/u,spread phic/h,spread h/r
1.860857e-04,4.363093e-05,7.872418e-03,1.225455e-01,1.007434e-01,8.793862e-02
2.118191e-03,1.571871e-02,3.226250e-05,9.057120e-04,6.670858e-03,3.189423e-05
