# rmse alpha/u,rmse phic/h,rmse h/r,spread alpha/u,spread phic/h,spread h/r
1.860857e-04,4.363093e-05,7.872418e-03,1.225455e-01,1.007434e-01,8.793862e-02
2.845539e-03,1.939085e-02,3.686190e-05,1.154558e-03,8.626046e-03,3.327834e-05
