# rmse alpha/u,rmse phic/h,rmse h/r,spread alpha/u,spread phic/h,spread h/r
1.860857e-04,4.363093e-05,7.872418e-03,1.225455e-01,1.007434e-01,8.793862e-02
1.047289e-03,7.168606e-03,2.909880e-05,9.715752e-04,7.077813e-03,3.055558e-05
