# rmse alpha/u,rmse phic/h,rmse h/r,spread alpha/u,spread phic/h,spread h/r
1.860857e-04,4.363093e-05,7.872418e-03,1.225455e-01,1.007434e-01,8.793862e-02
8.430017e-04,6.896015e-03,2.708231e-05,7.754526e-04,6.067025e-03,3.216615e-05
