# rmse alpha/u,rmse phic/h,rmse h/r,spread alpha/u,spread phic/h,spread h/r
1.860857e-04,4.363093e-05,7.872418e-03,1.225455e-01,1.007434e-01,8.793862e-02
9.698636e-04,7.392800e-03,2.984103e-05,8.230173e-04,6.277362e-03,3.233583e-05
