# rmse alpha/u,rmse phic/h,rmse h/r,spread alpha/u,spread phic/h,spread h/r
1.860857e-04,4.363093e-05,7.872418e-03,1.225455e-01,1.007434e-01,8.793862e-02
1.778066e-03,1.095669e-02,3.436003e-05,1.059059e-03,7.416217e-03,3.297886e-05
