# rmse alpha/u,rmse phic/h,rmse h/r,spread alpha/u,spread phic/h,spread h/r
1.860857e-04,4.363093e-05,7.872418e-03,1.225455e-01,1.007434e-01,8.793862e-02
1.025743e-03,8.805907e-03,2.915207e-05,8.701971e-04,6.492071e-03,2.968503e-05
