# rmse alpha/u,rmse phic/h,rmse h/r,spread alpha/u,spread phic/h,spread h/r
1.860857e-04,4.363093e-05,7.872418e-03,1.225455e-01,1.007434e-01,8.793862e-02
2.757431e-03,1.804024e-02,4.180138e-05,1.148720e-03,8.207817e-03,3.156365e-05
