# rmse alpha/u,rmse phic/h,rmse h/r,spread alpha/u,spread phic/h,spread h/r
5.898201e-04,1.915406e-01,2.509926e-02,1.982756e-01,1.909562e-01,1.621428e-01
5.698975e-03,4.482934e-02,3.124965e-05,3.882648e-03,3.197798e-02,2.567340e-05
