# rmse alpha/u,rmse phic/h,rmse h/r,spread alpha/u,spread phic/h,spread h/r
5.898201e-04,1.915406e-01,2.509926e-02,1.982756e-01,1.909562e-01,1.621428e-01
4.860849e-03,3.931856e-02,2.885234e-05,3.681180e-03,2.866221e-02,2.620378e-05
