# rmse alpha/u,rmse phic/h,rmse h/r,spread alpha/u,spread phic/h,spread h/r
3.215506e-02,2.076353e-02,4.100071e-02,1.809370e-01,1.896724e-01,1.887545e-01
3.730988e-03,2.862622e-02,6.051929e-05,1.645731e-03,1.154670e-02,3.239955e-05
