# rmse alpha/u,rmse phic/h,rmse h/r,spread alpha/u,spread phic/h,spread h/r
3.215506e-02,2.076353e-02,4.100071e-02,1.809370e-01,1.896724e-01,1.887545e-01
5.021067e-03,3.745045e-02,7.092286e-05,2.853112e-03,2.004840e-02,4.275505e-05
