# rmse alpha/u,rmse phic/h,rmse h/r,spread alpha/u,spread phic/h,spread h/r
3.215506e-02,2.076353e-02,4.100071e-02,1.809370e-01,1.896724e-01,1.887545e-01
4.869921e-03,3.287294e-02,6.163880e-05,3.116003e-03,2.333661e-02,4.351597e-05
