# rmse alpha/u,rmse phic/h,rmse h/r,spread alpha/u,spread phic/h,spread h/r
3.215506e-02,2.076353e-02,4.100071e-02,1.809370e-01,1.896724e-01,1.887545e-01
4.108216e-03,3.385515e-02,6.192343e-05,2.736742e-03,1.938339e-02,3.726351e-05
