# rmse alpha/u,rmse phic/h,rmse h/r,spread alpha/u,spread phic/h,spread h/r
3.215506e-02,2.076353e-02,4.100071e-02,1.809370e-01,1.896724e-01,1.887545e-01
3.971439e-03,2.804632e-02,7.689065e-05,2.159494e-03,1.538528e-02,3.934767e-05
