# rmse alpha/u,rmse phic/h,rmse h/r,spread alpha/u,spread phic/h,spread h/r
3.215506e-02,2.076353e-02,4.100071e-02,1.809370e-01,1.896724e-01,1.887545e-01
3.528596e-03,1.578139e-02,5.541738e-05,1.857351e-03,1.176816e-02,3.200461e-05
