# rmse alpha/u,rmse phic/h,rmse h/r,spread alpha/u,spread phic/h,spread h/r
1.048286e-02,1.546104e-02,2.600570e-04,1.216171e-01,9.751872e-02,6.236222e-02
1.174347e-03,9.883872e-03,3.351777e-05,8.531804e-04,6.596513e-03,4.538056e-05
