# rmse alpha/u,rmse phic/h,rmse h/r,spread alpha/u,spread phic/h,spread h/r
1.048286e-02,1.546104e-02,2.600570e-04,1.216171e-01,9.751872e-02,6.236222e-02
8.989615e-04,7.169952e-03,3.138442e-05,8.653577e-04,6.601003e-03,4.466782e-05
