# rmse alpha/u,rmse phic/h,rmse h/r,spread alpha/u,spread phic/h,spread h/r
1.048286e-02,1.546104e-02,2.600570e-04,1.216171e-01,9.751872e-02,6.236222e-02
9.355383e-04,7.768603e-03,3.115523e-05,1.062286e-03,7.770428e-03,4.584744e-05
