# rmse alpha/u,rmse phic/h,rmse h/r,spread alpha/u,spread phic/h,spread h/r
1.048286e-02,1.546104e-02,2.600570e-04,1.216171e-01,9.751872e-02,6.236222e-02
8.963254e-04,6.820214e-03,2.703484e-05,9.447822e-04,7.122202e-03,4.451950e-05
