# rmse alpha/u,rmse phic/h,rmse h/r,spread alpha/u,spread phic/h,spread h/r
1.048286e-02,1.546104e-02,2.600570e-04,1.216171e-01,9.751872e-02,6.236222e-02
9.371601e-04,6.715572e-03,2.799037e-05,8.918684e-04,6.693350e-03,4.304530e-05
