# rmse alpha/u,rmse phic/h,rmse h/r,spread alpha/u,spread phic/h,spread h/r
1.048286e-02,1.546104e-02,2.600570e-04,1.216171e-01,9.751872e-02,6.236222e-02
8.690776e-04,6.731936e-03,2.576825e-05,8.746824e-04,6.660750e-03,4.341490e-05
