# rmse alpha/u,rmse phic/h,rmse h/r,spread alpha/u,spread phic/h,spread h/r
1.048286e-02,1.546104e-02,2.600570e-04,1.216171e-01,9.751872e-02,6.236222e-02
1.675301e-03,9.472404e-03,4.952445e-05,1.180166e-03,8.481948e-03,4.611179e-05
