# rmse alpha/u,rmse phic/h,rmse h/r,spread alpha/u,spread phic/h,spread h/r
1.048286e-02,1.546104e-02,2.600570e-04,1.216171e-01,9.751872e-02,6.236222e-02
9.098885e-04,6.832705e-03,3.228918e-05,8.232755e-04,6.463195e-03,4.351641e-05
