# rmse alpha/u,rmse phic/h,rmse h/r,spread alpha/u,spread phic/h,spread h/r
1.048286e-02,1.546104e-02,2.600570e-04,1.216171e-01,9.751872e-02,6.236222e-02
8.563945e-04,6.801873e-03,2.941402e-05,8.238360e-04,6.555623e-03,4.395834e-05
