# rmse alpha/u,rmse phic/h,rmse h/r,spread alpha/u,spread phic/h,spread h/r
6.246953e-02,9.087045e-02,3.528693e-02,2.014417e-01,2.219743e-01,1.900285e-01
2.646128e-03,1.177799e-02,1.959162e-05,2.078802e-03,1.411882e-02,2.639434e-05
