# rmse alpha/u,rmse phic/h,rmse h/r,spread alpha/u,spread phic/h,spread h/r
6.246953e-02,9.087045e-02,3.528693e-02,2.014417e-01,2.219743e-01,1.900285e-01
3.016608e-03,1.473137e-02,2.022093e-05,2.403233e-03,1.599165e-02,2.660696e-05
