# rmse alpha/u,rmse phic/h,rmse h/r,spread alpha/u,spread phic/h,spread h/r
6.246953e-02,9.087045e-02,3.528693e-02,2.014417e-01,2.219743e-01,1.900285e-01
3.001820e-03,1.541874e-02,2.678369e-05,1.477907e-03,1.072755e-02,2.582387e-05
