# rmse alpha/u,rmse phic/h,rmse h/r,spread alpha/u,spread phic/h,spread h/r
6.246953e-02,9.087045e-02,3.528693e-02,2.014417e-01,2.219743e-01,1.900285e-01
3.300489e-03,1.913343e-02,3.897639e-05,1.880553e-03,1.287992e-02,2.887819e-05
