# rmse alpha/u,rmse phic/h,rmse h/r,spread alpha/u,spread phic/h,spread h/r
6.246953e-02,9.087045e-02,3.528693e-02,2.014417e-01,2.219743e-01,1.900285e-01
1.819592e-03,1.622784e-02,3.001321e-05,1.763647e-03,1.178707e-02,2.531212e-05
