# rmse alpha/u,rmse phic/h,rmse h/r,spread alpha/u,spread phic/h,spread h/r
6.246953e-02,9.087045e-02,3.528693e-02,2.014417e-01,2.219743e-01,1.900285e-01
2.240915e-03,1.192720e-02,2.698722e-05,1.753705e-03,1.175249e-02,2.190946e-05
