# rmse alpha/u,rmse phic/h,rmse h/r,spread alpha/u,spread phic/h,spread h/r
6.246953e-02,9.087045e-02,3.528693e-02,2.014417e-01,2.219743e-01,1.900285e-01
2.719318e-03,1.484932e-02,1.470915e-05,2.227256e-03,1.503142e-02,2.282563e-05
