# rmse alpha/u,rmse phic/h,rmse h/r,spread alpha/u,spread phic/h,spread h/r
6.246953e-02,9.087045e-02,3.528693e-02,2.014417e-01,2.219743e-01,1.900285e-01
2.563365e-03,1.765308e-02,2.697889e-05,2.420348e-03,1.851719e-02,3.158861e-05
