# rmse alpha/u,rmse phic/h,rmse h/r,spread alpha/u,spread phic/h,spread h/r
7.667402e-01,2.852917e-01,2.229661e-01,1.365009e-01,2.056984e-01,1.580122e-01
4.556220e-03,3.251961e-02,3.559893e-05,2.926938e-03,2.043924e-02,2.342952e-05
