# rmse alpha/u,rmse phic/h,rmse h/r,spread alpha/u,spread phic/h,spread h/r
7.667402e-01,2.852917e-01,2.229661e-01,1.365009e-01,2.056984e-01,1.580122e-01
3.912244e-03,2.172073e-02,3.420787e-05,3.060775e-03,2.279867e-02,3.176778e-05
