# rmse alpha/u,rmse phic/h,rmse h/r,spread alpha/u,spread phic/h,spread h/r
7.667402e-01,2.852917e-01,2.229661e-01,1.365009e-01,2.056984e-01,1.580122e-01
2.788651e-03,2.422836e-02,3.078805e-05,2.864667e-03,2.203427e-02,2.845797e-05
