# rmse alpha/u,rmse phic/h,rmse h/r,spread alpha/u,spread phic/h,spread h/r
7.667402e-01,2.852917e-01,2.229661e-01,1.365009e-01,2.056984e-01,1.580122e-01
4.604419e-03,2.893913e-02,4.066353e-05,3.562852e-03,2.731058e-02,3.749010e-05
