# rmse alpha/u,rmse phic/h,rmse h/r,spread alpha/u,spread phic/h,spread h/r
7.667402e-01,2.852917e-01,2.229661e-01,1.365009e-01,2.056984e-01,1.580122e-01
3.929682e-03,2.145578e-02,2.831725e-05,3.062879e-03,2.161631e-02,2.659090e-05
