# rmse alpha/u,rmse phic/h,rmse h/r,spread alpha/u,spread phic/h,spread h/r
2.276940e-02,1.105941e-01,3.124579e-05,1.275016e-01,2.220599e-01,1.737093e-01
1.630583e-03,8.744038e-03,2.053597e-05,1.112720e-03,8.041882e-03,5.009915e-05
