# rmse alpha/u,rmse phic/h,rmse h/r,spread alpha/u,spread phic/h,spread h/r
2.276940e-02,1.105941e-01,3.124579e-05,1.275016e-01,2.220599e-01,1.737093e-01
8.532463e-04,6.880796e-03,1.939020e-05,8.575964e-04,6.788231e-03,5.069485e-05
