# rmse alpha/u,rmse phic/h,rmse h/r,spread alpha/u,spread phic/h,spread h/r
2.276940e-02,1.105941e-01,3.124579e-05,1.275016e-01,2.220599e-01,1.737093e-01
8.752818e-04,6.969470e-03,2.082744e-05,8.688092e-04,6.913899e-03,5.074622e-05
