# rmse alpha/u,rmse phic/h,rmse h/r,spread alpha/u,spread phic/h,spread h/r
2.276940e-02,1.105941e-01,3.124579e-05,1.275016e-01,2.220599e-01,1.737093e-01
8.841283e-04,6.686996e-03,2.076130e-05,8.656939e-04,6.657938e-03,5.033778e-05
