# rmse alpha/u,rmse phic/h,rmse h/r,spread alpha/u,spread phic/h,spread h/r
2.276940e-02,1.105941e-01,3.124579e-05,1.275016e-01,2.220599e-01,1.737093e-01
8.429054e-04,6.564363e-03,1.976684e-05,8.451542e-04,6.732086e-03,4.912265e-05
