# rmse alpha/u,rmse phic/h,rmse h/r,spread alpha/u,spread phic/h,spread h/r
1.764383e-02,4.658752e-02,3.609793e-04,1.325801e-01,2.552553e-01,1.914289e-01
9.714656e-04,9.344626e-03,2.281620e-05,8.493968e-04,6.488314e-03,3.606381e-05
