# rmse alpha/u,rmse phic/h,rmse h/r,spread alpha/u,spread phic/h,spread h/r
1.764383e-02,4.658752e-02,3.609793e-04,1.325801e-01,2.552553e-01,1.914289e-01
9.397828e-04,8.909160e-03,3.096571e-05,8.001554e-04,6.224131e-03,3.722912e-05
