# rmse alpha/u,rmse phic/h,rmse h/r,spread alpha/u,spread phic/h,spread h/r
1.764383e-02,4.658752e-02,3.609793e-04,1.325801e-01,2.552553e-01,1.914289e-01
8.676378e-04,6.943217e-03,2.660524e-05,8.129228e-04,6.108490e-03,3.749817e-05
