# rmse alpha/u,rmse phic/h,rmse h/r,spread alpha/u,spread phic/h,spread h/r
6.711619e-03,3.001062e-01,2.395355e-03,2.007666e-01,2.380345e-01,2.181955e-01
9.025906e-04,7.821273e-03,2.358272e-05,9.496537e-04,7.326458e-03,4.035630e-05
