# rmse alpha/u,rmse phic/h,rmse h/r,spread alpha/u,spread phic/h,spread h/r
6.711619e-03,3.001062e-01,2.395355e-03,2.007666e-01,2.380345e-01,2.181955e-01
1.241307e-03,8.134468e-03,3.742072e-05,9.876044e-04,7.660176e-03,4.197789e-05
