# rmse alpha/u,rmse phic/h,rmse h/r,spread alpha/u,spread phic/h,spread h/r
6.711619e-03,3.001062e-01,2.395355e-03,2.007666e-01,2.380345e-01,2.181955e-01
8.528721e-04,6.323136e-03,2.101092e-05,8.721753e-04,6.647687e-03,3.676397e-05
