# rmse alpha/u,rmse phic/h,rmse h/r,spread alpha/u,spread phic/h,spread h/r
6.711619e-03,3.001062e-01,2.395355e-03,2.007666e-01,2.380345e-01,2.181955e-01
2.070722e-03,1.433093e-02,2.272042e-05,1.022626e-03,7.356797e-03,3.718440e-05
