# rmse alpha/u,rmse phic/h,rmse h/r,spread alpha/u,spread phic/h,spread h/r
6.711619e-03,3.001062e-01,2.395355e-03,2.007666e-01,2.380345e-01,2.181955e-01
8.516317e-04,6.320606e-03,2.353201e-05,8.303972e-04,6.452049e-03,3.476444e-05
