# rmse alpha/u,rmse phic/h,rmse h/r,spread alpha/u,spread phic/h,spread h/r
3.571467e-01,2.481787e-01,2.332663e-01,1.847168e-01,2.479040e-01,2.153381e-01
6.964856e-03,3.270076e-02,6.112214e-05,2.678339e-03,1.800352e-02,2.825369e-05
