# rmse alpha/u,rmse phic/h,rmse h/r,spread alpha/u,spread phic/h,spread h/r
3.571467e-01,2.481787e-01,2.332663e-01,1.847168e-01,2.479040e-01,2.153381e-01
4.321649e-03,2.311409e-02,4.916364e-05,1.870139e-03,1.314382e-02,2.338864e-05
