# rmse alpha/u,rmse phic/h,rmse h/r,spread alpha/u,spread phic/h,spread h/r
3.571467e-01,2.481787e-01,2.332663e-01,1.847168e-01,2.479040e-01,2.153381e-01
5.576863e-03,2.987001e-02,5.309730e-05,3.405960e-03,2.163825e-02,2.908678e-05
