# rmse alpha/u,rmse phic/h,rmse h/r,spread alpha/u,spread phic/h,spread h/r
3.571467e-01,2.481787e-01,2.332663e-01,1.847168e-01,2.479040e-01,2.153381e-01
4.333722e-03,2.963089e-02,6.464867e-05,1.996596e-03,1.330413e-02,2.833143e-05
