# rmse alpha/u,rmse phic/h,rmse h/r,spread alpha/u,spread phic/h,spread h/r
3.571467e-01,2.481787e-01,2.332663e-01,1.847168e-01,2.479040e-01,2.153381e-01
4.388110e-03,2.240760e-02,4.697882e-05,1.672320e-03,1.119071e-02,2.424578e-05
