# rmse alpha/u,rmse phic/h,rmse h/r,spread alpha/u,spread phic/h,spread h/r
3.571467e-01,2.481787e-01,2.332663e-01,1.847168e-01,2.479040e-01,2.153381e-01
2.658224e-03,1.247904e-02,3.945391e-05,1.728907e-03,1.101765e-02,2.017894e-05
