# rmse alpha/u,rmse phic/h,rmse h/r,spread alpha/u,spread phic/h,spread h/r
3.571467e-01,2.481787e-01,2.332663e-01,1.847168e-01,2.479040e-01,2.153381e-01
4.628270e-03,2.901581e-02,4.593989e-05,2.683592e-03,1.910417e-02,2.633826e-05
