# rmse alpha/u,rmse phic/h,rmse h/r,spread alpha/u,spread phic/h,spread h/r
3.571467e-01,2.481787e-01,2.332663e-01,1.847168e-01,2.479040e-01,2.153381e-01
2.645956e-03,1.671814e-02,5.109513e-05,1.933366e-03,1.422989e-02,2.510931e-05
