# rmse alpha/u,rmse phic/h,rmse h/r,spread alpha/u,spread phic/h,spread h/r
1.350727e-01,3.231250e-01,2.440703e-01,1.273473e-01,2.300883e-01,2.154004e-01
7.957611e-04,5.942846e-03,1.647622e-05,7.821980e-04,6.079646e-03,3.496043e-05
