# rmse alpha/u,rmse phic/h,rmse h/r,spread alpha/u,spread phic/h,spread h/r
1.350727e-01,3.231250e-01,2.440703e-01,1.273473e-01,2.300883e-01,2.154004e-01
8.177319e-04,6.561275e-03,2.170920e-05,8.088030e-04,6.397422e-03,3.672641e-05
