# rmse alpha/u,rmse phic/h,rmse h/r,spread alpha/u,spread phic/h,spread h/r
1.350727e-01,3.231250e-01,2.440703e-01,1.273473e-01,2.300883e-01,2.154004e-01
8.878984e-04,7.908176e-03,2.425212e-05,8.442972e-04,6.703047e-03,3.975606e-05
