alpha,phi,h
0.371429,0.249000,0.756700
