# rmse alpha/u,rmse phic/h,rmse h/r,spread alpha/u,spread phic/h,spread h/r
5.372300e-03,4.537141e-02,3.963439e-03,1.299583e-01,2.126141e-01,1.880697e-01
1.467955e-03,1.037900e-02,3.150138e-05,1.027702e-03,7.918749e-03,5.066770e-05
