# rmse alpha/u,rmse phic/h,rmse h/r,spread alpha/u,spread phic/h,spread h/r
5.372300e-03,4.537141e-02,3.963439e-03,1.299583e-01,2.126141e-01,1.880697e-01
2.167319e-03,1.333812e-02,4.416733e-05,1.014058e-03,7.610396e-03,5.116021e-05
