# rmse alpha/u,rmse phic/h,rmse h/r,spread alpha/u,spread phic/h,spread h/r
5.372300e-03,4.537141e-02,3.963439e-03,1.299583e-01,2.126141e-01,1.880697e-01
1.526881e-03,9.660402e-03,3.855129e-05,9.397213e-04,7.104908e-03,4.989086e-05
