# rmse alpha/u,rmse phic/h,rmse h/r,spread alpha/u,spread phic/h,spread h/r
5.372300e-03,4.537141e-02,3.963439e-03,1.299583e-01,2.126141e-01,1.880697e-01
1.078701e-03,8.543328e-03,3.471539e-05,9.494085e-04,7.383735e-03,5.097013e-05
