# rmse alpha/u,rmse phic/h,rmse h/r,spread alpha/u,spread phic/h,spread h/r
5.372300e-03,4.537141e-02,3.963439e-03,1.299583e-01,2.126141e-01,1.880697e-01
8.767629e-04,6.516091e-03,2.501136e-05,8.984615e-04,6.971512e-03,5.032315e-05
