# rmse alpha/u,rmse phic/h,rmse h/r,spread alpha/u,spread phic/h,spread h/r
5.372300e-03,4.537141e-02,3.963439e-03,1.299583e-01,2.126141e-01,1.880697e-01
1.889825e-03,1.023695e-02,2.309620e-05,9.313756e-04,7.147069e-03,4.878786e-05
