# rmse alpha/u,rmse phic/h,rmse h/r,spread alpha/u,spread phic/h,spread h/r
3.687727e-02,2.206102e-01,3.034587e-01,2.178019e-01,1.997102e-01,1.533221e-01
3.517752e-03,2.121393e-02,3.270871e-05,2.324118e-03,1.620142e-02,3.159301e-05
