# rmse alpha/u,rmse phic/h,rmse h/r,spread alpha/u,spread phic/h,spread h/r
3.687727e-02,2.206102e-01,3.034587e-01,2.178019e-01,1.997102e-01,1.533221e-01
3.266772e-03,2.046175e-02,3.537036e-05,2.612480e-03,1.811587e-02,3.410185e-05
