# rmse alpha/u,rmse phic/h,rmse h/r,spread alpha/u,spread phic/h,spread h/r
3.687727e-02,2.206102e-01,3.034587e-01,2.178019e-01,1.997102e-01,1.533221e-01
3.808458e-03,2.408982e-02,3.327350e-05,2.247900e-03,1.543699e-02,2.867233e-05
