# rmse alpha/u,rmse phic/h,rmse h/r,spread alpha/u,spread phic/h,spread h/r
3.687727e-02,2.206102e-01,3.034587e-01,2.178019e-01,1.997102e-01,1.533221e-01
3.379606e-03,2.015994e-02,3.616534e-05,2.506430e-03,1.794620e-02,3.271370e-05
