# rmse alpha/u,rmse phic/h,rmse h/r,spread alpha/u,spread phic/h,spread h/r
3.687727e-02,2.206102e-01,3.034587e-01,2.178019e-01,1.997102e-01,1.533221e-01
3.961165e-03,1.829767e-02,3.045235e-05,2.192426e-03,1.465856e-02,3.170427e-05
