# rmse alpha/u,rmse phic/h,rmse h/r,spread alpha/u,spread phic/h,spread h/r
3.687727e-02,2.206102e-01,3.034587e-01,2.178019e-01,1.997102e-01,1.533221e-01
3.638380e-03,2.041137e-02,3.394161e-05,2.220099e-03,1.517200e-02,3.278175e-05
