# rmse alpha/u,rmse phic/h,rmse h/r,spread alpha/u,spread phic/h,spread h/r
6.298494e-01,4.432022e-01,2.845312e-01,1.872850e-01,2.322742e-01,2.037886e-01
3.198505e-03,2.269173e-02,3.847165e-05,3.082901e-03,2.299175e-02,3.769358e-05
