# rmse alpha/u,rmse phic/h,rmse h/r,spread alpha/u,spread phic/h,spread h/r
6.298494e-01,4.432022e-01,2.845312e-01,1.872850e-01,2.322742e-01,2.037886e-01
3.463487e-03,2.548107e-02,5.223523e-05,3.246896e-03,2.407755e-02,4.045400e-05
