# rmse alpha/u,rmse phic/h,rmse h/r,spread alpha/u,spread phic/h,spread h/r
6.298494e-01,4.432022e-01,2.845312e-01,1.872850e-01,2.322742e-01,2.037886e-01
5.689460e-03,3.213837e-02,5.081266e-05,4.144941e-03,2.992053e-02,4.698138e-05
