# rmse alpha/u,rmse phic/h,rmse h/r,spread alpha/u,spread phic/h,spread h/r
6.298494e-01,4.432022e-01,2.845312e-01,1.872850e-01,2.322742e-01,2.037886e-01
3.347637e-03,1.848351e-02,3.773741e-05,2.808779e-03,1.844179e-02,3.525493e-05
