# rmse alpha/u,rmse phic/h,rmse h/r,spread alpha/u,spread phic/h,spread h/r
6.298494e-01,4.432022e-01,2.845312e-01,1.872850e-01,2.322742e-01,2.037886e-01
4.762976e-03,2.704512e-02,4.276613e-05,3.603718e-03,2.543834e-02,3.935044e-05
