# rmse alpha/u,rmse phic/h,rmse h/r,spread alpha/u,spread phic/h,spread h/r
6.298494e-01,4.432022e-01,2.845312e-01,1.872850e-01,2.322742e-01,2.037886e-01
4.408946e-03,3.229440e-02,4.923391e-05,3.119628e-03,2.175923e-02,3.319066e-05
