# rmse alpha/u,rmse phic/h,rmse h/r,spread alpha/u,spread phic/h,spread h/r
1.202903e-01,1.078776e-02,1.900309e-02,1.208553e-01,1.074573e-01,7.883755e-02
5.307953e-03,3.720724e-02,5.436906e-05,4.093642e-03,3.078217e-02,5.191823e-05
