# rmse alpha/u,rmse phic/h,rmse h/r,spread alpha/u,spread phic/h,spread h/r
1.202903e-01,1.078776e-02,1.900309e-02,1.208553e-01,1.074573e-01,7.883755e-02
6.001074e-03,4.379417e-02,6.704446e-05,4.658321e-03,3.849379e-02,5.753423e-05
