# rmse alpha/u,rmse phic/h,rmse h/r,spread alpha/u,spread phic/h,spread h/r
1.202903e-01,1.078776e-02,1.900309e-02,1.208553e-01,1.074573e-01,7.883755e-02
6.082411e-03,3.776395e-02,5.443371e-05,4.609507e-03,3.534037e-02,5.175007e-05
