# rmse alpha/u,rmse phic/h,rmse h/r,spread alpha/u,spread phic/h,spread h/r
1.213175e-02,1.049496e-02,2.966196e-03,1.299406e-01,2.329239e-02,8.793166e-02
8.644777e-04,6.888719e-03,3.716184e-05,8.289564e-04,6.591599e-03,4.630489e-05
