# rmse alpha/u,rmse phic/h,rmse h/r,spread alpha/u,spread phic/h,spread h/r
1.213175e-02,1.049496e-02,2.966196e-03,1.299406e-01,2.329239e-02,8.793166e-02
8.530475e-04,6.006450e-03,3.414556e-05,8.403350e-04,6.523464e-03,4.641793e-05
