# rmse alpha/u,rmse phic/h,rmse h/r,spread alpha/u,spread phic/h,spread h/r
1.213175e-02,1.049496e-02,2.966196e-03,1.299406e-01,2.329239e-02,8.793166e-02
8.858099e-04,6.240538e-03,3.500207e-05,8.374389e-04,6.455238e-03,4.674094e-05
