# rmse alpha/u,rmse phic/h,rmse h/r,spread alpha/u,spread phic/h,spread h/r
1.213175e-02,1.049496e-02,2.966196e-03,1.299406e-01,2.329239e-02,8.793166e-02
1.026000e-03,7.168685e-03,2.808909e-05,1.010306e-03,7.245039e-03,4.590118e-05
