# rmse alpha/u,rmse phic/h,rmse h/r,spread alpha/u,spread phic/h,spread h/r
1.104642e-01,3.907759e-02,4.966553e-02,2.007666e-01,2.380345e-01,2.181955e-01
4.197078e-03,2.267144e-02,5.463802e-05,3.308760e-03,2.507886e-02,4.919552e-05
