# rmse alpha/u,rmse phic/h,rmse h/r,spread alpha/u,spread phic/h,spread h/r
1.104642e-01,3.907759e-02,4.966553e-02,2.007666e-01,2.380345e-01,2.181955e-01
5.918652e-03,4.078161e-02,5.905094e-05,4.489061e-03,3.375841e-02,5.394941e-05
