# rmse alpha/u,rmse phic/h,rmse h/r,spread alpha/u,spread phic/h,spread h/r
1.104642e-01,3.907759e-02,4.966553e-02,2.007666e-01,2.380345e-01,2.181955e-01
4.641929e-03,3.747650e-02,7.014046e-05,3.934728e-03,2.938290e-02,4.766306e-05
