# rmse alpha/u,rmse phic/h,rmse h/r,spread alpha/u,spread phic/h,spread h/r
2.509861e-02,1.063017e-03,1.431187e-02,1.097549e-01,8.298386e-02,9.204202e-02
3.435470e-03,2.020707e-02,5.823648e-05,2.453012e-03,1.688743e-02,4.470259e-05
