# rmse alpha/u,rmse phic/h,rmse h/r,spread alpha/u,spread phic/h,spread h/r
2.509861e-02,1.063017e-03,1.431187e-02,1.097549e-01,8.298386e-02,9.204202e-02
2.944991e-03,2.138739e-02,5.039925e-05,2.380459e-03,1.735001e-02,4.573876e-05
