# rmse alpha/u,rmse phic/h,rmse h/r,spread alpha/u,spread phic/h,spread h/r
2.509861e-02,1.063017e-03,1.431187e-02,1.097549e-01,8.298386e-02,9.204202e-02
2.670598e-03,1.725562e-02,4.201134e-05,2.059627e-03,1.456956e-02,4.068625e-05
