# rmse alpha/u,rmse phic/h,rmse h/r,spread alpha/u,spread phic/h,spread h/r
2.509861e-02,1.063017e-03,1.431187e-02,1.097549e-01,8.298386e-02,9.204202e-02
4.763280e-03,3.053105e-02,4.727537e-05,2.080575e-03,1.438509e-02,4.306623e-05
