# rmse alpha/u,rmse phic/h,rmse h/r,spread alpha/u,spread phic/h,spread h/r
2.509861e-02,1.063017e-03,1.431187e-02,1.097549e-01,8.298386e-02,9.204202e-02
2.926769e-03,1.633445e-02,4.695448e-05,2.088409e-03,1.403846e-02,4.092736e-05
