# rmse alpha/u,rmse phic/h,rmse h/r,spread alpha/u,spread phic/h,spread h/r
2.509861e-02,1.063017e-03,1.431187e-02,1.097549e-01,8.298386e-02,9.204202e-02
3.050412e-03,2.469372e-02,4.989524e-05,2.259797e-03,1.580743e-02,4.039363e-05
