# rmse alpha/u,rmse phic/h,rmse h/r,spread alpha/u,spread phic/h,spread h/r
2.509861e-02,1.063017e-03,1.431187e-02,1.097549e-01,8.298386e-02,9.204202e-02
4.932084e-03,3.208818e-02,5.038553e-05,2.404430e-03,1.741814e-02,4.492491e-05
