# rmse alpha/u,rmse phic/h,rmse h/r,spread alpha/u,spread phic/h,spread h/r
2.509861e-02,1.063017e-03,1.431187e-02,1.097549e-01,8.298386e-02,9.204202e-02
2.135240e-03,1.599550e-02,4.572760e-05,1.800007e-03,1.292739e-02,3.959305e-05
