# rmse alpha/u,rmse phic/h,rmse h/r,spread alpha/u,spread phic/h,spread h/r
2.509861e-02,1.063017e-03,1.431187e-02,1.097549e-01,8.298386e-02,9.204202e-02
1.987692e-03,1.314721e-02,3.471540e-05,1.937341e-03,1.278607e-02,3.799976e-05
