# rmse alpha/u,rmse phic/h,rmse h/r,spread alpha/u,spread phic/h,spread h/r
2.509861e-02,1.063017e-03,1.431187e-02,1.097549e-01,8.298386e-02,9.204202e-02
3.931818e-03,2.132700e-02,3.818629e-05,2.066007e-03,1.478644e-02,3.910049e-05
