# rmse alpha/u,rmse phic/h,rmse h/r,spread alpha/u,spread phic/h,spread h/r
2.369433e-02,1.007957e-01,4.881224e-01,1.733888e-01,2.278507e-01,1.488446e-01
1.173405e-03,8.140730e-03,2.208643e-05,1.005566e-03,7.435805e-03,4.421923e-05
