# rmse alpha/u,rmse phic/h,rmse h/r,spread alpha/u,spread phic/h,spread h/r
2.369433e-02,1.007957e-01,4.881224e-01,1.733888e-01,2.278507e-01,1.488446e-01
9.523071e-04,7.722777e-03,3.275338e-05,1.043375e-03,7.435896e-03,4.595276e-05
