# rmse alpha/u,rmse phic/h,rmse h/r,spread alpha/u,spread phic/h,spread h/r
2.369433e-02,1.007957e-01,4.881224e-01,1.733888e-01,2.278507e-01,1.488446e-01
2.453140e-03,1.433359e-02,2.926330e-05,1.384556e-03,9.458369e-03,4.789584e-05
