# rmse alpha/u,rmse phic/h,rmse h/r,spread alpha/u,spread phic/h,spread h/r
2.369433e-02,1.007957e-01,4.881224e-01,1.733888e-01,2.278507e-01,1.488446e-01
1.412021e-03,7.871982e-03,2.325783e-05,1.076089e-03,7.662024e-03,4.456677e-05
