# rmse alpha/u,rmse phic/h,rmse h/r,spread alpha/u,spread phic/h,spread h/r
2.369433e-02,1.007957e-01,4.881224e-01,1.733888e-01,2.278507e-01,1.488446e-01
3.243621e-03,1.613434e-02,2.472953e-05,1.787582e-03,1.230673e-02,4.588147e-05
