# rmse alpha/u,rmse phic/h,rmse h/r,spread alpha/u,spread phic/h,spread h/r
2.369433e-02,1.007957e-01,4.881224e-01,1.733888e-01,2.278507e-01,1.488446e-01
2.230075e-03,1.290959e-02,2.966242e-05,1.518600e-03,1.072433e-02,4.727443e-05
