# rmse alpha/u,rmse phic/h,rmse h/r,spread alpha/u,spread phic/h,spread h/r
2.369433e-02,1.007957e-01,4.881224e-01,1.733888e-01,2.278507e-01,1.488446e-01
2.420509e-03,1.419252e-02,2.529270e-05,1.702896e-03,1.181424e-02,4.736196e-05
