# rmse alpha/u,rmse phic/h,rmse h/r,spread alpha/u,spread phic/h,spread h/r
1.725659e-01,2.384700e-01,5.624536e-01,1.273473e-01,2.300883e-01,2.154004e-01
2.140646e-03,1.621657e-02,5.281885e-05,1.803832e-03,1.241132e-02,4.105798e-05
