# rmse alpha/u,rmse phic/h,rmse h/r,spread alpha/u,spread phic/h,spread h/r
1.725659e-01,2.384700e-01,5.624536e-01,1.273473e-01,2.300883e-01,2.154004e-01
4.326101e-03,2.527205e-02,4.579487e-05,2.062559e-03,1.458106e-02,4.008085e-05
