# rmse alpha/u,rmse phic/h,rmse h/r,spread alpha/u,spread phic/h,spread h/r
1.725659e-01,2.384700e-01,5.624536e-01,1.273473e-01,2.300883e-01,2.154004e-01
3.229598e-03,1.506379e-02,4.508692e-05,1.507109e-03,1.040783e-02,4.143482e-05
