# rmse alpha/u,rmse phic/h,rmse h/r,spread alpha/u,spread phic/h,spread h/r
1.725659e-01,2.384700e-01,5.624536e-01,1.273473e-01,2.300883e-01,2.154004e-01
5.385476e-03,2.685443e-02,6.421860e-05,1.849588e-03,1.358879e-02,4.606197e-05
