# rmse alpha/u,rmse phic/h,rmse h/r,spread alpha/u,spread phic/h,spread h/r
1.725659e-01,2.384700e-01,5.624536e-01,1.273473e-01,2.300883e-01,2.154004e-01
3.752844e-03,2.454643e-02,6.446816e-05,1.717341e-03,1.270153e-02,4.585585e-05
