# rmse alpha/u,rmse phic/h,rmse h/r,spread alpha/u,spread phic/h,spread h/r
1.228641e-01,2.068007e-02,3.246867e-02,2.011122e-01,2.284813e-01,1.938860e-01
4.447079e-03,2.589765e-02,3.113663e-05,2.674446e-03,2.047573e-02,2.046345e-05
