# rmse alpha/u,rmse phic/h,rmse h/r,spread alpha/u,spread phic/h,spread h/r
1.228641e-01,2.068007e-02,3.246867e-02,2.011122e-01,2.284813e-01,1.938860e-01
3.442490e-03,2.488553e-02,2.773632e-05,2.399756e-03,1.698522e-02,1.776979e-05
