# rmse alpha/u,rmse phic/h,rmse h/r,spread alpha/u,spread phic/h,spread h/r
1.228641e-01,2.068007e-02,3.246867e-02,2.011122e-01,2.284813e-01,1.938860e-01
4.067817e-03,2.451418e-02,2.877656e-05,2.826912e-03,1.948686e-02,1.684530e-05
