# rmse alpha/u,rmse phic/h,rmse h/r,spread alpha/u,spread phic/h,spread h/r
1.228641e-01,2.068007e-02,3.246867e-02,2.011122e-01,2.284813e-01,1.938860e-01
4.175792e-03,2.937905e-02,2.524847e-05,2.884549e-03,1.858242e-02,1.297652e-05
