# rmse alpha/u,rmse phic/h,rmse h/r,spread alpha/u,spread phic/h,spread h/r
1.228641e-01,2.068007e-02,3.246867e-02,2.011122e-01,2.284813e-01,1.938860e-01
5.193915e-03,3.200889e-02,3.528327e-05,2.938456e-03,2.074924e-02,1.635268e-05
