# rmse alpha/u,rmse phic/h,rmse h/r,spread alpha/u,spread phic/h,spread h/r
1.228641e-01,2.068007e-02,3.246867e-02,2.011122e-01,2.284813e-01,1.938860e-01
5.231052e-03,3.248933e-02,3.788382e-05,2.876828e-03,2.064153e-02,1.736324e-05
