# rmse alpha/u,rmse phic/h,rmse h/r,spread alpha/u,spread phic/h,spread h/r
7.005397e-02,4.776652e-02,7.252041e-02,2.194426e-01,2.280387e-01,1.801638e-01
4.491448e-03,3.075944e-02,6.944076e-05,3.973850e-03,3.036868e-02,5.619273e-05
