# rmse alpha/u,rmse phic/h,rmse h/r,spread alpha/u,spread phic/h,spread h/r
7.005397e-02,4.776652e-02,7.252041e-02,2.194426e-01,2.280387e-01,1.801638e-01
4.831713e-03,3.963521e-02,7.085596e-05,3.628758e-03,2.790380e-02,5.988168e-05
