# rmse alpha/u,rmse phic/h,rmse h/r,spread alpha/u,spread phic/h,spread h/r
2.844021e-01,1.307861e-01,9.295597e-02,1.466368e-01,9.007578e-02,8.952578e-02
4.729927e-03,2.722303e-02,5.538382e-05,2.643822e-03,1.885973e-02,4.053295e-05
