# rmse alpha/u,rmse phic/h,rmse h/r,spread alpha/u,spread phic/h,spread h/r
2.844021e-01,1.307861e-01,9.295597e-02,1.466368e-01,9.007578e-02,8.952578e-02
3.805301e-03,1.449380e-02,4.732719e-05,2.249085e-03,1.596237e-02,3.798126e-05
