# rmse alpha/u,rmse phic/h,rmse h/r,spread alpha/u,spread phic/h,spread h/r
2.844021e-01,1.307861e-01,9.295597e-02,1.466368e-01,9.007578e-02,8.952578e-02
4.286447e-03,2.746304e-02,6.002770e-05,2.166313e-03,1.538051e-02,4.341868e-05
