# rmse alpha/u,rmse phic/h,rmse h/r,spread alpha/u,spread phic/h,spread h/r
2.844021e-01,1.307861e-01,9.295597e-02,1.466368e-01,9.007578e-02,8.952578e-02
4.603516e-03,2.741809e-02,5.377765e-05,1.714580e-03,1.176595e-02,3.753728e-05
