# rmse alpha/u,rmse phic/h,rmse h/r,spread alpha/u,spread phic/h,spread h/r
2.844021e-01,1.307861e-01,9.295597e-02,1.466368e-01,9.007578e-02,8.952578e-02
3.570991e-03,2.063318e-02,3.707486e-05,2.091811e-03,1.473217e-02,3.255932e-05
