# rmse alpha/u,rmse phic/h,rmse h/r,spread alpha/u,spread phic/h,spread h/r
2.844021e-01,1.307861e-01,9.295597e-02,1.466368e-01,9.007578e-02,8.952578e-02
5.623396e-03,3.141480e-02,6.046899e-05,2.464002e-03,1.826876e-02,4.093134e-05
