# rmse alpha/u,rmse phic/h,rmse h/r,spread alpha/u,spread phic/h,spread h/r
8.383147e-02,4.266080e-02,8.336234e-03,1.927996e-01,2.373932e-01,2.334187e-01
7.985321e-04,5.502603e-03,1.395045e-04,7.429634e-04,5.481589e-03,9.687226e-06
