# rmse alpha/u,rmse phic/h,rmse h/r,spread alpha/u,spread phic/h,spread h/r
2.714310e-01,1.143325e-01,1.527647e-01,1.271638e-01,5.940144e-02,6.595555e-02
5.279046e-03,3.138408e-02,6.455752e-05,3.283207e-03,2.504636e-02,5.112586e-05
