# rmse alpha/u,rmse phic/h,rmse h/r,spread alpha/u,spread phic/h,spread h/r
2.714310e-01,1.143325e-01,1.527647e-01,1.271638e-01,5.940144e-02,6.595555e-02
3.865276e-03,3.543403e-02,7.105182e-05,3.655104e-03,2.746670e-02,5.409337e-05
