# rmse alpha/u,rmse phic/h,rmse h/r,spread alpha/u,spread phic/h,spread h/r
2.714310e-01,1.143325e-01,1.527647e-01,1.271638e-01,5.940144e-02,6.595555e-02
3.755383e-03,2.974929e-02,6.382123e-05,3.302526e-03,2.428329e-02,4.640183e-05
