# rmse alpha/u,rmse phic/h,rmse h/r,spread alpha/u,spread phic/h,spread h/r
2.714310e-01,1.143325e-01,1.527647e-01,1.271638e-01,5.940144e-02,6.595555e-02
5.493767e-03,3.370102e-02,7.073594e-05,2.909861e-03,2.120466e-02,4.506501e-05
