# rmse alpha/u,rmse phic/h,rmse h/r,spread alpha/u,spread phic/h,spread h/r
2.616026e-01,2.453890e-01,3.354569e-01,2.079073e-01,2.296242e-01,2.009527e-01
4.503124e-03,3.303507e-02,6.602379e-05,3.779545e-03,2.921934e-02,6.161463e-05
