# rmse alpha/u,rmse phic/h,rmse h/r,spread alpha/u,spread phic/h,spread h/r
2.616026e-01,2.453890e-01,3.354569e-01,2.079073e-01,2.296242e-01,2.009527e-01
4.068487e-03,2.361160e-02,5.856740e-05,2.931083e-03,1.983419e-02,4.742854e-05
