# rmse alpha/u,rmse phic/h,rmse h/r,spread alpha/u,spread phic/h,spread h/r
2.616026e-01,2.453890e-01,3.354569e-01,2.079073e-01,2.296242e-01,2.009527e-01
4.916693e-03,3.224767e-02,6.102534e-05,3.913794e-03,2.997588e-02,5.945556e-05
