# rmse alpha/u,rmse phic/h,rmse h/r,spread alpha/u,spread phic/h,spread h/r
2.616026e-01,2.453890e-01,3.354569e-01,2.079073e-01,2.296242e-01,2.009527e-01
5.984037e-03,3.489145e-02,6.161541e-05,3.372455e-03,2.594585e-02,5.672898e-05
