# rmse alpha/u,rmse phic/h,rmse h/r,spread alpha/u,spread phic/h,spread h/r
2.616026e-01,2.453890e-01,3.354569e-01,2.079073e-01,2.296242e-01,2.009527e-01
3.072694e-03,2.572801e-02,6.042224e-05,2.748678e-03,2.143582e-02,5.616069e-05
