# rmse alpha/u,rmse phic/h,rmse h/r,spread alpha/u,spread phic/h,spread h/r
2.616026e-01,2.453890e-01,3.354569e-01,2.079073e-01,2.296242e-01,2.009527e-01
4.541209e-03,2.920590e-02,7.048706e-05,3.027410e-03,2.286240e-02,5.573962e-05
