# rmse alpha/u,rmse phic/h,rmse h/r,spread alpha/u,spread phic/h,spread h/r
2.560865e-01,2.125181e-01,2.224285e-01,1.973023e-01,1.840877e-01,1.996707e-01
3.460547e-03,1.765052e-02,5.274259e-05,2.420251e-03,1.660176e-02,4.664756e-05
