# rmse alpha/u,rmse phic/h,rmse h/r,spread alpha/u,spread phic/h,spread h/r
2.560865e-01,2.125181e-01,2.224285e-01,1.973023e-01,1.840877e-01,1.996707e-01
2.829686e-03,1.792404e-02,4.619784e-05,1.988703e-03,1.323930e-02,4.640149e-05
