# rmse alpha/u,rmse phic/h,rmse h/r,spread alpha/u,spread phic/h,spread h/r
2.560865e-01,2.125181e-01,2.224285e-01,1.973023e-01,1.840877e-01,1.996707e-01
3.928959e-03,1.882673e-02,4.121657e-05,2.421268e-03,1.728612e-02,4.222312e-05
