# rmse alpha/u,rmse phic/h,rmse h/r,spread alpha/u,spread phic/h,spread h/r
2.701798e-01,4.464860e-01,4.438502e-01,1.463073e-01,1.947400e-01,1.931064e-01
5.236081e-03,3.318787e-02,3.039225e-05,3.320487e-03,2.552395e-02,2.830781e-05
