# rmse alpha/u,rmse phic/h,rmse h/r,spread alpha/u,spread phic/h,spread h/r
2.701798e-01,4.464860e-01,4.438502e-01,1.463073e-01,1.947400e-01,1.931064e-01
5.441907e-03,3.225013e-02,3.185243e-05,3.369290e-03,2.422766e-02,2.545996e-05
