# rmse alpha/u,rmse phic/h,rmse h/r,spread alpha/u,spread phic/h,spread h/r
2.701798e-01,4.464860e-01,4.438502e-01,1.463073e-01,1.947400e-01,1.931064e-01
4.847665e-03,2.198080e-02,2.301707e-05,3.266737e-03,2.269075e-02,1.907223e-05
