# rmse alpha/u,rmse phic/h,rmse h/r,spread alpha/u,spread phic/h,spread h/r
1.419373e-01,1.024687e-01,2.001899e-02,2.029553e-01,2.401346e-01,2.180772e-01
8.415958e-04,6.502162e-03,2.272776e-05,8.509313e-04,6.694094e-03,4.616941e-05
