# rmse alpha/u,rmse phic/h,rmse h/r,spread alpha/u,spread phic/h,spread h/r
1.419373e-01,1.024687e-01,2.001899e-02,2.029553e-01,2.401346e-01,2.180772e-01
7.969549e-04,6.161663e-03,2.349413e-05,7.932108e-04,6.198028e-03,4.328781e-05
