# rmse alpha/u,rmse phic/h,rmse h/r,spread alpha/u,spread phic/h,spread h/r
1.419373e-01,1.024687e-01,2.001899e-02,2.029553e-01,2.401346e-01,2.180772e-01
7.841806e-04,5.986309e-03,2.238257e-05,7.892148e-04,6.087054e-03,4.400120e-05
