# rmse alpha/u,rmse phic/h,rmse h/r,spread alpha/u,spread phic/h,spread h/r
1.419373e-01,1.024687e-01,2.001899e-02,2.029553e-01,2.401346e-01,2.180772e-01
8.832708e-04,6.802509e-03,2.922937e-05,8.702525e-04,7.069568e-03,4.684447e-05
