# rmse alpha/u,rmse phic/h,rmse h/r,spread alpha/u,spread phic/h,spread h/r
1.419373e-01,1.024687e-01,2.001899e-02,2.029553e-01,2.401346e-01,2.180772e-01
8.116269e-04,6.714461e-03,2.936617e-05,8.294160e-04,6.448832e-03,4.334965e-05
