# rmse alpha/u,rmse phic/h,rmse h/r,spread alpha/u,spread phic/h,spread h/r
1.419373e-01,1.024687e-01,2.001899e-02,2.029553e-01,2.401346e-01,2.180772e-01
8.383349e-04,6.439777e-03,2.715315e-05,8.352908e-04,6.587686e-03,4.468163e-05
