# rmse alpha/u,rmse phic/h,rmse h/r,spread alpha/u,spread phic/h,spread h/r
1.419373e-01,1.024687e-01,2.001899e-02,2.029553e-01,2.401346e-01,2.180772e-01
8.688531e-04,6.931624e-03,2.535105e-05,8.552580e-04,6.796440e-03,4.516947e-05
