# rmse alpha/u,rmse phic/h,rmse h/r,spread alpha/u,spread phic/h,spread h/r
7.019862e-03,1.074797e-02,4.091740e-02,1.052002e-01,9.150896e-02,7.538373e-02
8.468796e-04,6.736718e-03,4.299952e-05,7.944788e-04,6.098049e-03,4.346157e-05
