# rmse alpha/u,rmse phic/h,rmse h/r,spread alpha/u,spread phic/h,spread h/r
7.019862e-03,1.074797e-02,4.091740e-02,1.052002e-01,9.150896e-02,7.538373e-02
1.198408e-03,9.351696e-03,4.687390e-05,8.005943e-04,6.278729e-03,4.486144e-05
