# rmse alpha/u,rmse phic/h,rmse h/r,spread alpha/u,spread phic/h,spread h/r
7.019862e-03,1.074797e-02,4.091740e-02,1.052002e-01,9.150896e-02,7.538373e-02
8.227622e-04,6.885365e-03,4.237496e-05,7.734773e-04,6.071036e-03,4.315083e-05
