# rmse alpha/u,rmse phic/h,rmse h/r,spread alpha/u,spread phic/h,spread h/r
1.061592e-02,4.688439e-02,1.439967e-01,1.865288e-01,2.445912e-01,2.319397e-01
3.672441e-03,2.517910e-02,7.588903e-05,3.502469e-03,2.654807e-02,5.304831e-05
