# rmse alpha/u,rmse phic/h,rmse h/r,spread alpha/u,spread phic/h,spread h/r
1.061592e-02,4.688439e-02,1.439967e-01,1.865288e-01,2.445912e-01,2.319397e-01
6.393004e-03,3.614908e-02,7.046499e-05,4.233075e-03,3.132436e-02,5.463643e-05
