# rmse alpha/u,rmse phic/h,rmse h/r,spread alpha/u,spread phic/h,spread h/r
1.061592e-02,4.688439e-02,1.439967e-01,1.865288e-01,2.445912e-01,2.319397e-01
5.285064e-03,4.032183e-02,6.656423e-05,3.624148e-03,2.724624e-02,5.640484e-05
