# rmse alpha/u,rmse phic/h,rmse h/r,spread alpha/u,spread phic/h,spread h/r
1.061592e-02,4.688439e-02,1.439967e-01,1.865288e-01,2.445912e-01,2.319397e-01
3.696216e-03,2.222731e-02,6.801968e-05,2.734055e-03,1.902947e-02,4.536605e-05
