# rmse alpha/u,rmse phic/h,rmse h/r,spread alpha/u,spread phic/h,spread h/r
1.061592e-02,4.688439e-02,1.439967e-01,1.865288e-01,2.445912e-01,2.319397e-01
4.636995e-03,3.357738e-02,7.870652e-05,3.716971e-03,2.756939e-02,5.951039e-05
