# rmse alpha/u,rmse phic/h,rmse h/r,spread alpha/u,spread phic/h,spread h/r
1.061592e-02,4.688439e-02,1.439967e-01,1.865288e-01,2.445912e-01,2.319397e-01
4.505221e-03,2.872757e-02,8.194845e-05,3.683746e-03,2.703682e-02,5.740750e-05
