# rmse alpha/u,rmse phic/h,rmse h/r,spread alpha/u,spread phic/h,spread h/r
1.565905e-01,1.714883e-02,6.941779e-02,1.982756e-01,1.909562e-01,1.621428e-01
4.875180e-03,3.010003e-02,4.504035e-05,2.817183e-03,2.031439e-02,3.633399e-05
