# rmse alpha/u,rmse phic/h,rmse h/r,spread alpha/u,spread phic/h,spread h/r
1.565905e-01,1.714883e-02,6.941779e-02,1.982756e-01,1.909562e-01,1.621428e-01
3.545732e-03,2.063459e-02,4.601941e-05,3.059402e-03,2.255676e-02,4.105514e-05
