# rmse alpha/u,rmse phic/h,rmse h/r,spread alpha/u,spread phic/h,spread h/r
1.565905e-01,1.714883e-02,6.941779e-02,1.982756e-01,1.909562e-01,1.621428e-01
3.479897e-03,3.053931e-02,4.900630e-05,2.776393e-03,2.018360e-02,3.846928e-05
