# rmse alpha/u,rmse phic/h,rmse h/r,spread alpha/u,spread phic/h,spread h/r
1.565905e-01,1.714883e-02,6.941779e-02,1.982756e-01,1.909562e-01,1.621428e-01
5.006170e-03,2.330882e-02,4.304489e-05,3.233064e-03,2.319823e-02,3.728332e-05
