# rmse alpha/u,rmse phic/h,rmse h/r,spread alpha/u,spread phic/h,spread h/r
1.565905e-01,1.714883e-02,6.941779e-02,1.982756e-01,1.909562e-01,1.621428e-01
4.543524e-03,2.459526e-02,4.252496e-05,3.086889e-03,2.178084e-02,3.621558e-05
