# rmse alpha/u,rmse phic/h,rmse h/r,spread alpha/u,spread phic/h,spread h/r
1.565905e-01,1.714883e-02,6.941779e-02,1.982756e-01,1.909562e-01,1.621428e-01
4.898794e-03,2.826721e-02,5.809569e-05,2.942323e-03,2.018033e-02,3.754068e-05
