# rmse alpha/u,rmse phic/h,rmse h/r,spread alpha/u,spread phic/h,spread h/r
1.063442e-01,2.668461e-01,5.122879e-03,2.064906e-01,1.899857e-01,1.562718e-01
5.259543e-03,3.491612e-02,7.858720e-05,5.301016e-03,4.232050e-02,7.078537e-05
