# rmse alpha/u,rmse phic/h,rmse h/r,spread alpha/u,spread phic/h,spread h/r
1.063442e-01,2.668461e-01,5.122879e-03,2.064906e-01,1.899857e-01,1.562718e-01
5.274768e-03,3.211858e-02,5.802225e-05,4.625694e-03,3.354499e-02,5.736448e-05
