# rmse alpha/u,rmse phic/h,rmse h/r,spread alpha/u,spread phic/h,spread h/r
1.063442e-01,2.668461e-01,5.122879e-03,2.064906e-01,1.899857e-01,1.562718e-01
4.452064e-03,3.125393e-02,5.806098e-05,5.161047e-03,3.906545e-02,6.392815e-05
