# rmse alpha/u,rmse phic/h,rmse h/r,spread alpha/u,spread phic/h,spread h/r
1.063442e-01,2.668461e-01,5.122879e-03,2.064906e-01,1.899857e-01,1.562718e-01
4.437667e-03,3.367685e-02,6.467576e-05,5.176245e-03,3.916846e-02,6.570218e-05
