# rmse alpha/u,rmse phic/h,rmse h/r,spread alpha/u,spread phic/h,spread h/r
1.063442e-01,2.668461e-01,5.122879e-03,2.064906e-01,1.899857e-01,1.562718e-01
5.071043e-03,3.059551e-02,6.750012e-05,4.582702e-03,3.431659e-02,5.840445e-05
