# rmse alpha/u,rmse phic/h,rmse h/r,spread alpha/u,spread phic/h,spread h/r
6.966383e-02,2.496693e-01,5.093791e-01,1.906733e-01,1.720275e-01,1.565591e-01
3.490343e-03,2.178542e-02,9.973054e-05,2.520437e-03,1.790824e-02,4.598654e-05
