# rmse alpha/u,rmse phic/h,rmse h/r,spread alpha/u,spread phic/h,spread h/r
6.966383e-02,2.496693e-01,5.093791e-01,1.906733e-01,1.720275e-01,1.565591e-01
1.896856e-03,1.258357e-02,8.446185e-05,1.793781e-03,1.299639e-02,3.530802e-05
