# rmse alpha/u,rmse phic/h,rmse h/r,spread alpha/u,spread phic/h,spread h/r
6.966383e-02,2.496693e-01,5.093791e-01,1.906733e-01,1.720275e-01,1.565591e-01
2.270781e-03,1.851418e-02,8.942553e-05,1.524706e-03,1.037917e-02,3.679247e-05
