# rmse alpha/u,rmse phic/h,rmse h/r,spread alpha/u,spread phic/h,spread h/r
6.966383e-02,2.496693e-01,5.093791e-01,1.906733e-01,1.720275e-01,1.565591e-01
3.018245e-03,1.731629e-02,8.281762e-05,2.229297e-03,1.455643e-02,3.248475e-05
