# rmse alpha/u,rmse phic/h,rmse h/r,spread alpha/u,spread phic/h,spread h/r
6.966383e-02,2.496693e-01,5.093791e-01,1.906733e-01,1.720275e-01,1.565591e-01
4.004822e-03,1.916529e-02,8.567796e-05,2.598418e-03,1.673984e-02,3.678347e-05
