# rmse alpha/u,rmse phic/h,rmse h/r,spread alpha/u,spread phic/h,spread h/r
6.966383e-02,2.496693e-01,5.093791e-01,1.906733e-01,1.720275e-01,1.565591e-01
4.264473e-03,2.171985e-02,9.230465e-05,2.976066e-03,2.027640e-02,4.401060e-05
