# rmse alpha/u,rmse phic/h,rmse h/r,spread alpha/u,spread phic/h,spread h/r
2.591019e-01,9.971817e-02,8.787234e-02,1.326107e-01,9.101013e-02,8.069610e-02
3.898536e-03,2.498282e-02,4.363332e-05,3.269663e-03,2.647831e-02,4.774046e-05
