# rmse alpha/u,rmse phic/h,rmse h/r,spread alpha/u,spread phic/h,spread h/r
2.591019e-01,9.971817e-02,8.787234e-02,1.326107e-01,9.101013e-02,8.069610e-02
3.864284e-03,2.794451e-02,3.441179e-05,3.445576e-03,2.624344e-02,4.061829e-05
