# rmse alpha/u,rmse phic/h,rmse h/r,spread alpha/u,spread phic/h,spread h/r
2.591019e-01,9.971817e-02,8.787234e-02,1.326107e-01,9.101013e-02,8.069610e-02
4.473079e-03,2.999597e-02,3.904592e-05,3.353089e-03,2.704370e-02,4.241936e-05
