# rmse alpha/u,rmse phic/h,rmse h/r,spread alpha/u,spread phic/h,spread h/r
2.591019e-01,9.971817e-02,8.787234e-02,1.326107e-01,9.101013e-02,8.069610e-02
3.615904e-03,2.140832e-02,4.395418e-05,3.561561e-03,2.676274e-02,4.448823e-05
