# rmse alpha/u,rmse phic/h,rmse h/r,spread alpha/u,spread phic/h,spread h/r
2.278221e-01,2.189345e-01,3.858770e-01,1.252033e-01,2.157036e-01,2.323844e-01
3.621138e-03,2.023287e-02,2.940734e-05,1.676883e-03,1.178275e-02,2.395543e-05
