# rmse alpha/u,rmse phic/h,rmse h/r,spread alpha/u,spread phic/h,spread h/r
2.278221e-01,2.189345e-01,3.858770e-01,1.252033e-01,2.157036e-01,2.323844e-01
1.504318e-03,1.710889e-02,3.706765e-05,1.223865e-03,9.209922e-03,2.151960e-05
