# rmse alpha/u,rmse phic/h,rmse h/r,spread alpha/u,spread phic/h,spread h/r
2.278221e-01,2.189345e-01,3.858770e-01,1.252033e-01,2.157036e-01,2.323844e-01
3.808009e-03,2.243956e-02,4.058195e-05,1.574357e-03,1.096201e-02,2.127474e-05
