# rmse alpha/u,rmse phic/h,rmse h/r,spread alpha/u,spread phic/h,spread h/r
1.646381e-01,1.936213e-01,2.989450e-01,1.601795e-01,1.669964e-01,2.148168e-01
4.821674e-03,2.758313e-02,4.017240e-05,2.925025e-03,2.019265e-02,4.554180e-05
