# rmse alpha/u,rmse phic/h,rmse h/r,spread alpha/u,spread phic/h,spread h/r
1.646381e-01,1.936213e-01,2.989450e-01,1.601795e-01,1.669964e-01,2.148168e-01
3.980297e-03,3.127457e-02,6.508809e-05,3.914071e-03,3.071165e-02,6.468278e-05
