# rmse alpha/u,rmse phic/h,rmse h/r,spread alpha/u,spread phic/h,spread h/r
1.698746e-01,2.498840e-01,1.582038e-01,1.354666e-01,2.169042e-01,1.474046e-01
8.058226e-04,6.162258e-03,6.843292e-05,7.926145e-04,6.213201e-03,3.206327e-05
