# rmse alpha/u,rmse phic/h,rmse h/r,spread alpha/u,spread phic/h,spread h/r
1.698746e-01,2.498840e-01,1.582038e-01,1.354666e-01,2.169042e-01,1.474046e-01
9.320349e-04,6.837270e-03,7.433500e-05,8.520414e-04,6.608879e-03,3.214038e-05
