# rmse alpha/u,rmse phic/h,rmse h/r,spread alpha/u,spread phic/h,spread h/r
1.698746e-01,2.498840e-01,1.582038e-01,1.354666e-01,2.169042e-01,1.474046e-01
8.713975e-04,6.589653e-03,6.714148e-05,8.302709e-04,6.566578e-03,3.444124e-05
