# rmse alpha/u,rmse phic/h,rmse h/r,spread alpha/u,spread phic/h,spread h/r
1.698746e-01,2.498840e-01,1.582038e-01,1.354666e-01,2.169042e-01,1.474046e-01
1.125172e-03,8.291094e-03,7.348054e-05,8.825379e-04,6.868908e-03,3.424757e-05
