# rmse alpha/u,rmse phic/h,rmse h/r,spread alpha/u,spread phic/h,spread h/r
3.183125e-01,2.182746e-01,1.198944e-01,1.201687e-01,9.851477e-02,8.045187e-02
4.302144e-03,2.164102e-02,4.062127e-05,2.784940e-03,1.875362e-02,4.259219e-05
