# rmse alpha/u,rmse phic/h,rmse h/r,spread alpha/u,spread phic/h,spread h/r
3.183125e-01,2.182746e-01,1.198944e-01,1.201687e-01,9.851477e-02,8.045187e-02
3.216397e-03,1.701457e-02,4.344058e-05,2.712599e-03,2.016910e-02,4.981914e-05
