# rmse alpha/u,rmse phic/h,rmse h/r,spread alpha/u,spread phic/h,spread h/r
3.183125e-01,2.182746e-01,1.198944e-01,1.201687e-01,9.851477e-02,8.045187e-02
3.087559e-03,2.204381e-02,5.576929e-05,2.787346e-03,2.117996e-02,4.825758e-05
