# rmse alpha/u,rmse phic/h,rmse h/r,spread alpha/u,spread phic/h,spread h/r
3.183125e-01,2.182746e-01,1.198944e-01,1.201687e-01,9.851477e-02,8.045187e-02
2.499631e-03,1.585804e-02,4.055572e-05,2.146644e-03,1.523245e-02,4.442539e-05
