# rmse alpha/u,rmse phic/h,rmse h/r,spread alpha/u,spread phic/h,spread h/r
3.183125e-01,2.182746e-01,1.198944e-01,1.201687e-01,9.851477e-02,8.045187e-02
3.819988e-03,1.906237e-02,3.695417e-05,3.238341e-03,2.104822e-02,4.294420e-05
