# rmse alpha/u,rmse phic/h,rmse h/r,spread alpha/u,spread phic/h,spread h/r
3.183125e-01,2.182746e-01,1.198944e-01,1.201687e-01,9.851477e-02,8.045187e-02
3.583215e-03,2.631455e-02,6.077569e-05,2.568803e-03,1.852738e-02,5.290330e-05
