# rmse alpha/u,rmse phic/h,rmse h/r,spread alpha/u,spread phic/h,spread h/r
3.179201e-03,2.565789e-02,1.105238e-02,1.333153e-01,1.020652e-01,4.129961e-02
2.896614e-03,1.449328e-02,4.413840e-05,1.552424e-03,1.065072e-02,4.863763e-05
