# rmse alpha/u,rmse phic/h,rmse h/r,spread alpha/u,spread phic/h,spread h/r
3.179201e-03,2.565789e-02,1.105238e-02,1.333153e-01,1.020652e-01,4.129961e-02
8.571175e-04,6.161237e-03,2.218689e-05,8.894366e-04,6.573774e-03,4.075994e-05
