# rmse alpha/u,rmse phic/h,rmse h/r,spread alpha/u,spread phic/h,spread h/r
3.179201e-03,2.565789e-02,1.105238e-02,1.333153e-01,1.020652e-01,4.129961e-02
2.759286e-03,1.681666e-02,3.326967e-05,1.892142e-03,1.309056e-02,4.738816e-05
