# rmse alpha/u,rmse phic/h,rmse h/r,spread alpha/u,spread phic/h,spread h/r
3.179201e-03,2.565789e-02,1.105238e-02,1.333153e-01,1.020652e-01,4.129961e-02
8.136078e-04,6.404953e-03,2.892170e-05,8.255539e-04,6.520426e-03,4.269755e-05
