# rmse alpha/u,rmse phic/h,rmse h/r,spread alpha/u,spread phic/h,spread h/r
7.641290e-02,1.289662e-02,1.141870e-04,1.989962e-01,2.363419e-01,1.519452e-01
2.097134e-03,9.403341e-03,3.529423e-05,1.805210e-03,1.180932e-02,4.411153e-05
