# rmse alpha/u,rmse phic/h,rmse h/r,spread alpha/u,spread phic/h,spread h/r
7.641290e-02,1.289662e-02,1.141870e-04,1.989962e-01,2.363419e-01,1.519452e-01
2.766983e-03,2.061376e-02,5.234534e-05,2.364316e-03,1.791698e-02,5.584242e-05
