# rmse alpha/u,rmse phic/h,rmse h/r,spread alpha/u,spread phic/h,spread h/r
7.641290e-02,1.289662e-02,1.141870e-04,1.989962e-01,2.363419e-01,1.519452e-01
4.822681e-03,2.819424e-02,6.463394e-05,2.736341e-03,1.887709e-02,5.336206e-05
