# rmse alpha/u,rmse phic/h,rmse h/r,spread alpha/u,spread phic/h,spread h/r
7.641290e-02,1.289662e-02,1.141870e-04,1.989962e-01,2.363419e-01,1.519452e-01
3.478911e-03,1.634718e-02,4.803631e-05,2.627970e-03,1.685023e-02,5.211545e-05
