# rmse alpha/u,rmse phic/h,rmse h/r,spread alpha/u,spread phic/h,spread h/r
3.873191e-02,3.270109e-02,5.956109e-02,1.960438e-01,2.411397e-01,1.762859e-01
2.744877e-03,1.457340e-02,3.420870e-05,1.467575e-03,9.753593e-03,4.852063e-05
