# rmse alpha/u,rmse phic/h,rmse h/r,spread alpha/u,spread phic/h,spread h/r
3.873191e-02,3.270109e-02,5.956109e-02,1.960438e-01,2.411397e-01,1.762859e-01
1.549781e-03,1.807931e-02,5.846882e-05,1.927835e-03,1.425925e-02,5.696707e-05
