# rmse alpha/u,rmse phic/h,rmse h/r,spread alpha/u,spread phic/h,spread h/r
2.345948e-02,1.567974e-02,3.863009e-02,1.875536e-01,2.264634e-01,1.761382e-01
3.774791e-03,2.489489e-02,5.672797e-05,2.337129e-03,1.683517e-02,5.348448e-05
