# rmse alpha/u,rmse phic/h,rmse h/r,spread alpha/u,spread phic/h,spread h/r
2.345948e-02,1.567974e-02,3.863009e-02,1.875536e-01,2.264634e-01,1.761382e-01
3.312315e-03,3.212455e-02,7.235943e-05,2.480968e-03,1.835116e-02,5.464701e-05
