# rmse alpha/u,rmse phic/h,rmse h/r,spread alpha/u,spread phic/h,spread h/r
2.345948e-02,1.567974e-02,3.863009e-02,1.875536e-01,2.264634e-01,1.761382e-01
3.674943e-03,2.475626e-02,7.446895e-05,2.310957e-03,1.710942e-02,5.154141e-05
