# rmse alpha/u,rmse phic/h,rmse h/r,spread alpha/u,spread phic/h,spread h/r
2.345948e-02,1.567974e-02,3.863009e-02,1.875536e-01,2.264634e-01,1.761382e-01
3.522568e-03,1.934544e-02,5.568275e-05,2.494490e-03,1.674645e-02,4.626462e-05
