# rmse alpha/u,rmse phic/h,rmse h/r,spread alpha/u,spread phic/h,spread h/r
2.345948e-02,1.567974e-02,3.863009e-02,1.875536e-01,2.264634e-01,1.761382e-01
2.263830e-03,1.245780e-02,3.792316e-05,1.604538e-03,1.114182e-02,4.030861e-05
