# rmse alpha/u,rmse phic/h,rmse h/r,spread alpha/u,spread phic/h,spread h/r
2.345948e-02,1.567974e-02,3.863009e-02,1.875536e-01,2.264634e-01,1.761382e-01
6.397095e-03,4.868173e-02,9.091942e-05,3.568744e-03,2.743713e-02,6.218582e-05
