# rmse alpha/u,rmse phic/h,rmse h/r,spread alpha/u,spread phic/h,spread h/r
2.345948e-02,1.567974e-02,3.863009e-02,1.875536e-01,2.264634e-01,1.761382e-01
5.393166e-03,2.943735e-02,6.529030e-05,3.561144e-03,2.545857e-02,5.673207e-05
