# rmse alpha/u,rmse phic/h,rmse h/r,spread alpha/u,spread phic/h,spread h/r
2.345948e-02,1.567974e-02,3.863009e-02,1.875536e-01,2.264634e-01,1.761382e-01
4.247818e-03,3.072522e-02,6.777233e-05,2.056465e-03,1.557802e-02,4.937103e-05
