# rmse alpha/u,rmse phic/h,rmse h/r,spread alpha/u,spread phic/h,spread h/r
2.345948e-02,1.567974e-02,3.863009e-02,1.875536e-01,2.264634e-01,1.761382e-01
2.788993e-03,1.368820e-02,4.405513e-05,2.016144e-03,1.378362e-02,4.175034e-05
