# rmse alpha/u,rmse phic/h,rmse h/r,spread alpha/u,spread phic/h,spread h/r
1.258724e-01,5.120448e-04,3.095410e-01,2.108986e-01,2.184920e-01,1.878878e-01
4.942244e-03,3.820336e-02,1.015734e-04,4.130603e-03,3.108253e-02,6.606019e-05
