# rmse alpha/u,rmse phic/h,rmse h/r,spread alpha/u,spread phic/h,spread h/r
1.258724e-01,5.120448e-04,3.095410e-01,2.108986e-01,2.184920e-01,1.878878e-01
5.634418e-03,3.562215e-02,1.068139e-04,4.180673e-03,3.199488e-02,6.502947e-05
