# rmse alpha/u,rmse phic/h,rmse h/r,spread alpha/u,spread phic/h,spread h/r
1.258724e-01,5.120448e-04,3.095410e-01,2.108986e-01,2.184920e-01,1.878878e-01
5.083191e-03,3.136185e-02,8.164536e-05,3.606340e-03,2.553668e-02,5.830544e-05
