# rmse alpha/u,rmse phic/h,rmse h/r,spread alpha/u,spread phic/h,spread h/r
1.258724e-01,5.120448e-04,3.095410e-01,2.108986e-01,2.184920e-01,1.878878e-01
4.689461e-03,3.200014e-02,7.626845e-05,3.984568e-03,2.991863e-02,6.168416e-05
