# rmse alpha/u,rmse phic/h,rmse h/r,spread alpha/u,spread phic/h,spread h/r
1.258724e-01,5.120448e-04,3.095410e-01,2.108986e-01,2.184920e-01,1.878878e-01
5.168545e-03,3.530941e-02,9.906717e-05,4.405113e-03,3.313324e-02,6.648284e-05
