# rmse alpha/u,rmse phic/h,rmse h/r,spread alpha/u,spread phic/h,spread h/r
1.121920e-01,1.173556e-02,9.386427e-06,1.343863e-01,5.870413e-02,5.389831e-02
4.726291e-03,2.775392e-02,5.662742e-05,2.731343e-03,1.888015e-02,4.290469e-05
