# rmse alpha/u,rmse phic/h,rmse h/r,spread alpha/u,spread phic/h,spread h/r
1.121920e-01,1.173556e-02,9.386427e-06,1.343863e-01,5.870413e-02,5.389831e-02
5.183344e-03,3.865419e-02,5.185834e-05,3.447940e-03,2.507935e-02,4.703514e-05
