# rmse alpha/u,rmse phic/h,rmse h/r,spread alpha/u,spread phic/h,spread h/r
1.121920e-01,1.173556e-02,9.386427e-06,1.343863e-01,5.870413e-02,5.389831e-02
4.904131e-03,2.849615e-02,6.113722e-05,4.101545e-03,2.928730e-02,5.091416e-05
