# rmse alpha/u,rmse phic/h,rmse h/r,spread alpha/u,spread phic/h,spread h/r
1.901521e-01,4.850661e-01,4.559183e-01,1.342362e-01,2.407861e-01,2.178135e-01
8.574324e-04,6.757765e-03,4.320212e-05,7.643012e-04,6.278632e-03,3.892212e-05
