# rmse alpha/u,rmse phic/h,rmse h/r,spread alpha/u,spread phic/h,spread h/r
1.901521e-01,4.850661e-01,4.559183e-01,1.342362e-01,2.407861e-01,2.178135e-01
7.803278e-04,6.390017e-03,2.685245e-05,7.492249e-04,5.824768e-03,3.692753e-05
