# rmse alpha/u,rmse phic/h,rmse h/r,spread alpha/u,spread phic/h,spread h/r
1.901521e-01,4.850661e-01,4.559183e-01,1.342362e-01,2.407861e-01,2.178135e-01
1.018375e-03,8.804329e-03,4.609497e-05,8.010375e-04,6.430727e-03,4.066739e-05
