# rmse alpha/u,rmse phic/h,rmse h/r,spread alpha/u,spread phic/h,spread h/r
3.099216e-01,8.921950e-02,2.151649e-01,1.365208e-01,8.623039e-02,7.478793e-02
4.845114e-03,2.899048e-02,6.125581e-05,3.173878e-03,2.267367e-02,3.541956e-05
