# rmse alpha/u,rmse phic/h,rmse h/r,spread alpha/u,spread phic/h,spread h/r
3.099216e-01,8.921950e-02,2.151649e-01,1.365208e-01,8.623039e-02,7.478793e-02
4.625590e-03,2.611497e-02,1.072547e-04,1.965623e-03,1.434159e-02,3.609460e-05
