# rmse alpha/u,rmse phic/h,rmse h/r,spread alpha/u,spread phic/h,spread h/r
3.591197e-02,1.924309e-02,7.354372e-03,2.007666e-01,2.380345e-01,2.181955e-01
3.565768e-03,2.229043e-02,6.074196e-05,2.364472e-03,1.759871e-02,5.444079e-05
