# rmse alpha/u,rmse phic/h,rmse h/r,spread alpha/u,spread phic/h,spread h/r
3.591197e-02,1.924309e-02,7.354372e-03,2.007666e-01,2.380345e-01,2.181955e-01
4.377611e-03,2.411022e-02,4.192603e-05,2.185747e-03,1.536089e-02,4.634718e-05
