# rmse alpha/u,rmse phic/h,rmse h/r,spread alpha/u,spread phic/h,spread h/r
3.591197e-02,1.924309e-02,7.354372e-03,2.007666e-01,2.380345e-01,2.181955e-01
3.410582e-03,2.527215e-02,4.831168e-05,2.379818e-03,1.615155e-02,4.660374e-05
