# rmse alpha/u,rmse phic/h,rmse h/r,spread alpha/u,spread phic/h,spread h/r
4.253325e-02,8.897153e-04,2.437370e-02,1.114088e-01,8.832111e-02,7.444638e-02
4.776499e-03,3.620511e-02,7.114956e-05,2.055690e-03,1.441234e-02,3.730956e-05
