# rmse alpha/u,rmse phic/h,rmse h/r,spread alpha/u,spread phic/h,spread h/r
4.253325e-02,8.897153e-04,2.437370e-02,1.114088e-01,8.832111e-02,7.444638e-02
3.547803e-03,1.998958e-02,5.011602e-05,1.813489e-03,1.218261e-02,3.688198e-05
