# rmse alpha/u,rmse phic/h,rmse h/r,spread alpha/u,spread phic/h,spread h/r
4.253325e-02,8.897153e-04,2.437370e-02,1.114088e-01,8.832111e-02,7.444638e-02
3.707548e-03,2.312936e-02,5.026257e-05,1.717953e-03,1.187666e-02,3.574115e-05
