# rmse alpha/u,rmse phic/h,rmse h/r,spread alpha/u,spread phic/h,spread h/r
4.253325e-02,8.897153e-04,2.437370e-02,1.114088e-01,8.832111e-02,7.444638e-02
3.977964e-03,1.993479e-02,4.945332e-05,1.988853e-03,1.318519e-02,3.306557e-05
