# rmse alpha/u,rmse phic/h,rmse h/r,spread alpha/u,spread phic/h,spread h/r
4.253325e-02,8.897153e-04,2.437370e-02,1.114088e-01,8.832111e-02,7.444638e-02
4.404523e-03,2.087416e-02,5.244398e-05,1.926863e-03,1.299112e-02,3.505575e-05
