# rmse alpha/u,rmse phic/h,rmse h/r,spread alpha/u,spread phic/h,spread h/r
4.253325e-02,8.897153e-04,2.437370e-02,1.114088e-01,8.832111e-02,7.444638e-02
4.576029e-03,2.302591e-02,4.834973e-05,1.729233e-03,1.104886e-02,3.147097e-05
