# rmse alpha/u,rmse phic/h,rmse h/r,spread alpha/u,spread phic/h,spread h/r
1.477354e-01,1.597722e-01,2.062425e-01,1.449611e-01,1.538620e-01,1.456552e-01
8.237751e-04,6.604127e-03,2.377847e-05,8.039459e-04,6.428182e-03,4.801791e-05
