# rmse alpha/u,rmse phic/h,rmse h/r,spread alpha/u,spread phic/h,spread h/r
1.477354e-01,1.597722e-01,2.062425e-01,1.449611e-01,1.538620e-01,1.456552e-01
8.515776e-04,7.245575e-03,2.913908e-05,8.739392e-04,7.248533e-03,5.350459e-05
