# rmse alpha/u,rmse phic/h,rmse h/r,spread alpha/u,spread phic/h,spread h/r
1.477354e-01,1.597722e-01,2.062425e-01,1.449611e-01,1.538620e-01,1.456552e-01
8.905195e-04,7.034437e-03,2.322608e-05,8.737108e-04,7.057473e-03,5.227010e-05
