# rmse alpha/u,rmse phic/h,rmse h/r,spread alpha/u,spread phic/h,spread h/r
1.477354e-01,1.597722e-01,2.062425e-01,1.449611e-01,1.538620e-01,1.456552e-01
8.265857e-04,6.552263e-03,1.969570e-05,8.245837e-04,6.787523e-03,4.891981e-05
