# rmse alpha/u,rmse phic/h,rmse h/r,spread alpha/u,spread phic/h,spread h/r
1.927268e-02,1.662431e-02,2.219353e-02,1.487915e-01,9.916726e-02,7.998623e-02
8.382370e-04,6.141292e-03,2.502388e-05,8.456206e-04,6.641678e-03,4.625382e-05
