# rmse alpha/u,rmse phic/h,rmse h/r,spread alpha/u,spread phic/h,spread h/r
1.927268e-02,1.662431e-02,2.219353e-02,1.487915e-01,9.916726e-02,7.998623e-02
1.076759e-03,7.474502e-03,3.292641e-05,1.083089e-03,8.224359e-03,5.095549e-05
