# rmse alpha/u,rmse phic/h,rmse h/r,spread alpha/u,spread phic/h,spread h/r
1.927268e-02,1.662431e-02,2.219353e-02,1.487915e-01,9.916726e-02,7.998623e-02
9.129959e-04,8.414001e-03,3.102575e-05,9.603790e-04,7.516929e-03,4.760738e-05
