# rmse alpha/u,rmse phic/h,rmse h/r,spread alpha/u,spread phic/h,spread h/r
1.927268e-02,1.662431e-02,2.219353e-02,1.487915e-01,9.916726e-02,7.998623e-02
1.613909e-03,9.697821e-03,2.348657e-05,8.854231e-04,6.769297e-03,4.524258e-05
