# rmse alpha/u,rmse phic/h,rmse h/r,spread alpha/u,spread phic/h,spread h/r
1.927268e-02,1.662431e-02,2.219353e-02,1.487915e-01,9.916726e-02,7.998623e-02
2.133750e-03,1.392322e-02,4.467065e-05,1.628521e-03,1.205866e-02,5.589628e-05
