# rmse alpha/u,rmse phic/h,rmse h/r,spread alpha/u,spread phic/h,spread h/r
1.927268e-02,1.662431e-02,2.219353e-02,1.487915e-01,9.916726e-02,7.998623e-02
8.428668e-04,6.981656e-03,3.278425e-05,9.006920e-04,7.136543e-03,4.781305e-05
