# rmse alpha/u,rmse phic/h,rmse h/r,spread alpha/u,spread phic/h,spread h/r
7.400718e-02,1.325715e-03,4.595811e-04,2.044751e-01,2.041897e-01,1.600286e-01
2.799480e-03,1.362921e-02,4.887226e-05,1.841283e-03,1.158415e-02,3.797896e-05
