# rmse alpha/u,rmse phic/h,rmse h/r,spread alpha/u,spread phic/h,spread h/r
7.400718e-02,1.325715e-03,4.595811e-04,2.044751e-01,2.041897e-01,1.600286e-01
2.830859e-03,1.580516e-02,4.550287e-05,2.002209e-03,1.393215e-02,4.059211e-05
