# rmse alpha/u,rmse phic/h,rmse h/r,spread alpha/u,spread phic/h,spread h/r
7.400718e-02,1.325715e-03,4.595811e-04,2.044751e-01,2.041897e-01,1.600286e-01
3.453938e-03,1.933347e-02,4.110553e-05,2.357093e-03,1.589321e-02,4.080096e-05
