# rmse alpha/u,rmse phic/h,rmse h/r,spread alpha/u,spread phic/h,spread h/r
7.400718e-02,1.325715e-03,4.595811e-04,2.044751e-01,2.041897e-01,1.600286e-01
3.685587e-03,2.651318e-02,5.928036e-05,2.116038e-03,1.504203e-02,4.362205e-05
