# rmse alpha/u,rmse phic/h,rmse h/r,spread alpha/u,spread phic/h,spread h/r
7.400718e-02,1.325715e-03,4.595811e-04,2.044751e-01,2.041897e-01,1.600286e-01
3.515983e-03,2.393162e-02,5.589876e-05,2.389902e-03,1.738935e-02,4.444590e-05
