# rmse alpha/u,rmse phic/h,rmse h/r,spread alpha/u,spread phic/h,spread h/r
7.400718e-02,1.325715e-03,4.595811e-04,2.044751e-01,2.041897e-01,1.600286e-01
3.165075e-03,1.979659e-02,6.003104e-05,2.358308e-03,1.729976e-02,4.485189e-05
