# rmse alpha/u,rmse phic/h,rmse h/r,spread alpha/u,spread phic/h,spread h/r
1.212256e-01,5.815180e-03,3.931832e-02,2.029553e-01,2.401346e-01,2.180772e-01
8.902177e-04,7.168661e-03,2.457111e-05,8.713795e-04,7.013117e-03,4.845366e-05
