# rmse alpha/u,rmse phic/h,rmse h/r,spread alpha/u,spread phic/h,spread h/r
1.212256e-01,5.815180e-03,3.931832e-02,2.029553e-01,2.401346e-01,2.180772e-01
8.367146e-04,6.303889e-03,2.176162e-05,8.457422e-04,6.625123e-03,4.594459e-05
