# rmse alpha/u,rmse phic/h,rmse h/r,spread alpha/u,spread phic/h,spread h/r
1.212256e-01,5.815180e-03,3.931832e-02,2.029553e-01,2.401346e-01,2.180772e-01
8.700569e-04,7.232148e-03,2.579200e-05,8.541516e-04,6.858710e-03,4.807315e-05
