# rmse alpha/u,rmse phic/h,rmse h/r,spread alpha/u,spread phic/h,spread h/r
1.212256e-01,5.815180e-03,3.931832e-02,2.029553e-01,2.401346e-01,2.180772e-01
8.387258e-04,6.749262e-03,2.332517e-05,8.448003e-04,6.740381e-03,4.610484e-05
