# rmse alpha/u,rmse phic/h,rmse h/r,spread alpha/u,spread phic/h,spread h/r
1.946838e-01,1.084859e-01,7.175947e-02,1.372840e-01,9.783100e-02,7.095447e-02
2.541927e-03,1.993339e-02,4.124461e-05,1.430073e-03,1.024814e-02,4.599672e-05
