# rmse alpha/u,rmse phic/h,rmse h/r,spread alpha/u,spread phic/h,spread h/r
1.946838e-01,1.084859e-01,7.175947e-02,1.372840e-01,9.783100e-02,7.095447e-02
2.021868e-03,1.210697e-02,4.303344e-05,1.489488e-03,1.065689e-02,4.749675e-05
