# rmse alpha/u,rmse phic/h,rmse h/r,spread alpha/u,spread phic/h,spread h/r
1.946838e-01,1.084859e-01,7.175947e-02,1.372840e-01,9.783100e-02,7.095447e-02
2.526397e-03,2.068155e-02,5.711708e-05,1.977977e-03,1.425009e-02,5.256231e-05
