# rmse alpha/u,rmse phic/h,rmse h/r,spread alpha/u,spread phic/h,spread h/r
1.946838e-01,1.084859e-01,7.175947e-02,1.372840e-01,9.783100e-02,7.095447e-02
2.551693e-03,1.693592e-02,5.628809e-05,1.568601e-03,1.139669e-02,5.098927e-05
