# rmse alpha/u,rmse phic/h,rmse h/r,spread alpha/u,spread phic/h,spread h/r
1.946838e-01,1.084859e-01,7.175947e-02,1.372840e-01,9.783100e-02,7.095447e-02
3.623680e-03,2.337117e-02,3.649905e-05,2.239287e-03,1.568247e-02,4.789813e-05
