# rmse alpha/u,rmse phic/h,rmse h/r,spread alpha/u,spread phic/h,spread h/r
4.802047e-02,2.316874e-01,5.402516e-01,1.969593e-01,1.699969e-01,1.470455e-01
2.076169e-03,1.500168e-02,8.125475e-05,1.897940e-03,1.361979e-02,5.057111e-05
