# rmse alpha/u,rmse phic/h,rmse h/r,spread alpha/u,spread phic/h,spread h/r
4.802047e-02,2.316874e-01,5.402516e-01,1.969593e-01,1.699969e-01,1.470455e-01
2.239264e-03,1.197944e-02,6.592393e-05,1.844453e-03,1.242191e-02,4.111713e-05
