# rmse alpha/u,rmse phic/h,rmse h/r,spread alpha/u,spread phic/h,spread h/r
4.802047e-02,2.316874e-01,5.402516e-01,1.969593e-01,1.699969e-01,1.470455e-01
3.042168e-03,1.429348e-02,6.308295e-05,2.712356e-03,1.676778e-02,4.041674e-05
