# rmse alpha/u,rmse phic/h,rmse h/r,spread alpha/u,spread phic/h,spread h/r
4.802047e-02,2.316874e-01,5.402516e-01,1.969593e-01,1.699969e-01,1.470455e-01
4.789434e-03,2.475258e-02,7.509516e-05,3.536536e-03,2.441975e-02,5.576847e-05
