# rmse alpha/u,rmse phic/h,rmse h/r,spread alpha/u,spread phic/h,spread h/r
4.802047e-02,2.316874e-01,5.402516e-01,1.969593e-01,1.699969e-01,1.470455e-01
2.977773e-03,1.929189e-02,8.568471e-05,2.779028e-03,1.994890e-02,5.893664e-05
