# rmse alpha/u,rmse phic/h,rmse h/r,spread alpha/u,spread phic/h,spread h/r
4.802047e-02,2.316874e-01,5.402516e-01,1.969593e-01,1.699969e-01,1.470455e-01
2.222723e-03,1.821637e-02,8.147425e-05,1.289851e-03,9.561105e-03,4.406817e-05
