# rmse alpha/u,rmse phic/h,rmse h/r,spread alpha/u,spread phic/h,spread h/r
4.802047e-02,2.316874e-01,5.402516e-01,1.969593e-01,1.699969e-01,1.470455e-01
2.764879e-03,1.578297e-02,6.679390e-05,2.211603e-03,1.459646e-02,4.704296e-05
