# rmse alpha/u,rmse phic/h,rmse h/r,spread alpha/u,spread phic/h,spread h/r
1.218882e-03,2.816727e-03,5.755251e-02,1.305849e-01,8.978456e-02,7.824187e-02
9.476711e-04,6.760119e-03,2.287327e-05,8.062480e-04,6.148186e-03,4.575857e-05
