# rmse alpha/u,rmse phic/h,rmse h/r,spread alpha/u,spread phic/h,spread h/r
1.218882e-03,2.816727e-03,5.755251e-02,1.305849e-01,8.978456e-02,7.824187e-02
8.151311e-04,6.251892e-03,2.708800e-05,7.942007e-04,6.221353e-03,4.433360e-05
