# rmse alpha/u,rmse phic/h,rmse h/r,spread alpha/u,spread phic/h,spread h/r
1.218882e-03,2.816727e-03,5.755251e-02,1.305849e-01,8.978456e-02,7.824187e-02
9.925394e-04,8.804557e-03,2.902666e-05,7.993722e-04,6.230297e-03,4.453553e-05
