# rmse alpha/u,rmse phic/h,rmse h/r,spread alpha/u,spread phic/h,spread h/r
1.218882e-03,2.816727e-03,5.755251e-02,1.305849e-01,8.978456e-02,7.824187e-02
8.323322e-04,6.658596e-03,2.584360e-05,8.120280e-04,6.281557e-03,4.510148e-05
