# rmse alpha/u,rmse phic/h,rmse h/r,spread alpha/u,spread phic/h,spread h/r
6.322648e-01,4.769852e-01,3.020233e-01,1.837476e-01,2.443896e-01,2.064901e-01
5.167108e-03,3.288559e-02,9.553232e-05,2.562303e-03,1.773437e-02,5.252791e-05
