# rmse alpha/u,rmse phic/h,rmse h/r,spread alpha/u,spread phic/h,spread h/r
6.322648e-01,4.769852e-01,3.020233e-01,1.837476e-01,2.443896e-01,2.064901e-01
2.914968e-03,2.173989e-02,7.516214e-05,2.597596e-03,1.771849e-02,4.770230e-05
