# rmse alpha/u,rmse phic/h,rmse h/r,spread alpha/u,spread phic/h,spread h/r
6.322648e-01,4.769852e-01,3.020233e-01,1.837476e-01,2.443896e-01,2.064901e-01
3.987558e-03,2.571614e-02,6.889579e-05,3.271063e-03,2.433200e-02,5.430737e-05
