# rmse alpha/u,rmse phic/h,rmse h/r,spread alpha/u,spread phic/h,spread h/r
6.322648e-01,4.769852e-01,3.020233e-01,1.837476e-01,2.443896e-01,2.064901e-01
5.400486e-03,3.596645e-02,7.175421e-05,3.371844e-03,2.594767e-02,5.683372e-05
