# rmse alpha/u,rmse phic/h,rmse h/r,spread alpha/u,spread phic/h,spread h/r
6.322648e-01,4.769852e-01,3.020233e-01,1.837476e-01,2.443896e-01,2.064901e-01
4.568990e-03,3.876434e-02,1.034402e-04,3.704959e-03,2.920234e-02,6.632558e-05
