# rmse alpha/u,rmse phic/h,rmse h/r,spread alpha/u,spread phic/h,spread h/r
6.322648e-01,4.769852e-01,3.020233e-01,1.837476e-01,2.443896e-01,2.064901e-01
5.062178e-03,2.774446e-02,8.492625e-05,3.329263e-03,2.397416e-02,5.598344e-05
