# rmse alpha/u,rmse phic/h,rmse h/r,spread alpha/u,spread phic/h,spread h/r
6.322648e-01,4.769852e-01,3.020233e-01,1.837476e-01,2.443896e-01,2.064901e-01
5.136529e-03,3.438678e-02,7.746282e-05,4.213712e-03,3.120958e-02,5.838193e-05
