# rmse alpha/u,rmse phic/h,rmse h/r,spread alpha/u,spread phic/h,spread h/r
6.322648e-01,4.769852e-01,3.020233e-01,1.837476e-01,2.443896e-01,2.064901e-01
4.344392e-03,3.161846e-02,8.084719e-05,3.224809e-03,2.125991e-02,4.775235e-05
