# rmse alpha/u,rmse phic/h,rmse h/r,spread alpha/u,spread phic/h,spread h/r
6.322648e-01,4.769852e-01,3.020233e-01,1.837476e-01,2.443896e-01,2.064901e-01
5.102850e-03,3.262567e-02,6.900384e-05,3.560975e-03,2.529702e-02,5.187726e-05
