# rmse alpha/u,rmse phic/h,rmse h/r,spread alpha/u,spread phic/h,spread h/r
9.839444e-03,6.704704e-04,1.447166e-04,1.769418e-01,2.092944e-01,1.590787e-01
4.500892e-03,2.254273e-02,4.662355e-05,1.488222e-03,1.042193e-02,3.866108e-05
