# rmse alpha/u,rmse phic/h,rmse h/r,spread alpha/u,spread phic/h,spread h/r
9.839444e-03,6.704704e-04,1.447166e-04,1.769418e-01,2.092944e-01,1.590787e-01
8.236744e-04,6.288828e-03,3.461037e-05,7.749423e-04,5.962982e-03,3.349517e-05
