# rmse alpha/u,rmse phic/h,rmse h/r,spread alpha/u,spread phic/h,spread h/r
9.839444e-03,6.704704e-04,1.447166e-04,1.769418e-01,2.092944e-01,1.590787e-01
9.168389e-04,7.496309e-03,3.078521e-05,8.252718e-04,6.374493e-03,3.260020e-05
