# rmse alpha/u,rmse phic/h,rmse h/r,spread alpha/u,spread phic/h,spread h/r
9.839444e-03,6.704704e-04,1.447166e-04,1.769418e-01,2.092944e-01,1.590787e-01
2.643807e-03,1.417214e-02,4.409305e-05,1.659467e-03,1.120090e-02,3.813635e-05
