# rmse alpha/u,rmse phic/h,rmse h/r,spread alpha/u,spread phic/h,spread h/r
9.839444e-03,6.704704e-04,1.447166e-04,1.769418e-01,2.092944e-01,1.590787e-01
2.538268e-03,1.660295e-02,4.500727e-05,1.361852e-03,9.358534e-03,3.689049e-05
