# rmse alpha/u,rmse phic/h,rmse h/r,spread alpha/u,spread phic/h,spread h/r
9.839444e-03,6.704704e-04,1.447166e-04,1.769418e-01,2.092944e-01,1.590787e-01
2.799638e-03,1.485976e-02,4.276092e-05,1.765772e-03,1.288944e-02,4.073180e-05
