# rmse alpha/u,rmse phic/h,rmse h/r,spread alpha/u,spread phic/h,spread h/r
9.839444e-03,6.704704e-04,1.447166e-04,1.769418e-01,2.092944e-01,1.590787e-01
2.403089e-03,1.798910e-02,5.258139e-05,1.341158e-03,1.012722e-02,3.874779e-05
