# rmse alpha/u,rmse phic/h,rmse h/r,spread alpha/u,spread phic/h,spread h/r
1.026564e-02,3.168433e-02,9.748034e-04,1.475959e-01,2.227898e-01,1.507363e-01
9.422833e-04,6.873403e-03,2.457165e-05,8.782135e-04,6.831708e-03,3.845436e-05
