# rmse alpha/u,rmse phic/h,rmse h/r,spread alpha/u,spread phic/h,spread h/r
1.026564e-02,3.168433e-02,9.748034e-04,1.475959e-01,2.227898e-01,1.507363e-01
1.728791e-03,9.603621e-03,3.535904e-05,1.039630e-03,7.864013e-03,4.138889e-05
