# rmse alpha/u,rmse phic/h,rmse h/r,spread alpha/u,spread phic/h,spread h/r
1.026564e-02,3.168433e-02,9.748034e-04,1.475959e-01,2.227898e-01,1.507363e-01
1.768006e-03,9.804548e-03,2.154984e-05,9.103664e-04,6.978849e-03,3.615662e-05
