# rmse alpha/u,rmse phic/h,rmse h/r,spread alpha/u,spread phic/h,spread h/r
1.026564e-02,3.168433e-02,9.748034e-04,1.475959e-01,2.227898e-01,1.507363e-01
1.150186e-03,7.839515e-03,2.778095e-05,8.395838e-04,6.378408e-03,3.409681e-05
