# rmse alpha/u,rmse phic/h,rmse h/r,spread alpha/u,spread phic/h,spread h/r
5.026772e-02,4.550935e-06,3.845307e-03,2.021844e-01,1.823542e-01,2.029298e-01
4.600314e-03,2.855003e-02,7.145297e-05,2.337153e-03,1.758317e-02,5.506439e-05
