# rmse alpha/u,rmse phic/h,rmse h/r,spread alpha/u,spread phic/h,spread h/r
5.026772e-02,4.550935e-06,3.845307e-03,2.021844e-01,1.823542e-01,2.029298e-01
3.127066e-03,2.619575e-02,7.875497e-05,2.314128e-03,1.657848e-02,5.625796e-05
