# rmse alpha/u,rmse phic/h,rmse h/r,spread alpha/u,spread phic/h,spread h/r
5.026772e-02,4.550935e-06,3.845307e-03,2.021844e-01,1.823542e-01,2.029298e-01
2.649348e-03,1.749469e-02,5.513183e-05,1.650653e-03,1.173356e-02,5.583253e-05
