# rmse alpha/u,rmse phic/h,rmse h/r,spread alpha/u,spread phic/h,spread h/r
5.026772e-02,4.550935e-06,3.845307e-03,2.021844e-01,1.823542e-01,2.029298e-01
1.648036e-03,1.272755e-02,5.038888e-05,1.210938e-03,8.591072e-03,5.051976e-05
