# rmse alpha/u,rmse phic/h,rmse h/r,spread alpha/u,spread phic/h,spread h/r
9.465634e-02,1.214831e-01,1.736311e-01,2.011122e-01,2.284813e-01,1.938860e-01
4.400366e-03,2.760901e-02,4.965914e-05,2.261280e-03,1.536924e-02,2.195776e-05
