# rmse alpha/u,rmse phic/h,rmse h/r,spread alpha/u,spread phic/h,spread h/r
9.465634e-02,1.214831e-01,1.736311e-01,2.011122e-01,2.284813e-01,1.938860e-01
3.390062e-03,2.142077e-02,3.294834e-05,2.304001e-03,1.631344e-02,1.834984e-05
