# rmse alpha/u,rmse phic/h,rmse h/r,spread alpha/u,spread phic/h,spread h/r
9.465634e-02,1.214831e-01,1.736311e-01,2.011122e-01,2.284813e-01,1.938860e-01
5.126808e-03,3.255502e-02,4.395756e-05,2.854508e-03,1.997870e-02,2.212777e-05
