# rmse alpha/u,rmse phic/h,rmse h/r,spread alpha/u,spread phic/h,spread h/r
9.366993e-03,5.244042e-02,1.288842e-02,1.347552e-01,9.182556e-02,7.284771e-02
9.807940e-04,7.363170e-03,2.288543e-05,8.926813e-04,6.821724e-03,4.137803e-05
