# rmse alpha/u,rmse phic/h,rmse h/r,spread alpha/u,spread phic/h,spread h/r
9.366993e-03,5.244042e-02,1.288842e-02,1.347552e-01,9.182556e-02,7.284771e-02
1.389229e-03,7.456825e-03,3.112620e-05,9.604073e-04,7.260889e-03,4.303198e-05
