# rmse alpha/u,rmse phic/h,rmse h/r,spread alpha/u,spread phic/h,spread h/r
9.366993e-03,5.244042e-02,1.288842e-02,1.347552e-01,9.182556e-02,7.284771e-02
2.005738e-03,1.448138e-02,2.821676e-05,1.069928e-03,7.779984e-03,4.128641e-05
