# rmse alpha/u,rmse phic/h,rmse h/r,spread alpha/u,spread phic/h,spread h/r
1.224573e-01,2.909014e-01,4.642403e-01,2.014417e-01,2.219743e-01,1.900285e-01
5.769168e-03,3.926784e-02,7.726749e-05,3.556226e-03,2.654738e-02,4.678439e-05
