# rmse alpha/u,rmse phic/h,rmse h/r,spread alpha/u,spread phic/h,spread h/r
1.224573e-01,2.909014e-01,4.642403e-01,2.014417e-01,2.219743e-01,1.900285e-01
3.584760e-03,2.327134e-02,5.479831e-05,2.526856e-03,1.764863e-02,3.707085e-05
