# rmse alpha/u,rmse phic/h,rmse h/r,spread alpha/u,spread phic/h,spread h/r
1.224573e-01,2.909014e-01,4.642403e-01,2.014417e-01,2.219743e-01,1.900285e-01
4.715156e-03,2.803049e-02,6.855405e-05,2.285774e-03,1.655623e-02,3.545021e-05
