# rmse alpha/u,rmse phic/h,rmse h/r,spread alpha/u,spread phic/h,spread h/r
1.146311e-01,2.709760e-01,5.002372e-03,1.982756e-01,1.909562e-01,1.621428e-01
5.187500e-03,3.572064e-02,7.027273e-05,5.363424e-03,3.970815e-02,6.744382e-05
