# rmse alpha/u,rmse phic/h,rmse h/r,spread alpha/u,spread phic/h,spread h/r
8.797143e-02,3.823257e-02,1.066397e-01,1.699231e-01,2.371684e-01,1.419867e-01
3.865359e-03,2.074316e-02,2.561780e-05,3.396456e-03,2.363758e-02,2.665525e-05
