# rmse alpha/u,rmse phic/h,rmse h/r,spread alpha/u,spread phic/h,spread h/r
8.797143e-02,3.823257e-02,1.066397e-01,1.699231e-01,2.371684e-01,1.419867e-01
3.245055e-03,2.609750e-02,2.489964e-05,3.602005e-03,2.787203e-02,2.923737e-05
