# rmse alpha/u,rmse phic/h,rmse h/r,spread alpha/u,spread phic/h,spread h/r
8.797143e-02,3.823257e-02,1.066397e-01,1.699231e-01,2.371684e-01,1.419867e-01
4.208502e-03,2.844096e-02,2.519527e-05,3.531600e-03,2.746536e-02,3.103737e-05
