# rmse alpha/u,rmse phic/h,rmse h/r,spread alpha/u,spread phic/h,spread h/r
8.797143e-02,3.823257e-02,1.066397e-01,1.699231e-01,2.371684e-01,1.419867e-01
2.925860e-03,2.729090e-02,3.112893e-05,3.038452e-03,2.333842e-02,3.126905e-05
