# rmse alpha/u,rmse phic/h,rmse h/r,spread alpha/u,spread phic/h,spread h/r
8.797143e-02,3.823257e-02,1.066397e-01,1.699231e-01,2.371684e-01,1.419867e-01
4.412242e-03,3.392743e-02,3.701105e-05,3.468402e-03,2.629835e-02,3.517293e-05
