# rmse alpha/u,rmse phic/h,rmse h/r,spread alpha/u,spread phic/h,spread h/r
8.797143e-02,3.823257e-02,1.066397e-01,1.699231e-01,2.371684e-01,1.419867e-01
4.083125e-03,3.275403e-02,3.985329e-05,3.229658e-03,2.486731e-02,3.524839e-05
