# rmse alpha/u,rmse phic/h,rmse h/r,spread alpha/u,spread phic/h,spread h/r
8.797143e-02,3.823257e-02,1.066397e-01,1.699231e-01,2.371684e-01,1.419867e-01
4.098737e-03,2.258946e-02,3.423194e-05,3.094129e-03,2.328431e-02,3.411356e-05
