# rmse alpha/u,rmse phic/h,rmse h/r,spread alpha/u,spread phic/h,spread h/r
8.797143e-02,3.823257e-02,1.066397e-01,1.699231e-01,2.371684e-01,1.419867e-01
3.756154e-03,1.998780e-02,3.970575e-05,3.040917e-03,2.184316e-02,3.338288e-05
