# rmse alpha/u,rmse phic/h,rmse h/r,spread alpha/u,spread phic/h,spread h/r
8.797143e-02,3.823257e-02,1.066397e-01,1.699231e-01,2.371684e-01,1.419867e-01
4.725447e-03,2.294794e-02,3.272101e-05,3.126092e-03,2.283706e-02,3.510949e-05
