# rmse alpha/u,rmse phic/h,rmse h/r,spread alpha/u,spread phic/h,spread h/r
8.797143e-02,3.823257e-02,1.066397e-01,1.699231e-01,2.371684e-01,1.419867e-01
3.956745e-03,2.788351e-02,2.757880e-05,2.574201e-03,1.840569e-02,3.097530e-05
