# rmse alpha/u,rmse phic/h,rmse h/r,spread alpha/u,spread phic/h,spread h/r
8.797143e-02,3.823257e-02,1.066397e-01,1.699231e-01,2.371684e-01,1.419867e-01
3.966659e-03,2.355365e-02,2.485099e-05,2.720100e-03,1.933595e-02,2.285220e-05
