# rmse alpha/u,rmse phic/h,rmse h/r,spread alpha/u,spread phic/h,spread h/r
8.797143e-02,3.823257e-02,1.066397e-01,1.699231e-01,2.371684e-01,1.419867e-01
4.317180e-03,2.317074e-02,2.655331e-05,2.883479e-03,2.150463e-02,3.101543e-05
