# rmse alpha/u,rmse phic/h,rmse h/r,spread alpha/u,spread phic/h,spread h/r
1.092704e-01,3.589916e-01,4.612944e-01,2.004119e-01,2.167927e-01,1.908257e-01
3.170346e-03,2.462129e-02,8.401354e-05,2.061921e-03,1.430527e-02,2.281506e-05
