# rmse alpha/u,rmse phic/h,rmse h/r,spread alpha/u,spread phic/h,spread h/r
1.092704e-01,3.589916e-01,4.612944e-01,2.004119e-01,2.167927e-01,1.908257e-01
3.747604e-03,2.359040e-02,6.709148e-05,2.241706e-03,1.496070e-02,2.170962e-05
