# rmse alpha/u,rmse phic/h,rmse h/r,spread alpha/u,spread phic/h,spread h/r
1.924346e-01,4.943199e-01,5.403627e-01,1.444229e-01,2.280619e-01,2.047749e-01
8.550493e-04,6.550004e-03,2.122015e-05,8.365077e-04,6.649255e-03,5.133750e-05
