# rmse alpha/u,rmse phic/h,rmse h/r,spread alpha/u,spread phic/h,spread h/r
1.924346e-01,4.943199e-01,5.403627e-01,1.444229e-01,2.280619e-01,2.047749e-01
8.489130e-04,6.575869e-03,2.821412e-05,8.397148e-04,6.561525e-03,5.061360e-05
