# rmse alpha/u,rmse phic/h,rmse h/r,spread alpha/u,spread phic/h,spread h/r
1.924346e-01,4.943199e-01,5.403627e-01,1.444229e-01,2.280619e-01,2.047749e-01
8.542007e-04,6.803041e-03,1.833540e-05,8.639656e-04,6.697900e-03,5.118218e-05
