# rmse alpha/u,rmse phic/h,rmse h/r,spread alpha/u,spread phic/h,spread h/r
1.924346e-01,4.943199e-01,5.403627e-01,1.444229e-01,2.280619e-01,2.047749e-01
8.806883e-04,7.188161e-03,2.208900e-05,8.909419e-04,7.021794e-03,5.339505e-05
