# rmse alpha/u,rmse phic/h,rmse h/r,spread alpha/u,spread phic/h,spread h/r
1.924346e-01,4.943199e-01,5.403627e-01,1.444229e-01,2.280619e-01,2.047749e-01
8.508512e-04,7.000294e-03,3.162006e-05,8.549089e-04,6.946515e-03,5.344278e-05
