# rmse alpha/u,rmse phic/h,rmse h/r,spread alpha/u,spread phic/h,spread h/r
1.924346e-01,4.943199e-01,5.403627e-01,1.444229e-01,2.280619e-01,2.047749e-01
8.069705e-04,6.900682e-03,2.594691e-05,8.218788e-04,6.506128e-03,5.035806e-05
