# rmse alpha/u,rmse phic/h,rmse h/r,spread alpha/u,spread phic/h,spread h/r
1.924346e-01,4.943199e-01,5.403627e-01,1.444229e-01,2.280619e-01,2.047749e-01
8.414079e-04,6.788520e-03,2.318695e-05,8.375039e-04,6.654373e-03,5.388608e-05
