# rmse alpha/u,rmse phic/h,rmse h/r,spread alpha/u,spread phic/h,spread h/r
5.977139e-02,1.228191e-03,1.634038e-03,1.301135e-01,9.115669e-02,8.672107e-02
3.184732e-03,2.518319e-02,4.415775e-05,2.429239e-03,1.623287e-02,2.920290e-05
