# rmse alpha/u,rmse phic/h,rmse h/r,spread alpha/u,spread phic/h,spread h/r
5.977139e-02,1.228191e-03,1.634038e-03,1.301135e-01,9.115669e-02,8.672107e-02
4.545062e-03,3.277290e-02,4.630574e-05,3.336552e-03,2.352585e-02,3.036478e-05
