# rmse alpha/u,rmse phic/h,rmse h/r,spread alpha/u,spread phic/h,spread h/r
5.977139e-02,1.228191e-03,1.634038e-03,1.301135e-01,9.115669e-02,8.672107e-02
4.836780e-03,2.975968e-02,4.144655e-05,2.682466e-03,1.814449e-02,2.450487e-05
