# rmse alpha/u,rmse phic/h,rmse h/r,spread alpha/u,spread phic/h,spread h/r
5.977139e-02,1.228191e-03,1.634038e-03,1.301135e-01,9.115669e-02,8.672107e-02
5.027974e-03,2.992685e-02,4.256612e-05,3.244204e-03,2.387302e-02,3.452745e-05
