# rmse alpha/u,rmse phic/h,rmse h/r,spread alpha/u,spread phic/h,spread h/r
6.151200e-02,1.034628e-02,8.231802e-02,1.647172e-01,2.045747e-01,1.678027e-01
4.132185e-03,2.435062e-02,4.380347e-05,2.755936e-03,1.889155e-02,2.481060e-05
