# rmse alpha/u,rmse phic/h,rmse h/r,spread alpha/u,spread phic/h,spread h/r
6.151200e-02,1.034628e-02,8.231802e-02,1.647172e-01,2.045747e-01,1.678027e-01
2.784488e-03,2.480215e-02,3.686708e-05,2.032633e-03,1.626613e-02,2.946632e-05
