# rmse alpha/u,rmse phic/h,rmse h/r,spread alpha/u,spread phic/h,spread h/r
6.151200e-02,1.034628e-02,8.231802e-02,1.647172e-01,2.045747e-01,1.678027e-01
2.133225e-03,1.377966e-02,3.397496e-05,1.797645e-03,1.453749e-02,2.811886e-05
