# rmse alpha/u,rmse phic/h,rmse h/r,spread alpha/u,spread phic/h,spread h/r
6.151200e-02,1.034628e-02,8.231802e-02,1.647172e-01,2.045747e-01,1.678027e-01
4.406060e-03,2.825502e-02,2.920315e-05,2.812222e-03,1.872656e-02,2.744554e-05
