# rmse alpha/u,rmse phic/h,rmse h/r,spread alpha/u,spread phic/h,spread h/r
6.151200e-02,1.034628e-02,8.231802e-02,1.647172e-01,2.045747e-01,1.678027e-01
3.681689e-03,1.971535e-02,3.887196e-05,1.534610e-03,1.072444e-02,2.806539e-05
