# rmse alpha/u,rmse phic/h,rmse h/r,spread alpha/u,spread phic/h,spread h/r
6.151200e-02,1.034628e-02,8.231802e-02,1.647172e-01,2.045747e-01,1.678027e-01
2.368993e-03,1.458139e-02,1.918014e-05,1.728943e-03,1.155101e-02,2.142373e-05
