# rmse alpha/u,rmse phic/h,rmse h/r,spread alpha/u,spread phic/h,spread h/r
6.151200e-02,1.034628e-02,8.231802e-02,1.647172e-01,2.045747e-01,1.678027e-01
5.469771e-03,3.611010e-02,4.555121e-05,2.834774e-03,2.144225e-02,3.725564e-05
