# rmse alpha/u,rmse phic/h,rmse h/r,spread alpha/u,spread phic/h,spread h/r
5.120912e-01,2.123358e-01,4.167712e-01,1.475959e-01,2.227898e-01,1.507363e-01
5.032278e-03,2.777575e-02,1.606803e-05,3.829014e-03,2.937429e-02,1.469489e-05
