# rmse alpha/u,rmse phic/h,rmse h/r,spread alpha/u,spread phic/h,spread h/r
5.120912e-01,2.123358e-01,4.167712e-01,1.475959e-01,2.227898e-01,1.507363e-01
4.126120e-03,3.292477e-02,2.410346e-05,3.585968e-03,2.885687e-02,1.807198e-05
