alpha,phi,h
0.500000,0.378600,0.800200
