# rmse alpha/u,rmse phic/h,rmse h/r,spread alpha/u,spread phic/h,spread h/r
8.156971e-02,7.079314e-03,9.341215e-02,1.457005e-01,9.908758e-02,7.369123e-02
4.911762e-03,3.325810e-02,7.895490e-05,4.133676e-03,3.211325e-02,6.271958e-05
