# rmse alpha/u,rmse phic/h,rmse h/r,spread alpha/u,spread phic/h,spread h/r
8.156971e-02,7.079314e-03,9.341215e-02,1.457005e-01,9.908758e-02,7.369123e-02
3.836201e-03,2.886755e-02,7.072751e-05,2.668870e-03,1.975567e-02,4.892881e-05
