# rmse alpha/u,rmse phic/h,rmse h/r,spread alpha/u,spread phic/h,spread h/r
8.156971e-02,7.079314e-03,9.341215e-02,1.457005e-01,9.908758e-02,7.369123e-02
5.441796e-03,3.076134e-02,5.306243e-05,3.258907e-03,2.237330e-02,4.688399e-05
