# rmse alpha/u,rmse phic/h,rmse h/r,spread alpha/u,spread phic/h,spread h/r
6.267309e-02,1.944979e-01,8.785771e-02,1.906733e-01,1.720275e-01,1.565591e-01
9.790621e-04,7.597748e-03,2.095768e-05,9.256263e-04,6.746707e-03,2.045252e-05
