# rmse alpha/u,rmse phic/h,rmse h/r,spread alpha/u,spread phic/h,spread h/r
6.267309e-02,1.944979e-01,8.785771e-02,1.906733e-01,1.720275e-01,1.565591e-01
3.807537e-03,2.539067e-02,3.567160e-05,1.164275e-03,8.522190e-03,2.263305e-05
