# rmse alpha/u,rmse phic/h,rmse h/r,spread alpha/u,spread phic/h,spread h/r
6.267309e-02,1.944979e-01,8.785771e-02,1.906733e-01,1.720275e-01,1.565591e-01
8.709009e-04,7.158591e-03,2.626022e-05,8.084350e-04,6.071211e-03,2.014083e-05
