# rmse alpha/u,rmse phic/h,rmse h/r,spread alpha/u,spread phic/h,spread h/r
2.763214e-03,2.349758e-02,5.746698e-03,1.106306e-01,9.043265e-02,5.864440e-02
8.507434e-04,6.763096e-03,2.529366e-05,8.907955e-04,6.907760e-03,4.713774e-05
