# rmse alpha/u,rmse phic/h,rmse h/r,spread alpha/u,spread phic/h,spread h/r
2.763214e-03,2.349758e-02,5.746698e-03,1.106306e-01,9.043265e-02,5.864440e-02
8.553812e-04,6.291914e-03,2.300585e-05,9.053114e-04,6.744356e-03,4.529122e-05
