# rmse alpha/u,rmse phic/h,rmse h/r,spread alpha/u,spread phic/h,spread h/r
2.763214e-03,2.349758e-02,5.746698e-03,1.106306e-01,9.043265e-02,5.864440e-02
2.180582e-03,1.446798e-02,3.932651e-05,1.408911e-03,9.982334e-03,5.210074e-05
