# rmse alpha/u,rmse phic/h,rmse h/r,spread alpha/u,spread phic/h,spread h/r
2.763214e-03,2.349758e-02,5.746698e-03,1.106306e-01,9.043265e-02,5.864440e-02
1.129225e-03,8.036997e-03,3.175340e-05,8.486200e-04,6.472483e-03,4.240949e-05
