# rmse alpha/u,rmse phic/h,rmse h/r,spread alpha/u,spread phic/h,spread h/r
2.755415e-01,1.067154e-01,3.351447e-01,1.063742e-01,8.728227e-02,8.597442e-02
5.002449e-03,2.953649e-02,6.255062e-05,3.064356e-03,2.115307e-02,4.407206e-05
