# rmse alpha/u,rmse phic/h,rmse h/r,spread alpha/u,spread phic/h,spread h/r
2.755415e-01,1.067154e-01,3.351447e-01,1.063742e-01,8.728227e-02,8.597442e-02
4.305333e-03,3.066340e-02,7.505170e-05,2.924433e-03,2.159553e-02,4.969267e-05
