# rmse alpha/u,rmse phic/h,rmse h/r,spread alpha/u,spread phic/h,spread h/r
2.755415e-01,1.067154e-01,3.351447e-01,1.063742e-01,8.728227e-02,8.597442e-02
3.476839e-03,2.364078e-02,7.199615e-05,2.586194e-03,1.867156e-02,4.599841e-05
