# rmse alpha/u,rmse phic/h,rmse h/r,spread alpha/u,spread phic/h,spread h/r
2.755415e-01,1.067154e-01,3.351447e-01,1.063742e-01,8.728227e-02,8.597442e-02
3.482497e-03,1.784164e-02,4.900169e-05,2.722963e-03,1.942481e-02,4.455767e-05
