# rmse alpha/u,rmse phic/h,rmse h/r,spread alpha/u,spread phic/h,spread h/r
2.755415e-01,1.067154e-01,3.351447e-01,1.063742e-01,8.728227e-02,8.597442e-02
3.947243e-03,2.729640e-02,4.765139e-05,3.452540e-03,2.446387e-02,4.612300e-05
