# rmse alpha/u,rmse phic/h,rmse h/r,spread alpha/u,spread phic/h,spread h/r
7.761413e-02,5.805133e-02,3.402331e-02,1.762310e-01,2.515894e-01,2.115196e-01
3.029606e-03,2.413981e-02,5.933321e-05,2.786621e-03,1.967903e-02,4.966586e-05
