# rmse alpha/u,rmse phic/h,rmse h/r,spread alpha/u,spread phic/h,spread h/r
7.761413e-02,5.805133e-02,3.402331e-02,1.762310e-01,2.515894e-01,2.115196e-01
5.282285e-03,2.870632e-02,5.614105e-05,3.005940e-03,2.221194e-02,5.288816e-05
