# rmse alpha/u,rmse phic/h,rmse h/r,spread alpha/u,spread phic/h,spread h/r
7.761413e-02,5.805133e-02,3.402331e-02,1.762310e-01,2.515894e-01,2.115196e-01
3.103708e-03,2.412177e-02,8.147728e-05,2.790108e-03,2.030266e-02,5.221243e-05
