# rmse alpha/u,rmse phic/h,rmse h/r,spread alpha/u,spread phic/h,spread h/r
7.761413e-02,5.805133e-02,3.402331e-02,1.762310e-01,2.515894e-01,2.115196e-01
5.296636e-03,2.948523e-02,7.427135e-05,2.872451e-03,1.924772e-02,5.108200e-05
