# rmse alpha/u,rmse phic/h,rmse h/r,spread alpha/u,spread phic/h,spread h/r
7.761413e-02,5.805133e-02,3.402331e-02,1.762310e-01,2.515894e-01,2.115196e-01
4.962431e-03,3.080777e-02,5.548315e-05,3.156023e-03,2.170558e-02,5.037822e-05
