# rmse alpha/u,rmse phic/h,rmse h/r,spread alpha/u,spread phic/h,spread h/r
7.761413e-02,5.805133e-02,3.402331e-02,1.762310e-01,2.515894e-01,2.115196e-01
2.695874e-03,1.235501e-02,5.088738e-05,1.924607e-03,1.303303e-02,4.475854e-05
