# rmse alpha/u,rmse phic/h,rmse h/r,spread alpha/u,spread phic/h,spread h/r
2.392291e-01,3.048325e-01,6.202420e-01,1.909684e-01,2.207097e-01,2.003914e-01
1.005151e-03,7.894578e-03,3.018792e-05,8.466012e-04,6.697805e-03,3.899493e-05
