# rmse alpha/u,rmse phic/h,rmse h/r,spread alpha/u,spread phic/h,spread h/r
2.392291e-01,3.048325e-01,6.202420e-01,1.909684e-01,2.207097e-01,2.003914e-01
8.237644e-04,6.180882e-03,2.573500e-05,8.006232e-04,6.294356e-03,3.647384e-05
