# rmse alpha/u,rmse phic/h,rmse h/r,spread alpha/u,spread phic/h,spread h/r
2.392291e-01,3.048325e-01,6.202420e-01,1.909684e-01,2.207097e-01,2.003914e-01
8.820546e-04,6.937209e-03,2.817235e-05,8.586083e-04,6.962039e-03,4.117443e-05
