# rmse alpha/u,rmse phic/h,rmse h/r,spread alpha/u,spread phic/h,spread h/r
2.392291e-01,3.048325e-01,6.202420e-01,1.909684e-01,2.207097e-01,2.003914e-01
8.578821e-04,6.429850e-03,2.835491e-05,8.206080e-04,6.449747e-03,3.937178e-05
