# rmse alpha/u,rmse phic/h,rmse h/r,spread alpha/u,spread phic/h,spread h/r
2.005721e-02,6.312776e-03,7.529117e-02,1.384151e-01,1.871334e-01,1.907866e-01
3.670561e-03,2.383939e-02,4.790169e-05,2.281407e-03,1.719908e-02,4.972987e-05
