# rmse alpha/u,rmse phic/h,rmse h/r,spread alpha/u,spread phic/h,spread h/r
2.005721e-02,6.312776e-03,7.529117e-02,1.384151e-01,1.871334e-01,1.907866e-01
3.955834e-03,3.238585e-02,4.556909e-05,2.543184e-03,1.861264e-02,5.155435e-05
