# rmse alpha/u,rmse phic/h,rmse h/r,spread alpha/u,spread phic/h,spread h/r
2.005721e-02,6.312776e-03,7.529117e-02,1.384151e-01,1.871334e-01,1.907866e-01
4.201737e-03,2.121473e-02,4.479782e-05,2.273130e-03,1.695102e-02,5.393447e-05
