# rmse alpha/u,rmse phic/h,rmse h/r,spread alpha/u,spread phic/h,spread h/r
2.005721e-02,6.312776e-03,7.529117e-02,1.384151e-01,1.871334e-01,1.907866e-01
2.573406e-03,1.463336e-02,3.693412e-05,1.679516e-03,1.201547e-02,4.630238e-05
