# rmse alpha/u,rmse phic/h,rmse h/r,spread alpha/u,spread phic/h,spread h/r
2.005721e-02,6.312776e-03,7.529117e-02,1.384151e-01,1.871334e-01,1.907866e-01
3.291336e-03,2.120593e-02,4.177131e-05,1.791955e-03,1.308484e-02,4.788542e-05
