# rmse alpha/u,rmse phic/h,rmse h/r,spread alpha/u,spread phic/h,spread h/r
2.112408e-01,3.083820e-01,1.651819e-01,2.064906e-01,1.899857e-01,1.562718e-01
8.693844e-04,6.747863e-03,2.253286e-05,8.738045e-04,6.943172e-03,4.683450e-05
