# rmse alpha/u,rmse phic/h,rmse h/r,spread alpha/u,spread phic/h,spread h/r
2.112408e-01,3.083820e-01,1.651819e-01,2.064906e-01,1.899857e-01,1.562718e-01
1.879432e-03,1.054845e-02,2.459399e-05,9.487870e-04,7.063020e-03,4.663194e-05
