# rmse alpha/u,rmse phic/h,rmse h/r,spread alpha/u,spread phic/h,spread h/r
2.112408e-01,3.083820e-01,1.651819e-01,2.064906e-01,1.899857e-01,1.562718e-01
1.286240e-03,8.385464e-03,2.588009e-05,8.953688e-04,6.845871e-03,4.575953e-05
