# rmse alpha/u,rmse phic/h,rmse h/r,spread alpha/u,spread phic/h,spread h/r
2.753369e-03,6.351027e-04,2.582116e-02,1.891597e-01,2.345669e-01,1.925257e-01
3.530120e-03,2.453744e-02,5.145146e-05,2.814928e-03,2.116919e-02,5.704793e-05
