# rmse alpha/u,rmse phic/h,rmse h/r,spread alpha/u,spread phic/h,spread h/r
2.753369e-03,6.351027e-04,2.582116e-02,1.891597e-01,2.345669e-01,1.925257e-01
3.163532e-03,1.823807e-02,4.549212e-05,2.636457e-03,1.824999e-02,5.046844e-05
