# rmse alpha/u,rmse phic/h,rmse h/r,spread alpha/u,spread phic/h,spread h/r
2.753369e-03,6.351027e-04,2.582116e-02,1.891597e-01,2.345669e-01,1.925257e-01
4.477383e-03,2.626156e-02,5.143257e-05,2.782562e-03,1.894160e-02,5.237188e-05
