# rmse alpha/u,rmse phic/h,rmse h/r,spread alpha/u,spread phic/h,spread h/r
2.753369e-03,6.351027e-04,2.582116e-02,1.891597e-01,2.345669e-01,1.925257e-01
4.132585e-03,2.804846e-02,5.446537e-05,2.587969e-03,1.771620e-02,4.778014e-05
