# rmse alpha/u,rmse phic/h,rmse h/r,spread alpha/u,spread phic/h,spread h/r
2.753369e-03,6.351027e-04,2.582116e-02,1.891597e-01,2.345669e-01,1.925257e-01
4.287275e-03,2.622010e-02,4.321535e-05,2.562253e-03,1.862384e-02,4.940041e-05
