# rmse alpha/u,rmse phic/h,rmse h/r,spread alpha/u,spread phic/h,spread h/r
2.753369e-03,6.351027e-04,2.582116e-02,1.891597e-01,2.345669e-01,1.925257e-01
4.280437e-03,3.218298e-02,6.614863e-05,2.541376e-03,2.058640e-02,5.689333e-05
