# rmse alpha/u,rmse phic/h,rmse h/r,spread alpha/u,spread phic/h,spread h/r
4.196383e-02,3.468504e-02,3.149657e-01,1.969593e-01,1.699969e-01,1.470455e-01
3.336291e-03,1.677033e-02,3.264366e-05,1.709056e-03,1.095586e-02,2.423467e-05
