# rmse alpha/u,rmse phic/h,rmse h/r,spread alpha/u,spread phic/h,spread h/r
4.196383e-02,3.468504e-02,3.149657e-01,1.969593e-01,1.699969e-01,1.470455e-01
4.218129e-03,2.510818e-02,3.617202e-05,2.293567e-03,1.637638e-02,3.278598e-05
