# rmse alpha/u,rmse phic/h,rmse h/r,spread alpha/u,spread phic/h,spread h/r
4.196383e-02,3.468504e-02,3.149657e-01,1.969593e-01,1.699969e-01,1.470455e-01
2.647507e-03,1.488998e-02,3.947207e-05,1.546690e-03,1.130028e-02,3.217615e-05
