# rmse alpha/u,rmse phic/h,rmse h/r,spread alpha/u,spread phic/h,spread h/r
4.196383e-02,3.468504e-02,3.149657e-01,1.969593e-01,1.699969e-01,1.470455e-01
4.656847e-03,2.765196e-02,5.455430e-05,1.772775e-03,1.240706e-02,3.531219e-05
