# rmse alpha/u,rmse phic/h,rmse h/r,spread alpha/u,spread phic/h,spread h/r
4.196383e-02,3.468504e-02,3.149657e-01,1.969593e-01,1.699969e-01,1.470455e-01
3.701455e-03,1.508746e-02,3.662338e-05,1.849022e-03,1.223239e-02,2.880819e-05
