# rmse alpha/u,rmse phic/h,rmse h/r,spread alpha/u,spread phic/h,spread h/r
9.192089e-02,3.866990e-03,3.051785e-02,1.385309e-01,9.756561e-02,7.326244e-02
3.951739e-03,3.372568e-02,4.083499e-05,4.055553e-03,3.090499e-02,3.645623e-05
