# rmse alpha/u,rmse phic/h,rmse h/r,spread alpha/u,spread phic/h,spread h/r
9.192089e-02,3.866990e-03,3.051785e-02,1.385309e-01,9.756561e-02,7.326244e-02
5.968394e-03,3.719267e-02,4.855032e-05,4.249354e-03,3.465742e-02,4.551476e-05
