# rmse alpha/u,rmse phic/h,rmse h/r,spread alpha/u,spread phic/h,spread h/r
9.192089e-02,3.866990e-03,3.051785e-02,1.385309e-01,9.756561e-02,7.326244e-02
3.889594e-03,2.673335e-02,4.010647e-05,3.089068e-03,2.152359e-02,3.692702e-05
