# rmse alpha/u,rmse phic/h,rmse h/r,spread alpha/u,spread phic/h,spread h/r
9.192089e-02,3.866990e-03,3.051785e-02,1.385309e-01,9.756561e-02,7.326244e-02
4.677680e-03,3.688414e-02,5.278753e-05,4.000001e-03,3.070771e-02,4.238893e-05
