# rmse alpha/u,rmse phic/h,rmse h/r,spread alpha/u,spread phic/h,spread h/r
2.582921e-03,6.043758e-03,5.596101e-01,2.178019e-01,1.997102e-01,1.533221e-01
1.042763e-03,7.733566e-03,2.906644e-05,8.877397e-04,6.718623e-03,3.211283e-05
