# rmse alpha/u,rmse phic/h,rmse h/r,spread alpha/u,spread phic/h,spread h/r
2.582921e-03,6.043758e-03,5.596101e-01,2.178019e-01,1.997102e-01,1.533221e-01
1.586155e-03,8.536462e-03,4.226332e-05,1.064471e-03,7.762195e-03,3.320158e-05
