# rmse alpha/u,rmse phic/h,rmse h/r,spread alpha/u,spread phic/h,spread h/r
2.582921e-03,6.043758e-03,5.596101e-01,2.178019e-01,1.997102e-01,1.533221e-01
8.676381e-04,6.037098e-03,3.379352e-05,8.502095e-04,6.439597e-03,2.950581e-05
