# rmse alpha/u,rmse phic/h,rmse h/r,spread alpha/u,spread phic/h,spread h/r
2.582921e-03,6.043758e-03,5.596101e-01,2.178019e-01,1.997102e-01,1.533221e-01
9.019187e-04,6.906420e-03,4.590640e-05,8.679714e-04,6.810921e-03,3.413770e-05
