# rmse alpha/u,rmse phic/h,rmse h/r,spread alpha/u,spread phic/h,spread h/r
1.948618e-02,2.455088e-02,1.817885e-02,1.979846e-01,2.078331e-01,1.935914e-01
3.160787e-03,1.965595e-02,4.239687e-05,2.325754e-03,1.647738e-02,5.210672e-05
