# rmse alpha/u,rmse phic/h,rmse h/r,spread alpha/u,spread phic/h,spread h/r
1.948618e-02,2.455088e-02,1.817885e-02,1.979846e-01,2.078331e-01,1.935914e-01
3.867399e-03,2.717819e-02,7.525179e-05,2.659714e-03,2.174001e-02,5.812322e-05
