# rmse alpha/u,rmse phic/h,rmse h/r,spread alpha/u,spread phic/h,spread h/r
1.948618e-02,2.455088e-02,1.817885e-02,1.979846e-01,2.078331e-01,1.935914e-01
4.721133e-03,2.831520e-02,5.942759e-05,3.206360e-03,2.557214e-02,6.366402e-05
