# rmse alpha/u,rmse phic/h,rmse h/r,spread alpha/u,spread phic/h,spread h/r
6.232715e-02,4.184856e-02,2.915007e-01,1.906733e-01,1.720275e-01,1.565591e-01
2.470301e-03,1.478289e-02,4.279455e-05,1.350840e-03,9.081038e-03,2.300786e-05
