# rmse alpha/u,rmse phic/h,rmse h/r,spread alpha/u,spread phic/h,spread h/r
6.232715e-02,4.184856e-02,2.915007e-01,1.906733e-01,1.720275e-01,1.565591e-01
2.031594e-03,1.622517e-02,5.268250e-05,1.476586e-03,1.075392e-02,2.593274e-05
