# rmse alpha/u,rmse phic/h,rmse h/r,spread alpha/u,spread phic/h,spread h/r
6.232715e-02,4.184856e-02,2.915007e-01,1.906733e-01,1.720275e-01,1.565591e-01
2.837050e-03,2.051672e-02,5.930877e-05,1.584482e-03,1.115192e-02,2.481632e-05
