# rmse alpha/u,rmse phic/h,rmse h/r,spread alpha/u,spread phic/h,spread h/r
1.174740e-02,5.641599e-02,1.371766e-03,1.846644e-01,1.751990e-01,1.862110e-01
2.434566e-03,1.262232e-02,5.219494e-05,1.148138e-03,8.303480e-03,5.344189e-05
