# rmse alpha/u,rmse phic/h,rmse h/r,spread alpha/u,spread phic/h,spread h/r
1.174740e-02,5.641599e-02,1.371766e-03,1.846644e-01,1.751990e-01,1.862110e-01
8.458647e-04,6.788264e-03,3.081069e-05,8.947313e-04,6.959914e-03,5.205138e-05
