# rmse alpha/u,rmse phic/h,rmse h/r,spread alpha/u,spread phic/h,spread h/r
1.174740e-02,5.641599e-02,1.371766e-03,1.846644e-01,1.751990e-01,1.862110e-01
1.760024e-03,1.183007e-02,2.911416e-05,9.958775e-04,7.471458e-03,5.150367e-05
