# rmse alpha/u,rmse phic/h,rmse h/r,spread alpha/u,spread phic/h,spread h/r
1.174740e-02,5.641599e-02,1.371766e-03,1.846644e-01,1.751990e-01,1.862110e-01
8.814185e-04,6.505252e-03,3.072484e-05,9.002606e-04,6.972891e-03,5.224051e-05
