# rmse alpha/u,rmse phic/h,rmse h/r,spread alpha/u,spread phic/h,spread h/r
7.762518e-02,2.318380e-02,7.294665e-04,2.013793e-01,2.203632e-01,1.439253e-01
2.127745e-03,1.187825e-02,3.230947e-05,1.761840e-03,1.209660e-02,3.906743e-05
