# rmse alpha/u,rmse phic/h,rmse h/r,spread alpha/u,spread phic/h,spread h/r
7.762518e-02,2.318380e-02,7.294665e-04,2.013793e-01,2.203632e-01,1.439253e-01
3.739896e-03,1.987479e-02,4.058625e-05,2.546599e-03,1.686436e-02,4.467760e-05
