# rmse alpha/u,rmse phic/h,rmse h/r,spread alpha/u,spread phic/h,spread h/r
7.762518e-02,2.318380e-02,7.294665e-04,2.013793e-01,2.203632e-01,1.439253e-01
3.612648e-03,2.196427e-02,5.383728e-05,2.123946e-03,1.695319e-02,5.431960e-05
