# rmse alpha/u,rmse phic/h,rmse h/r,spread alpha/u,spread phic/h,spread h/r
7.762518e-02,2.318380e-02,7.294665e-04,2.013793e-01,2.203632e-01,1.439253e-01
2.049763e-03,1.362418e-02,4.354267e-05,2.038340e-03,1.429008e-02,4.570736e-05
