# rmse alpha/u,rmse phic/h,rmse h/r,spread alpha/u,spread phic/h,spread h/r
7.762518e-02,2.318380e-02,7.294665e-04,2.013793e-01,2.203632e-01,1.439253e-01
1.997214e-03,1.766469e-02,4.871438e-05,2.034013e-03,1.458784e-02,4.924776e-05
