# rmse alpha/u,rmse phic/h,rmse h/r,spread alpha/u,spread phic/h,spread h/r
7.762518e-02,2.318380e-02,7.294665e-04,2.013793e-01,2.203632e-01,1.439253e-01
2.906397e-03,2.016513e-02,4.900062e-05,1.613807e-03,1.094057e-02,4.255607e-05
