# rmse alpha/u,rmse phic/h,rmse h/r,spread alpha/u,spread phic/h,spread h/r
5.250549e-03,2.771154e-02,4.633814e-04,1.656333e-01,2.287768e-01,1.567509e-01
9.038028e-04,8.478882e-03,2.619892e-05,1.120106e-03,8.276964e-03,4.480569e-05
