# rmse alpha/u,rmse phic/h,rmse h/r,spread alpha/u,spread phic/h,spread h/r
5.250549e-03,2.771154e-02,4.633814e-04,1.656333e-01,2.287768e-01,1.567509e-01
1.089770e-03,7.334148e-03,2.527872e-05,8.873947e-04,6.716557e-03,3.607168e-05
