# rmse alpha/u,rmse phic/h,rmse h/r,spread alpha/u,spread phic/h,spread h/r
5.250549e-03,2.771154e-02,4.633814e-04,1.656333e-01,2.287768e-01,1.567509e-01
8.560151e-04,7.342743e-03,2.902447e-05,8.580515e-04,7.030655e-03,4.022396e-05
