# rmse alpha/u,rmse phic/h,rmse h/r,spread alpha/u,spread phic/h,spread h/r
1.468787e-01,1.612177e-02,6.897226e-02,2.064906e-01,1.899857e-01,1.562718e-01
4.442100e-03,2.338035e-02,4.208800e-05,3.403464e-03,2.439176e-02,4.453909e-05
