# rmse alpha/u,rmse phic/h,rmse h/r,spread alpha/u,spread phic/h,spread h/r
1.468787e-01,1.612177e-02,6.897226e-02,2.064906e-01,1.899857e-01,1.562718e-01
3.419551e-03,1.861900e-02,3.729133e-05,2.926569e-03,2.058854e-02,3.634109e-05
