# rmse alpha/u,rmse phic/h,rmse h/r,spread alpha/u,spread phic/h,spread h/r
1.468787e-01,1.612177e-02,6.897226e-02,2.064906e-01,1.899857e-01,1.562718e-01
3.442240e-03,1.921925e-02,2.647074e-05,2.338437e-03,1.662638e-02,2.649944e-05
