# rmse alpha/u,rmse phic/h,rmse h/r,spread alpha/u,spread phic/h,spread h/r
7.346649e-02,2.003202e-04,7.572416e-03,1.222849e-01,9.685086e-02,8.009409e-02
2.231925e-03,1.273143e-02,4.408644e-05,1.580613e-03,1.127092e-02,4.992631e-05
