# rmse alpha/u,rmse phic/h,rmse h/r,spread alpha/u,spread phic/h,spread h/r
7.346649e-02,2.003202e-04,7.572416e-03,1.222849e-01,9.685086e-02,8.009409e-02
4.222428e-03,2.013581e-02,4.468043e-05,1.958618e-03,1.338673e-02,5.203974e-05
