# rmse alpha/u,rmse phic/h,rmse h/r,spread alpha/u,spread phic/h,spread h/r
5.185552e-02,2.254435e-02,4.320886e-02,1.999461e-01,2.328824e-01,1.527538e-01
2.532202e-03,1.326725e-02,3.456379e-05,1.469164e-03,9.896444e-03,4.536004e-05
