# rmse alpha/u,rmse phic/h,rmse h/r,spread alpha/u,spread phic/h,spread h/r
5.185552e-02,2.254435e-02,4.320886e-02,1.999461e-01,2.328824e-01,1.527538e-01
1.778192e-03,1.648499e-02,5.209886e-05,1.888037e-03,1.371111e-02,5.383579e-05
