# rmse alpha/u,rmse phic/h,rmse h/r,spread alpha/u,spread phic/h,spread h/r
5.185552e-02,2.254435e-02,4.320886e-02,1.999461e-01,2.328824e-01,1.527538e-01
3.010401e-03,1.481769e-02,3.668067e-05,1.777891e-03,1.264060e-02,4.734113e-05
