# rmse alpha/u,rmse phic/h,rmse h/r,spread alpha/u,spread phic/h,spread h/r
5.185552e-02,2.254435e-02,4.320886e-02,1.999461e-01,2.328824e-01,1.527538e-01
2.632771e-03,1.965302e-02,3.863579e-05,1.854631e-03,1.346640e-02,4.989056e-05
