# rmse alpha/u,rmse phic/h,rmse h/r,spread alpha/u,spread phic/h,spread h/r
1.290682e-02,1.963426e-02,2.272074e-02,1.573991e-01,2.414406e-01,1.800150e-01
8.432042e-04,6.495037e-03,2.078890e-05,8.626534e-04,6.800126e-03,5.495350e-05
