# rmse alpha/u,rmse phic/h,rmse h/r,spread alpha/u,spread phic/h,spread h/r
1.290682e-02,1.963426e-02,2.272074e-02,1.573991e-01,2.414406e-01,1.800150e-01
8.426688e-04,6.134592e-03,1.758641e-05,8.460270e-04,6.538906e-03,5.398853e-05
