# rmse alpha/u,rmse phic/h,rmse h/r,spread alpha/u,spread phic/h,spread h/r
1.290682e-02,1.963426e-02,2.272074e-02,1.573991e-01,2.414406e-01,1.800150e-01
8.538117e-04,6.843048e-03,1.924041e-05,8.732041e-04,6.905302e-03,5.566249e-05
