# rmse alpha/u,rmse phic/h,rmse h/r,spread alpha/u,spread phic/h,spread h/r
1.484806e-01,2.311425e-01,2.189717e-01,1.242292e-01,2.019602e-01,1.801946e-01
8.680683e-04,6.759310e-03,2.433301e-05,8.298578e-04,6.535991e-03,3.640903e-05
