# rmse alpha/u,rmse phic/h,rmse h/r,spread alpha/u,spread phic/h,spread h/r
1.484806e-01,2.311425e-01,2.189717e-01,1.242292e-01,2.019602e-01,1.801946e-01
8.261287e-04,6.773095e-03,2.333140e-05,8.052257e-04,6.271195e-03,3.534695e-05
