# rmse alpha/u,rmse phic/h,rmse h/r,spread alpha/u,spread phic/h,spread h/r
3.289852e-01,6.430976e-01,5.708487e-01,1.973023e-01,1.840877e-01,1.996707e-01
1.503404e-03,1.157410e-02,2.980806e-05,1.271449e-03,8.980358e-03,2.573901e-05
