# rmse alpha/u,rmse phic/h,rmse h/r,spread alpha/u,spread phic/h,spread h/r
3.289852e-01,6.430976e-01,5.708487e-01,1.973023e-01,1.840877e-01,1.996707e-01
3.140903e-03,1.608597e-02,3.394574e-05,1.752730e-03,1.232826e-02,3.158055e-05
