# rmse alpha/u,rmse phic/h,rmse h/r,spread alpha/u,spread phic/h,spread h/r
1.291189e-01,1.251978e-01,8.140949e-02,1.095006e-01,9.103520e-02,7.601167e-02
2.093085e-03,1.294502e-02,3.219101e-05,1.750778e-03,1.227899e-02,4.617426e-05
