# rmse alpha/u,rmse phic/h,rmse h/r,spread alpha/u,spread phic/h,spread h/r
1.291189e-01,1.251978e-01,8.140949e-02,1.095006e-01,9.103520e-02,7.601167e-02
1.209122e-03,1.258413e-02,3.727423e-05,1.435499e-03,1.116698e-02,4.751006e-05
