# rmse alpha/u,rmse phic/h,rmse h/r,spread alpha/u,spread phic/h,spread h/r
1.291189e-01,1.251978e-01,8.140949e-02,1.095006e-01,9.103520e-02,7.601167e-02
1.420020e-03,8.683915e-03,3.288129e-05,9.019671e-04,6.801437e-03,4.198074e-05
