# rmse alpha/u,rmse phic/h,rmse h/r,spread alpha/u,spread phic/h,spread h/r
9.276593e-02,1.937961e-02,9.527896e-02,1.432473e-01,1.131964e-01,9.169119e-02
3.633594e-03,1.809595e-02,4.326242e-05,1.950890e-03,1.279211e-02,2.770222e-05
