# rmse alpha/u,rmse phic/h,rmse h/r,spread alpha/u,spread phic/h,spread h/r
9.276593e-02,1.937961e-02,9.527896e-02,1.432473e-01,1.131964e-01,9.169119e-02
3.367804e-03,2.111311e-02,3.528342e-05,2.445008e-03,1.738933e-02,2.731532e-05
