# rmse alpha/u,rmse phic/h,rmse h/r,spread alpha/u,spread phic/h,spread h/r
9.276593e-02,1.937961e-02,9.527896e-02,1.432473e-01,1.131964e-01,9.169119e-02
1.103736e-03,1.127091e-02,3.254850e-05,9.795278e-04,7.092737e-03,2.747762e-05
