# rmse alpha/u,rmse phic/h,rmse h/r,spread alpha/u,spread phic/h,spread h/r
9.276593e-02,1.937961e-02,9.527896e-02,1.432473e-01,1.131964e-01,9.169119e-02
1.833102e-03,9.844582e-03,3.934661e-05,1.458962e-03,9.867399e-03,2.625578e-05
