# rmse alpha/u,rmse phic/h,rmse h/r,spread alpha/u,spread phic/h,spread h/r
2.392454e-02,2.033302e-01,5.065535e-01,2.064906e-01,1.899857e-01,1.562718e-01
2.585812e-03,1.812284e-02,3.852704e-05,1.696933e-03,1.138822e-02,3.591289e-05
