# rmse alpha/u,rmse phic/h,rmse h/r,spread alpha/u,spread phic/h,spread h/r
2.392454e-02,2.033302e-01,5.065535e-01,2.064906e-01,1.899857e-01,1.562718e-01
2.167455e-03,1.276729e-02,1.520962e-05,1.401498e-03,9.449151e-03,2.410198e-05
