# rmse alpha/u,rmse phic/h,rmse h/r,spread alpha/u,spread phic/h,spread h/r
2.392454e-02,2.033302e-01,5.065535e-01,2.064906e-01,1.899857e-01,1.562718e-01
1.966241e-03,1.371481e-02,4.033688e-05,1.854971e-03,1.322446e-02,3.655262e-05
