# rmse alpha/u,rmse phic/h,rmse h/r,spread alpha/u,spread phic/h,spread h/r
2.392454e-02,2.033302e-01,5.065535e-01,2.064906e-01,1.899857e-01,1.562718e-01
2.270366e-03,1.307364e-02,3.689446e-05,1.644078e-03,1.188982e-02,3.582698e-05
