# rmse alpha/u,rmse phic/h,rmse h/r,spread alpha/u,spread phic/h,spread h/r
2.392454e-02,2.033302e-01,5.065535e-01,2.064906e-01,1.899857e-01,1.562718e-01
2.390215e-03,1.406660e-02,2.574036e-05,1.513004e-03,1.041464e-02,3.102189e-05
