# rmse alpha/u,rmse phic/h,rmse h/r,spread alpha/u,spread phic/h,spread h/r
2.392454e-02,2.033302e-01,5.065535e-01,2.064906e-01,1.899857e-01,1.562718e-01
3.578718e-03,1.783987e-02,2.615518e-05,2.727057e-03,1.910052e-02,3.495850e-05
