# rmse alpha/u,rmse phic/h,rmse h/r,spread alpha/u,spread phic/h,spread h/r
2.392454e-02,2.033302e-01,5.065535e-01,2.064906e-01,1.899857e-01,1.562718e-01
3.435610e-03,1.871272e-02,4.923152e-05,2.228171e-03,1.529219e-02,4.371985e-05
