# rmse alpha/u,rmse phic/h,rmse h/r,spread alpha/u,spread phic/h,spread h/r
2.392454e-02,2.033302e-01,5.065535e-01,2.064906e-01,1.899857e-01,1.562718e-01
2.552221e-03,1.419895e-02,3.495630e-05,1.648941e-03,1.097740e-02,3.222993e-05
