# rmse alpha/u,rmse phic/h,rmse h/r,spread alpha/u,spread phic/h,spread h/r
2.472172e-02,3.086079e-02,2.694303e-02,1.426021e-01,9.109146e-02,7.567546e-02
1.865731e-03,1.634103e-02,4.661462e-05,1.060220e-03,7.938484e-03,4.531115e-05
