# rmse alpha/u,rmse phic/h,rmse h/r,spread alpha/u,spread phic/h,spread h/r
2.472172e-02,3.086079e-02,2.694303e-02,1.426021e-01,9.109146e-02,7.567546e-02
1.062527e-03,7.111258e-03,4.289758e-05,1.019866e-03,7.613972e-03,4.421081e-05
