# rmse alpha/u,rmse phic/h,rmse h/r,spread alpha/u,spread phic/h,spread h/r
2.472172e-02,3.086079e-02,2.694303e-02,1.426021e-01,9.109146e-02,7.567546e-02
1.323666e-03,7.942065e-03,2.985767e-05,9.359337e-04,6.901318e-03,4.160177e-05
