# rmse alpha/u,rmse phic/h,rmse h/r,spread alpha/u,spread phic/h,spread h/r
2.472172e-02,3.086079e-02,2.694303e-02,1.426021e-01,9.109146e-02,7.567546e-02
3.225939e-03,1.620030e-02,4.010273e-05,1.453773e-03,1.035378e-02,4.282707e-05
