# rmse alpha/u,rmse phic/h,rmse h/r,spread alpha/u,spread phic/h,spread h/r
2.472172e-02,3.086079e-02,2.694303e-02,1.426021e-01,9.109146e-02,7.567546e-02
1.060606e-03,9.244815e-03,4.344551e-05,9.637683e-04,7.419939e-03,4.372767e-05
