# rmse alpha/u,rmse phic/h,rmse h/r,spread alpha/u,spread phic/h,spread h/r
2.472172e-02,3.086079e-02,2.694303e-02,1.426021e-01,9.109146e-02,7.567546e-02
8.686109e-04,6.333542e-03,3.202115e-05,8.253921e-04,6.321105e-03,4.065510e-05
