# rmse alpha/u,rmse phic/h,rmse h/r,spread alpha/u,spread phic/h,spread h/r
2.472172e-02,3.086079e-02,2.694303e-02,1.426021e-01,9.109146e-02,7.567546e-02
9.102261e-04,7.379095e-03,2.720447e-05,8.382589e-04,6.449239e-03,4.022792e-05
