# rmse alpha/u,rmse phic/h,rmse h/r,spread alpha/u,spread phic/h,spread h/r
1.250900e-03,1.636332e-02,5.482040e-01,1.906733e-01,1.720275e-01,1.565591e-01
1.417772e-03,8.276723e-03,4.509424e-05,8.347794e-04,6.128132e-03,1.888005e-05
