# rmse alpha/u,rmse phic/h,rmse h/r,spread alpha/u,spread phic/h,spread h/r
1.250900e-03,1.636332e-02,5.482040e-01,1.906733e-01,1.720275e-01,1.565591e-01
2.330430e-03,1.379908e-02,6.040858e-05,9.751903e-04,7.008658e-03,1.858237e-05
