# rmse alpha/u,rmse phic/h,rmse h/r,spread alpha/u,spread phic/h,spread h/r
1.250900e-03,1.636332e-02,5.482040e-01,1.906733e-01,1.720275e-01,1.565591e-01
1.019752e-03,7.207238e-03,5.148753e-05,8.989577e-04,6.739736e-03,1.663166e-05
