# rmse alpha/u,rmse phic/h,rmse h/r,spread alpha/u,spread phic/h,spread h/r
1.250900e-03,1.636332e-02,5.482040e-01,1.906733e-01,1.720275e-01,1.565591e-01
1.230197e-03,1.477485e-02,7.424797e-05,8.207173e-04,6.323900e-03,2.242009e-05
