# rmse alpha/u,rmse phic/h,rmse h/r,spread alpha/u,spread phic/h,spread h/r
1.190323e-03,5.856116e-02,7.128777e-03,1.826532e-01,1.761281e-01,2.031554e-01
1.066640e-03,8.327050e-03,2.610809e-05,1.066836e-03,8.243328e-03,5.467298e-05
