# rmse alpha/u,rmse phic/h,rmse h/r,spread alpha/u,spread phic/h,spread h/r
1.190323e-03,5.856116e-02,7.128777e-03,1.826532e-01,1.761281e-01,2.031554e-01
9.911149e-04,7.014045e-03,2.040494e-05,1.043303e-03,7.642745e-03,5.211990e-05
