# rmse alpha/u,rmse phic/h,rmse h/r,spread alpha/u,spread phic/h,spread h/r
1.190323e-03,5.856116e-02,7.128777e-03,1.826532e-01,1.761281e-01,2.031554e-01
8.652428e-04,6.651451e-03,2.779295e-05,8.630584e-04,6.726238e-03,5.069685e-05
