# rmse alpha/u,rmse phic/h,rmse h/r,spread alpha/u,spread phic/h,spread h/r
6.008709e-03,3.143777e-03,2.917922e-02,1.077595e-01,9.758695e-02,7.032815e-02
2.644624e-03,1.884636e-02,2.540211e-05,1.525979e-03,1.126488e-02,5.047783e-05
