# rmse alpha/u,rmse phic/h,rmse h/r,spread alpha/u,spread phic/h,spread h/r
6.008709e-03,3.143777e-03,2.917922e-02,1.077595e-01,9.758695e-02,7.032815e-02
2.989119e-03,1.611014e-02,3.783301e-05,1.545201e-03,1.127746e-02,5.221888e-05
