# rmse alpha/u,rmse phic/h,rmse h/r,spread alpha/u,spread phic/h,spread h/r
6.008709e-03,3.143777e-03,2.917922e-02,1.077595e-01,9.758695e-02,7.032815e-02
1.037697e-03,9.075555e-03,2.173890e-05,1.069506e-03,7.818292e-03,4.560239e-05
