# rmse alpha/u,rmse phic/h,rmse h/r,spread alpha/u,spread phic/h,spread h/r
5.461760e-03,4.782121e-03,5.989428e-04,9.945016e-02,1.029570e-01,5.168587e-02
8.602138e-04,6.517247e-03,1.975192e-05,8.544068e-04,6.659424e-03,4.795610e-05
