# rmse alpha/u,rmse phic/h,rmse h/r,spread alpha/u,spread phic/h,spread h/r
5.461760e-03,4.782121e-03,5.989428e-04,9.945016e-02,1.029570e-01,5.168587e-02
8.115225e-04,6.402989e-03,2.210943e-05,8.362699e-04,6.608821e-03,4.697352e-05
