# rmse alpha/u,rmse phic/h,rmse h/r,spread alpha/u,spread phic/h,spread h/r
5.461760e-03,4.782121e-03,5.989428e-04,9.945016e-02,1.029570e-01,5.168587e-02
8.788301e-04,6.925354e-03,2.297435e-05,8.736121e-04,7.014210e-03,5.042678e-05
