# rmse alpha/u,rmse phic/h,rmse h/r,spread alpha/u,spread phic/h,spread h/r
5.461760e-03,4.782121e-03,5.989428e-04,9.945016e-02,1.029570e-01,5.168587e-02
8.995375e-04,6.572361e-03,2.232627e-05,8.830339e-04,6.988931e-03,4.957427e-05
