# rmse alpha/u,rmse phic/h,rmse h/r,spread alpha/u,spread phic/h,spread h/r
3.692115e-01,2.670271e-01,3.181431e-01,2.026052e-01,1.750877e-01,2.153656e-01
5.429873e-03,2.798486e-02,5.063719e-05,3.375983e-03,2.411778e-02,5.679042e-05
