# rmse alpha/u,rmse phic/h,rmse h/r,spread alpha/u,spread phic/h,spread h/r
3.692115e-01,2.670271e-01,3.181431e-01,2.026052e-01,1.750877e-01,2.153656e-01
4.258695e-03,2.804674e-02,5.873524e-05,3.443443e-03,2.514904e-02,5.551579e-05
