# rmse alpha/u,rmse phic/h,rmse h/r,spread alpha/u,spread phic/h,spread h/r
3.692115e-01,2.670271e-01,3.181431e-01,2.026052e-01,1.750877e-01,2.153656e-01
4.665950e-03,3.686605e-02,7.811384e-05,3.103174e-03,2.431110e-02,5.726309e-05
