# rmse alpha/u,rmse phic/h,rmse h/r,spread alpha/u,spread phic/h,spread h/r
3.692115e-01,2.670271e-01,3.181431e-01,2.026052e-01,1.750877e-01,2.153656e-01
4.563526e-03,2.914005e-02,6.554680e-05,3.149030e-03,2.111262e-02,4.704289e-05
