# rmse alpha/u,rmse phic/h,rmse h/r,spread alpha/u,spread phic/h,spread h/r
1.564821e-02,4.114313e-03,4.557317e-05,1.396485e-01,8.898981e-02,1.030459e-01
3.359911e-03,2.024409e-02,4.297518e-05,2.728997e-03,1.883290e-02,4.136562e-05
