# rmse alpha/u,rmse phic/h,rmse h/r,spread alpha/u,spread phic/h,spread h/r
1.564821e-02,4.114313e-03,4.557317e-05,1.396485e-01,8.898981e-02,1.030459e-01
4.076204e-03,2.701778e-02,4.245227e-05,2.819154e-03,1.973519e-02,4.748898e-05
