# rmse alpha/u,rmse phic/h,rmse h/r,spread alpha/u,spread phic/h,spread h/r
1.564821e-02,4.114313e-03,4.557317e-05,1.396485e-01,8.898981e-02,1.030459e-01
2.891327e-03,1.999315e-02,4.968406e-05,2.550852e-03,1.788915e-02,4.787835e-05
