# rmse alpha/u,rmse phic/h,rmse h/r,spread alpha/u,spread phic/h,spread h/r
1.564821e-02,4.114313e-03,4.557317e-05,1.396485e-01,8.898981e-02,1.030459e-01
3.204462e-03,2.268352e-02,5.274553e-05,1.963386e-03,1.403245e-02,4.207934e-05
