# rmse alpha/u,rmse phic/h,rmse h/r,spread alpha/u,spread phic/h,spread h/r
1.564821e-02,4.114313e-03,4.557317e-05,1.396485e-01,8.898981e-02,1.030459e-01
2.965698e-03,2.046034e-02,4.254667e-05,2.047023e-03,1.389127e-02,3.796012e-05
