# rmse alpha/u,rmse phic/h,rmse h/r,spread alpha/u,spread phic/h,spread h/r
1.564821e-02,4.114313e-03,4.557317e-05,1.396485e-01,8.898981e-02,1.030459e-01
3.105196e-03,1.993999e-02,6.018459e-05,2.749212e-03,1.902271e-02,4.365419e-05
