# rmse alpha/u,rmse phic/h,rmse h/r,spread alpha/u,spread phic/h,spread h/r
1.564821e-02,4.114313e-03,4.557317e-05,1.396485e-01,8.898981e-02,1.030459e-01
3.276165e-03,2.280632e-02,5.123743e-05,2.279529e-03,1.643385e-02,4.257471e-05
