# rmse alpha/u,rmse phic/h,rmse h/r,spread alpha/u,spread phic/h,spread h/r
1.564821e-02,4.114313e-03,4.557317e-05,1.396485e-01,8.898981e-02,1.030459e-01
3.681310e-03,1.894634e-02,3.456764e-05,1.941600e-03,1.291495e-02,3.429586e-05
