# rmse alpha/u,rmse phic/h,rmse h/r,spread alpha/u,spread phic/h,spread h/r
1.564821e-02,4.114313e-03,4.557317e-05,1.396485e-01,8.898981e-02,1.030459e-01
2.903721e-03,2.468810e-02,4.545721e-05,2.207622e-03,1.501090e-02,3.765003e-05
