# rmse alpha/u,rmse phic/h,rmse h/r,spread alpha/u,spread phic/h,spread h/r
8.066496e-02,1.814133e-03,6.119345e-02,1.349202e-01,8.842163e-02,7.174722e-02
4.837911e-03,3.515192e-02,4.954479e-05,4.383697e-03,3.572302e-02,3.680721e-05
