# rmse alpha/u,rmse phic/h,rmse h/r,spread alpha/u,spread phic/h,spread h/r
8.066496e-02,1.814133e-03,6.119345e-02,1.349202e-01,8.842163e-02,7.174722e-02
4.789583e-03,3.429055e-02,3.260387e-05,4.294344e-03,3.324301e-02,3.340958e-05
