# rmse alpha/u,rmse phic/h,rmse h/r,spread alpha/u,spread phic/h,spread h/r
8.066496e-02,1.814133e-03,6.119345e-02,1.349202e-01,8.842163e-02,7.174722e-02
5.518461e-03,3.042963e-02,3.222977e-05,4.180916e-03,3.363960e-02,3.567862e-05
