# rmse alpha/u,rmse phic/h,rmse h/r,spread alpha/u,spread phic/h,spread h/r
8.066496e-02,1.814133e-03,6.119345e-02,1.349202e-01,8.842163e-02,7.174722e-02
4.704985e-03,3.426188e-02,3.330380e-05,4.255417e-03,3.309495e-02,3.512216e-05
