# rmse alpha/u,rmse phic/h,rmse h/r,spread alpha/u,spread phic/h,spread h/r
8.066496e-02,1.814133e-03,6.119345e-02,1.349202e-01,8.842163e-02,7.174722e-02
4.282800e-03,2.890890e-02,4.994830e-05,3.624039e-03,2.645671e-02,3.025823e-05
