# rmse alpha/u,rmse phic/h,rmse h/r,spread alpha/u,spread phic/h,spread h/r
8.066496e-02,1.814133e-03,6.119345e-02,1.349202e-01,8.842163e-02,7.174722e-02
4.451418e-03,2.957237e-02,4.440122e-05,3.317429e-03,2.480481e-02,2.849057e-05
