# rmse alpha/u,rmse phic/h,rmse h/r,spread alpha/u,spread phic/h,spread h/r
2.048784e-02,6.709509e-03,7.992046e-02,1.293070e-01,2.174807e-01,1.953982e-01
8.286022e-04,6.693953e-03,2.398485e-05,8.085454e-04,6.442244e-03,4.518249e-05
