# rmse alpha/u,rmse phic/h,rmse h/r,spread alpha/u,spread phic/h,spread h/r
2.048784e-02,6.709509e-03,7.992046e-02,1.293070e-01,2.174807e-01,1.953982e-01
8.553955e-04,6.865495e-03,2.011081e-05,8.385447e-04,6.899461e-03,4.866682e-05
