# rmse alpha/u,rmse phic/h,rmse h/r,spread alpha/u,spread phic/h,spread h/r
2.048784e-02,6.709509e-03,7.992046e-02,1.293070e-01,2.174807e-01,1.953982e-01
8.281793e-04,6.384402e-03,1.915326e-05,8.208252e-04,6.544742e-03,4.698922e-05
