# rmse alpha/u,rmse phic/h,rmse h/r,spread alpha/u,spread phic/h,spread h/r
4.665727e-02,1.411371e-02,2.326697e-02,2.001389e-01,2.332103e-01,1.534417e-01
3.778262e-03,2.405443e-02,4.572844e-05,2.991506e-03,2.245715e-02,4.952796e-05
