# rmse alpha/u,rmse phic/h,rmse h/r,spread alpha/u,spread phic/h,spread h/r
4.665727e-02,1.411371e-02,2.326697e-02,2.001389e-01,2.332103e-01,1.534417e-01
3.411532e-03,2.278323e-02,5.299140e-05,3.060384e-03,2.199789e-02,5.089038e-05
