# rmse alpha/u,rmse phic/h,rmse h/r,spread alpha/u,spread phic/h,spread h/r
4.665727e-02,1.411371e-02,2.326697e-02,2.001389e-01,2.332103e-01,1.534417e-01
3.946429e-03,3.156306e-02,5.615275e-05,3.351367e-03,2.411761e-02,5.850988e-05
