# rmse alpha/u,rmse phic/h,rmse h/r,spread alpha/u,spread phic/h,spread h/r
4.665727e-02,1.411371e-02,2.326697e-02,2.001389e-01,2.332103e-01,1.534417e-01
4.887258e-03,2.982269e-02,5.837437e-05,2.992310e-03,2.133242e-02,5.620718e-05
