# rmse alpha/u,rmse phic/h,rmse h/r,spread alpha/u,spread phic/h,spread h/r
4.665727e-02,1.411371e-02,2.326697e-02,2.001389e-01,2.332103e-01,1.534417e-01
3.299291e-03,2.163549e-02,4.534908e-05,3.308463e-03,2.502258e-02,5.180858e-05
