# rmse alpha/u,rmse phic/h,rmse h/r,spread alpha/u,spread phic/h,spread h/r
3.554897e-03,4.972565e-02,1.715025e-06,1.499457e-01,8.342462e-02,6.827439e-02
3.359763e-03,1.970432e-02,3.473722e-05,1.811324e-03,1.305788e-02,2.260322e-05
