# rmse alpha/u,rmse phic/h,rmse h/r,spread alpha/u,spread phic/h,spread h/r
3.554897e-03,4.972565e-02,1.715025e-06,1.499457e-01,8.342462e-02,6.827439e-02
3.142550e-03,1.835591e-02,4.214366e-05,1.635644e-03,1.171105e-02,2.530263e-05
