# rmse alpha/u,rmse phic/h,rmse h/r,spread alpha/u,spread phic/h,spread h/r
3.554897e-03,4.972565e-02,1.715025e-06,1.499457e-01,8.342462e-02,6.827439e-02
2.567733e-03,2.270273e-02,4.616183e-05,1.806658e-03,1.256945e-02,2.320703e-05
