# rmse alpha/u,rmse phic/h,rmse h/r,spread alpha/u,spread phic/h,spread h/r
3.554897e-03,4.972565e-02,1.715025e-06,1.499457e-01,8.342462e-02,6.827439e-02
3.055649e-03,1.478459e-02,4.421800e-05,1.644109e-03,1.099127e-02,2.414952e-05
