# rmse alpha/u,rmse phic/h,rmse h/r,spread alpha/u,spread phic/h,spread h/r
3.554897e-03,4.972565e-02,1.715025e-06,1.499457e-01,8.342462e-02,6.827439e-02
3.384087e-03,1.588069e-02,2.942620e-05,1.694322e-03,1.060085e-02,2.232682e-05
