# rmse alpha/u,rmse phic/h,rmse h/r,spread alpha/u,spread phic/h,spread h/r
3.554897e-03,4.972565e-02,1.715025e-06,1.499457e-01,8.342462e-02,6.827439e-02
3.543830e-03,2.072990e-02,3.653186e-05,1.749873e-03,1.170611e-02,2.225141e-05
