# rmse alpha/u,rmse phic/h,rmse h/r,spread alpha/u,spread phic/h,spread h/r
3.389412e-03,2.113228e-03,1.536651e-02,1.255619e-01,6.722538e-02,8.111442e-02
8.621903e-04,6.792775e-03,2.813110e-05,8.490187e-04,6.874463e-03,5.176856e-05
