# rmse alpha/u,rmse phic/h,rmse h/r,spread alpha/u,spread phic/h,spread h/r
3.389412e-03,2.113228e-03,1.536651e-02,1.255619e-01,6.722538e-02,8.111442e-02
8.465562e-04,6.310369e-03,2.904189e-05,8.067781e-04,6.389341e-03,5.181494e-05
