# rmse alpha/u,rmse phic/h,rmse h/r,spread alpha/u,spread phic/h,spread h/r
3.389412e-03,2.113228e-03,1.536651e-02,1.255619e-01,6.722538e-02,8.111442e-02
8.972607e-04,7.143545e-03,3.226275e-05,8.710503e-04,6.866816e-03,5.255659e-05
