# rmse alpha/u,rmse phic/h,rmse h/r,spread alpha/u,spread phic/h,spread h/r
3.389412e-03,2.113228e-03,1.536651e-02,1.255619e-01,6.722538e-02,8.111442e-02
8.936473e-04,7.310730e-03,3.543216e-05,8.698758e-04,7.262697e-03,5.395599e-05
