# rmse alpha/u,rmse phic/h,rmse h/r,spread alpha/u,spread phic/h,spread h/r
3.389412e-03,2.113228e-03,1.536651e-02,1.255619e-01,6.722538e-02,8.111442e-02
8.281500e-04,6.959508e-03,2.913886e-05,8.330626e-04,6.813563e-03,4.985658e-05
