# rmse alpha/u,rmse phic/h,rmse h/r,spread alpha/u,spread phic/h,spread h/r
1.283491e-02,4.681332e-02,6.796371e-05,1.769008e-01,1.572243e-01,1.855462e-01
1.630546e-03,8.200879e-03,3.665721e-05,9.853610e-04,7.032121e-03,4.440674e-05
