# rmse alpha/u,rmse phic/h,rmse h/r,spread alpha/u,spread phic/h,spread h/r
1.283491e-02,4.681332e-02,6.796371e-05,1.769008e-01,1.572243e-01,1.855462e-01
1.625208e-03,1.339032e-02,6.152948e-05,1.064847e-03,8.141055e-03,4.764844e-05
