# rmse alpha/u,rmse phic/h,rmse h/r,spread alpha/u,spread phic/h,spread h/r
1.283491e-02,4.681332e-02,6.796371e-05,1.769008e-01,1.572243e-01,1.855462e-01
1.272460e-03,8.561912e-03,4.565823e-05,9.711028e-04,7.139250e-03,4.578669e-05
