# rmse alpha/u,rmse phic/h,rmse h/r,spread alpha/u,spread phic/h,spread h/r
1.283491e-02,4.681332e-02,6.796371e-05,1.769008e-01,1.572243e-01,1.855462e-01
2.498782e-03,1.420495e-02,4.992751e-05,1.105293e-03,7.948443e-03,4.838768e-05
