# rmse alpha/u,rmse phic/h,rmse h/r,spread alpha/u,spread phic/h,spread h/r
1.283491e-02,4.681332e-02,6.796371e-05,1.769008e-01,1.572243e-01,1.855462e-01
8.714032e-04,6.537832e-03,3.647357e-05,8.366444e-04,6.358447e-03,4.621042e-05
