# rmse alpha/u,rmse phic/h,rmse h/r,spread alpha/u,spread phic/h,spread h/r
1.283491e-02,4.681332e-02,6.796371e-05,1.769008e-01,1.572243e-01,1.855462e-01
1.944764e-03,1.049535e-02,3.633162e-05,9.765082e-04,7.271674e-03,4.654814e-05
