# rmse alpha/u,rmse phic/h,rmse h/r,spread alpha/u,spread phic/h,spread h/r
1.719069e-01,4.454236e-01,4.191945e-01,1.334395e-01,2.309856e-01,2.122475e-01
8.531448e-04,6.956630e-03,3.098666e-05,8.805959e-04,6.757461e-03,4.368514e-05
