# rmse alpha/u,rmse phic/h,rmse h/r,spread alpha/u,spread phic/h,spread h/r
1.719069e-01,4.454236e-01,4.191945e-01,1.334395e-01,2.309856e-01,2.122475e-01
8.584080e-04,6.589670e-03,2.752318e-05,8.046912e-04,6.468323e-03,4.241996e-05
