# rmse alpha/u,rmse phic/h,rmse h/r,spread alpha/u,spread phic/h,spread h/r
1.719069e-01,4.454236e-01,4.191945e-01,1.334395e-01,2.309856e-01,2.122475e-01
9.628122e-04,8.261134e-03,2.800390e-05,7.909329e-04,6.302096e-03,4.250343e-05
