# rmse alpha/u,rmse phic/h,rmse h/r,spread alpha/u,spread phic/h,spread h/r
1.719069e-01,4.454236e-01,4.191945e-01,1.334395e-01,2.309856e-01,2.122475e-01
8.703834e-04,9.732734e-03,3.388948e-05,8.128165e-04,6.468128e-03,4.311433e-05
