# rmse alpha/u,rmse phic/h,rmse h/r,spread alpha/u,spread phic/h,spread h/r
1.719069e-01,4.454236e-01,4.191945e-01,1.334395e-01,2.309856e-01,2.122475e-01
8.235073e-04,6.057354e-03,2.722100e-05,7.976555e-04,6.136085e-03,4.228591e-05
