# rmse alpha/u,rmse phic/h,rmse h/r,spread alpha/u,spread phic/h,spread h/r
1.719069e-01,4.454236e-01,4.191945e-01,1.334395e-01,2.309856e-01,2.122475e-01
8.783565e-04,6.837593e-03,2.738754e-05,8.468619e-04,6.566586e-03,4.393997e-05
