# rmse alpha/u,rmse phic/h,rmse h/r,spread alpha/u,spread phic/h,spread h/r
1.719069e-01,4.454236e-01,4.191945e-01,1.334395e-01,2.309856e-01,2.122475e-01
9.086926e-04,6.941867e-03,2.812038e-05,8.377763e-04,6.567281e-03,4.628065e-05
