# rmse alpha/u,rmse phic/h,rmse h/r,spread alpha/u,spread phic/h,spread h/r
1.719069e-01,4.454236e-01,4.191945e-01,1.334395e-01,2.309856e-01,2.122475e-01
8.478811e-04,6.712725e-03,2.731931e-05,8.260348e-04,6.518531e-03,4.350575e-05
