# rmse alpha/u,rmse phic/h,rmse h/r,spread alpha/u,spread phic/h,spread h/r
1.039705e-03,5.675274e-02,1.897007e-01,2.007018e-01,2.348895e-01,2.071683e-01
4.354640e-03,3.543426e-02,3.467053e-05,3.833233e-03,3.098694e-02,3.041508e-05
