# rmse alpha/u,rmse phic/h,rmse h/r,spread alpha/u,spread phic/h,spread h/r
1.039705e-03,5.675274e-02,1.897007e-01,2.007018e-01,2.348895e-01,2.071683e-01
3.848298e-03,3.043029e-02,3.165784e-05,3.277311e-03,2.725209e-02,2.786585e-05
