# rmse alpha/u,rmse phic/h,rmse h/r,spread alpha/u,spread phic/h,spread h/r
1.039705e-03,5.675274e-02,1.897007e-01,2.007018e-01,2.348895e-01,2.071683e-01
4.348635e-03,3.177506e-02,3.475695e-05,3.098008e-03,2.515797e-02,2.890774e-05
