# rmse alpha/u,rmse phic/h,rmse h/r,spread alpha/u,spread phic/h,spread h/r
1.039705e-03,5.675274e-02,1.897007e-01,2.007018e-01,2.348895e-01,2.071683e-01
5.238836e-03,3.393157e-02,3.235149e-05,3.176251e-03,2.320859e-02,2.647545e-05
