# rmse alpha/u,rmse phic/h,rmse h/r,spread alpha/u,spread phic/h,spread h/r
1.039705e-03,5.675274e-02,1.897007e-01,2.007018e-01,2.348895e-01,2.071683e-01
4.843892e-03,3.209455e-02,2.490909e-05,3.453616e-03,2.665097e-02,2.774867e-05
