# rmse alpha/u,rmse phic/h,rmse h/r,spread alpha/u,spread phic/h,spread h/r
1.039705e-03,5.675274e-02,1.897007e-01,2.007018e-01,2.348895e-01,2.071683e-01
6.099433e-03,3.559434e-02,2.242364e-05,3.517908e-03,2.594033e-02,1.913192e-05
