# rmse alpha/u,rmse phic/h,rmse h/r,spread alpha/u,spread phic/h,spread h/r
1.039705e-03,5.675274e-02,1.897007e-01,2.007018e-01,2.348895e-01,2.071683e-01
5.654963e-03,3.760134e-02,4.204259e-05,3.159187e-03,2.356812e-02,2.710367e-05
