# rmse alpha/u,rmse phic/h,rmse h/r,spread alpha/u,spread phic/h,spread h/r
1.999358e-01,9.554368e-03,2.381172e-01,1.982756e-01,1.909562e-01,1.621428e-01
8.567121e-04,6.604834e-03,2.690412e-05,8.523370e-04,6.578796e-03,4.604023e-05
