# rmse alpha/u,rmse phic/h,rmse h/r,spread alpha/u,spread phic/h,spread h/r
1.999358e-01,9.554368e-03,2.381172e-01,1.982756e-01,1.909562e-01,1.621428e-01
8.342854e-04,6.233324e-03,2.287273e-05,8.282541e-04,6.561195e-03,4.278064e-05
