# rmse alpha/u,rmse phic/h,rmse h/r,spread alpha/u,spread phic/h,spread h/r
1.999358e-01,9.554368e-03,2.381172e-01,1.982756e-01,1.909562e-01,1.621428e-01
8.868964e-04,7.003543e-03,2.682052e-05,8.775776e-04,7.139304e-03,4.767429e-05
