# rmse alpha/u,rmse phic/h,rmse h/r,spread alpha/u,spread phic/h,spread h/r
1.999358e-01,9.554368e-03,2.381172e-01,1.982756e-01,1.909562e-01,1.621428e-01
8.517370e-04,6.586579e-03,2.485576e-05,8.320630e-04,6.651957e-03,4.428033e-05
