# rmse alpha/u,rmse phic/h,rmse h/r,spread alpha/u,spread phic/h,spread h/r
1.999358e-01,9.554368e-03,2.381172e-01,1.982756e-01,1.909562e-01,1.621428e-01
8.264162e-04,6.224114e-03,2.200593e-05,8.284158e-04,6.576700e-03,4.277522e-05
