# rmse alpha/u,rmse phic/h,rmse h/r,spread alpha/u,spread phic/h,spread h/r
2.793991e-03,2.252960e-01,5.633592e-01,1.982756e-01,1.909562e-01,1.621428e-01
2.300092e-03,1.230366e-02,2.822954e-05,1.919995e-03,1.344727e-02,3.374780e-05
