# rmse alpha/u,rmse phic/h,rmse h/r,spread alpha/u,spread phic/h,spread h/r
2.793991e-03,2.252960e-01,5.633592e-01,1.982756e-01,1.909562e-01,1.621428e-01
2.066890e-03,9.495408e-03,3.135320e-05,1.557672e-03,1.100338e-02,3.497474e-05
