# rmse alpha/u,rmse phic/h,rmse h/r,spread alpha/u,spread phic/h,spread h/r
2.793991e-03,2.252960e-01,5.633592e-01,1.982756e-01,1.909562e-01,1.621428e-01
2.031912e-03,9.344783e-03,3.168502e-05,1.379372e-03,9.400168e-03,3.422784e-05
