# rmse alpha/u,rmse phic/h,rmse h/r,spread alpha/u,spread phic/h,spread h/r
2.793991e-03,2.252960e-01,5.633592e-01,1.982756e-01,1.909562e-01,1.621428e-01
2.841361e-03,2.489276e-02,3.870620e-05,1.700000e-03,1.278555e-02,3.805770e-05
