# rmse alpha/u,rmse phic/h,rmse h/r,spread alpha/u,spread phic/h,spread h/r
3.269855e-02,4.900300e-02,1.934775e-06,1.256627e-01,8.250055e-02,7.838944e-02
7.876610e-04,6.267641e-03,4.082698e-05,7.470331e-04,5.862080e-03,3.687010e-05
