# rmse alpha/u,rmse phic/h,rmse h/r,spread alpha/u,spread phic/h,spread h/r
3.269855e-02,4.900300e-02,1.934775e-06,1.256627e-01,8.250055e-02,7.838944e-02
8.112880e-04,7.132165e-03,4.129504e-05,8.587141e-04,6.350025e-03,3.732155e-05
