# rmse alpha/u,rmse phic/h,rmse h/r,spread alpha/u,spread phic/h,spread h/r
3.269855e-02,4.900300e-02,1.934775e-06,1.256627e-01,8.250055e-02,7.838944e-02
9.621016e-04,9.600637e-03,4.739081e-05,8.478981e-04,6.546251e-03,3.676681e-05
