# rmse alpha/u,rmse phic/h,rmse h/r,spread alpha/u,spread phic/h,spread h/r
3.269855e-02,4.900300e-02,1.934775e-06,1.256627e-01,8.250055e-02,7.838944e-02
3.142117e-03,2.057179e-02,5.215612e-05,1.386024e-03,1.095712e-02,4.431836e-05
