# rmse alpha/u,rmse phic/h,rmse h/r,spread alpha/u,spread phic/h,spread h/r
3.269855e-02,4.900300e-02,1.934775e-06,1.256627e-01,8.250055e-02,7.838944e-02
1.046630e-03,7.831305e-03,5.586348e-05,9.511336e-04,6.690048e-03,3.739628e-05
