# rmse alpha/u,rmse phic/h,rmse h/r,spread alpha/u,spread phic/h,spread h/r
3.269855e-02,4.900300e-02,1.934775e-06,1.256627e-01,8.250055e-02,7.838944e-02
8.126133e-04,6.582051e-03,4.323095e-05,7.828828e-04,6.027594e-03,3.727721e-05
