# rmse alpha/u,rmse phic/h,rmse h/r,spread alpha/u,spread phic/h,spread h/r
3.269855e-02,4.900300e-02,1.934775e-06,1.256627e-01,8.250055e-02,7.838944e-02
9.127200e-04,7.151027e-03,4.132075e-05,8.611692e-04,6.486610e-03,3.779109e-05
