# rmse alpha/u,rmse phic/h,rmse h/r,spread alpha/u,spread phic/h,spread h/r
3.269855e-02,4.900300e-02,1.934775e-06,1.256627e-01,8.250055e-02,7.838944e-02
2.250106e-03,1.284890e-02,5.738773e-05,8.700172e-04,6.738649e-03,3.695835e-05
