# rmse alpha/u,rmse phic/h,rmse h/r,spread alpha/u,spread phic/h,spread h/r
1.974382e-01,3.452771e-01,2.102975e-01,1.792759e-01,2.551135e-01,1.888248e-01
1.438300e-03,9.660684e-03,7.109028e-05,1.056544e-03,7.968419e-03,1.978761e-05
