# rmse alpha/u,rmse phic/h,rmse h/r,spread alpha/u,spread phic/h,spread h/r
1.974382e-01,3.452771e-01,2.102975e-01,1.792759e-01,2.551135e-01,1.888248e-01
3.512888e-03,2.272108e-02,7.500605e-05,1.751553e-03,1.306573e-02,2.221845e-05
