# rmse alpha/u,rmse phic/h,rmse h/r,spread alpha/u,spread phic/h,spread h/r
1.974382e-01,3.452771e-01,2.102975e-01,1.792759e-01,2.551135e-01,1.888248e-01
3.464340e-03,2.010321e-02,6.612860e-05,1.998533e-03,1.505808e-02,2.317746e-05
