# rmse alpha/u,rmse phic/h,rmse h/r,spread alpha/u,spread phic/h,spread h/r
6.284839e-01,4.139156e-01,2.774719e-01,1.909684e-01,2.207097e-01,2.003914e-01
2.934303e-03,1.402021e-02,3.751181e-05,2.107168e-03,1.374697e-02,2.559498e-05
