# rmse alpha/u,rmse phic/h,rmse h/r,spread alpha/u,spread phic/h,spread h/r
6.284839e-01,4.139156e-01,2.774719e-01,1.909684e-01,2.207097e-01,2.003914e-01
4.265101e-03,2.226474e-02,4.119633e-05,2.776667e-03,1.804761e-02,2.673576e-05
