# rmse alpha/u,rmse phic/h,rmse h/r,spread alpha/u,spread phic/h,spread h/r
6.284839e-01,4.139156e-01,2.774719e-01,1.909684e-01,2.207097e-01,2.003914e-01
3.411593e-03,1.690825e-02,3.245611e-05,2.628486e-03,1.795602e-02,3.051460e-05
