# rmse alpha/u,rmse phic/h,rmse h/r,spread alpha/u,spread phic/h,spread h/r
6.284839e-01,4.139156e-01,2.774719e-01,1.909684e-01,2.207097e-01,2.003914e-01
4.943968e-03,2.922076e-02,5.367963e-05,3.166017e-03,2.204693e-02,3.433562e-05
