# rmse alpha/u,rmse phic/h,rmse h/r,spread alpha/u,spread phic/h,spread h/r
6.284839e-01,4.139156e-01,2.774719e-01,1.909684e-01,2.207097e-01,2.003914e-01
4.364871e-03,2.936854e-02,4.839375e-05,3.192643e-03,2.193253e-02,3.325393e-05
