# rmse alpha/u,rmse phic/h,rmse h/r,spread alpha/u,spread phic/h,spread h/r
2.025251e-03,1.492959e-04,5.461572e-03,7.575958e-02,1.196153e-01,5.562285e-02
8.308329e-04,6.518345e-03,2.231484e-05,8.312724e-04,6.520934e-03,4.420201e-05
