# rmse alpha/u,rmse phic/h,rmse h/r,spread alpha/u,spread phic/h,spread h/r
2.025251e-03,1.492959e-04,5.461572e-03,7.575958e-02,1.196153e-01,5.562285e-02
8.578605e-04,6.638576e-03,2.755211e-05,8.359277e-04,6.648204e-03,4.437008e-05
