# rmse alpha/u,rmse phic/h,rmse h/r,spread alpha/u,spread phic/h,spread h/r
2.025251e-03,1.492959e-04,5.461572e-03,7.575958e-02,1.196153e-01,5.562285e-02
8.513891e-04,6.612315e-03,2.086732e-05,8.202214e-04,6.518261e-03,4.386419e-05
