# rmse alpha/u,rmse phic/h,rmse h/r,spread alpha/u,spread phic/h,spread h/r
4.922183e-01,8.849508e-02,1.202248e-01,1.412199e-01,8.844513e-02,6.705077e-02
2.937804e-03,1.778519e-02,5.196965e-05,1.955257e-03,1.252010e-02,2.779047e-05
