# rmse alpha/u,rmse phic/h,rmse h/r,spread alpha/u,spread phic/h,spread h/r
4.922183e-01,8.849508e-02,1.202248e-01,1.412199e-01,8.844513e-02,6.705077e-02
3.647581e-03,2.544410e-02,5.528061e-05,2.262470e-03,1.622812e-02,3.003926e-05
