# rmse alpha/u,rmse phic/h,rmse h/r,spread alpha/u,spread phic/h,spread h/r
4.922183e-01,8.849508e-02,1.202248e-01,1.412199e-01,8.844513e-02,6.705077e-02
3.393470e-03,2.210381e-02,5.570825e-05,2.125461e-03,1.370184e-02,3.060496e-05
