# rmse alpha/u,rmse phic/h,rmse h/r,spread alpha/u,spread phic/h,spread h/r
4.922183e-01,8.849508e-02,1.202248e-01,1.412199e-01,8.844513e-02,6.705077e-02
4.980422e-03,3.051616e-02,5.760919e-05,2.794707e-03,1.935597e-02,3.986697e-05
