# rmse alpha/u,rmse phic/h,rmse h/r,spread alpha/u,spread phic/h,spread h/r
4.922183e-01,8.849508e-02,1.202248e-01,1.412199e-01,8.844513e-02,6.705077e-02
4.077242e-03,2.633679e-02,6.486759e-05,2.563807e-03,1.854387e-02,3.891587e-05
