# rmse alpha/u,rmse phic/h,rmse h/r,spread alpha/u,spread phic/h,spread h/r
4.922183e-01,8.849508e-02,1.202248e-01,1.412199e-01,8.844513e-02,6.705077e-02
3.870589e-03,1.619706e-02,4.566282e-05,2.228522e-03,1.482829e-02,3.031043e-05
