# rmse alpha/u,rmse phic/h,rmse h/r,spread alpha/u,spread phic/h,spread h/r
1.103864e-01,1.550614e-01,1.668428e-03,2.007018e-01,2.348895e-01,2.071683e-01
3.951712e-03,2.177078e-02,2.767046e-05,3.213329e-03,2.319372e-02,2.181186e-05
