# rmse alpha/u,rmse phic/h,rmse h/r,spread alpha/u,spread phic/h,spread h/r
1.026564e-02,3.168433e-02,9.748034e-04,1.475959e-01,2.227898e-01,1.507363e-01
8.035089e-04,6.305786e-03,2.700544e-05,8.293943e-04,6.494008e-03,4.933946e-05
