# rmse alpha/u,rmse phic/h,rmse h/r,spread alpha/u,spread phic/h,spread h/r
1.026564e-02,3.168433e-02,9.748034e-04,1.475959e-01,2.227898e-01,1.507363e-01
8.700158e-04,7.238153e-03,3.648402e-05,9.108259e-04,7.302231e-03,5.203437e-05
