# rmse alpha/u,rmse phic/h,rmse h/r,spread alpha/u,spread phic/h,spread h/r
1.026564e-02,3.168433e-02,9.748034e-04,1.475959e-01,2.227898e-01,1.507363e-01
2.307310e-03,1.288865e-02,3.771286e-05,1.021811e-03,8.029464e-03,5.043575e-05
