# rmse alpha/u,rmse phic/h,rmse h/r,spread alpha/u,spread phic/h,spread h/r
1.026564e-02,3.168433e-02,9.748034e-04,1.475959e-01,2.227898e-01,1.507363e-01
8.672464e-04,6.619890e-03,2.742210e-05,8.332550e-04,6.672773e-03,4.936798e-05
