# rmse alpha/u,rmse phic/h,rmse h/r,spread alpha/u,spread phic/h,spread h/r
1.049413e-03,2.863910e-01,1.429065e-03,1.927996e-01,2.373932e-01,2.334187e-01
1.397815e-03,1.165485e-02,8.010478e-05,9.319866e-04,7.142503e-03,2.584522e-05
