# rmse alpha/u,rmse phic/h,rmse h/r,spread alpha/u,spread phic/h,spread h/r
1.049413e-03,2.863910e-01,1.429065e-03,1.927996e-01,2.373932e-01,2.334187e-01
1.104155e-03,6.599127e-03,6.866330e-05,9.141902e-04,6.495428e-03,2.283214e-05
