# rmse alpha/u,rmse phic/h,rmse h/r,spread alpha/u,spread phic/h,spread h/r
1.049413e-03,2.863910e-01,1.429065e-03,1.927996e-01,2.373932e-01,2.334187e-01
8.417783e-04,6.743773e-03,8.069190e-05,7.800955e-04,5.935444e-03,2.287689e-05
