# rmse alpha/u,rmse phic/h,rmse h/r,spread alpha/u,spread phic/h,spread h/r
1.049413e-03,2.863910e-01,1.429065e-03,1.927996e-01,2.373932e-01,2.334187e-01
1.072228e-03,8.976125e-03,8.347373e-05,7.933970e-04,6.054184e-03,2.141102e-05
