# rmse alpha/u,rmse phic/h,rmse h/r,spread alpha/u,spread phic/h,spread h/r
1.049413e-03,2.863910e-01,1.429065e-03,1.927996e-01,2.373932e-01,2.334187e-01
1.406794e-03,7.827290e-03,8.620088e-05,8.768374e-04,6.739532e-03,2.412751e-05
