# rmse alpha/u,rmse phic/h,rmse h/r,spread alpha/u,spread phic/h,spread h/r
3.048403e-01,1.984324e-01,1.410554e-01,1.166907e-01,8.884391e-02,8.572778e-02
2.863293e-03,1.673249e-02,4.151327e-05,2.056835e-03,1.408880e-02,4.614080e-05
