# rmse alpha/u,rmse phic/h,rmse h/r,spread alpha/u,spread phic/h,spread h/r
3.048403e-01,1.984324e-01,1.410554e-01,1.166907e-01,8.884391e-02,8.572778e-02
2.161135e-03,1.478176e-02,4.664884e-05,2.090923e-03,1.507004e-02,5.366402e-05
