# rmse alpha/u,rmse phic/h,rmse h/r,spread alpha/u,spread phic/h,spread h/r
3.048403e-01,1.984324e-01,1.410554e-01,1.166907e-01,8.884391e-02,8.572778e-02
2.953665e-03,1.530884e-02,4.562307e-05,2.045742e-03,1.414590e-02,5.234728e-05
