# rmse alpha/u,rmse phic/h,rmse h/r,spread alpha/u,spread phic/h,spread h/r
3.048403e-01,1.984324e-01,1.410554e-01,1.166907e-01,8.884391e-02,8.572778e-02
2.957893e-03,1.729101e-02,4.394227e-05,1.881300e-03,1.333686e-02,4.668717e-05
