# rmse alpha/u,rmse phic/h,rmse h/r,spread alpha/u,spread phic/h,spread h/r
3.048403e-01,1.984324e-01,1.410554e-01,1.166907e-01,8.884391e-02,8.572778e-02
2.701760e-03,1.968522e-02,4.821490e-05,2.009707e-03,1.438020e-02,4.888123e-05
