# rmse alpha/u,rmse phic/h,rmse h/r,spread alpha/u,spread phic/h,spread h/r
2.582921e-03,6.043758e-03,5.596101e-01,2.178019e-01,1.997102e-01,1.533221e-01
2.034954e-03,1.195120e-02,3.630271e-05,1.375847e-03,9.716834e-03,3.753192e-05
