# rmse alpha/u,rmse phic/h,rmse h/r,spread alpha/u,spread phic/h,spread h/r
2.582921e-03,6.043758e-03,5.596101e-01,2.178019e-01,1.997102e-01,1.533221e-01
8.229705e-04,5.940362e-03,1.908172e-05,8.128358e-04,6.348611e-03,3.123786e-05
