# rmse alpha/u,rmse phic/h,rmse h/r,spread alpha/u,spread phic/h,spread h/r
2.582921e-03,6.043758e-03,5.596101e-01,2.178019e-01,1.997102e-01,1.533221e-01
1.090832e-03,7.414148e-03,2.094824e-05,9.008689e-04,6.797338e-03,3.287517e-05
