# rmse alpha/u,rmse phic/h,rmse h/r,spread alpha/u,spread phic/h,spread h/r
2.582921e-03,6.043758e-03,5.596101e-01,2.178019e-01,1.997102e-01,1.533221e-01
1.918012e-03,1.075027e-02,3.091911e-05,1.182911e-03,8.719562e-03,3.799239e-05
