# rmse alpha/u,rmse phic/h,rmse h/r,spread alpha/u,spread phic/h,spread h/r
2.582921e-03,6.043758e-03,5.596101e-01,2.178019e-01,1.997102e-01,1.533221e-01
1.317906e-03,6.951853e-03,2.559057e-05,9.506172e-04,7.159375e-03,3.702445e-05
