# rmse alpha/u,rmse phic/h,rmse h/r,spread alpha/u,spread phic/h,spread h/r
2.582921e-03,6.043758e-03,5.596101e-01,2.178019e-01,1.997102e-01,1.533221e-01
8.929522e-04,6.671524e-03,1.788821e-05,8.600636e-04,6.473197e-03,2.975970e-05
