# rmse alpha/u,rmse phic/h,rmse h/r,spread alpha/u,spread phic/h,spread h/r
2.441145e-05,4.837837e-03,1.009021e-02,9.038734e-02,7.359516e-02,7.436424e-02
9.107521e-04,8.658531e-03,4.159089e-05,8.131841e-04,6.454347e-03,3.873597e-05
