# rmse alpha/u,rmse phic/h,rmse h/r,spread alpha/u,spread phic/h,spread h/r
2.441145e-05,4.837837e-03,1.009021e-02,9.038734e-02,7.359516e-02,7.436424e-02
7.924297e-04,6.296537e-03,2.884729e-05,7.446185e-04,5.848525e-03,3.623257e-05
