# rmse alpha/u,rmse phic/h,rmse h/r,spread alpha/u,spread phic/h,spread h/r
2.441145e-05,4.837837e-03,1.009021e-02,9.038734e-02,7.359516e-02,7.436424e-02
8.785345e-04,7.087688e-03,3.344584e-05,7.871189e-04,6.166631e-03,3.618437e-05
