# rmse alpha/u,rmse phic/h,rmse h/r,spread alpha/u,spread phic/h,spread h/r
2.441145e-05,4.837837e-03,1.009021e-02,9.038734e-02,7.359516e-02,7.436424e-02
8.786712e-04,6.963844e-03,2.836162e-05,7.493458e-04,5.756959e-03,3.616367e-05
