# rmse alpha/u,rmse phic/h,rmse h/r,spread alpha/u,spread phic/h,spread h/r
1.139931e-01,3.787598e-01,4.643889e-01,2.123994e-01,1.936555e-01,1.948980e-01
4.278317e-03,3.158636e-02,5.254320e-05,2.605201e-03,1.988329e-02,3.035438e-05
