# rmse alpha/u,rmse phic/h,rmse h/r,spread alpha/u,spread phic/h,spread h/r
1.139931e-01,3.787598e-01,4.643889e-01,2.123994e-01,1.936555e-01,1.948980e-01
5.177550e-03,3.537865e-02,3.834657e-05,3.575144e-03,2.674112e-02,3.146641e-05
