# rmse alpha/u,rmse phic/h,rmse h/r,spread alpha/u,spread phic/h,spread h/r
1.139931e-01,3.787598e-01,4.643889e-01,2.123994e-01,1.936555e-01,1.948980e-01
2.730703e-03,1.861334e-02,3.503850e-05,2.391214e-03,1.715076e-02,2.447807e-05
