# rmse alpha/u,rmse phic/h,rmse h/r,spread alpha/u,spread phic/h,spread h/r
1.487816e-03,1.008949e-02,9.441761e-04,1.982756e-01,1.909562e-01,1.621428e-01
4.141745e-03,3.864275e-02,5.888419e-05,2.972021e-03,2.248710e-02,4.101111e-05
