# rmse alpha/u,rmse phic/h,rmse h/r,spread alpha/u,spread phic/h,spread h/r
1.487816e-03,1.008949e-02,9.441761e-04,1.982756e-01,1.909562e-01,1.621428e-01
3.613635e-03,2.664439e-02,4.845744e-05,3.127764e-03,2.246106e-02,4.237347e-05
