# rmse alpha/u,rmse phic/h,rmse h/r,spread alpha/u,spread phic/h,spread h/r
1.487816e-03,1.008949e-02,9.441761e-04,1.982756e-01,1.909562e-01,1.621428e-01
4.468335e-03,2.583147e-02,5.428686e-05,3.001825e-03,2.099101e-02,4.482968e-05
