# rmse alpha/u,rmse phic/h,rmse h/r,spread alpha/u,spread phic/h,spread h/r
1.487816e-03,1.008949e-02,9.441761e-04,1.982756e-01,1.909562e-01,1.621428e-01
5.105473e-03,2.558169e-02,5.096078e-05,2.138231e-03,1.653599e-02,4.260933e-05
