# rmse alpha/u,rmse phic/h,rmse h/r,spread alpha/u,spread phic/h,spread h/r
1.402609e-01,4.614148e-02,3.587350e-02,2.112717e-01,2.450582e-01,1.977976e-01
4.585330e-03,2.855591e-02,5.288244e-05,4.828561e-03,4.017893e-02,5.533066e-05
