# rmse alpha/u,rmse phic/h,rmse h/r,spread alpha/u,spread phic/h,spread h/r
1.402609e-01,4.614148e-02,3.587350e-02,2.112717e-01,2.450582e-01,1.977976e-01
4.472615e-03,3.195951e-02,4.632693e-05,4.651755e-03,3.776627e-02,5.377636e-05
