# rmse alpha/u,rmse phic/h,rmse h/r,spread alpha/u,spread phic/h,spread h/r
1.402609e-01,4.614148e-02,3.587350e-02,2.112717e-01,2.450582e-01,1.977976e-01
4.618750e-03,2.788715e-02,3.797906e-05,4.455751e-03,3.611362e-02,5.108902e-05
