# rmse alpha/u,rmse phic/h,rmse h/r,spread alpha/u,spread phic/h,spread h/r
1.402609e-01,4.614148e-02,3.587350e-02,2.112717e-01,2.450582e-01,1.977976e-01
4.871556e-03,2.994623e-02,4.372594e-05,4.192443e-03,3.182228e-02,4.584663e-05
