# rmse alpha/u,rmse phic/h,rmse h/r,spread alpha/u,spread phic/h,spread h/r
2.907267e-02,2.446849e-02,4.904582e-02,1.924491e-01,2.265472e-01,1.576575e-01
1.895464e-03,1.200350e-02,4.313145e-05,1.341804e-03,9.508980e-03,4.653107e-05
