# rmse alpha/u,rmse phic/h,rmse h/r,spread alpha/u,spread phic/h,spread h/r
2.907267e-02,2.446849e-02,4.904582e-02,1.924491e-01,2.265472e-01,1.576575e-01
3.264067e-03,2.565407e-02,6.246627e-05,1.506984e-03,1.170130e-02,5.170173e-05
