# rmse alpha/u,rmse phic/h,rmse h/r,spread alpha/u,spread phic/h,spread h/r
2.907267e-02,2.446849e-02,4.904582e-02,1.924491e-01,2.265472e-01,1.576575e-01
1.876773e-03,9.253962e-03,4.069988e-05,1.097623e-03,7.789198e-03,4.624059e-05
