# rmse alpha/u,rmse phic/h,rmse h/r,spread alpha/u,spread phic/h,spread h/r
2.907267e-02,2.446849e-02,4.904582e-02,1.924491e-01,2.265472e-01,1.576575e-01
1.133160e-03,7.111860e-03,3.999926e-05,1.045991e-03,7.789528e-03,4.783896e-05
