# rmse alpha/u,rmse phic/h,rmse h/r,spread alpha/u,spread phic/h,spread h/r
6.335684e-04,4.043377e-02,2.396822e-03,1.699231e-01,2.371684e-01,1.419867e-01
1.526097e-03,7.810907e-03,3.769799e-05,1.103371e-03,7.570368e-03,3.838599e-05
