# rmse alpha/u,rmse phic/h,rmse h/r,spread alpha/u,spread phic/h,spread h/r
6.335684e-04,4.043377e-02,2.396822e-03,1.699231e-01,2.371684e-01,1.419867e-01
1.259786e-03,7.814624e-03,3.569381e-05,1.124167e-03,8.293984e-03,3.919883e-05
