# rmse alpha/u,rmse phic/h,rmse h/r,spread alpha/u,spread phic/h,spread h/r
5.891427e-03,5.862570e-02,7.256065e-03,1.339155e-01,2.316660e-01,1.763755e-01
8.727584e-04,6.631252e-03,3.069877e-05,8.913821e-04,6.939379e-03,5.075389e-05
