# rmse alpha/u,rmse phic/h,rmse h/r,spread alpha/u,spread phic/h,spread h/r
5.891427e-03,5.862570e-02,7.256065e-03,1.339155e-01,2.316660e-01,1.763755e-01
1.026295e-03,7.853118e-03,2.757283e-05,8.663728e-04,6.583575e-03,4.943688e-05
