# rmse alpha/u,rmse phic/h,rmse h/r,spread alpha/u,spread phic/h,spread h/r
5.891427e-03,5.862570e-02,7.256065e-03,1.339155e-01,2.316660e-01,1.763755e-01
1.338577e-03,7.638661e-03,2.496083e-05,9.243268e-04,6.992085e-03,5.052875e-05
