# rmse alpha/u,rmse phic/h,rmse h/r,spread alpha/u,spread phic/h,spread h/r
5.891427e-03,5.862570e-02,7.256065e-03,1.339155e-01,2.316660e-01,1.763755e-01
1.008315e-03,8.619693e-03,2.786037e-05,1.046937e-03,7.955146e-03,5.364901e-05
