# rmse alpha/u,rmse phic/h,rmse h/r,spread alpha/u,spread phic/h,spread h/r
5.891427e-03,5.862570e-02,7.256065e-03,1.339155e-01,2.316660e-01,1.763755e-01
1.320323e-03,8.101009e-03,3.488168e-05,9.344413e-04,7.089541e-03,5.148282e-05
