# rmse alpha/u,rmse phic/h,rmse h/r,spread alpha/u,spread phic/h,spread h/r
5.891427e-03,5.862570e-02,7.256065e-03,1.339155e-01,2.316660e-01,1.763755e-01
1.912835e-03,9.526019e-03,2.456023e-05,9.964786e-04,7.401932e-03,5.029131e-05
