# rmse alpha/u,rmse phic/h,rmse h/r,spread alpha/u,spread phic/h,spread h/r
5.891427e-03,5.862570e-02,7.256065e-03,1.339155e-01,2.316660e-01,1.763755e-01
1.731412e-03,1.128380e-02,2.521053e-05,1.112184e-03,8.227803e-03,5.162501e-05
