# rmse alpha/u,rmse phic/h,rmse h/r,spread alpha/u,spread phic/h,spread h/r
5.891427e-03,5.862570e-02,7.256065e-03,1.339155e-01,2.316660e-01,1.763755e-01
8.947280e-04,6.669980e-03,2.224639e-05,8.746567e-04,6.701142e-03,4.906502e-05
