# rmse alpha/u,rmse phic/h,rmse h/r,spread alpha/u,spread phic/h,spread h/r
3.949184e-02,1.865783e-02,3.425513e-03,1.319508e-01,9.746710e-02,8.328890e-02
2.976458e-03,1.777408e-02,4.389977e-05,1.830652e-03,1.266003e-02,3.995201e-05
