# rmse alpha/u,rmse phic/h,rmse h/r,spread alpha/u,spread phic/h,spread h/r
3.949184e-02,1.865783e-02,3.425513e-03,1.319508e-01,9.746710e-02,8.328890e-02
4.640348e-03,2.843254e-02,4.109732e-05,2.817865e-03,2.030979e-02,4.126342e-05
