# rmse alpha/u,rmse phic/h,rmse h/r,spread alpha/u,spread phic/h,spread h/r
3.949184e-02,1.865783e-02,3.425513e-03,1.319508e-01,9.746710e-02,8.328890e-02
3.572394e-03,1.893510e-02,4.030795e-05,2.413025e-03,1.693230e-02,4.119967e-05
