# rmse alpha/u,rmse phic/h,rmse h/r,spread alpha/u,spread phic/h,spread h/r
3.949184e-02,1.865783e-02,3.425513e-03,1.319508e-01,9.746710e-02,8.328890e-02
6.090165e-03,3.290574e-02,4.474758e-05,2.753488e-03,1.930156e-02,4.175984e-05
