# rmse alpha/u,rmse phic/h,rmse h/r,spread alpha/u,spread phic/h,spread h/r
3.949184e-02,1.865783e-02,3.425513e-03,1.319508e-01,9.746710e-02,8.328890e-02
3.073633e-03,2.786199e-02,3.233856e-05,2.139869e-03,1.508410e-02,3.766916e-05
