# rmse alpha/u,rmse phic/h,rmse h/r,spread alpha/u,spread phic/h,spread h/r
1.121524e-01,1.943390e-05,1.842239e-02,2.178019e-01,1.997102e-01,1.533221e-01
5.882973e-03,3.887472e-02,5.754500e-05,3.393284e-03,2.734499e-02,3.679588e-05
