# rmse alpha/u,rmse phic/h,rmse h/r,spread alpha/u,spread phic/h,spread h/r
1.121524e-01,1.943390e-05,1.842239e-02,2.178019e-01,1.997102e-01,1.533221e-01
5.228269e-03,3.894853e-02,5.345779e-05,3.169500e-03,2.538634e-02,3.106523e-05
