# rmse alpha/u,rmse phic/h,rmse h/r,spread alpha/u,spread phic/h,spread h/r
1.121524e-01,1.943390e-05,1.842239e-02,2.178019e-01,1.997102e-01,1.533221e-01
3.618692e-03,4.485791e-02,6.029578e-05,2.647153e-03,1.994338e-02,3.062667e-05
