# rmse alpha/u,rmse phic/h,rmse h/r,spread alpha/u,spread phic/h,spread h/r
1.121524e-01,1.943390e-05,1.842239e-02,2.178019e-01,1.997102e-01,1.533221e-01
3.532387e-03,3.751576e-02,5.255628e-05,2.418203e-03,1.810842e-02,2.806062e-05
