# rmse alpha/u,rmse phic/h,rmse h/r,spread alpha/u,spread phic/h,spread h/r
1.121524e-01,1.943390e-05,1.842239e-02,2.178019e-01,1.997102e-01,1.533221e-01
5.105176e-03,3.217010e-02,3.962158e-05,2.711978e-03,1.920164e-02,1.922474e-05
