# rmse alpha/u,rmse phic/h,rmse h/r,spread alpha/u,spread phic/h,spread h/r
1.121524e-01,1.943390e-05,1.842239e-02,2.178019e-01,1.997102e-01,1.533221e-01
4.837483e-03,4.086312e-02,5.313688e-05,2.620661e-03,1.938022e-02,2.765216e-05
