# rmse alpha/u,rmse phic/h,rmse h/r,spread alpha/u,spread phic/h,spread h/r
3.019358e-02,5.828885e-03,1.802706e-02,1.985754e-01,2.121873e-01,1.818443e-01
2.106983e-03,1.644843e-02,4.570916e-05,2.402608e-03,1.675998e-02,5.252351e-05
