# rmse alpha/u,rmse phic/h,rmse h/r,spread alpha/u,spread phic/h,spread h/r
3.019358e-02,5.828885e-03,1.802706e-02,1.985754e-01,2.121873e-01,1.818443e-01
3.429536e-03,2.665647e-02,6.206894e-05,3.117111e-03,2.363887e-02,6.506069e-05
