# rmse alpha/u,rmse phic/h,rmse h/r,spread alpha/u,spread phic/h,spread h/r
3.019358e-02,5.828885e-03,1.802706e-02,1.985754e-01,2.121873e-01,1.818443e-01
3.564912e-03,2.240491e-02,7.317302e-05,2.120294e-03,1.516190e-02,5.535931e-05
