# rmse alpha/u,rmse phic/h,rmse h/r,spread alpha/u,spread phic/h,spread h/r
3.019358e-02,5.828885e-03,1.802706e-02,1.985754e-01,2.121873e-01,1.818443e-01
2.929733e-03,1.866584e-02,6.073202e-05,2.402033e-03,1.698898e-02,5.494710e-05
