# rmse alpha/u,rmse phic/h,rmse h/r,spread alpha/u,spread phic/h,spread h/r
3.019358e-02,5.828885e-03,1.802706e-02,1.985754e-01,2.121873e-01,1.818443e-01
4.217416e-03,2.174537e-02,5.740394e-05,2.846178e-03,1.945094e-02,5.439591e-05
