# rmse alpha/u,rmse phic/h,rmse h/r,spread alpha/u,spread phic/h,spread h/r
3.019358e-02,5.828885e-03,1.802706e-02,1.985754e-01,2.121873e-01,1.818443e-01
3.355765e-03,2.185140e-02,4.087602e-05,1.713746e-03,1.206146e-02,4.754016e-05
