# rmse alpha/u,rmse phic/h,rmse h/r,spread alpha/u,spread phic/h,spread h/r
7.574524e-02,9.691982e-02,1.102623e-01,2.007666e-01,2.380345e-01,2.181955e-01
2.942210e-03,2.610546e-02,4.706118e-05,2.985890e-03,2.272491e-02,3.451560e-05
