# rmse alpha/u,rmse phic/h,rmse h/r,spread alpha/u,spread phic/h,spread h/r
7.574524e-02,9.691982e-02,1.102623e-01,2.007666e-01,2.380345e-01,2.181955e-01
4.506843e-03,3.099513e-02,4.703189e-05,3.440259e-03,2.301976e-02,3.554203e-05
