# rmse alpha/u,rmse phic/h,rmse h/r,spread alpha/u,spread phic/h,spread h/r
7.574524e-02,9.691982e-02,1.102623e-01,2.007666e-01,2.380345e-01,2.181955e-01
4.868638e-03,2.980043e-02,3.348745e-05,3.173326e-03,2.206740e-02,3.737452e-05
