# rmse alpha/u,rmse phic/h,rmse h/r,spread alpha/u,spread phic/h,spread h/r
7.574524e-02,9.691982e-02,1.102623e-01,2.007666e-01,2.380345e-01,2.181955e-01
3.434397e-03,2.182445e-02,4.248719e-05,2.822306e-03,1.988240e-02,3.759350e-05
