# rmse alpha/u,rmse phic/h,rmse h/r,spread alpha/u,spread phic/h,spread h/r
3.230129e-01,5.819538e-01,5.801219e-01,1.813633e-01,2.153254e-01,1.756998e-01
2.424901e-03,1.117832e-02,3.180696e-05,1.929435e-03,1.262000e-02,3.179394e-05
