# rmse alpha/u,rmse phic/h,rmse h/r,spread alpha/u,spread phic/h,spread h/r
3.230129e-01,5.819538e-01,5.801219e-01,1.813633e-01,2.153254e-01,1.756998e-01
2.594995e-03,1.769820e-02,3.896399e-05,1.928458e-03,1.306448e-02,3.204847e-05
