# rmse alpha/u,rmse phic/h,rmse h/r,spread alpha/u,spread phic/h,spread h/r
3.230129e-01,5.819538e-01,5.801219e-01,1.813633e-01,2.153254e-01,1.756998e-01
2.814779e-03,1.535357e-02,3.014142e-05,1.795485e-03,1.245072e-02,3.026475e-05
