# rmse alpha/u,rmse phic/h,rmse h/r,spread alpha/u,spread phic/h,spread h/r
8.448135e-02,6.443397e-02,4.382682e-02,1.548436e-01,9.719777e-02,9.524615e-02
3.971499e-03,2.475076e-02,4.203748e-05,2.961101e-03,2.213087e-02,4.602827e-05
