# rmse alpha/u,rmse phic/h,rmse h/r,spread alpha/u,spread phic/h,spread h/r
8.448135e-02,6.443397e-02,4.382682e-02,1.548436e-01,9.719777e-02,9.524615e-02
3.896388e-03,2.657236e-02,5.412024e-05,2.727937e-03,2.027841e-02,4.763462e-05
