# rmse alpha/u,rmse phic/h,rmse h/r,spread alpha/u,spread phic/h,spread h/r
8.448135e-02,6.443397e-02,4.382682e-02,1.548436e-01,9.719777e-02,9.524615e-02
2.210784e-03,1.685894e-02,4.235702e-05,1.698750e-03,1.239739e-02,3.764395e-05
