# rmse alpha/u,rmse phic/h,rmse h/r,spread alpha/u,spread phic/h,spread h/r
8.448135e-02,6.443397e-02,4.382682e-02,1.548436e-01,9.719777e-02,9.524615e-02
3.525267e-03,2.102233e-02,2.573302e-05,2.387660e-03,1.535138e-02,3.033297e-05
