# rmse alpha/u,rmse phic/h,rmse h/r,spread alpha/u,spread phic/h,spread h/r
8.448135e-02,6.443397e-02,4.382682e-02,1.548436e-01,9.719777e-02,9.524615e-02
4.025375e-03,2.572545e-02,4.188530e-05,2.433369e-03,1.709437e-02,3.900391e-05
