# rmse alpha/u,rmse phic/h,rmse h/r,spread alpha/u,spread phic/h,spread h/r
8.448135e-02,6.443397e-02,4.382682e-02,1.548436e-01,9.719777e-02,9.524615e-02
3.239854e-03,1.969874e-02,3.629789e-05,2.105728e-03,1.451628e-02,3.434963e-05
