# rmse alpha/u,rmse phic/h,rmse h/r,spread alpha/u,spread phic/h,spread h/r
8.448135e-02,6.443397e-02,4.382682e-02,1.548436e-01,9.719777e-02,9.524615e-02
2.706132e-03,1.888032e-02,3.949085e-05,2.255925e-03,1.597347e-02,3.424520e-05
