# rmse alpha/u,rmse phic/h,rmse h/r,spread alpha/u,spread phic/h,spread h/r
4.413468e-02,6.113682e-03,4.293557e-03,1.271491e-01,1.022808e-01,7.330174e-02
3.379778e-03,2.773059e-02,5.427131e-05,2.778966e-03,2.041389e-02,3.861165e-05
