# rmse alpha/u,rmse phic/h,rmse h/r,spread alpha/u,spread phic/h,spread h/r
4.413468e-02,6.113682e-03,4.293557e-03,1.271491e-01,1.022808e-01,7.330174e-02
3.228115e-03,1.922288e-02,4.113832e-05,2.480188e-03,1.760494e-02,3.469025e-05
