# rmse alpha/u,rmse phic/h,rmse h/r,spread alpha/u,spread phic/h,spread h/r
4.413468e-02,6.113682e-03,4.293557e-03,1.271491e-01,1.022808e-01,7.330174e-02
4.672662e-03,2.811694e-02,4.910732e-05,3.942894e-03,2.852524e-02,4.314353e-05
