# rmse alpha/u,rmse phic/h,rmse h/r,spread alpha/u,spread phic/h,spread h/r
4.413468e-02,6.113682e-03,4.293557e-03,1.271491e-01,1.022808e-01,7.330174e-02
4.263867e-03,2.660124e-02,5.181923e-05,3.029504e-03,2.270794e-02,4.730713e-05
