# rmse alpha/u,rmse phic/h,rmse h/r,spread alpha/u,spread phic/h,spread h/r
4.413468e-02,6.113682e-03,4.293557e-03,1.271491e-01,1.022808e-01,7.330174e-02
3.211548e-03,1.941397e-02,4.034940e-05,2.387428e-03,1.659738e-02,3.765527e-05
