# rmse alpha/u,rmse phic/h,rmse h/r,spread alpha/u,spread phic/h,spread h/r
4.413468e-02,6.113682e-03,4.293557e-03,1.271491e-01,1.022808e-01,7.330174e-02
4.646437e-03,2.615257e-02,5.407766e-05,3.421994e-03,2.630809e-02,5.255700e-05
