# rmse alpha/u,rmse phic/h,rmse h/r,spread alpha/u,spread phic/h,spread h/r
4.413468e-02,6.113682e-03,4.293557e-03,1.271491e-01,1.022808e-01,7.330174e-02
3.451750e-03,2.969571e-02,4.537227e-05,2.668348e-03,1.912843e-02,4.175191e-05
