# rmse alpha/u,rmse phic/h,rmse h/r,spread alpha/u,spread phic/h,spread h/r
4.413468e-02,6.113682e-03,4.293557e-03,1.271491e-01,1.022808e-01,7.330174e-02
4.232720e-03,2.866205e-02,4.128995e-05,2.862932e-03,2.017106e-02,3.898837e-05
