# rmse alpha/u,rmse phic/h,rmse h/r,spread alpha/u,spread phic/h,spread h/r
2.274741e-02,6.403855e-02,1.780333e-02,2.178019e-01,1.997102e-01,1.533221e-01
4.856138e-03,2.447433e-02,4.723890e-05,2.716136e-03,1.877938e-02,4.270424e-05
