# rmse alpha/u,rmse phic/h,rmse h/r,spread alpha/u,spread phic/h,spread h/r
2.274741e-02,6.403855e-02,1.780333e-02,2.178019e-01,1.997102e-01,1.533221e-01
4.615748e-03,3.150173e-02,5.354581e-05,2.511377e-03,1.858705e-02,4.550456e-05
