# rmse alpha/u,rmse phic/h,rmse h/r,spread alpha/u,spread phic/h,spread h/r
2.274741e-02,6.403855e-02,1.780333e-02,2.178019e-01,1.997102e-01,1.533221e-01
3.077786e-03,1.998583e-02,4.887604e-05,2.193382e-03,1.580320e-02,3.992964e-05
