# rmse alpha/u,rmse phic/h,rmse h/r,spread alpha/u,spread phic/h,spread h/r
2.274741e-02,6.403855e-02,1.780333e-02,2.178019e-01,1.997102e-01,1.533221e-01
3.244515e-03,1.519013e-02,3.825034e-05,2.055133e-03,1.357276e-02,3.731900e-05
