# rmse alpha/u,rmse phic/h,rmse h/r,spread alpha/u,spread phic/h,spread h/r
2.274741e-02,6.403855e-02,1.780333e-02,2.178019e-01,1.997102e-01,1.533221e-01
3.966085e-03,2.335536e-02,4.930148e-05,2.096184e-03,1.488769e-02,4.048727e-05
