# rmse alpha/u,rmse phic/h,rmse h/r,spread alpha/u,spread phic/h,spread h/r
7.740918e-02,2.702640e-01,2.950749e-01,1.906733e-01,1.720275e-01,1.565591e-01
3.031720e-03,1.976601e-02,4.169789e-05,1.745373e-03,1.240660e-02,2.203162e-05
