# rmse alpha/u,rmse phic/h,rmse h/r,spread alpha/u,spread phic/h,spread h/r
7.740918e-02,2.702640e-01,2.950749e-01,1.906733e-01,1.720275e-01,1.565591e-01
2.958458e-03,1.836355e-02,4.076935e-05,1.906806e-03,1.203720e-02,2.010513e-05
