# rmse alpha/u,rmse phic/h,rmse h/r,spread alpha/u,spread phic/h,spread h/r
1.103241e-01,4.447479e-02,1.350725e-01,2.012731e-01,2.199239e-01,2.385578e-01
5.200230e-03,5.061884e-02,1.232397e-04,3.356368e-03,2.688063e-02,6.088599e-05
