# rmse alpha/u,rmse phic/h,rmse h/r,spread alpha/u,spread phic/h,spread h/r
1.103241e-01,4.447479e-02,1.350725e-01,2.012731e-01,2.199239e-01,2.385578e-01
4.840732e-03,4.491883e-02,1.175811e-04,3.166623e-03,2.483997e-02,5.577633e-05
