# rmse alpha/u,rmse phic/h,rmse h/r,spread alpha/u,spread phic/h,spread h/r
1.103241e-01,4.447479e-02,1.350725e-01,2.012731e-01,2.199239e-01,2.385578e-01
6.611280e-03,3.958105e-02,9.504136e-05,3.521319e-03,2.600676e-02,5.388661e-05
