# rmse alpha/u,rmse phic/h,rmse h/r,spread alpha/u,spread phic/h,spread h/r
1.103241e-01,4.447479e-02,1.350725e-01,2.012731e-01,2.199239e-01,2.385578e-01
5.839762e-03,3.414989e-02,1.019462e-04,3.700903e-03,2.807176e-02,5.471467e-05
