# rmse alpha/u,rmse phic/h,rmse h/r,spread alpha/u,spread phic/h,spread h/r
1.103241e-01,4.447479e-02,1.350725e-01,2.012731e-01,2.199239e-01,2.385578e-01
3.979473e-03,3.034643e-02,7.043475e-05,2.631515e-03,1.806358e-02,3.674714e-05
