# rmse alpha/u,rmse phic/h,rmse h/r,spread alpha/u,spread phic/h,spread h/r
4.170569e-03,3.491913e-02,1.651593e-02,1.171819e-01,9.324256e-02,7.492447e-02
3.720327e-03,2.063498e-02,6.264382e-05,2.762206e-03,1.940387e-02,5.484456e-05
