# rmse alpha/u,rmse phic/h,rmse h/r,spread alpha/u,spread phic/h,spread h/r
4.170569e-03,3.491913e-02,1.651593e-02,1.171819e-01,9.324256e-02,7.492447e-02
4.412796e-03,2.445693e-02,5.877710e-05,2.475723e-03,1.773427e-02,5.380388e-05
