# rmse alpha/u,rmse phic/h,rmse h/r,spread alpha/u,spread phic/h,spread h/r
4.170569e-03,3.491913e-02,1.651593e-02,1.171819e-01,9.324256e-02,7.492447e-02
3.127998e-03,2.050221e-02,4.950117e-05,1.764505e-03,1.285229e-02,4.639097e-05
