# rmse alpha/u,rmse phic/h,rmse h/r,spread alpha/u,spread phic/h,spread h/r
4.170569e-03,3.491913e-02,1.651593e-02,1.171819e-01,9.324256e-02,7.492447e-02
3.144967e-03,1.894529e-02,5.612927e-05,2.127635e-03,1.433839e-02,4.852702e-05
