# rmse alpha/u,rmse phic/h,rmse h/r,spread alpha/u,spread phic/h,spread h/r
1.939970e-02,1.378259e-03,4.683225e-02,1.411437e-01,9.801515e-02,7.817618e-02
4.427813e-03,2.847736e-02,4.887508e-05,4.174667e-03,3.190295e-02,4.816697e-05
