# rmse alpha/u,rmse phic/h,rmse h/r,spread alpha/u,spread phic/h,spread h/r
1.939970e-02,1.378259e-03,4.683225e-02,1.411437e-01,9.801515e-02,7.817618e-02
5.302633e-03,3.494541e-02,5.058110e-05,4.117670e-03,3.159692e-02,5.014250e-05
