# rmse alpha/u,rmse phic/h,rmse h/r,spread alpha/u,spread phic/h,spread h/r
1.939970e-02,1.378259e-03,4.683225e-02,1.411437e-01,9.801515e-02,7.817618e-02
4.466472e-03,2.767467e-02,4.549070e-05,3.613504e-03,2.718775e-02,4.213423e-05
