# rmse alpha/u,rmse phic/h,rmse h/r,spread alpha/u,spread phic/h,spread h/r
1.939970e-02,1.378259e-03,4.683225e-02,1.411437e-01,9.801515e-02,7.817618e-02
5.619166e-03,3.240919e-02,6.230373e-05,3.481191e-03,2.520480e-02,5.027067e-05
