# rmse alpha/u,rmse phic/h,rmse h/r,spread alpha/u,spread phic/h,spread h/r
1.939970e-02,1.378259e-03,4.683225e-02,1.411437e-01,9.801515e-02,7.817618e-02
3.648055e-03,2.207545e-02,5.565904e-05,2.534506e-03,1.811229e-02,3.826796e-05
