# rmse alpha/u,rmse phic/h,rmse h/r,spread alpha/u,spread phic/h,spread h/r
1.678046e-01,1.553584e-01,5.728716e-02,1.252585e-01,1.162941e-01,5.709189e-02
2.937434e-03,1.603579e-02,2.771461e-05,1.535088e-03,1.071683e-02,3.067343e-05
