# rmse alpha/u,rmse phic/h,rmse h/r,spread alpha/u,spread phic/h,spread h/r
1.678046e-01,1.553584e-01,5.728716e-02,1.252585e-01,1.162941e-01,5.709189e-02
4.581885e-03,2.078036e-02,4.196390e-05,1.689043e-03,1.208935e-02,3.249142e-05
