# rmse alpha/u,rmse phic/h,rmse h/r,spread alpha/u,spread phic/h,spread h/r
1.678046e-01,1.553584e-01,5.728716e-02,1.252585e-01,1.162941e-01,5.709189e-02
5.218600e-03,3.882257e-02,6.365151e-05,1.959216e-03,1.368530e-02,3.731030e-05
