# rmse alpha/u,rmse phic/h,rmse h/r,spread alpha/u,spread phic/h,spread h/r
1.678046e-01,1.553584e-01,5.728716e-02,1.252585e-01,1.162941e-01,5.709189e-02
2.540745e-03,2.672656e-02,5.729097e-05,1.017711e-03,7.732069e-03,3.399524e-05
