# rmse alpha/u,rmse phic/h,rmse h/r,spread alpha/u,spread phic/h,spread h/r
1.678046e-01,1.553584e-01,5.728716e-02,1.252585e-01,1.162941e-01,5.709189e-02
3.421406e-03,2.073386e-02,4.105073e-05,1.801642e-03,1.305485e-02,3.448730e-05
