# rmse alpha/u,rmse phic/h,rmse h/r,spread alpha/u,spread phic/h,spread h/r
1.678046e-01,1.553584e-01,5.728716e-02,1.252585e-01,1.162941e-01,5.709189e-02
3.464215e-03,1.958805e-02,3.768459e-05,1.817381e-03,1.120391e-02,2.946363e-05
