# rmse alpha/u,rmse phic/h,rmse h/r,spread alpha/u,spread phic/h,spread h/r
1.678046e-01,1.553584e-01,5.728716e-02,1.252585e-01,1.162941e-01,5.709189e-02
4.114207e-03,2.133351e-02,4.934028e-05,1.863249e-03,1.190303e-02,3.495427e-05
