# rmse alpha/u,rmse phic/h,rmse h/r,spread alpha/u,spread phic/h,spread h/r
2.428066e-02,1.800721e-01,3.105589e-01,1.475959e-01,2.227898e-01,1.507363e-01
3.582550e-03,3.023681e-02,2.925992e-05,1.952377e-03,1.458833e-02,4.230708e-05
