# rmse alpha/u,rmse phic/h,rmse h/r,spread alpha/u,spread phic/h,spread h/r
2.428066e-02,1.800721e-01,3.105589e-01,1.475959e-01,2.227898e-01,1.507363e-01
2.663720e-03,1.866093e-02,2.661103e-05,1.644908e-03,1.121270e-02,4.082576e-05
