# rmse alpha/u,rmse phic/h,rmse h/r,spread alpha/u,spread phic/h,spread h/r
2.428066e-02,1.800721e-01,3.105589e-01,1.475959e-01,2.227898e-01,1.507363e-01
3.236781e-03,1.838081e-02,2.440646e-05,1.918158e-03,1.419583e-02,3.856545e-05
