# rmse alpha/u,rmse phic/h,rmse h/r,spread alpha/u,spread phic/h,spread h/r
2.428066e-02,1.800721e-01,3.105589e-01,1.475959e-01,2.227898e-01,1.507363e-01
3.595265e-03,1.842749e-02,2.481807e-05,1.876522e-03,1.353085e-02,3.760885e-05
