# rmse alpha/u,rmse phic/h,rmse h/r,spread alpha/u,spread phic/h,spread h/r
4.664460e-02,2.879991e-01,4.851336e-01,1.593925e-01,2.113047e-01,1.635165e-01
6.039467e-03,3.615277e-02,2.495516e-05,3.904642e-03,3.134811e-02,2.350105e-05
