# rmse alpha/u,rmse phic/h,rmse h/r,spread alpha/u,spread phic/h,spread h/r
4.664460e-02,2.879991e-01,4.851336e-01,1.593925e-01,2.113047e-01,1.635165e-01
4.934377e-03,3.111807e-02,2.258175e-05,3.511003e-03,2.935096e-02,2.341775e-05
