# rmse alpha/u,rmse phic/h,rmse h/r,spread alpha/u,spread phic/h,spread h/r
4.664460e-02,2.879991e-01,4.851336e-01,1.593925e-01,2.113047e-01,1.635165e-01
5.691049e-03,3.703560e-02,2.467706e-05,4.214174e-03,3.608688e-02,2.253259e-05
