# rmse alpha/u,rmse phic/h,rmse h/r,spread alpha/u,spread phic/h,spread h/r
4.664460e-02,2.879991e-01,4.851336e-01,1.593925e-01,2.113047e-01,1.635165e-01
4.811185e-03,3.339997e-02,2.340953e-05,4.509982e-03,3.757433e-02,2.430387e-05
