# rmse alpha/u,rmse phic/h,rmse h/r,spread alpha/u,spread phic/h,spread h/r
4.664460e-02,2.879991e-01,4.851336e-01,1.593925e-01,2.113047e-01,1.635165e-01
4.371484e-03,2.302810e-02,1.999060e-05,4.008130e-03,3.128964e-02,1.937317e-05
