# rmse alpha/u,rmse phic/h,rmse h/r,spread alpha/u,spread phic/h,spread h/r
4.664460e-02,2.879991e-01,4.851336e-01,1.593925e-01,2.113047e-01,1.635165e-01
4.711900e-03,2.782645e-02,1.783501e-05,3.979641e-03,3.150434e-02,1.885296e-05
