# rmse alpha/u,rmse phic/h,rmse h/r,spread alpha/u,spread phic/h,spread h/r
4.664460e-02,2.879991e-01,4.851336e-01,1.593925e-01,2.113047e-01,1.635165e-01
5.070419e-03,3.386310e-02,2.394490e-05,3.549614e-03,2.737508e-02,2.098537e-05
