# rmse alpha/u,rmse phic/h,rmse h/r,spread alpha/u,spread phic/h,spread h/r
5.070188e-02,6.640155e-04,1.088059e-01,1.699231e-01,2.371684e-01,1.419867e-01
3.128451e-03,2.188120e-02,6.741418e-05,2.412313e-03,1.840181e-02,5.752353e-05
