# rmse alpha/u,rmse phic/h,rmse h/r,spread alpha/u,spread phic/h,spread h/r
5.070188e-02,6.640155e-04,1.088059e-01,1.699231e-01,2.371684e-01,1.419867e-01
3.217369e-03,2.284260e-02,6.014883e-05,1.798221e-03,1.343261e-02,4.777952e-05
