# rmse alpha/u,rmse phic/h,rmse h/r,spread alpha/u,spread phic/h,spread h/r
5.070188e-02,6.640155e-04,1.088059e-01,1.699231e-01,2.371684e-01,1.419867e-01
3.549871e-03,2.046146e-02,3.298900e-05,2.453895e-03,1.609949e-02,3.813543e-05
