# rmse alpha/u,rmse phic/h,rmse h/r,spread alpha/u,spread phic/h,spread h/r
5.070188e-02,6.640155e-04,1.088059e-01,1.699231e-01,2.371684e-01,1.419867e-01
3.358651e-03,2.383330e-02,5.312242e-05,2.195878e-03,1.731174e-02,4.994575e-05
