# rmse alpha/u,rmse phic/h,rmse h/r,spread alpha/u,spread phic/h,spread h/r
5.070188e-02,6.640155e-04,1.088059e-01,1.699231e-01,2.371684e-01,1.419867e-01
3.218544e-03,1.762970e-02,3.291739e-05,2.498101e-03,1.787874e-02,4.414305e-05
