# rmse alpha/u,rmse phic/h,rmse h/r,spread alpha/u,spread phic/h,spread h/r
5.070188e-02,6.640155e-04,1.088059e-01,1.699231e-01,2.371684e-01,1.419867e-01
4.654359e-03,2.823531e-02,5.508792e-05,3.593411e-03,2.780416e-02,6.055772e-05
