# rmse alpha/u,rmse phic/h,rmse h/r,spread alpha/u,spread phic/h,spread h/r
4.827971e-03,6.138363e-04,6.873327e-06,7.745049e-02,9.420310e-02,7.885401e-02
8.597559e-04,6.480046e-03,2.033440e-05,8.484765e-04,6.635626e-03,5.013569e-05
