# rmse alpha/u,rmse phic/h,rmse h/r,spread alpha/u,spread phic/h,spread h/r
4.827971e-03,6.138363e-04,6.873327e-06,7.745049e-02,9.420310e-02,7.885401e-02
8.296846e-04,5.794828e-03,1.932324e-05,8.186372e-04,6.264854e-03,4.852666e-05
