# rmse alpha/u,rmse phic/h,rmse h/r,spread alpha/u,spread phic/h,spread h/r
4.827971e-03,6.138363e-04,6.873327e-06,7.745049e-02,9.420310e-02,7.885401e-02
8.407261e-04,6.886660e-03,2.119363e-05,8.449773e-04,6.768875e-03,4.914229e-05
