# rmse alpha/u,rmse phic/h,rmse h/r,spread alpha/u,spread phic/h,spread h/r
4.827971e-03,6.138363e-04,6.873327e-06,7.745049e-02,9.420310e-02,7.885401e-02
8.902088e-04,6.614801e-03,2.053618e-05,8.745515e-04,6.871399e-03,5.020536e-05
