# rmse alpha/u,rmse phic/h,rmse h/r,spread alpha/u,spread phic/h,spread h/r
4.827971e-03,6.138363e-04,6.873327e-06,7.745049e-02,9.420310e-02,7.885401e-02
8.406707e-04,6.506726e-03,1.989988e-05,8.487105e-04,6.774566e-03,4.991862e-05
