# rmse alpha/u,rmse phic/h,rmse h/r,spread alpha/u,spread phic/h,spread h/r
5.460531e-03,3.121697e-01,8.727635e-02,2.064906e-01,1.899857e-01,1.562718e-01
3.417525e-03,2.415337e-02,4.473732e-05,2.673922e-03,2.149831e-02,3.994344e-05
