# rmse alpha/u,rmse phic/h,rmse h/r,spread alpha/u,spread phic/h,spread h/r
5.460531e-03,3.121697e-01,8.727635e-02,2.064906e-01,1.899857e-01,1.562718e-01
5.009723e-03,3.313788e-02,3.835300e-05,3.125005e-03,2.388007e-02,3.884207e-05
