# rmse alpha/u,rmse phic/h,rmse h/r,spread alpha/u,spread phic/h,spread h/r
1.109181e-02,2.766311e-01,5.012440e-04,2.029553e-01,2.401346e-01,2.180772e-01
8.639444e-04,7.377540e-03,5.607017e-05,8.080990e-04,6.310335e-03,3.168120e-05
