# rmse alpha/u,rmse phic/h,rmse h/r,spread alpha/u,spread phic/h,spread h/r
1.109181e-02,2.766311e-01,5.012440e-04,2.029553e-01,2.401346e-01,2.180772e-01
2.015397e-03,9.573386e-03,6.024839e-05,8.594775e-04,6.672743e-03,3.392680e-05
