# rmse alpha/u,rmse phic/h,rmse h/r,spread alpha/u,spread phic/h,spread h/r
1.109181e-02,2.766311e-01,5.012440e-04,2.029553e-01,2.401346e-01,2.180772e-01
8.089459e-04,6.696819e-03,6.151481e-05,8.244541e-04,6.302632e-03,3.128138e-05
