# rmse alpha/u,rmse phic/h,rmse h/r,spread alpha/u,spread phic/h,spread h/r
1.109181e-02,2.766311e-01,5.012440e-04,2.029553e-01,2.401346e-01,2.180772e-01
8.361580e-04,6.724957e-03,5.290678e-05,8.367017e-04,6.402617e-03,2.796917e-05
