# rmse alpha/u,rmse phic/h,rmse h/r,spread alpha/u,spread phic/h,spread h/r
4.572409e-03,1.295236e-02,2.909950e-02,6.727858e-02,1.005673e-01,8.164655e-02
8.490037e-04,6.695573e-03,2.879514e-05,8.489749e-04,6.742177e-03,4.754171e-05
