# rmse alpha/u,rmse phic/h,rmse h/r,spread alpha/u,spread phic/h,spread h/r
4.572409e-03,1.295236e-02,2.909950e-02,6.727858e-02,1.005673e-01,8.164655e-02
8.005283e-04,6.188135e-03,2.584484e-05,7.995589e-04,6.257022e-03,4.505827e-05
