# rmse alpha/u,rmse phic/h,rmse h/r,spread alpha/u,spread phic/h,spread h/r
4.572409e-03,1.295236e-02,2.909950e-02,6.727858e-02,1.005673e-01,8.164655e-02
8.998989e-04,7.266492e-03,2.956748e-05,8.708231e-04,7.164001e-03,4.939510e-05
