# rmse alpha/u,rmse phic/h,rmse h/r,spread alpha/u,spread phic/h,spread h/r
4.572409e-03,1.295236e-02,2.909950e-02,6.727858e-02,1.005673e-01,8.164655e-02
8.777611e-04,6.975325e-03,3.111995e-05,8.551107e-04,6.908533e-03,4.719374e-05
