# rmse alpha/u,rmse phic/h,rmse h/r,spread alpha/u,spread phic/h,spread h/r
4.572409e-03,1.295236e-02,2.909950e-02,6.727858e-02,1.005673e-01,8.164655e-02
8.718085e-04,7.469572e-03,2.891959e-05,8.078516e-04,6.414768e-03,4.466247e-05
