# rmse alpha/u,rmse phic/h,rmse h/r,spread alpha/u,spread phic/h,spread h/r
4.572409e-03,1.295236e-02,2.909950e-02,6.727858e-02,1.005673e-01,8.164655e-02
8.239098e-04,6.573490e-03,2.959344e-05,8.125012e-04,6.549820e-03,4.508253e-05
