# rmse alpha/u,rmse phic/h,rmse h/r,spread alpha/u,spread phic/h,spread h/r
1.411603e-02,2.721391e-03,2.607229e-03,7.333879e-02,8.708578e-02,8.860925e-02
9.270469e-04,7.559224e-03,2.687786e-05,7.806537e-04,6.069354e-03,3.068944e-05
