# rmse alpha/u,rmse phic/h,rmse h/r,spread alpha/u,spread phic/h,spread h/r
1.411603e-02,2.721391e-03,2.607229e-03,7.333879e-02,8.708578e-02,8.860925e-02
1.009445e-03,7.799770e-03,3.011119e-05,7.850749e-04,6.090344e-03,3.126364e-05
