# rmse alpha/u,rmse phic/h,rmse h/r,spread alpha/u,spread phic/h,spread h/r
1.411603e-02,2.721391e-03,2.607229e-03,7.333879e-02,8.708578e-02,8.860925e-02
8.647644e-04,6.908260e-03,2.682417e-05,8.123124e-04,6.276921e-03,3.222483e-05
