# rmse alpha/u,rmse phic/h,rmse h/r,spread alpha/u,spread phic/h,spread h/r
1.411603e-02,2.721391e-03,2.607229e-03,7.333879e-02,8.708578e-02,8.860925e-02
8.693205e-04,6.477525e-03,2.571391e-05,7.832345e-04,6.026038e-03,3.091734e-05
