# rmse alpha/u,rmse phic/h,rmse h/r,spread alpha/u,spread phic/h,spread h/r
1.411603e-02,2.721391e-03,2.607229e-03,7.333879e-02,8.708578e-02,8.860925e-02
8.514278e-04,6.733221e-03,2.366147e-05,8.054083e-04,6.140139e-03,3.169144e-05
