# rmse alpha/u,rmse phic/h,rmse h/r,spread alpha/u,spread phic/h,spread h/r
2.968819e-02,8.436831e-02,8.342609e-02,1.429225e-01,2.200300e-01,1.917127e-01
3.693911e-03,2.242054e-02,4.459518e-05,2.921362e-03,2.175268e-02,5.437495e-05
