# rmse alpha/u,rmse phic/h,rmse h/r,spread alpha/u,spread phic/h,spread h/r
2.968819e-02,8.436831e-02,8.342609e-02,1.429225e-01,2.200300e-01,1.917127e-01
3.701180e-03,3.049023e-02,6.397057e-05,3.259360e-03,2.567920e-02,6.302820e-05
