# rmse alpha/u,rmse phic/h,rmse h/r,spread alpha/u,spread phic/h,spread h/r
2.968819e-02,8.436831e-02,8.342609e-02,1.429225e-01,2.200300e-01,1.917127e-01
4.283867e-03,2.919301e-02,4.643126e-05,3.653854e-03,2.693549e-02,5.475751e-05
