# rmse alpha/u,rmse phic/h,rmse h/r,spread alpha/u,spread phic/h,spread h/r
2.968819e-02,8.436831e-02,8.342609e-02,1.429225e-01,2.200300e-01,1.917127e-01
6.146398e-03,3.498068e-02,5.330602e-05,3.928795e-03,3.021896e-02,6.212804e-05
