# rmse alpha/u,rmse phic/h,rmse h/r,spread alpha/u,spread phic/h,spread h/r
2.968819e-02,8.436831e-02,8.342609e-02,1.429225e-01,2.200300e-01,1.917127e-01
4.126886e-03,2.712985e-02,5.491637e-05,3.281861e-03,2.493680e-02,5.986992e-05
