# rmse alpha/u,rmse phic/h,rmse h/r,spread alpha/u,spread phic/h,spread h/r
2.968819e-02,8.436831e-02,8.342609e-02,1.429225e-01,2.200300e-01,1.917127e-01
3.797898e-03,2.842265e-02,6.164457e-05,2.535240e-03,1.848203e-02,5.348601e-05
