# rmse alpha/u,rmse phic/h,rmse h/r,spread alpha/u,spread phic/h,spread h/r
1.426761e-01,1.786929e-01,1.991835e-01,1.400210e-01,1.647490e-01,1.437619e-01
9.465357e-04,1.054055e-02,3.850080e-05,8.232862e-04,6.592245e-03,4.301183e-05
