# rmse alpha/u,rmse phic/h,rmse h/r,spread alpha/u,spread phic/h,spread h/r
1.426761e-01,1.786929e-01,1.991835e-01,1.400210e-01,1.647490e-01,1.437619e-01
8.203197e-04,6.438096e-03,2.886854e-05,7.716258e-04,6.100891e-03,4.146872e-05
