# rmse alpha/u,rmse phic/h,rmse h/r,spread alpha/u,spread phic/h,spread h/r
1.426761e-01,1.786929e-01,1.991835e-01,1.400210e-01,1.647490e-01,1.437619e-01
7.651731e-04,6.206504e-03,2.560397e-05,7.293574e-04,5.624700e-03,4.146184e-05
