# rmse alpha/u,rmse phic/h,rmse h/r,spread alpha/u,spread phic/h,spread h/r
1.426761e-01,1.786929e-01,1.991835e-01,1.400210e-01,1.647490e-01,1.437619e-01
8.040627e-04,6.383973e-03,2.752566e-05,7.681589e-04,5.977054e-03,3.929079e-05
