# rmse alpha/u,rmse phic/h,rmse h/r,spread alpha/u,spread phic/h,spread h/r
1.426761e-01,1.786929e-01,1.991835e-01,1.400210e-01,1.647490e-01,1.437619e-01
8.068223e-04,6.600444e-03,2.665367e-05,7.455113e-04,5.897042e-03,4.109044e-05
