# rmse alpha/u,rmse phic/h,rmse h/r,spread alpha/u,spread phic/h,spread h/r
1.426761e-01,1.786929e-01,1.991835e-01,1.400210e-01,1.647490e-01,1.437619e-01
8.421117e-04,7.079460e-03,2.741943e-05,8.103001e-04,6.374021e-03,4.250111e-05
