# rmse alpha/u,rmse phic/h,rmse h/r,spread alpha/u,spread phic/h,spread h/r
1.426761e-01,1.786929e-01,1.991835e-01,1.400210e-01,1.647490e-01,1.437619e-01
8.235701e-04,6.299593e-03,2.848873e-05,7.686662e-04,6.068146e-03,4.184443e-05
