# rmse alpha/u,rmse phic/h,rmse h/r,spread alpha/u,spread phic/h,spread h/r
1.104862e-01,1.553502e-01,1.777440e-01,1.927996e-01,2.373932e-01,2.334187e-01
4.452553e-03,3.091783e-02,5.334455e-05,3.092805e-03,2.254349e-02,5.012767e-05
