# rmse alpha/u,rmse phic/h,rmse h/r,spread alpha/u,spread phic/h,spread h/r
1.104862e-01,1.553502e-01,1.777440e-01,1.927996e-01,2.373932e-01,2.334187e-01
6.143435e-03,3.655014e-02,6.964787e-05,3.154046e-03,2.450840e-02,5.322813e-05
