# rmse alpha/u,rmse phic/h,rmse h/r,spread alpha/u,spread phic/h,spread h/r
1.104862e-01,1.553502e-01,1.777440e-01,1.927996e-01,2.373932e-01,2.334187e-01
3.731426e-03,2.483521e-02,5.652416e-05,2.875157e-03,1.864551e-02,4.384180e-05
