# rmse alpha/u,rmse phic/h,rmse h/r,spread alpha/u,spread phic/h,spread h/r
1.104862e-01,1.553502e-01,1.777440e-01,1.927996e-01,2.373932e-01,2.334187e-01
3.746715e-03,2.203961e-02,6.000748e-05,3.193154e-03,2.428554e-02,5.342724e-05
