# rmse alpha/u,rmse phic/h,rmse h/r,spread alpha/u,spread phic/h,spread h/r
1.104862e-01,1.553502e-01,1.777440e-01,1.927996e-01,2.373932e-01,2.334187e-01
4.483603e-03,2.334093e-02,5.640120e-05,3.183801e-03,2.303245e-02,4.782129e-05
