# rmse alpha/u,rmse phic/h,rmse h/r,spread alpha/u,spread phic/h,spread h/r
1.361856e-02,4.348381e-02,8.958729e-02,1.813049e-01,2.380536e-01,2.059673e-01
3.536930e-03,2.089228e-02,6.402820e-05,4.097856e-03,3.069366e-02,6.924424e-05
