# rmse alpha/u,rmse phic/h,rmse h/r,spread alpha/u,spread phic/h,spread h/r
1.361856e-02,4.348381e-02,8.958729e-02,1.813049e-01,2.380536e-01,2.059673e-01
4.069895e-03,3.226730e-02,6.139005e-05,3.922988e-03,2.942593e-02,6.710006e-05
