# rmse alpha/u,rmse phic/h,rmse h/r,spread alpha/u,spread phic/h,spread h/r
1.361856e-02,4.348381e-02,8.958729e-02,1.813049e-01,2.380536e-01,2.059673e-01
4.629735e-03,3.003772e-02,7.696850e-05,3.694068e-03,3.005922e-02,7.266134e-05
