# rmse alpha/u,rmse phic/h,rmse h/r,spread alpha/u,spread phic/h,spread h/r
1.361856e-02,4.348381e-02,8.958729e-02,1.813049e-01,2.380536e-01,2.059673e-01
3.857869e-03,2.476195e-02,4.663303e-05,3.421885e-03,2.458927e-02,5.412487e-05
