# rmse alpha/u,rmse phic/h,rmse h/r,spread alpha/u,spread phic/h,spread h/r
9.723084e-02,8.871351e-06,2.113368e-02,2.064906e-01,1.899857e-01,1.562718e-01
5.617022e-03,3.324084e-02,4.304855e-05,3.316508e-03,2.454806e-02,3.489624e-05
