# rmse alpha/u,rmse phic/h,rmse h/r,spread alpha/u,spread phic/h,spread h/r
9.723084e-02,8.871351e-06,2.113368e-02,2.064906e-01,1.899857e-01,1.562718e-01
5.272916e-03,4.498230e-02,5.969750e-05,3.574886e-03,2.881814e-02,4.088639e-05
