# rmse alpha/u,rmse phic/h,rmse h/r,spread alpha/u,spread phic/h,spread h/r
9.723084e-02,8.871351e-06,2.113368e-02,2.064906e-01,1.899857e-01,1.562718e-01
5.199011e-03,4.608617e-02,5.958320e-05,2.864249e-03,2.381106e-02,3.837340e-05
