# rmse alpha/u,rmse phic/h,rmse h/r,spread alpha/u,spread phic/h,spread h/r
9.723084e-02,8.871351e-06,2.113368e-02,2.064906e-01,1.899857e-01,1.562718e-01
3.179842e-03,4.325635e-02,5.945801e-05,2.667954e-03,2.088319e-02,3.461106e-05
