# rmse alpha/u,rmse phic/h,rmse h/r,spread alpha/u,spread phic/h,spread h/r
9.723084e-02,8.871351e-06,2.113368e-02,2.064906e-01,1.899857e-01,1.562718e-01
4.257120e-03,3.401403e-02,4.304408e-05,2.581392e-03,1.817000e-02,2.186799e-05
