# rmse alpha/u,rmse phic/h,rmse h/r,spread alpha/u,spread phic/h,spread h/r
9.723084e-02,8.871351e-06,2.113368e-02,2.064906e-01,1.899857e-01,1.562718e-01
3.898698e-03,2.508434e-02,4.195981e-05,2.682789e-03,1.876003e-02,2.457662e-05
