# rmse alpha/u,rmse phic/h,rmse h/r,spread alpha/u,spread phic/h,spread h/r
1.688460e-01,2.025158e-01,5.537055e-01,1.463073e-01,1.947400e-01,1.931064e-01
3.938297e-03,1.988701e-02,2.971082e-05,2.492695e-03,1.684238e-02,3.162961e-05
