# rmse alpha/u,rmse phic/h,rmse h/r,spread alpha/u,spread phic/h,spread h/r
1.688460e-01,2.025158e-01,5.537055e-01,1.463073e-01,1.947400e-01,1.931064e-01
3.018747e-03,1.945537e-02,3.089642e-05,2.127853e-03,1.437598e-02,3.316373e-05
