# rmse alpha/u,rmse phic/h,rmse h/r,spread alpha/u,spread phic/h,spread h/r
1.688460e-01,2.025158e-01,5.537055e-01,1.463073e-01,1.947400e-01,1.931064e-01
5.636804e-03,2.315569e-02,2.667182e-05,1.821241e-03,1.295235e-02,3.361389e-05
