# rmse alpha/u,rmse phic/h,rmse h/r,spread alpha/u,spread phic/h,spread h/r
1.688460e-01,2.025158e-01,5.537055e-01,1.463073e-01,1.947400e-01,1.931064e-01
3.071026e-03,2.036609e-02,3.264556e-05,1.832479e-03,1.249664e-02,3.300889e-05
