# rmse alpha/u,rmse phic/h,rmse h/r,spread alpha/u,spread phic/h,spread h/r
1.688460e-01,2.025158e-01,5.537055e-01,1.463073e-01,1.947400e-01,1.931064e-01
2.802293e-03,3.125732e-02,5.914110e-05,1.807902e-03,1.301267e-02,3.819904e-05
