# rmse alpha/u,rmse phic/h,rmse h/r,spread alpha/u,spread phic/h,spread h/r
2.759298e-02,1.365564e-02,1.261388e-02,2.029553e-01,2.401346e-01,2.180772e-01
4.301073e-03,2.666947e-02,4.814927e-05,2.692765e-03,2.069876e-02,4.850927e-05
