# rmse alpha/u,rmse phic/h,rmse h/r,spread alpha/u,spread phic/h,spread h/r
2.759298e-02,1.365564e-02,1.261388e-02,2.029553e-01,2.401346e-01,2.180772e-01
3.490588e-03,2.149778e-02,4.452960e-05,2.123915e-03,1.554402e-02,4.263770e-05
