# rmse alpha/u,rmse phic/h,rmse h/r,spread alpha/u,spread phic/h,spread h/r
2.759298e-02,1.365564e-02,1.261388e-02,2.029553e-01,2.401346e-01,2.180772e-01
3.462376e-03,2.188331e-02,4.099060e-05,2.285735e-03,1.668203e-02,4.196876e-05
