# rmse alpha/u,rmse phic/h,rmse h/r,spread alpha/u,spread phic/h,spread h/r
2.759298e-02,1.365564e-02,1.261388e-02,2.029553e-01,2.401346e-01,2.180772e-01
3.450681e-03,1.981877e-02,4.832277e-05,2.044568e-03,1.477192e-02,3.923354e-05
