# rmse alpha/u,rmse phic/h,rmse h/r,spread alpha/u,spread phic/h,spread h/r
2.759298e-02,1.365564e-02,1.261388e-02,2.029553e-01,2.401346e-01,2.180772e-01
3.820294e-03,1.913582e-02,4.629621e-05,2.195882e-03,1.497163e-02,3.663125e-05
