# rmse alpha/u,rmse phic/h,rmse h/r,spread alpha/u,spread phic/h,spread h/r
6.151200e-02,1.034628e-02,8.231802e-02,1.647172e-01,2.045747e-01,1.678027e-01
2.537690e-03,1.467189e-02,4.378274e-05,1.924747e-03,1.421928e-02,3.907418e-05
