# rmse alpha/u,rmse phic/h,rmse h/r,spread alpha/u,spread phic/h,spread h/r
6.151200e-02,1.034628e-02,8.231802e-02,1.647172e-01,2.045747e-01,1.678027e-01
2.473660e-03,1.643485e-02,2.859131e-05,1.397544e-03,9.632492e-03,2.978352e-05
