# rmse alpha/u,rmse phic/h,rmse h/r,spread alpha/u,spread phic/h,spread h/r
6.151200e-02,1.034628e-02,8.231802e-02,1.647172e-01,2.045747e-01,1.678027e-01
3.463680e-03,2.222080e-02,4.159239e-05,2.377237e-03,1.657438e-02,3.378051e-05
