# rmse alpha/u,rmse phic/h,rmse h/r,spread alpha/u,spread phic/h,spread h/r
1.219250e-01,2.653709e-01,3.835214e-03,2.178019e-01,1.997102e-01,1.533221e-01
5.061384e-03,3.108239e-02,2.113930e-05,3.641260e-03,2.723872e-02,1.597075e-05
