# rmse alpha/u,rmse phic/h,rmse h/r,spread alpha/u,spread phic/h,spread h/r
1.765093e-02,8.421810e-02,2.529814e-01,1.982756e-01,1.909562e-01,1.621428e-01
1.963533e-03,1.487382e-02,3.535660e-05,1.203013e-03,9.160607e-03,3.756090e-05
