# rmse alpha/u,rmse phic/h,rmse h/r,spread alpha/u,spread phic/h,spread h/r
1.765093e-02,8.421810e-02,2.529814e-01,1.982756e-01,1.909562e-01,1.621428e-01
4.098319e-03,1.795630e-02,5.898810e-05,1.702101e-03,1.281153e-02,5.045254e-05
