# rmse alpha/u,rmse phic/h,rmse h/r,spread alpha/u,spread phic/h,spread h/r
1.765093e-02,8.421810e-02,2.529814e-01,1.982756e-01,1.909562e-01,1.621428e-01
1.963810e-03,1.148741e-02,5.478556e-05,1.426393e-03,9.762994e-03,4.155709e-05
