# rmse alpha/u,rmse phic/h,rmse h/r,spread alpha/u,spread phic/h,spread h/r
1.765093e-02,8.421810e-02,2.529814e-01,1.982756e-01,1.909562e-01,1.621428e-01
1.646147e-03,8.586236e-03,4.146892e-05,1.266599e-03,8.828339e-03,4.035267e-05
