# rmse alpha/u,rmse phic/h,rmse h/r,spread alpha/u,spread phic/h,spread h/r
1.478232e-01,2.836145e-02,2.010771e-04,2.030644e-01,2.442623e-01,2.309620e-01
3.742040e-03,2.085518e-02,4.344054e-05,2.408481e-03,1.576349e-02,3.568913e-05
