# rmse alpha/u,rmse phic/h,rmse h/r,spread alpha/u,spread phic/h,spread h/r
1.478232e-01,2.836145e-02,2.010771e-04,2.030644e-01,2.442623e-01,2.309620e-01
4.681479e-03,3.007482e-02,5.316762e-05,3.257219e-03,2.413476e-02,4.307672e-05
