# rmse alpha/u,rmse phic/h,rmse h/r,spread alpha/u,spread phic/h,spread h/r
1.478232e-01,2.836145e-02,2.010771e-04,2.030644e-01,2.442623e-01,2.309620e-01
3.737510e-03,2.956912e-02,5.099664e-05,2.457595e-03,1.671617e-02,3.745525e-05
