# rmse alpha/u,rmse phic/h,rmse h/r,spread alpha/u,spread phic/h,spread h/r
1.478232e-01,2.836145e-02,2.010771e-04,2.030644e-01,2.442623e-01,2.309620e-01
5.188670e-03,3.205336e-02,5.313913e-05,3.739355e-03,2.739863e-02,5.449869e-05
