# rmse alpha/u,rmse phic/h,rmse h/r,spread alpha/u,spread phic/h,spread h/r
1.478232e-01,2.836145e-02,2.010771e-04,2.030644e-01,2.442623e-01,2.309620e-01
4.579419e-03,2.635294e-02,3.971550e-05,2.448043e-03,1.759041e-02,4.078064e-05
