# rmse alpha/u,rmse phic/h,rmse h/r,spread alpha/u,spread phic/h,spread h/r
1.020731e-01,1.674548e-01,1.054263e-01,1.018085e-01,1.030455e-01,8.508452e-02
8.191654e-04,6.418287e-03,2.459745e-05,7.810454e-04,6.139975e-03,3.625550e-05
