# rmse alpha/u,rmse phic/h,rmse h/r,spread alpha/u,spread phic/h,spread h/r
1.020731e-01,1.674548e-01,1.054263e-01,1.018085e-01,1.030455e-01,8.508452e-02
7.688327e-04,6.318638e-03,2.465537e-05,7.370266e-04,5.882635e-03,3.710358e-05
