# rmse alpha/u,rmse phic/h,rmse h/r,spread alpha/u,spread phic/h,spread h/r
1.020731e-01,1.674548e-01,1.054263e-01,1.018085e-01,1.030455e-01,8.508452e-02
8.039953e-04,6.573880e-03,2.485840e-05,7.646487e-04,6.023418e-03,3.640502e-05
