# rmse alpha/u,rmse phic/h,rmse h/r,spread alpha/u,spread phic/h,spread h/r
1.020731e-01,1.674548e-01,1.054263e-01,1.018085e-01,1.030455e-01,8.508452e-02
8.894170e-04,7.429693e-03,2.831653e-05,8.218738e-04,6.397226e-03,3.751165e-05
