# rmse alpha/u,rmse phic/h,rmse h/r,spread alpha/u,spread phic/h,spread h/r
1.020731e-01,1.674548e-01,1.054263e-01,1.018085e-01,1.030455e-01,8.508452e-02
7.771907e-04,6.289022e-03,2.647001e-05,7.433593e-04,5.894737e-03,3.652304e-05
