# rmse alpha/u,rmse phic/h,rmse h/r,spread alpha/u,spread phic/h,spread h/r
1.020731e-01,1.674548e-01,1.054263e-01,1.018085e-01,1.030455e-01,8.508452e-02
7.500848e-04,6.402621e-03,2.364215e-05,7.278945e-04,5.776045e-03,3.817436e-05
