# rmse alpha/u,rmse phic/h,rmse h/r,spread alpha/u,spread phic/h,spread h/r
1.020731e-01,1.674548e-01,1.054263e-01,1.018085e-01,1.030455e-01,8.508452e-02
8.076223e-04,6.902645e-03,3.516625e-05,7.948230e-04,6.373793e-03,3.783767e-05
