# rmse alpha/u,rmse phic/h,rmse h/r,spread alpha/u,spread phic/h,spread h/r
2.814192e-02,9.701460e-02,3.926200e-02,2.007018e-01,2.348895e-01,2.071683e-01
8.498321e-04,6.603204e-03,2.950971e-05,8.411567e-04,6.670230e-03,4.187049e-05
