# rmse alpha/u,rmse phic/h,rmse h/r,spread alpha/u,spread phic/h,spread h/r
2.814192e-02,9.701460e-02,3.926200e-02,2.007018e-01,2.348895e-01,2.071683e-01
8.479739e-04,6.814490e-03,2.393132e-05,8.722474e-04,6.753557e-03,4.242287e-05
