# rmse alpha/u,rmse phic/h,rmse h/r,spread alpha/u,spread phic/h,spread h/r
2.814192e-02,9.701460e-02,3.926200e-02,2.007018e-01,2.348895e-01,2.071683e-01
9.643543e-04,6.677498e-03,2.703720e-05,8.445311e-04,6.457403e-03,4.266550e-05
