# rmse alpha/u,rmse phic/h,rmse h/r,spread alpha/u,spread phic/h,spread h/r
2.814192e-02,9.701460e-02,3.926200e-02,2.007018e-01,2.348895e-01,2.071683e-01
9.032742e-04,7.392450e-03,3.264834e-05,8.869711e-04,7.036073e-03,4.380094e-05
