# rmse alpha/u,rmse phic/h,rmse h/r,spread alpha/u,spread phic/h,spread h/r
2.814192e-02,9.701460e-02,3.926200e-02,2.007018e-01,2.348895e-01,2.071683e-01
8.525673e-04,6.540202e-03,2.479212e-05,8.344134e-04,6.560205e-03,4.216116e-05
