# rmse alpha/u,rmse phic/h,rmse h/r,spread alpha/u,spread phic/h,spread h/r
2.814192e-02,9.701460e-02,3.926200e-02,2.007018e-01,2.348895e-01,2.071683e-01
1.145784e-03,7.100169e-03,2.393521e-05,9.205014e-04,6.954809e-03,4.375275e-05
