# rmse alpha/u,rmse phic/h,rmse h/r,spread alpha/u,spread phic/h,spread h/r
2.814192e-02,9.701460e-02,3.926200e-02,2.007018e-01,2.348895e-01,2.071683e-01
8.247435e-04,7.178665e-03,3.035629e-05,8.219533e-04,6.559432e-03,4.313268e-05
