# rmse alpha/u,rmse phic/h,rmse h/r,spread alpha/u,spread phic/h,spread h/r
2.814192e-02,9.701460e-02,3.926200e-02,2.007018e-01,2.348895e-01,2.071683e-01
7.999142e-04,6.211027e-03,2.665228e-05,8.130158e-04,6.287267e-03,4.245951e-05
