# rmse alpha/u,rmse phic/h,rmse h/r,spread alpha/u,spread phic/h,spread h/r
2.814192e-02,9.701460e-02,3.926200e-02,2.007018e-01,2.348895e-01,2.071683e-01
8.229496e-04,6.228228e-03,3.013823e-05,8.163763e-04,6.407817e-03,4.284771e-05
