# rmse alpha/u,rmse phic/h,rmse h/r,spread alpha/u,spread phic/h,spread h/r
3.066018e-01,1.961199e-01,2.872542e-01,1.973023e-01,1.840877e-01,1.996707e-01
5.156155e-03,3.466400e-02,3.436882e-05,3.275384e-03,2.340262e-02,2.278168e-05
