# rmse alpha/u,rmse phic/h,rmse h/r,spread alpha/u,spread phic/h,spread h/r
3.066018e-01,1.961199e-01,2.872542e-01,1.973023e-01,1.840877e-01,1.996707e-01
4.495102e-03,2.993070e-02,4.531917e-05,3.309841e-03,2.385706e-02,2.479667e-05
