# rmse alpha/u,rmse phic/h,rmse h/r,spread alpha/u,spread phic/h,spread h/r
3.066018e-01,1.961199e-01,2.872542e-01,1.973023e-01,1.840877e-01,1.996707e-01
4.868460e-03,3.022631e-02,3.293181e-05,3.093133e-03,2.217444e-02,3.373313e-05
