# rmse alpha/u,rmse phic/h,rmse h/r,spread alpha/u,spread phic/h,spread h/r
3.066018e-01,1.961199e-01,2.872542e-01,1.973023e-01,1.840877e-01,1.996707e-01
6.040262e-03,2.816630e-02,4.068742e-05,2.671009e-03,1.947819e-02,3.160228e-05
