# rmse alpha/u,rmse phic/h,rmse h/r,spread alpha/u,spread phic/h,spread h/r
3.066018e-01,1.961199e-01,2.872542e-01,1.973023e-01,1.840877e-01,1.996707e-01
3.089508e-03,1.790209e-02,2.725242e-05,2.671545e-03,1.855953e-02,2.449269e-05
