# rmse alpha/u,rmse phic/h,rmse h/r,spread alpha/u,spread phic/h,spread h/r
3.066018e-01,1.961199e-01,2.872542e-01,1.973023e-01,1.840877e-01,1.996707e-01
4.393122e-03,2.599340e-02,2.642846e-05,3.040704e-03,2.105131e-02,2.506239e-05
