# rmse alpha/u,rmse phic/h,rmse h/r,spread alpha/u,spread phic/h,spread h/r
3.345041e-01,2.724643e-01,2.539813e-01,1.844965e-01,2.158312e-01,1.962595e-01
4.787661e-03,2.177506e-02,5.257198e-05,2.014824e-03,1.352904e-02,3.942513e-05
