# rmse alpha/u,rmse phic/h,rmse h/r,spread alpha/u,spread phic/h,spread h/r
3.345041e-01,2.724643e-01,2.539813e-01,1.844965e-01,2.158312e-01,1.962595e-01
4.990145e-03,2.825919e-02,6.144287e-05,2.481018e-03,1.808398e-02,4.827258e-05
