# rmse alpha/u,rmse phic/h,rmse h/r,spread alpha/u,spread phic/h,spread h/r
3.345041e-01,2.724643e-01,2.539813e-01,1.844965e-01,2.158312e-01,1.962595e-01
6.199921e-03,3.192682e-02,7.019400e-05,1.953981e-03,1.358106e-02,4.346701e-05
