# rmse alpha/u,rmse phic/h,rmse h/r,spread alpha/u,spread phic/h,spread h/r
3.345041e-01,2.724643e-01,2.539813e-01,1.844965e-01,2.158312e-01,1.962595e-01
6.251851e-03,3.450648e-02,5.594040e-05,2.547048e-03,1.645825e-02,4.027777e-05
