# rmse alpha/u,rmse phic/h,rmse h/r,spread alpha/u,spread phic/h,spread h/r
1.321140e-01,1.669022e-02,1.466242e-01,2.037405e-01,1.963476e-01,2.141820e-01
4.039373e-03,3.217660e-02,5.439562e-05,4.275338e-03,3.191432e-02,5.216459e-05
