# rmse alpha/u,rmse phic/h,rmse h/r,spread alpha/u,spread phic/h,spread h/r
1.321140e-01,1.669022e-02,1.466242e-01,2.037405e-01,1.963476e-01,2.141820e-01
4.724991e-03,3.032116e-02,6.053061e-05,4.487183e-03,3.446965e-02,5.793105e-05
