# rmse alpha/u,rmse phic/h,rmse h/r,spread alpha/u,spread phic/h,spread h/r
2.552241e-03,2.678318e-02,1.019465e-01,2.011122e-01,2.284813e-01,1.938860e-01
3.722160e-03,2.983632e-02,2.496068e-05,2.684554e-03,2.009637e-02,1.588312e-05
