# rmse alpha/u,rmse phic/h,rmse h/r,spread alpha/u,spread phic/h,spread h/r
2.552241e-03,2.678318e-02,1.019465e-01,2.011122e-01,2.284813e-01,1.938860e-01
3.942521e-03,3.254878e-02,2.476185e-05,2.398748e-03,1.708194e-02,1.317536e-05
