# rmse alpha/u,rmse phic/h,rmse h/r,spread alpha/u,spread phic/h,spread h/r
2.552241e-03,2.678318e-02,1.019465e-01,2.011122e-01,2.284813e-01,1.938860e-01
5.686896e-03,3.292070e-02,2.921154e-05,3.108865e-03,2.329151e-02,1.864866e-05
