# rmse alpha/u,rmse phic/h,rmse h/r,spread alpha/u,spread phic/h,spread h/r
2.552241e-03,2.678318e-02,1.019465e-01,2.011122e-01,2.284813e-01,1.938860e-01
3.898116e-03,2.333860e-02,2.925069e-05,2.853428e-03,1.902407e-02,1.630511e-05
