# rmse alpha/u,rmse phic/h,rmse h/r,spread alpha/u,spread phic/h,spread h/r
1.791795e-01,4.232791e-01,3.066010e-01,1.408747e-01,2.267476e-01,1.997121e-01
8.538763e-04,6.491876e-03,2.234742e-05,8.667984e-04,6.809852e-03,5.283991e-05
