# rmse alpha/u,rmse phic/h,rmse h/r,spread alpha/u,spread phic/h,spread h/r
1.791795e-01,4.232791e-01,3.066010e-01,1.408747e-01,2.267476e-01,1.997121e-01
8.475007e-04,6.889786e-03,2.112904e-05,8.594397e-04,6.768729e-03,5.110347e-05
