# rmse alpha/u,rmse phic/h,rmse h/r,spread alpha/u,spread phic/h,spread h/r
1.791795e-01,4.232791e-01,3.066010e-01,1.408747e-01,2.267476e-01,1.997121e-01
8.786133e-04,7.037438e-03,2.238003e-05,8.604560e-04,6.900976e-03,5.216354e-05
