# rmse alpha/u,rmse phic/h,rmse h/r,spread alpha/u,spread phic/h,spread h/r
1.791795e-01,4.232791e-01,3.066010e-01,1.408747e-01,2.267476e-01,1.997121e-01
8.402270e-04,6.746099e-03,3.159513e-05,8.467114e-04,6.591367e-03,5.050169e-05
