# rmse alpha/u,rmse phic/h,rmse h/r,spread alpha/u,spread phic/h,spread h/r
1.791795e-01,4.232791e-01,3.066010e-01,1.408747e-01,2.267476e-01,1.997121e-01
9.432211e-04,7.910087e-03,2.678846e-05,8.964976e-04,7.333422e-03,5.433650e-05
