# rmse alpha/u,rmse phic/h,rmse h/r,spread alpha/u,spread phic/h,spread h/r
7.946273e-02,7.320006e-02,2.468135e-02,1.927996e-01,2.373932e-01,2.334187e-01
1.245947e-03,8.108388e-03,6.074983e-05,1.361539e-03,9.137650e-03,3.670751e-05
