# rmse alpha/u,rmse phic/h,rmse h/r,spread alpha/u,spread phic/h,spread h/r
7.946273e-02,7.320006e-02,2.468135e-02,1.927996e-01,2.373932e-01,2.334187e-01
2.654035e-03,2.376998e-02,9.161244e-05,2.068077e-03,1.464633e-02,4.591918e-05
