# rmse alpha/u,rmse phic/h,rmse h/r,spread alpha/u,spread phic/h,spread h/r
7.946273e-02,7.320006e-02,2.468135e-02,1.927996e-01,2.373932e-01,2.334187e-01
3.193945e-03,1.996980e-02,9.187214e-05,1.807672e-03,1.290239e-02,4.240938e-05
