# rmse alpha/u,rmse phic/h,rmse h/r,spread alpha/u,spread phic/h,spread h/r
7.946273e-02,7.320006e-02,2.468135e-02,1.927996e-01,2.373932e-01,2.334187e-01
3.627288e-03,1.721581e-02,7.042445e-05,1.700938e-03,1.120923e-02,4.117320e-05
