# rmse alpha/u,rmse phic/h,rmse h/r,spread alpha/u,spread phic/h,spread h/r
7.946273e-02,7.320006e-02,2.468135e-02,1.927996e-01,2.373932e-01,2.334187e-01
1.750069e-03,1.827013e-02,6.981868e-05,1.276409e-03,9.179725e-03,4.016473e-05
