# rmse alpha/u,rmse phic/h,rmse h/r,spread alpha/u,spread phic/h,spread h/r
1.336550e-02,8.019170e-04,9.576778e-03,1.549803e-01,9.660962e-02,8.862996e-02
2.097205e-03,1.363812e-02,3.202844e-05,1.886127e-03,1.407527e-02,4.015006e-05
