# rmse alpha/u,rmse phic/h,rmse h/r,spread alpha/u,spread phic/h,spread h/r
1.336550e-02,8.019170e-04,9.576778e-03,1.549803e-01,9.660962e-02,8.862996e-02
1.199690e-03,1.314421e-02,2.285177e-05,1.308560e-03,9.880741e-03,3.591799e-05
