# rmse alpha/u,rmse phic/h,rmse h/r,spread alpha/u,spread phic/h,spread h/r
1.336550e-02,8.019170e-04,9.576778e-03,1.549803e-01,9.660962e-02,8.862996e-02
3.435137e-03,2.248489e-02,2.385752e-05,2.159773e-03,1.594547e-02,3.971968e-05
