# rmse alpha/u,rmse phic/h,rmse h/r,spread alpha/u,spread phic/h,spread h/r
1.104862e-01,1.638184e-01,3.865273e-02,1.927996e-01,2.373932e-01,2.334187e-01
9.962796e-04,7.748363e-03,1.436105e-04,7.840314e-04,5.995322e-03,1.599291e-05
