# rmse alpha/u,rmse phic/h,rmse h/r,spread alpha/u,spread phic/h,spread h/r
1.791795e-01,4.232791e-01,3.066010e-01,1.408747e-01,2.267476e-01,1.997121e-01
8.397602e-04,6.384778e-03,2.274082e-05,8.455066e-04,6.588268e-03,4.624187e-05
