# rmse alpha/u,rmse phic/h,rmse h/r,spread alpha/u,spread phic/h,spread h/r
1.791795e-01,4.232791e-01,3.066010e-01,1.408747e-01,2.267476e-01,1.997121e-01
8.286487e-04,6.267792e-03,2.149182e-05,8.268842e-04,6.528181e-03,4.534521e-05
