# rmse alpha/u,rmse phic/h,rmse h/r,spread alpha/u,spread phic/h,spread h/r
1.791795e-01,4.232791e-01,3.066010e-01,1.408747e-01,2.267476e-01,1.997121e-01
8.143894e-04,5.972340e-03,2.285309e-05,8.141192e-04,6.454507e-03,4.319909e-05
