# rmse alpha/u,rmse phic/h,rmse h/r,spread alpha/u,spread phic/h,spread h/r
1.791795e-01,4.232791e-01,3.066010e-01,1.408747e-01,2.267476e-01,1.997121e-01
8.546278e-04,6.736661e-03,2.122087e-05,8.579593e-04,6.882530e-03,4.565464e-05
