# rmse alpha/u,rmse phic/h,rmse h/r,spread alpha/u,spread phic/h,spread h/r
2.980649e-01,1.442055e-01,1.827066e-01,9.476042e-02,1.105985e-01,8.803879e-02
2.806267e-03,1.665756e-02,4.022673e-05,1.520709e-03,1.066106e-02,3.761392e-05
