# rmse alpha/u,rmse phic/h,rmse h/r,spread alpha/u,spread phic/h,spread h/r
2.980649e-01,1.442055e-01,1.827066e-01,9.476042e-02,1.105985e-01,8.803879e-02
4.537962e-03,2.871508e-02,4.451010e-05,2.607322e-03,1.781611e-02,3.944412e-05
