# rmse alpha/u,rmse phic/h,rmse h/r,spread alpha/u,spread phic/h,spread h/r
2.980649e-01,1.442055e-01,1.827066e-01,9.476042e-02,1.105985e-01,8.803879e-02
3.351356e-03,1.680874e-02,4.376715e-05,2.076188e-03,1.452604e-02,3.580420e-05
