# rmse alpha/u,rmse phic/h,rmse h/r,spread alpha/u,spread phic/h,spread h/r
2.980649e-01,1.442055e-01,1.827066e-01,9.476042e-02,1.105985e-01,8.803879e-02
4.073566e-03,2.222323e-02,3.840790e-05,2.315383e-03,1.657450e-02,3.748990e-05
