# rmse alpha/u,rmse phic/h,rmse h/r,spread alpha/u,spread phic/h,spread h/r
2.577442e-02,1.487807e-02,1.909194e-02,1.940593e-01,1.688635e-01,2.324346e-01
4.307159e-03,2.856764e-02,5.383400e-05,2.998235e-03,2.274350e-02,5.370530e-05
