# rmse alpha/u,rmse phic/h,rmse h/r,spread alpha/u,spread phic/h,spread h/r
2.577442e-02,1.487807e-02,1.909194e-02,1.940593e-01,1.688635e-01,2.324346e-01
4.969462e-03,3.115981e-02,5.039040e-05,3.386580e-03,2.493957e-02,5.126070e-05
