# rmse alpha/u,rmse phic/h,rmse h/r,spread alpha/u,spread phic/h,spread h/r
2.577442e-02,1.487807e-02,1.909194e-02,1.940593e-01,1.688635e-01,2.324346e-01
4.191289e-03,1.988342e-02,4.095270e-05,2.657438e-03,1.778062e-02,4.093742e-05
