# rmse alpha/u,rmse phic/h,rmse h/r,spread alpha/u,spread phic/h,spread h/r
2.577442e-02,1.487807e-02,1.909194e-02,1.940593e-01,1.688635e-01,2.324346e-01
4.296729e-03,2.767671e-02,5.194155e-05,3.133194e-03,2.312323e-02,4.613384e-05
