# rmse alpha/u,rmse phic/h,rmse h/r,spread alpha/u,spread phic/h,spread h/r
2.577442e-02,1.487807e-02,1.909194e-02,1.940593e-01,1.688635e-01,2.324346e-01
2.561799e-03,1.596102e-02,3.804667e-05,1.859897e-03,1.317526e-02,4.030220e-05
