# rmse alpha/u,rmse phic/h,rmse h/r,spread alpha/u,spread phic/h,spread h/r
2.577442e-02,1.487807e-02,1.909194e-02,1.940593e-01,1.688635e-01,2.324346e-01
4.499294e-03,2.861585e-02,4.153366e-05,3.075343e-03,2.227784e-02,4.545184e-05
