# rmse alpha/u,rmse phic/h,rmse h/r,spread alpha/u,spread phic/h,spread h/r
2.577442e-02,1.487807e-02,1.909194e-02,1.940593e-01,1.688635e-01,2.324346e-01
3.260067e-03,2.180960e-02,4.283847e-05,2.982953e-03,2.207134e-02,4.702470e-05
