# rmse alpha/u,rmse phic/h,rmse h/r,spread alpha/u,spread phic/h,spread h/r
1.074818e-02,1.352977e-01,7.611934e-03,2.007018e-01,2.348895e-01,2.071683e-01
3.083218e-03,1.849382e-02,3.111507e-05,2.041432e-03,1.543783e-02,3.245873e-05
