# rmse alpha/u,rmse phic/h,rmse h/r,spread alpha/u,spread phic/h,spread h/r
1.074818e-02,1.352977e-01,7.611934e-03,2.007018e-01,2.348895e-01,2.071683e-01
3.856542e-03,2.858242e-02,3.738095e-05,2.776142e-03,2.127103e-02,3.716405e-05
