# rmse alpha/u,rmse phic/h,rmse h/r,spread alpha/u,spread phic/h,spread h/r
1.074818e-02,1.352977e-01,7.611934e-03,2.007018e-01,2.348895e-01,2.071683e-01
3.571864e-03,2.807614e-02,3.501509e-05,2.611037e-03,1.977531e-02,3.551247e-05
