# rmse alpha/u,rmse phic/h,rmse h/r,spread alpha/u,spread phic/h,spread h/r
1.074818e-02,1.352977e-01,7.611934e-03,2.007018e-01,2.348895e-01,2.071683e-01
3.490883e-03,2.892188e-02,3.798085e-05,2.537281e-03,1.982925e-02,3.467531e-05
