# rmse alpha/u,rmse phic/h,rmse h/r,spread alpha/u,spread phic/h,spread h/r
1.074818e-02,1.352977e-01,7.611934e-03,2.007018e-01,2.348895e-01,2.071683e-01
3.969945e-03,2.187626e-02,2.872143e-05,2.723010e-03,1.898948e-02,3.120785e-05
