# rmse alpha/u,rmse phic/h,rmse h/r,spread alpha/u,spread phic/h,spread h/r
1.074818e-02,1.352977e-01,7.611934e-03,2.007018e-01,2.348895e-01,2.071683e-01
4.258757e-03,3.359295e-02,2.991662e-05,3.095793e-03,2.377304e-02,3.197630e-05
