# rmse alpha/u,rmse phic/h,rmse h/r,spread alpha/u,spread phic/h,spread h/r
1.074818e-02,1.352977e-01,7.611934e-03,2.007018e-01,2.348895e-01,2.071683e-01
3.118822e-03,1.423534e-02,2.478275e-05,2.273104e-03,1.601386e-02,2.549208e-05
