# rmse alpha/u,rmse phic/h,rmse h/r,spread alpha/u,spread phic/h,spread h/r
2.560865e-01,2.125181e-01,2.224285e-01,1.973023e-01,1.840877e-01,1.996707e-01
3.365013e-03,2.157999e-02,3.305399e-05,2.211996e-03,1.674901e-02,2.751772e-05
