# rmse alpha/u,rmse phic/h,rmse h/r,spread alpha/u,spread phic/h,spread h/r
2.560865e-01,2.125181e-01,2.224285e-01,1.973023e-01,1.840877e-01,1.996707e-01
3.279782e-03,1.681471e-02,3.444022e-05,1.918792e-03,1.287221e-02,2.598383e-05
