# rmse alpha/u,rmse phic/h,rmse h/r,spread alpha/u,spread phic/h,spread h/r
2.560865e-01,2.125181e-01,2.224285e-01,1.973023e-01,1.840877e-01,1.996707e-01
4.613363e-03,2.787561e-02,3.462035e-05,2.501475e-03,1.759344e-02,2.650978e-05
