# rmse alpha/u,rmse phic/h,rmse h/r,spread alpha/u,spread phic/h,spread h/r
1.312881e-03,3.638434e-01,3.083864e-02,2.011122e-01,2.284813e-01,1.938860e-01
8.959878e-04,6.269316e-03,4.654595e-05,8.099077e-04,5.865586e-03,1.605981e-05
