# rmse alpha/u,rmse phic/h,rmse h/r,spread alpha/u,spread phic/h,spread h/r
1.312881e-03,3.638434e-01,3.083864e-02,2.011122e-01,2.284813e-01,1.938860e-01
2.903019e-03,1.867315e-02,7.510483e-05,1.119364e-03,8.425521e-03,2.473742e-05
