# rmse alpha/u,rmse phic/h,rmse h/r,spread alpha/u,spread phic/h,spread h/r
1.312881e-03,3.638434e-01,3.083864e-02,2.011122e-01,2.284813e-01,1.938860e-01
1.090651e-03,7.697885e-03,6.033677e-05,7.795269e-04,6.015397e-03,1.843564e-05
