# rmse alpha/u,rmse phic/h,rmse h/r,spread alpha/u,spread phic/h,spread h/r
1.312881e-03,3.638434e-01,3.083864e-02,2.011122e-01,2.284813e-01,1.938860e-01
2.879008e-03,1.752265e-02,6.141163e-05,7.900366e-04,6.046243e-03,1.979221e-05
