# rmse alpha/u,rmse phic/h,rmse h/r,spread alpha/u,spread phic/h,spread h/r
1.312881e-03,3.638434e-01,3.083864e-02,2.011122e-01,2.284813e-01,1.938860e-01
2.012352e-03,1.107628e-02,6.237999e-05,9.356037e-04,6.757770e-03,2.160774e-05
