# rmse alpha/u,rmse phic/h,rmse h/r,spread alpha/u,spread phic/h,spread h/r
5.598911e-04,1.687514e-02,1.095524e-02,1.534858e-01,9.714188e-02,9.379612e-02
2.543630e-03,1.673554e-02,3.943322e-05,2.142112e-03,1.548013e-02,3.890358e-05
