# rmse alpha/u,rmse phic/h,rmse h/r,spread alpha/u,spread phic/h,spread h/r
5.598911e-04,1.687514e-02,1.095524e-02,1.534858e-01,9.714188e-02,9.379612e-02
3.151601e-03,2.271212e-02,3.785869e-05,2.048773e-03,1.334836e-02,3.480008e-05
