# rmse alpha/u,rmse phic/h,rmse h/r,spread alpha/u,spread phic/h,spread h/r
5.598911e-04,1.687514e-02,1.095524e-02,1.534858e-01,9.714188e-02,9.379612e-02
4.446021e-03,3.168370e-02,5.917862e-05,2.935174e-03,2.222376e-02,4.596267e-05
