# rmse alpha/u,rmse phic/h,rmse h/r,spread alpha/u,spread phic/h,spread h/r
5.598911e-04,1.687514e-02,1.095524e-02,1.534858e-01,9.714188e-02,9.379612e-02
4.226212e-03,3.362526e-02,4.732496e-05,3.071707e-03,2.227718e-02,4.450033e-05
