# rmse alpha/u,rmse phic/h,rmse h/r,spread alpha/u,spread phic/h,spread h/r
5.598911e-04,1.687514e-02,1.095524e-02,1.534858e-01,9.714188e-02,9.379612e-02
3.393442e-03,1.785745e-02,3.296663e-05,2.765559e-03,1.780868e-02,3.127889e-05
