# rmse alpha/u,rmse phic/h,rmse h/r,spread alpha/u,spread phic/h,spread h/r
5.598911e-04,1.687514e-02,1.095524e-02,1.534858e-01,9.714188e-02,9.379612e-02
4.284166e-03,2.639677e-02,4.335627e-05,2.967120e-03,2.223275e-02,4.032180e-05
