# rmse alpha/u,rmse phic/h,rmse h/r,spread alpha/u,spread phic/h,spread h/r
3.739279e-01,2.259210e-01,2.232690e-01,1.950159e-01,1.844225e-01,2.063578e-01
3.896527e-03,2.627338e-02,5.773679e-05,3.487299e-03,2.649826e-02,5.497803e-05
