# rmse alpha/u,rmse phic/h,rmse h/r,spread alpha/u,spread phic/h,spread h/r
3.739279e-01,2.259210e-01,2.232690e-01,1.950159e-01,1.844225e-01,2.063578e-01
5.330331e-03,3.316198e-02,5.845033e-05,4.035114e-03,3.071406e-02,5.885282e-05
