# rmse alpha/u,rmse phic/h,rmse h/r,spread alpha/u,spread phic/h,spread h/r
3.739279e-01,2.259210e-01,2.232690e-01,1.950159e-01,1.844225e-01,2.063578e-01
5.070769e-03,3.607597e-02,5.531069e-05,3.936054e-03,3.001585e-02,5.884584e-05
