# rmse alpha/u,rmse phic/h,rmse h/r,spread alpha/u,spread phic/h,spread h/r
2.422975e-01,1.613738e-01,1.591585e-01,1.274325e-01,1.005637e-01,9.596466e-02
3.101657e-03,2.356717e-02,5.817731e-05,2.555351e-03,1.909827e-02,5.119601e-05
