# rmse alpha/u,rmse phic/h,rmse h/r,spread alpha/u,spread phic/h,spread h/r
2.422975e-01,1.613738e-01,1.591585e-01,1.274325e-01,1.005637e-01,9.596466e-02
4.047848e-03,1.882320e-02,5.083338e-05,2.876356e-03,1.996484e-02,5.003178e-05
