# rmse alpha/u,rmse phic/h,rmse h/r,spread alpha/u,spread phic/h,spread h/r
2.422975e-01,1.613738e-01,1.591585e-01,1.274325e-01,1.005637e-01,9.596466e-02
4.356458e-03,2.507487e-02,5.657371e-05,1.848177e-03,1.283034e-02,4.419946e-05
