# rmse alpha/u,rmse phic/h,rmse h/r,spread alpha/u,spread phic/h,spread h/r
2.422975e-01,1.613738e-01,1.591585e-01,1.274325e-01,1.005637e-01,9.596466e-02
5.051437e-03,2.522981e-02,5.703602e-05,2.844695e-03,2.129961e-02,5.334426e-05
