# rmse alpha/u,rmse phic/h,rmse h/r,spread alpha/u,spread phic/h,spread h/r
2.116121e-02,3.440537e-02,1.993553e-02,1.156389e-01,9.980902e-02,5.652231e-02
2.135391e-03,1.340696e-02,3.176463e-05,1.093398e-03,8.142474e-03,2.979528e-05
