# rmse alpha/u,rmse phic/h,rmse h/r,spread alpha/u,spread phic/h,spread h/r
2.116121e-02,3.440537e-02,1.993553e-02,1.156389e-01,9.980902e-02,5.652231e-02
2.708444e-03,1.515334e-02,5.413135e-05,1.461083e-03,1.033943e-02,3.440569e-05
