# rmse alpha/u,rmse phic/h,rmse h/r,spread alpha/u,spread phic/h,spread h/r
2.116121e-02,3.440537e-02,1.993553e-02,1.156389e-01,9.980902e-02,5.652231e-02
1.717273e-03,1.219460e-02,4.015922e-05,1.140935e-03,8.185204e-03,2.890295e-05
