# rmse alpha/u,rmse phic/h,rmse h/r,spread alpha/u,spread phic/h,spread h/r
2.116121e-02,3.440537e-02,1.993553e-02,1.156389e-01,9.980902e-02,5.652231e-02
2.594212e-03,2.677781e-02,5.441967e-05,1.560727e-03,1.109329e-02,3.274195e-05
