# rmse alpha/u,rmse phic/h,rmse h/r,spread alpha/u,spread phic/h,spread h/r
2.116121e-02,3.440537e-02,1.993553e-02,1.156389e-01,9.980902e-02,5.652231e-02
2.705686e-03,1.624342e-02,5.006792e-05,1.449095e-03,9.624584e-03,3.164032e-05
