# rmse alpha/u,rmse phic/h,rmse h/r,spread alpha/u,spread phic/h,spread h/r
2.116121e-02,3.440537e-02,1.993553e-02,1.156389e-01,9.980902e-02,5.652231e-02
2.885072e-03,1.485656e-02,4.499081e-05,1.470472e-03,1.021488e-02,3.078761e-05
