# rmse alpha/u,rmse phic/h,rmse h/r,spread alpha/u,spread phic/h,spread h/r
2.116121e-02,3.440537e-02,1.993553e-02,1.156389e-01,9.980902e-02,5.652231e-02
1.620168e-03,1.301367e-02,3.483160e-05,1.250991e-03,8.562543e-03,3.070805e-05
