# rmse alpha/u,rmse phic/h,rmse h/r,spread alpha/u,spread phic/h,spread h/r
2.116121e-02,3.440537e-02,1.993553e-02,1.156389e-01,9.980902e-02,5.652231e-02
3.334783e-03,1.567562e-02,3.260448e-05,1.803966e-03,1.283481e-02,3.319795e-05
