# rmse alpha/u,rmse phic/h,rmse h/r,spread alpha/u,spread phic/h,spread h/r
2.116121e-02,3.440537e-02,1.993553e-02,1.156389e-01,9.980902e-02,5.652231e-02
3.007466e-03,2.020055e-02,4.015814e-05,1.416128e-03,1.024403e-02,3.417252e-05
