# rmse alpha/u,rmse phic/h,rmse h/r,spread alpha/u,spread phic/h,spread h/r
2.116121e-02,3.440537e-02,1.993553e-02,1.156389e-01,9.980902e-02,5.652231e-02
1.617294e-03,1.210795e-02,4.773946e-05,1.087574e-03,7.923565e-03,3.210372e-05
