# rmse alpha/u,rmse phic/h,rmse h/r,spread alpha/u,spread phic/h,spread h/r
6.417120e-02,5.417709e-03,2.000800e-01,1.927996e-01,2.373932e-01,2.334187e-01
1.400479e-03,8.458307e-03,8.032059e-05,1.138417e-03,8.019051e-03,2.027839e-05
