# rmse alpha/u,rmse phic/h,rmse h/r,spread alpha/u,spread phic/h,spread h/r
6.417120e-02,5.417709e-03,2.000800e-01,1.927996e-01,2.373932e-01,2.334187e-01
1.947899e-03,1.206862e-02,9.723632e-05,1.031785e-03,7.387381e-03,2.276247e-05
