# rmse alpha/u,rmse phic/h,rmse h/r,spread alpha/u,spread phic/h,spread h/r
6.417120e-02,5.417709e-03,2.000800e-01,1.927996e-01,2.373932e-01,2.334187e-01
8.383655e-04,6.361941e-03,6.723852e-05,7.815221e-04,6.005425e-03,1.729644e-05
