# rmse alpha/u,rmse phic/h,rmse h/r,spread alpha/u,spread phic/h,spread h/r
6.417120e-02,5.417709e-03,2.000800e-01,1.927996e-01,2.373932e-01,2.334187e-01
1.561236e-03,1.271365e-02,5.523250e-05,1.358942e-03,9.656616e-03,1.742400e-05
