# rmse alpha/u,rmse phic/h,rmse h/r,spread alpha/u,spread phic/h,spread h/r
6.417120e-02,5.417709e-03,2.000800e-01,1.927996e-01,2.373932e-01,2.334187e-01
5.136183e-03,2.969128e-02,9.765848e-05,2.501252e-03,1.819960e-02,3.049005e-05
