# rmse alpha/u,rmse phic/h,rmse h/r,spread alpha/u,spread phic/h,spread h/r
6.417120e-02,5.417709e-03,2.000800e-01,1.927996e-01,2.373932e-01,2.334187e-01
2.181713e-03,1.431861e-02,8.450618e-05,1.315812e-03,9.166808e-03,2.222509e-05
