# rmse alpha/u,rmse phic/h,rmse h/r,spread alpha/u,spread phic/h,spread h/r
6.417120e-02,5.417709e-03,2.000800e-01,1.927996e-01,2.373932e-01,2.334187e-01
2.298575e-03,1.596339e-02,1.009682e-04,9.070300e-04,6.656328e-03,2.227315e-05
