# rmse alpha/u,rmse phic/h,rmse h/r,spread alpha/u,spread phic/h,spread h/r
1.339023e-01,2.960150e-01,2.376933e-01,1.252033e-01,2.157036e-01,2.323844e-01
8.383142e-04,6.317295e-03,4.694785e-05,7.647805e-04,5.997529e-03,2.109276e-05
