# rmse alpha/u,rmse phic/h,rmse h/r,spread alpha/u,spread phic/h,spread h/r
1.339023e-01,2.960150e-01,2.376933e-01,1.252033e-01,2.157036e-01,2.323844e-01
8.765893e-04,7.894272e-03,4.587610e-05,7.521250e-04,5.788565e-03,2.095296e-05
