# rmse alpha/u,rmse phic/h,rmse h/r,spread alpha/u,spread phic/h,spread h/r
6.151803e-02,3.024970e-04,1.121626e-01,1.633829e-01,2.359221e-01,1.343989e-01
3.142983e-03,1.757219e-02,3.103168e-05,1.769455e-03,1.329446e-02,3.389081e-05
