# rmse alpha/u,rmse phic/h,rmse h/r,spread alpha/u,spread phic/h,spread h/r
6.151803e-02,3.024970e-04,1.121626e-01,1.633829e-01,2.359221e-01,1.343989e-01
2.191885e-03,1.465963e-02,1.674055e-05,1.883169e-03,1.214682e-02,2.370844e-05
