# rmse alpha/u,rmse phic/h,rmse h/r,spread alpha/u,spread phic/h,spread h/r
6.151803e-02,3.024970e-04,1.121626e-01,1.633829e-01,2.359221e-01,1.343989e-01
5.942673e-03,3.745232e-02,5.073877e-05,2.819480e-03,2.233023e-02,4.227828e-05
