# rmse alpha/u,rmse phic/h,rmse h/r,spread alpha/u,spread phic/h,spread h/r
6.151803e-02,3.024970e-04,1.121626e-01,1.633829e-01,2.359221e-01,1.343989e-01
2.179717e-03,1.379159e-02,3.378136e-05,1.418272e-03,1.126753e-02,3.388378e-05
