# rmse alpha/u,rmse phic/h,rmse h/r,spread alpha/u,spread phic/h,spread h/r
1.797347e-02,3.409641e-02,4.990822e-03,1.336813e-01,2.328353e-01,1.738106e-01
8.988715e-04,7.744702e-03,2.755208e-05,9.235436e-04,7.068151e-03,4.744985e-05
