# rmse alpha/u,rmse phic/h,rmse h/r,spread alpha/u,spread phic/h,spread h/r
1.797347e-02,3.409641e-02,4.990822e-03,1.336813e-01,2.328353e-01,1.738106e-01
8.713448e-04,6.982080e-03,2.351342e-05,8.296109e-04,6.452698e-03,4.566366e-05
