# rmse alpha/u,rmse phic/h,rmse h/r,spread alpha/u,spread phic/h,spread h/r
1.797347e-02,3.409641e-02,4.990822e-03,1.336813e-01,2.328353e-01,1.738106e-01
8.308118e-04,6.874088e-03,2.297815e-05,8.323303e-04,6.524503e-03,4.530120e-05
