# rmse alpha/u,rmse phic/h,rmse h/r,spread alpha/u,spread phic/h,spread h/r
4.555686e-02,1.882647e-01,3.151356e-01,1.724500e-01,2.357833e-01,1.626367e-01
3.476234e-03,3.337588e-02,3.134589e-05,1.876824e-03,1.458855e-02,2.616684e-05
