# rmse alpha/u,rmse phic/h,rmse h/r,spread alpha/u,spread phic/h,spread h/r
4.555686e-02,1.882647e-01,3.151356e-01,1.724500e-01,2.357833e-01,1.626367e-01
3.493056e-03,2.584754e-02,3.836663e-05,2.233031e-03,1.609409e-02,2.600463e-05
