# rmse alpha/u,rmse phic/h,rmse h/r,spread alpha/u,spread phic/h,spread h/r
4.555686e-02,1.882647e-01,3.151356e-01,1.724500e-01,2.357833e-01,1.626367e-01
3.183698e-03,2.430153e-02,3.203120e-05,1.589543e-03,1.105195e-02,2.241425e-05
