# rmse alpha/u,rmse phic/h,rmse h/r,spread alpha/u,spread phic/h,spread h/r
4.555686e-02,1.882647e-01,3.151356e-01,1.724500e-01,2.357833e-01,1.626367e-01
2.738006e-03,1.642315e-02,3.992175e-05,1.791537e-03,1.307058e-02,2.268206e-05
