# rmse alpha/u,rmse phic/h,rmse h/r,spread alpha/u,spread phic/h,spread h/r
4.555686e-02,1.882647e-01,3.151356e-01,1.724500e-01,2.357833e-01,1.626367e-01
3.745355e-03,2.593786e-02,4.051227e-05,1.706504e-03,1.219943e-02,2.410918e-05
