# rmse alpha/u,rmse phic/h,rmse h/r,spread alpha/u,spread phic/h,spread h/r
4.555686e-02,1.882647e-01,3.151356e-01,1.724500e-01,2.357833e-01,1.626367e-01
1.490226e-03,1.314723e-02,3.405146e-05,1.476682e-03,1.176629e-02,2.395931e-05
