# rmse alpha/u,rmse phic/h,rmse h/r,spread alpha/u,spread phic/h,spread h/r
4.555686e-02,1.882647e-01,3.151356e-01,1.724500e-01,2.357833e-01,1.626367e-01
3.167528e-03,2.089851e-02,3.862469e-05,1.581406e-03,1.198394e-02,2.591150e-05
