# rmse alpha/u,rmse phic/h,rmse h/r,spread alpha/u,spread phic/h,spread h/r
2.148196e-01,1.180530e-01,1.002988e-01,1.209278e-01,1.045548e-01,6.073146e-02
5.263866e-03,3.178617e-02,5.681966e-05,2.949030e-03,2.124160e-02,5.208775e-05
