# rmse alpha/u,rmse phic/h,rmse h/r,spread alpha/u,spread phic/h,spread h/r
2.148196e-01,1.180530e-01,1.002988e-01,1.209278e-01,1.045548e-01,6.073146e-02
3.812314e-03,2.129630e-02,4.870216e-05,2.775829e-03,1.994543e-02,5.257114e-05
