# rmse alpha/u,rmse phic/h,rmse h/r,spread alpha/u,spread phic/h,spread h/r
2.148196e-01,1.180530e-01,1.002988e-01,1.209278e-01,1.045548e-01,6.073146e-02
3.582851e-03,2.158269e-02,4.852608e-05,2.874884e-03,2.028707e-02,5.329860e-05
