# rmse alpha/u,rmse phic/h,rmse h/r,spread alpha/u,spread phic/h,spread h/r
2.148196e-01,1.180530e-01,1.002988e-01,1.209278e-01,1.045548e-01,6.073146e-02
4.302929e-03,2.555157e-02,5.845026e-05,2.620659e-03,1.833393e-02,4.920001e-05
