# rmse alpha/u,rmse phic/h,rmse h/r,spread alpha/u,spread phic/h,spread h/r
2.148196e-01,1.180530e-01,1.002988e-01,1.209278e-01,1.045548e-01,6.073146e-02
3.218855e-03,2.002913e-02,3.729252e-05,2.726847e-03,1.910608e-02,4.771417e-05
