# rmse alpha/u,rmse phic/h,rmse h/r,spread alpha/u,spread phic/h,spread h/r
2.148196e-01,1.180530e-01,1.002988e-01,1.209278e-01,1.045548e-01,6.073146e-02
4.184612e-03,2.735393e-02,5.493243e-05,2.891191e-03,2.078661e-02,5.562691e-05
