# rmse alpha/u,rmse phic/h,rmse h/r,spread alpha/u,spread phic/h,spread h/r
2.358340e-01,4.565487e-01,5.639541e-01,1.837476e-01,2.443896e-01,2.064901e-01
2.239510e-03,1.522487e-02,4.527086e-05,1.727130e-03,1.277396e-02,4.026123e-05
