# rmse alpha/u,rmse phic/h,rmse h/r,spread alpha/u,spread phic/h,spread h/r
2.358340e-01,4.565487e-01,5.639541e-01,1.837476e-01,2.443896e-01,2.064901e-01
1.964358e-03,1.701286e-02,4.866240e-05,1.725669e-03,1.357199e-02,4.474180e-05
