# rmse alpha/u,rmse phic/h,rmse h/r,spread alpha/u,spread phic/h,spread h/r
2.358340e-01,4.565487e-01,5.639541e-01,1.837476e-01,2.443896e-01,2.064901e-01
1.260994e-03,9.748458e-03,3.405357e-05,1.060942e-03,7.867080e-03,3.622419e-05
