# rmse alpha/u,rmse phic/h,rmse h/r,spread alpha/u,spread phic/h,spread h/r
2.358340e-01,4.565487e-01,5.639541e-01,1.837476e-01,2.443896e-01,2.064901e-01
2.202528e-03,1.601794e-02,4.541681e-05,1.401050e-03,1.026252e-02,4.240794e-05
