# rmse alpha/u,rmse phic/h,rmse h/r,spread alpha/u,spread phic/h,spread h/r
2.358340e-01,4.565487e-01,5.639541e-01,1.837476e-01,2.443896e-01,2.064901e-01
2.890275e-03,1.909240e-02,3.667417e-05,1.641382e-03,1.165598e-02,4.173876e-05
