# rmse alpha/u,rmse phic/h,rmse h/r,spread alpha/u,spread phic/h,spread h/r
2.358340e-01,4.565487e-01,5.639541e-01,1.837476e-01,2.443896e-01,2.064901e-01
1.816199e-03,1.261468e-02,3.824289e-05,1.164467e-03,8.769091e-03,4.049377e-05
