# rmse alpha/u,rmse phic/h,rmse h/r,spread alpha/u,spread phic/h,spread h/r
6.286764e-02,7.452961e-03,1.777914e-02,2.161739e-01,2.255086e-01,1.314118e-01
4.367485e-03,2.753637e-02,4.304539e-05,3.217662e-03,2.284114e-02,4.697842e-05
