# rmse alpha/u,rmse phic/h,rmse h/r,spread alpha/u,spread phic/h,spread h/r
6.286764e-02,7.452961e-03,1.777914e-02,2.161739e-01,2.255086e-01,1.314118e-01
3.771691e-03,2.636314e-02,5.851958e-05,3.428962e-03,2.471986e-02,5.559057e-05
