# rmse alpha/u,rmse phic/h,rmse h/r,spread alpha/u,spread phic/h,spread h/r
6.286764e-02,7.452961e-03,1.777914e-02,2.161739e-01,2.255086e-01,1.314118e-01
5.059039e-03,3.047309e-02,5.683375e-05,3.058441e-03,2.146758e-02,5.510931e-05
