# rmse alpha/u,rmse phic/h,rmse h/r,spread alpha/u,spread phic/h,spread h/r
6.286764e-02,7.452961e-03,1.777914e-02,2.161739e-01,2.255086e-01,1.314118e-01
3.621984e-03,2.329430e-02,4.962313e-05,3.345895e-03,2.426710e-02,5.073390e-05
