# rmse alpha/u,rmse phic/h,rmse h/r,spread alpha/u,spread phic/h,spread h/r
6.286764e-02,7.452961e-03,1.777914e-02,2.161739e-01,2.255086e-01,1.314118e-01
4.116420e-03,3.034336e-02,5.246569e-05,3.492696e-03,2.530840e-02,5.285750e-05
