# rmse alpha/u,rmse phic/h,rmse h/r,spread alpha/u,spread phic/h,spread h/r
2.659872e-02,4.022114e-04,2.465773e-02,1.181223e-01,7.205882e-02,7.270492e-02
4.643827e-03,3.301596e-02,5.131062e-05,3.507957e-03,2.728592e-02,4.266441e-05
