# rmse alpha/u,rmse phic/h,rmse h/r,spread alpha/u,spread phic/h,spread h/r
2.659872e-02,4.022114e-04,2.465773e-02,1.181223e-01,7.205882e-02,7.270492e-02
3.421907e-03,2.173524e-02,3.976992e-05,3.206838e-03,2.234822e-02,3.804615e-05
