# rmse alpha/u,rmse phic/h,rmse h/r,spread alpha/u,spread phic/h,spread h/r
6.540818e-03,3.011460e-02,2.039593e-02,9.502048e-02,9.238990e-02,7.555380e-02
8.224053e-04,6.508970e-03,2.149477e-05,8.398169e-04,6.692645e-03,4.986743e-05
