# rmse alpha/u,rmse phic/h,rmse h/r,spread alpha/u,spread phic/h,spread h/r
6.540818e-03,3.011460e-02,2.039593e-02,9.502048e-02,9.238990e-02,7.555380e-02
8.614462e-04,6.763952e-03,2.262059e-05,8.503922e-04,6.657168e-03,5.001494e-05
