# rmse alpha/u,rmse phic/h,rmse h/r,spread alpha/u,spread phic/h,spread h/r
6.540818e-03,3.011460e-02,2.039593e-02,9.502048e-02,9.238990e-02,7.555380e-02
8.645511e-04,6.587901e-03,1.966531e-05,8.601454e-04,6.584842e-03,5.131196e-05
