# rmse alpha/u,rmse phic/h,rmse h/r,spread alpha/u,spread phic/h,spread h/r
6.540818e-03,3.011460e-02,2.039593e-02,9.502048e-02,9.238990e-02,7.555380e-02
1.330009e-03,9.864447e-03,2.001608e-05,1.075337e-03,8.117725e-03,5.028539e-05
