# rmse alpha/u,rmse phic/h,rmse h/r,spread alpha/u,spread phic/h,spread h/r
3.719019e-03,2.670195e-02,4.253365e-02,4.456495e-02,7.699177e-02,1.044151e-01
8.284329e-04,6.713409e-03,2.648699e-05,7.884105e-04,6.172605e-03,3.850301e-05
