# rmse alpha/u,rmse phic/h,rmse h/r,spread alpha/u,spread phic/h,spread h/r
3.719019e-03,2.670195e-02,4.253365e-02,4.456495e-02,7.699177e-02,1.044151e-01
8.845945e-04,6.954372e-03,2.973514e-05,8.271058e-04,6.518916e-03,4.059382e-05
