# rmse alpha/u,rmse phic/h,rmse h/r,spread alpha/u,spread phic/h,spread h/r
3.719019e-03,2.670195e-02,4.253365e-02,4.456495e-02,7.699177e-02,1.044151e-01
9.493234e-04,7.667984e-03,2.123794e-05,8.582488e-04,6.538467e-03,4.021512e-05
