# rmse alpha/u,rmse phic/h,rmse h/r,spread alpha/u,spread phic/h,spread h/r
3.719019e-03,2.670195e-02,4.253365e-02,4.456495e-02,7.699177e-02,1.044151e-01
8.546969e-04,6.536476e-03,2.162347e-05,8.166666e-04,6.295355e-03,3.842028e-05
