# rmse alpha/u,rmse phic/h,rmse h/r,spread alpha/u,spread phic/h,spread h/r
3.719019e-03,2.670195e-02,4.253365e-02,4.456495e-02,7.699177e-02,1.044151e-01
8.360911e-04,6.262962e-03,2.268694e-05,7.946952e-04,6.186056e-03,3.809324e-05
