# rmse alpha/u,rmse phic/h,rmse h/r,spread alpha/u,spread phic/h,spread h/r
3.719019e-03,2.670195e-02,4.253365e-02,4.456495e-02,7.699177e-02,1.044151e-01
8.363003e-04,7.103947e-03,2.047542e-05,8.209857e-04,6.359956e-03,3.858880e-05
