# rmse alpha/u,rmse phic/h,rmse h/r,spread alpha/u,spread phic/h,spread h/r
9.752897e-02,7.507103e-02,3.561276e-02,2.004119e-01,2.167927e-01,1.908257e-01
7.743379e-04,6.107247e-03,1.839145e-05,7.525413e-04,5.756421e-03,1.850364e-05
