# rmse alpha/u,rmse phic/h,rmse h/r,spread alpha/u,spread phic/h,spread h/r
9.752897e-02,7.507103e-02,3.561276e-02,2.004119e-01,2.167927e-01,1.908257e-01
8.678233e-04,6.957145e-03,2.542481e-05,8.849814e-04,6.550200e-03,2.358055e-05
