# rmse alpha/u,rmse phic/h,rmse h/r,spread alpha/u,spread phic/h,spread h/r
9.752897e-02,7.507103e-02,3.561276e-02,2.004119e-01,2.167927e-01,1.908257e-01
8.440284e-04,6.772232e-03,2.390899e-05,7.930910e-04,6.030327e-03,2.305360e-05
