# rmse alpha/u,rmse phic/h,rmse h/r,spread alpha/u,spread phic/h,spread h/r
9.752897e-02,7.507103e-02,3.561276e-02,2.004119e-01,2.167927e-01,1.908257e-01
8.387079e-04,6.219275e-03,2.201206e-05,7.834143e-04,6.053140e-03,2.390563e-05
