# rmse alpha/u,rmse phic/h,rmse h/r,spread alpha/u,spread phic/h,spread h/r
9.752897e-02,7.507103e-02,3.561276e-02,2.004119e-01,2.167927e-01,1.908257e-01
7.941990e-04,6.534871e-03,2.081666e-05,7.831195e-04,6.065306e-03,2.363886e-05
