# rmse alpha/u,rmse phic/h,rmse h/r,spread alpha/u,spread phic/h,spread h/r
9.752897e-02,7.507103e-02,3.561276e-02,2.004119e-01,2.167927e-01,1.908257e-01
8.476003e-04,6.688113e-03,2.336597e-05,8.021006e-04,6.155072e-03,2.072504e-05
