# rmse alpha/u,rmse phic/h,rmse h/r,spread alpha/u,spread phic/h,spread h/r
5.932360e-01,4.175699e-01,5.235340e-01,2.040651e-01,2.045934e-01,1.851052e-01
3.770676e-03,2.281786e-02,3.431589e-05,2.954284e-03,2.238334e-02,3.167089e-05
