# rmse alpha/u,rmse phic/h,rmse h/r,spread alpha/u,spread phic/h,spread h/r
5.932360e-01,4.175699e-01,5.235340e-01,2.040651e-01,2.045934e-01,1.851052e-01
2.999478e-03,2.163687e-02,4.233380e-05,2.878228e-03,2.156260e-02,3.137164e-05
