# rmse alpha/u,rmse phic/h,rmse h/r,spread alpha/u,spread phic/h,spread h/r
5.932360e-01,4.175699e-01,5.235340e-01,2.040651e-01,2.045934e-01,1.851052e-01
4.392434e-03,2.708544e-02,3.926144e-05,3.114761e-03,2.341508e-02,3.447701e-05
