# rmse alpha/u,rmse phic/h,rmse h/r,spread alpha/u,spread phic/h,spread h/r
4.095793e-02,3.401017e-03,8.440197e-04,1.259098e-01,1.027105e-01,8.288943e-02
2.927687e-03,1.783844e-02,5.042447e-05,2.475482e-03,1.753641e-02,4.882080e-05
