# rmse alpha/u,rmse phic/h,rmse h/r,spread alpha/u,spread phic/h,spread h/r
4.095793e-02,3.401017e-03,8.440197e-04,1.259098e-01,1.027105e-01,8.288943e-02
2.427452e-03,1.744310e-02,4.298301e-05,2.349491e-03,1.712635e-02,4.943764e-05
