# rmse alpha/u,rmse phic/h,rmse h/r,spread alpha/u,spread phic/h,spread h/r
4.095793e-02,3.401017e-03,8.440197e-04,1.259098e-01,1.027105e-01,8.288943e-02
3.698186e-03,2.347151e-02,5.190435e-05,2.428338e-03,1.839717e-02,5.563282e-05
