# rmse alpha/u,rmse phic/h,rmse h/r,spread alpha/u,spread phic/h,spread h/r
4.095793e-02,3.401017e-03,8.440197e-04,1.259098e-01,1.027105e-01,8.288943e-02
3.862752e-03,2.376292e-02,5.307518e-05,2.444158e-03,1.787598e-02,5.509562e-05
