# rmse alpha/u,rmse phic/h,rmse h/r,spread alpha/u,spread phic/h,spread h/r
4.095793e-02,3.401017e-03,8.440197e-04,1.259098e-01,1.027105e-01,8.288943e-02
3.130760e-03,1.730026e-02,4.085670e-05,2.014243e-03,1.389665e-02,4.937960e-05
