# rmse alpha/u,rmse phic/h,rmse h/r,spread alpha/u,spread phic/h,spread h/r
4.095793e-02,3.401017e-03,8.440197e-04,1.259098e-01,1.027105e-01,8.288943e-02
3.281054e-03,1.862350e-02,5.465989e-05,2.588104e-03,1.742807e-02,5.140858e-05
