# rmse alpha/u,rmse phic/h,rmse h/r,spread alpha/u,spread phic/h,spread h/r
4.095793e-02,3.401017e-03,8.440197e-04,1.259098e-01,1.027105e-01,8.288943e-02
4.921309e-03,2.594255e-02,4.203195e-05,2.741541e-03,1.891614e-02,4.880086e-05
