# rmse alpha/u,rmse phic/h,rmse h/r,spread alpha/u,spread phic/h,spread h/r
2.269748e-01,2.381962e-01,4.306182e-01,1.273473e-01,2.300883e-01,2.154004e-01
2.878440e-03,2.343850e-02,2.874715e-05,1.809854e-03,1.264201e-02,3.444434e-05
