# rmse alpha/u,rmse phic/h,rmse h/r,spread alpha/u,spread phic/h,spread h/r
2.269748e-01,2.381962e-01,4.306182e-01,1.273473e-01,2.300883e-01,2.154004e-01
3.265286e-03,2.238701e-02,2.131386e-05,1.517629e-03,1.067475e-02,3.240703e-05
