# rmse alpha/u,rmse phic/h,rmse h/r,spread alpha/u,spread phic/h,spread h/r
2.269748e-01,2.381962e-01,4.306182e-01,1.273473e-01,2.300883e-01,2.154004e-01
4.322871e-03,2.438568e-02,3.520946e-05,1.629245e-03,1.095944e-02,3.319733e-05
