# rmse alpha/u,rmse phic/h,rmse h/r,spread alpha/u,spread phic/h,spread h/r
2.269748e-01,2.381962e-01,4.306182e-01,1.273473e-01,2.300883e-01,2.154004e-01
5.016878e-03,2.688869e-02,3.549162e-05,2.134278e-03,1.494703e-02,3.431328e-05
