# rmse alpha/u,rmse phic/h,rmse h/r,spread alpha/u,spread phic/h,spread h/r
2.158828e-01,8.004327e-02,1.275062e-03,1.906733e-01,1.720275e-01,1.565591e-01
1.377442e-03,9.305706e-03,1.398974e-04,8.854947e-04,6.523246e-03,1.824780e-05
