# rmse alpha/u,rmse phic/h,rmse h/r,spread alpha/u,spread phic/h,spread h/r
2.158828e-01,8.004327e-02,1.275062e-03,1.906733e-01,1.720275e-01,1.565591e-01
1.098339e-03,9.205488e-03,1.339056e-04,8.051692e-04,6.282292e-03,1.907413e-05
