# rmse alpha/u,rmse phic/h,rmse h/r,spread alpha/u,spread phic/h,spread h/r
2.158828e-01,8.004327e-02,1.275062e-03,1.906733e-01,1.720275e-01,1.565591e-01
8.796544e-04,7.128120e-03,1.539975e-04,7.851899e-04,6.268096e-03,1.781673e-05
