# rmse alpha/u,rmse phic/h,rmse h/r,spread alpha/u,spread phic/h,spread h/r
2.158828e-01,8.004327e-02,1.275062e-03,1.906733e-01,1.720275e-01,1.565591e-01
9.396878e-04,8.301750e-03,1.542479e-04,7.704899e-04,6.069844e-03,1.726267e-05
