# rmse alpha/u,rmse phic/h,rmse h/r,spread alpha/u,spread phic/h,spread h/r
2.158828e-01,8.004327e-02,1.275062e-03,1.906733e-01,1.720275e-01,1.565591e-01
1.007299e-03,7.901158e-03,1.822569e-04,8.361961e-04,6.229877e-03,9.260565e-06
