# rmse alpha/u,rmse phic/h,rmse h/r,spread alpha/u,spread phic/h,spread h/r
4.882195e-03,1.671706e-02,6.556765e-03,1.261689e-01,9.101944e-02,7.542695e-02
8.630523e-04,7.087133e-03,3.193807e-05,7.717864e-04,6.141087e-03,3.411792e-05
