# rmse alpha/u,rmse phic/h,rmse h/r,spread alpha/u,spread phic/h,spread h/r
1.342405e-01,2.167788e-03,2.097836e-04,1.895113e-01,2.432222e-01,1.897337e-01
4.435939e-03,3.088274e-02,6.203916e-05,2.707259e-03,1.927266e-02,4.039940e-05
