# rmse alpha/u,rmse phic/h,rmse h/r,spread alpha/u,spread phic/h,spread h/r
1.342405e-01,2.167788e-03,2.097836e-04,1.895113e-01,2.432222e-01,1.897337e-01
3.697996e-03,2.685559e-02,7.034004e-05,2.401655e-03,1.768016e-02,3.892353e-05
