# rmse alpha/u,rmse phic/h,rmse h/r,spread alpha/u,spread phic/h,spread h/r
1.342405e-01,2.167788e-03,2.097836e-04,1.895113e-01,2.432222e-01,1.897337e-01
5.580000e-03,3.481636e-02,5.766619e-05,3.617063e-03,2.823882e-02,5.170282e-05
