# rmse alpha/u,rmse phic/h,rmse h/r,spread alpha/u,spread phic/h,spread h/r
3.429247e-01,2.171277e-01,2.375478e-01,1.387709e-01,2.166638e-01,1.639076e-01
2.716888e-03,1.924947e-02,3.619962e-05,2.437651e-03,1.688554e-02,3.782168e-05
