# rmse alpha/u,rmse phic/h,rmse h/r,spread alpha/u,spread phic/h,spread h/r
3.429247e-01,2.171277e-01,2.375478e-01,1.387709e-01,2.166638e-01,1.639076e-01
1.909079e-03,1.771525e-02,2.839046e-05,1.847717e-03,1.393328e-02,3.595104e-05
