# rmse alpha/u,rmse phic/h,rmse h/r,spread alpha/u,spread phic/h,spread h/r
3.429247e-01,2.171277e-01,2.375478e-01,1.387709e-01,2.166638e-01,1.639076e-01
3.149058e-03,2.307196e-02,2.521086e-05,2.362369e-03,1.629423e-02,2.824833e-05
