# rmse alpha/u,rmse phic/h,rmse h/r,spread alpha/u,spread phic/h,spread h/r
1.293621e-03,5.603144e-03,2.801363e-02,1.440848e-01,2.244066e-01,1.773091e-01
9.421887e-04,6.824222e-03,2.243707e-05,8.436992e-04,6.487611e-03,5.164957e-05
