# rmse alpha/u,rmse phic/h,rmse h/r,spread alpha/u,spread phic/h,spread h/r
1.293621e-03,5.603144e-03,2.801363e-02,1.440848e-01,2.244066e-01,1.773091e-01
8.761804e-04,7.081136e-03,2.490527e-05,8.700173e-04,6.985723e-03,5.307043e-05
