# rmse alpha/u,rmse phic/h,rmse h/r,spread alpha/u,spread phic/h,spread h/r
1.293621e-03,5.603144e-03,2.801363e-02,1.440848e-01,2.244066e-01,1.773091e-01
8.322464e-04,6.372477e-03,2.162791e-05,8.416546e-04,6.606345e-03,5.291940e-05
