# rmse alpha/u,rmse phic/h,rmse h/r,spread alpha/u,spread phic/h,spread h/r
1.293621e-03,5.603144e-03,2.801363e-02,1.440848e-01,2.244066e-01,1.773091e-01
8.745780e-04,6.695174e-03,2.567316e-05,8.725046e-04,7.016950e-03,5.263428e-05
