# rmse alpha/u,rmse phic/h,rmse h/r,spread alpha/u,spread phic/h,spread h/r
1.293621e-03,5.603144e-03,2.801363e-02,1.440848e-01,2.244066e-01,1.773091e-01
8.564703e-04,6.466267e-03,2.285046e-05,8.444122e-04,6.708243e-03,5.073166e-05
