# rmse alpha/u,rmse phic/h,rmse h/r,spread alpha/u,spread phic/h,spread h/r
1.293621e-03,5.603144e-03,2.801363e-02,1.440848e-01,2.244066e-01,1.773091e-01
7.982365e-04,6.396059e-03,2.380164e-05,8.146099e-04,6.482891e-03,5.059910e-05
