# rmse alpha/u,rmse phic/h,rmse h/r,spread alpha/u,spread phic/h,spread h/r
4.215729e-02,7.660924e-04,1.098806e-02,1.358123e-01,9.039058e-02,7.514916e-02
4.686881e-03,2.981211e-02,5.979403e-05,3.646198e-03,2.671782e-02,4.244845e-05
