# rmse alpha/u,rmse phic/h,rmse h/r,spread alpha/u,spread phic/h,spread h/r
4.215729e-02,7.660924e-04,1.098806e-02,1.358123e-01,9.039058e-02,7.514916e-02
4.948759e-03,3.167600e-02,5.264904e-05,2.783083e-03,2.038668e-02,3.879792e-05
