# rmse alpha/u,rmse phic/h,rmse h/r,spread alpha/u,spread phic/h,spread h/r
4.215729e-02,7.660924e-04,1.098806e-02,1.358123e-01,9.039058e-02,7.514916e-02
4.789415e-03,3.413617e-02,5.781213e-05,2.819762e-03,1.969232e-02,4.329147e-05
