# rmse alpha/u,rmse phic/h,rmse h/r,spread alpha/u,spread phic/h,spread h/r
4.215729e-02,7.660924e-04,1.098806e-02,1.358123e-01,9.039058e-02,7.514916e-02
3.614518e-03,2.091825e-02,5.570455e-05,2.616579e-03,1.909988e-02,4.519903e-05
