# rmse alpha/u,rmse phic/h,rmse h/r,spread alpha/u,spread phic/h,spread h/r
4.215729e-02,7.660924e-04,1.098806e-02,1.358123e-01,9.039058e-02,7.514916e-02
3.463449e-03,1.681839e-02,5.154226e-05,2.174984e-03,1.541700e-02,4.081863e-05
