# rmse alpha/u,rmse phic/h,rmse h/r,spread alpha/u,spread phic/h,spread h/r
3.480962e-01,9.549516e-02,1.907095e-01,1.412991e-01,9.518759e-02,8.551670e-02
4.603544e-03,2.887088e-02,3.634226e-05,3.546286e-03,2.784188e-02,3.977807e-05
