# rmse alpha/u,rmse phic/h,rmse h/r,spread alpha/u,spread phic/h,spread h/r
3.480962e-01,9.549516e-02,1.907095e-01,1.412991e-01,9.518759e-02,8.551670e-02
3.952878e-03,2.816150e-02,4.852874e-05,3.239912e-03,2.510014e-02,3.932204e-05
