# rmse alpha/u,rmse phic/h,rmse h/r,spread alpha/u,spread phic/h,spread h/r
1.895453e-01,3.195858e-01,4.843045e-03,1.906733e-01,1.720275e-01,1.565591e-01
6.014503e-03,3.507679e-02,2.984226e-05,3.400392e-03,2.747071e-02,1.228547e-05
