# rmse alpha/u,rmse phic/h,rmse h/r,spread alpha/u,spread phic/h,spread h/r
1.895453e-01,3.195858e-01,4.843045e-03,1.906733e-01,1.720275e-01,1.565591e-01
4.952323e-03,3.401550e-02,1.769376e-05,3.567490e-03,2.605909e-02,1.027933e-05
