# rmse alpha/u,rmse phic/h,rmse h/r,spread alpha/u,spread phic/h,spread h/r
1.895453e-01,3.195858e-01,4.843045e-03,1.906733e-01,1.720275e-01,1.565591e-01
4.858658e-03,2.812512e-02,2.204226e-05,3.136232e-03,2.095583e-02,1.129629e-05
