# rmse alpha/u,rmse phic/h,rmse h/r,spread alpha/u,spread phic/h,spread h/r
1.895453e-01,3.195858e-01,4.843045e-03,1.906733e-01,1.720275e-01,1.565591e-01
5.320122e-03,3.289749e-02,1.820816e-05,3.386361e-03,2.618201e-02,8.827615e-06
