# rmse alpha/u,rmse phic/h,rmse h/r,spread alpha/u,spread phic/h,spread h/r
1.650964e-01,4.120248e-01,5.423894e-01,2.178019e-01,1.997102e-01,1.533221e-01
4.449003e-03,2.209594e-02,2.930824e-05,2.598011e-03,1.756423e-02,2.393604e-05
