# rmse alpha/u,rmse phic/h,rmse h/r,spread alpha/u,spread phic/h,spread h/r
1.650964e-01,4.120248e-01,5.423894e-01,2.178019e-01,1.997102e-01,1.533221e-01
3.511755e-03,1.767048e-02,3.948591e-05,2.127934e-03,1.461223e-02,2.864939e-05
