# rmse alpha/u,rmse phic/h,rmse h/r,spread alpha/u,spread phic/h,spread h/r
1.650964e-01,4.120248e-01,5.423894e-01,2.178019e-01,1.997102e-01,1.533221e-01
3.161753e-03,1.817910e-02,1.528428e-05,2.463280e-03,1.701612e-02,2.032364e-05
