# rmse alpha/u,rmse phic/h,rmse h/r,spread alpha/u,spread phic/h,spread h/r
1.650964e-01,4.120248e-01,5.423894e-01,2.178019e-01,1.997102e-01,1.533221e-01
4.289697e-03,2.330552e-02,3.484410e-05,2.682101e-03,1.953633e-02,3.515310e-05
