# rmse alpha/u,rmse phic/h,rmse h/r,spread alpha/u,spread phic/h,spread h/r
1.650964e-01,4.120248e-01,5.423894e-01,2.178019e-01,1.997102e-01,1.533221e-01
3.995337e-03,2.376177e-02,3.418759e-05,2.387118e-03,1.776235e-02,3.338419e-05
