# rmse alpha/u,rmse phic/h,rmse h/r,spread alpha/u,spread phic/h,spread h/r
1.650964e-01,4.120248e-01,5.423894e-01,2.178019e-01,1.997102e-01,1.533221e-01
4.433855e-03,2.883340e-02,3.923682e-05,2.329934e-03,1.650725e-02,3.209180e-05
