# rmse alpha/u,rmse phic/h,rmse h/r,spread alpha/u,spread phic/h,spread h/r
1.650964e-01,4.120248e-01,5.423894e-01,2.178019e-01,1.997102e-01,1.533221e-01
3.195374e-03,1.986041e-02,3.333244e-05,2.054770e-03,1.468632e-02,2.699108e-05
