# rmse alpha/u,rmse phic/h,rmse h/r,spread alpha/u,spread phic/h,spread h/r
4.020315e-02,7.131552e-03,8.616569e-02,1.491542e-01,1.029448e-01,8.027070e-02
3.247261e-03,1.522734e-02,4.042437e-05,1.785900e-03,1.363100e-02,4.230681e-05
