# rmse alpha/u,rmse phic/h,rmse h/r,spread alpha/u,spread phic/h,spread h/r
4.020315e-02,7.131552e-03,8.616569e-02,1.491542e-01,1.029448e-01,8.027070e-02
2.246375e-03,1.146554e-02,2.610846e-05,1.703940e-03,1.116421e-02,3.316421e-05
