# rmse alpha/u,rmse phic/h,rmse h/r,spread alpha/u,spread phic/h,spread h/r
4.020315e-02,7.131552e-03,8.616569e-02,1.491542e-01,1.029448e-01,8.027070e-02
2.447501e-03,1.242292e-02,3.345526e-05,1.716137e-03,1.150226e-02,3.936697e-05
