# rmse alpha/u,rmse phic/h,rmse h/r,spread alpha/u,spread phic/h,spread h/r
3.476587e-03,1.733073e-02,4.601856e-04,1.545758e-01,2.408880e-01,2.018124e-01
2.410662e-03,9.636908e-03,3.322520e-05,1.350786e-03,9.101648e-03,3.321406e-05
