# rmse alpha/u,rmse phic/h,rmse h/r,spread alpha/u,spread phic/h,spread h/r
3.476587e-03,1.733073e-02,4.601856e-04,1.545758e-01,2.408880e-01,2.018124e-01
1.500452e-03,1.086977e-02,3.813620e-05,9.340443e-04,7.010251e-03,3.364026e-05
