# rmse alpha/u,rmse phic/h,rmse h/r,spread alpha/u,spread phic/h,spread h/r
3.476587e-03,1.733073e-02,4.601856e-04,1.545758e-01,2.408880e-01,2.018124e-01
8.373157e-04,7.198794e-03,3.129340e-05,8.061262e-04,6.211900e-03,3.216202e-05
