# rmse alpha/u,rmse phic/h,rmse h/r,spread alpha/u,spread phic/h,spread h/r
3.476587e-03,1.733073e-02,4.601856e-04,1.545758e-01,2.408880e-01,2.018124e-01
2.127106e-03,1.312721e-02,4.556494e-05,9.684099e-04,7.187975e-03,3.466038e-05
