# rmse alpha/u,rmse phic/h,rmse h/r,spread alpha/u,spread phic/h,spread h/r
3.476587e-03,1.733073e-02,4.601856e-04,1.545758e-01,2.408880e-01,2.018124e-01
1.885614e-03,1.126952e-02,4.569490e-05,9.719490e-04,7.174519e-03,3.416286e-05
