# rmse alpha/u,rmse phic/h,rmse h/r,spread alpha/u,spread phic/h,spread h/r
3.476587e-03,1.733073e-02,4.601856e-04,1.545758e-01,2.408880e-01,2.018124e-01
9.708461e-04,7.115524e-03,3.764080e-05,9.170512e-04,6.917576e-03,3.457215e-05
