# rmse alpha/u,rmse phic/h,rmse h/r,spread alpha/u,spread phic/h,spread h/r
1.939413e-01,5.323810e-01,4.223871e-01,1.910254e-01,2.103657e-01,1.707528e-01
3.275636e-03,2.206776e-02,7.080994e-05,2.576674e-03,1.883501e-02,3.830800e-05
