# rmse alpha/u,rmse phic/h,rmse h/r,spread alpha/u,spread phic/h,spread h/r
1.939413e-01,5.323810e-01,4.223871e-01,1.910254e-01,2.103657e-01,1.707528e-01
4.153903e-03,2.091484e-02,6.033088e-05,2.189520e-03,1.547252e-02,3.412700e-05
