# rmse alpha/u,rmse phic/h,rmse h/r,spread alpha/u,spread phic/h,spread h/r
1.939413e-01,5.323810e-01,4.223871e-01,1.910254e-01,2.103657e-01,1.707528e-01
3.445571e-03,2.581649e-02,6.048650e-05,2.708136e-03,1.889108e-02,4.261343e-05
