# rmse alpha/u,rmse phic/h,rmse h/r,spread alpha/u,spread phic/h,spread h/r
1.999358e-01,3.128205e-01,1.658709e-01,1.982756e-01,1.909562e-01,1.621428e-01
8.646443e-04,6.474648e-03,2.588828e-05,8.762961e-04,6.692888e-03,3.885025e-05
