# rmse alpha/u,rmse phic/h,rmse h/r,spread alpha/u,spread phic/h,spread h/r
1.999358e-01,3.128205e-01,1.658709e-01,1.982756e-01,1.909562e-01,1.621428e-01
9.315148e-04,6.842935e-03,2.673819e-05,9.447932e-04,7.188401e-03,3.838674e-05
