# rmse alpha/u,rmse phic/h,rmse h/r,spread alpha/u,spread phic/h,spread h/r
1.999358e-01,3.128205e-01,1.658709e-01,1.982756e-01,1.909562e-01,1.621428e-01
1.390115e-03,8.667096e-03,2.344406e-05,9.353206e-04,6.731534e-03,3.729988e-05
