# rmse alpha/u,rmse phic/h,rmse h/r,spread alpha/u,spread phic/h,spread h/r
1.999358e-01,3.128205e-01,1.658709e-01,1.982756e-01,1.909562e-01,1.621428e-01
8.461433e-04,6.854601e-03,3.154463e-05,8.776411e-04,6.785460e-03,3.707328e-05
