# rmse alpha/u,rmse phic/h,rmse h/r,spread alpha/u,spread phic/h,spread h/r
4.340578e-01,8.886034e-02,4.353563e-01,1.593925e-01,2.113047e-01,1.635165e-01
3.925964e-03,2.566567e-02,3.786887e-05,3.567793e-03,2.684770e-02,4.321399e-05
