# rmse alpha/u,rmse phic/h,rmse h/r,spread alpha/u,spread phic/h,spread h/r
4.340578e-01,8.886034e-02,4.353563e-01,1.593925e-01,2.113047e-01,1.635165e-01
4.450825e-03,2.706056e-02,3.330176e-05,3.184808e-03,2.408477e-02,3.982109e-05
