# rmse alpha/u,rmse phic/h,rmse h/r,spread alpha/u,spread phic/h,spread h/r
4.340578e-01,8.886034e-02,4.353563e-01,1.593925e-01,2.113047e-01,1.635165e-01
4.863850e-03,3.017517e-02,3.748065e-05,3.451857e-03,2.372285e-02,3.247493e-05
