# rmse alpha/u,rmse phic/h,rmse h/r,spread alpha/u,spread phic/h,spread h/r
4.340578e-01,8.886034e-02,4.353563e-01,1.593925e-01,2.113047e-01,1.635165e-01
6.770057e-03,3.720963e-02,5.112765e-05,3.666185e-03,2.630367e-02,3.796017e-05
