# rmse alpha/u,rmse phic/h,rmse h/r,spread alpha/u,spread phic/h,spread h/r
1.092704e-01,3.589916e-01,4.612944e-01,2.004119e-01,2.167927e-01,1.908257e-01
6.088944e-03,3.406112e-02,3.751549e-05,3.750267e-03,2.594799e-02,2.483169e-05
