# rmse alpha/u,rmse phic/h,rmse h/r,spread alpha/u,spread phic/h,spread h/r
1.092704e-01,3.589916e-01,4.612944e-01,2.004119e-01,2.167927e-01,1.908257e-01
5.470688e-03,4.504662e-02,4.922280e-05,3.771658e-03,2.900454e-02,3.513218e-05
