# rmse alpha/u,rmse phic/h,rmse h/r,spread alpha/u,spread phic/h,spread h/r
1.092704e-01,3.589916e-01,4.612944e-01,2.004119e-01,2.167927e-01,1.908257e-01
4.796850e-03,3.129713e-02,3.410882e-05,3.087959e-03,2.340901e-02,2.563492e-05
