# rmse alpha/u,rmse phic/h,rmse h/r,spread alpha/u,spread phic/h,spread h/r
1.092704e-01,3.589916e-01,4.612944e-01,2.004119e-01,2.167927e-01,1.908257e-01
5.357532e-03,3.788321e-02,5.714837e-05,2.948286e-03,2.026986e-02,2.526845e-05
