# rmse alpha/u,rmse phic/h,rmse h/r,spread alpha/u,spread phic/h,spread h/r
1.092704e-01,3.589916e-01,4.612944e-01,2.004119e-01,2.167927e-01,1.908257e-01
5.019470e-03,2.794028e-02,6.219889e-05,2.965612e-03,2.009265e-02,2.207681e-05
