# rmse alpha/u,rmse phic/h,rmse h/r,spread alpha/u,spread phic/h,spread h/r
1.092704e-01,3.589916e-01,4.612944e-01,2.004119e-01,2.167927e-01,1.908257e-01
6.216765e-03,3.723070e-02,4.817392e-05,3.273697e-03,2.368364e-02,2.571047e-05
