# rmse alpha/u,rmse phic/h,rmse h/r,spread alpha/u,spread phic/h,spread h/r
8.286763e-03,7.455057e-03,7.818260e-02,2.029553e-01,2.401346e-01,2.180772e-01
4.743485e-03,3.372245e-02,4.105327e-05,3.066606e-03,2.327939e-02,3.549154e-05
