# rmse alpha/u,rmse phic/h,rmse h/r,spread alpha/u,spread phic/h,spread h/r
8.286763e-03,7.455057e-03,7.818260e-02,2.029553e-01,2.401346e-01,2.180772e-01
3.680358e-03,2.062175e-02,4.157835e-05,2.228775e-03,1.741027e-02,3.169452e-05
