# rmse alpha/u,rmse phic/h,rmse h/r,spread alpha/u,spread phic/h,spread h/r
8.286763e-03,7.455057e-03,7.818260e-02,2.029553e-01,2.401346e-01,2.180772e-01
3.295737e-03,1.938935e-02,3.692125e-05,2.287329e-03,1.751161e-02,2.943278e-05
