# rmse alpha/u,rmse phic/h,rmse h/r,spread alpha/u,spread phic/h,spread h/r
8.286763e-03,7.455057e-03,7.818260e-02,2.029553e-01,2.401346e-01,2.180772e-01
3.896335e-03,2.657821e-02,3.858272e-05,2.854426e-03,2.258946e-02,3.497230e-05
