# rmse alpha/u,rmse phic/h,rmse h/r,spread alpha/u,spread phic/h,spread h/r
8.286763e-03,7.455057e-03,7.818260e-02,2.029553e-01,2.401346e-01,2.180772e-01
3.432257e-03,1.740346e-02,3.172293e-05,2.300194e-03,1.654626e-02,2.974215e-05
