# rmse alpha/u,rmse phic/h,rmse h/r,spread alpha/u,spread phic/h,spread h/r
5.720877e-02,1.957807e-02,9.293572e-02,2.007018e-01,2.348895e-01,2.071683e-01
7.894570e-04,6.572889e-03,4.042273e-05,7.880447e-04,6.199859e-03,4.215289e-05
