# rmse alpha/u,rmse phic/h,rmse h/r,spread alpha/u,spread phic/h,spread h/r
5.720877e-02,1.957807e-02,9.293572e-02,2.007018e-01,2.348895e-01,2.071683e-01
8.485606e-04,6.341540e-03,3.827755e-05,8.230773e-04,6.414705e-03,4.178247e-05
