# rmse alpha/u,rmse phic/h,rmse h/r,spread alpha/u,spread phic/h,spread h/r
5.720877e-02,1.957807e-02,9.293572e-02,2.007018e-01,2.348895e-01,2.071683e-01
8.827737e-04,7.282853e-03,4.822651e-05,8.749271e-04,7.080597e-03,4.356627e-05
