# rmse alpha/u,rmse phic/h,rmse h/r,spread alpha/u,spread phic/h,spread h/r
1.468787e-01,1.612177e-02,6.897226e-02,2.064906e-01,1.899857e-01,1.562718e-01
4.424949e-03,2.343857e-02,4.274360e-05,3.068893e-03,2.099074e-02,3.932119e-05
