# rmse alpha/u,rmse phic/h,rmse h/r,spread alpha/u,spread phic/h,spread h/r
1.468787e-01,1.612177e-02,6.897226e-02,2.064906e-01,1.899857e-01,1.562718e-01
3.736544e-03,1.980576e-02,4.107925e-05,2.824647e-03,2.132386e-02,4.234082e-05
