# rmse alpha/u,rmse phic/h,rmse h/r,spread alpha/u,spread phic/h,spread h/r
1.468787e-01,1.612177e-02,6.897226e-02,2.064906e-01,1.899857e-01,1.562718e-01
3.437684e-03,1.939589e-02,4.319311e-05,2.897613e-03,2.020089e-02,3.871550e-05
