# rmse alpha/u,rmse phic/h,rmse h/r,spread alpha/u,spread phic/h,spread h/r
1.468787e-01,1.612177e-02,6.897226e-02,2.064906e-01,1.899857e-01,1.562718e-01
4.784545e-03,3.387029e-02,3.720604e-05,3.380465e-03,2.535683e-02,3.888548e-05
