# rmse alpha/u,rmse phic/h,rmse h/r,spread alpha/u,spread phic/h,spread h/r
1.468787e-01,1.612177e-02,6.897226e-02,2.064906e-01,1.899857e-01,1.562718e-01
4.923069e-03,2.504853e-02,3.808683e-05,3.340404e-03,2.452862e-02,3.923919e-05
