# rmse alpha/u,rmse phic/h,rmse h/r,spread alpha/u,spread phic/h,spread h/r
1.468787e-01,1.612177e-02,6.897226e-02,2.064906e-01,1.899857e-01,1.562718e-01
4.488146e-03,2.727426e-02,4.225615e-05,3.095360e-03,2.324632e-02,4.033930e-05
