# rmse alpha/u,rmse phic/h,rmse h/r,spread alpha/u,spread phic/h,spread h/r
1.468787e-01,1.612177e-02,6.897226e-02,2.064906e-01,1.899857e-01,1.562718e-01
4.739310e-03,3.219386e-02,5.778831e-05,3.028380e-03,2.149762e-02,4.103687e-05
