# rmse alpha/u,rmse phic/h,rmse h/r,spread alpha/u,spread phic/h,spread h/r
1.482411e-01,1.375606e-01,8.111875e-02,1.433441e-01,1.110729e-01,7.984981e-02
2.495944e-03,1.384708e-02,3.917028e-05,1.291847e-03,9.114479e-03,3.800538e-05
