# rmse alpha/u,rmse phic/h,rmse h/r,spread alpha/u,spread phic/h,spread h/r
1.482411e-01,1.375606e-01,8.111875e-02,1.433441e-01,1.110729e-01,7.984981e-02
2.459393e-03,1.046121e-02,2.819630e-05,1.203369e-03,8.222190e-03,3.530649e-05
