# rmse alpha/u,rmse phic/h,rmse h/r,spread alpha/u,spread phic/h,spread h/r
1.482411e-01,1.375606e-01,8.111875e-02,1.433441e-01,1.110729e-01,7.984981e-02
3.309597e-03,2.117192e-02,4.445949e-05,1.555627e-03,1.191871e-02,4.302664e-05
