# rmse alpha/u,rmse phic/h,rmse h/r,spread alpha/u,spread phic/h,spread h/r
1.482411e-01,1.375606e-01,8.111875e-02,1.433441e-01,1.110729e-01,7.984981e-02
2.613285e-03,1.414549e-02,3.781479e-05,1.197317e-03,8.958272e-03,3.825065e-05
