# rmse alpha/u,rmse phic/h,rmse h/r,spread alpha/u,spread phic/h,spread h/r
1.482411e-01,1.375606e-01,8.111875e-02,1.433441e-01,1.110729e-01,7.984981e-02
1.269188e-03,1.076055e-02,3.642294e-05,1.159904e-03,8.564862e-03,3.654686e-05
