# rmse alpha/u,rmse phic/h,rmse h/r,spread alpha/u,spread phic/h,spread h/r
1.482411e-01,1.375606e-01,8.111875e-02,1.433441e-01,1.110729e-01,7.984981e-02
1.765521e-03,1.114574e-02,2.837420e-05,1.034296e-03,7.502407e-03,3.518687e-05
