# rmse alpha/u,rmse phic/h,rmse h/r,spread alpha/u,spread phic/h,spread h/r
1.482411e-01,1.375606e-01,8.111875e-02,1.433441e-01,1.110729e-01,7.984981e-02
1.193519e-03,9.596549e-03,2.442264e-05,1.251269e-03,8.983059e-03,3.472962e-05
