# rmse alpha/u,rmse phic/h,rmse h/r,spread alpha/u,spread phic/h,spread h/r
1.482411e-01,1.375606e-01,8.111875e-02,1.433441e-01,1.110729e-01,7.984981e-02
2.441392e-03,1.035552e-02,2.611015e-05,1.546604e-03,1.033361e-02,3.453205e-05
