# rmse alpha/u,rmse phic/h,rmse h/r,spread alpha/u,spread phic/h,spread h/r
1.482411e-01,1.375606e-01,8.111875e-02,1.433441e-01,1.110729e-01,7.984981e-02
1.994104e-03,1.311136e-02,2.457226e-05,1.389485e-03,9.794492e-03,3.434453e-05
