# rmse alpha/u,rmse phic/h,rmse h/r,spread alpha/u,spread phic/h,spread h/r
1.482411e-01,1.375606e-01,8.111875e-02,1.433441e-01,1.110729e-01,7.984981e-02
2.664609e-03,1.379663e-02,3.644228e-05,1.472009e-03,1.028860e-02,3.525519e-05
