# rmse alpha/u,rmse phic/h,rmse h/r,spread alpha/u,spread phic/h,spread h/r
1.617425e-01,1.406926e-01,1.129902e-01,1.262019e-01,9.979256e-02,7.732346e-02
4.422733e-03,2.684040e-02,4.504321e-05,3.007898e-03,2.188984e-02,4.385662e-05
