# rmse alpha/u,rmse phic/h,rmse h/r,spread alpha/u,spread phic/h,spread h/r
1.617425e-01,1.406926e-01,1.129902e-01,1.262019e-01,9.979256e-02,7.732346e-02
5.565702e-03,2.968131e-02,4.917860e-05,2.941763e-03,2.209447e-02,4.870135e-05
