# rmse alpha/u,rmse phic/h,rmse h/r,spread alpha/u,spread phic/h,spread h/r
1.617425e-01,1.406926e-01,1.129902e-01,1.262019e-01,9.979256e-02,7.732346e-02
3.121648e-03,2.823520e-02,5.207837e-05,2.386110e-03,1.830859e-02,4.729914e-05
