# rmse alpha/u,rmse phic/h,rmse h/r,spread alpha/u,spread phic/h,spread h/r
9.142034e-02,1.130159e-01,3.985449e-02,2.108986e-01,2.184920e-01,1.878878e-01
1.102049e-03,7.976271e-03,9.538071e-05,1.000606e-03,7.793198e-03,1.533146e-05
