# rmse alpha/u,rmse phic/h,rmse h/r,spread alpha/u,spread phic/h,spread h/r
9.142034e-02,1.130159e-01,3.985449e-02,2.108986e-01,2.184920e-01,1.878878e-01
1.262112e-03,8.436402e-03,1.007276e-04,8.944321e-04,6.853916e-03,2.284242e-05
