# rmse alpha/u,rmse phic/h,rmse h/r,spread alpha/u,spread phic/h,spread h/r
9.142034e-02,1.130159e-01,3.985449e-02,2.108986e-01,2.184920e-01,1.878878e-01
8.744694e-04,6.642317e-03,9.884400e-05,8.341137e-04,6.318280e-03,1.898379e-05
