# rmse alpha/u,rmse phic/h,rmse h/r,spread alpha/u,spread phic/h,spread h/r
9.142034e-02,1.130159e-01,3.985449e-02,2.108986e-01,2.184920e-01,1.878878e-01
9.681395e-04,6.759576e-03,9.477123e-05,8.654866e-04,6.614122e-03,1.864171e-05
