# rmse alpha/u,rmse phic/h,rmse h/r,spread alpha/u,spread phic/h,spread h/r
3.649310e-02,9.629064e-02,2.283469e-02,2.029553e-01,2.401346e-01,2.180772e-01
8.406383e-04,6.859961e-03,1.962396e-05,9.003913e-04,6.845682e-03,4.234816e-05
