# rmse alpha/u,rmse phic/h,rmse h/r,spread alpha/u,spread phic/h,spread h/r
3.649310e-02,9.629064e-02,2.283469e-02,2.029553e-01,2.401346e-01,2.180772e-01
8.100417e-04,6.424884e-03,1.744315e-05,8.326143e-04,6.510596e-03,4.284788e-05
