# rmse alpha/u,rmse phic/h,rmse h/r,spread alpha/u,spread phic/h,spread h/r
3.649310e-02,9.629064e-02,2.283469e-02,2.029553e-01,2.401346e-01,2.180772e-01
8.249844e-04,6.395853e-03,1.783640e-05,8.326523e-04,6.480819e-03,4.283317e-05
