# rmse alpha/u,rmse phic/h,rmse h/r,spread alpha/u,spread phic/h,spread h/r
1.228641e-01,1.018923e-01,5.686569e-03,2.011122e-01,2.284813e-01,1.938860e-01
4.042604e-03,2.364174e-02,2.566269e-05,2.680963e-03,1.862804e-02,1.683535e-05
