# rmse alpha/u,rmse phic/h,rmse h/r,spread alpha/u,spread phic/h,spread h/r
1.228641e-01,1.018923e-01,5.686569e-03,2.011122e-01,2.284813e-01,1.938860e-01
4.697998e-03,2.595562e-02,2.884552e-05,3.100032e-03,2.213353e-02,1.986848e-05
