# rmse alpha/u,rmse phic/h,rmse h/r,spread alpha/u,spread phic/h,spread h/r
1.228641e-01,1.018923e-01,5.686569e-03,2.011122e-01,2.284813e-01,1.938860e-01
3.499719e-03,2.138653e-02,2.696513e-05,3.108482e-03,1.948424e-02,1.230297e-05
