# rmse alpha/u,rmse phic/h,rmse h/r,spread alpha/u,spread phic/h,spread h/r
6.085085e-02,1.754396e-01,1.740583e-01,1.927996e-01,2.373932e-01,2.334187e-01
8.577245e-04,8.182340e-03,4.739362e-05,8.472302e-04,6.599144e-03,4.103143e-05
