# rmse alpha/u,rmse phic/h,rmse h/r,spread alpha/u,spread phic/h,spread h/r
6.085085e-02,1.754396e-01,1.740583e-01,1.927996e-01,2.373932e-01,2.334187e-01
7.699701e-04,5.775063e-03,1.910753e-05,7.561529e-04,5.819583e-03,3.588110e-05
