# rmse alpha/u,rmse phic/h,rmse h/r,spread alpha/u,spread phic/h,spread h/r
6.085085e-02,1.754396e-01,1.740583e-01,1.927996e-01,2.373932e-01,2.334187e-01
7.702103e-04,6.088540e-03,2.062445e-05,7.632983e-04,5.851979e-03,3.635092e-05
