# rmse alpha/u,rmse phic/h,rmse h/r,spread alpha/u,spread phic/h,spread h/r
6.085085e-02,1.754396e-01,1.740583e-01,1.927996e-01,2.373932e-01,2.334187e-01
9.241260e-04,9.231482e-03,3.370810e-05,8.104781e-04,6.394073e-03,3.861912e-05
