# rmse alpha/u,rmse phic/h,rmse h/r,spread alpha/u,spread phic/h,spread h/r
6.085085e-02,1.754396e-01,1.740583e-01,1.927996e-01,2.373932e-01,2.334187e-01
8.200177e-04,5.944142e-03,2.308380e-05,7.671465e-04,6.014168e-03,3.673930e-05
