# rmse alpha/u,rmse phic/h,rmse h/r,spread alpha/u,spread phic/h,spread h/r
6.085085e-02,1.754396e-01,1.740583e-01,1.927996e-01,2.373932e-01,2.334187e-01
7.972957e-04,6.288836e-03,2.069448e-05,7.661529e-04,5.881537e-03,3.562805e-05
