# rmse alpha/u,rmse phic/h,rmse h/r,spread alpha/u,spread phic/h,spread h/r
6.085085e-02,1.754396e-01,1.740583e-01,1.927996e-01,2.373932e-01,2.334187e-01
8.135036e-04,6.077241e-03,2.590060e-05,7.791196e-04,6.040415e-03,3.683722e-05
