# rmse alpha/u,rmse phic/h,rmse h/r,spread alpha/u,spread phic/h,spread h/r
6.085085e-02,1.754396e-01,1.740583e-01,1.927996e-01,2.373932e-01,2.334187e-01
8.160772e-04,6.519767e-03,2.812183e-05,8.001405e-04,6.304084e-03,3.767615e-05
