# rmse alpha/u,rmse phic/h,rmse h/r,spread alpha/u,spread phic/h,spread h/r
6.085085e-02,1.754396e-01,1.740583e-01,1.927996e-01,2.373932e-01,2.334187e-01
8.112397e-04,7.098100e-03,3.086537e-05,7.998610e-04,6.392097e-03,3.768066e-05
