# rmse alpha/u,rmse phic/h,rmse h/r,spread alpha/u,spread phic/h,spread h/r
6.085085e-02,1.754396e-01,1.740583e-01,1.927996e-01,2.373932e-01,2.334187e-01
8.196276e-04,6.560709e-03,2.069835e-05,7.897675e-04,6.270883e-03,3.741315e-05
