# rmse alpha/u,rmse phic/h,rmse h/r,spread alpha/u,spread phic/h,spread h/r
1.754370e-01,2.326036e-01,1.829115e-01,1.341408e-01,9.194597e-02,9.209222e-02
8.675826e-04,7.400329e-03,3.195360e-05,8.612581e-04,7.109317e-03,5.018911e-05
