# rmse alpha/u,rmse phic/h,rmse h/r,spread alpha/u,spread phic/h,spread h/r
1.754370e-01,2.326036e-01,1.829115e-01,1.341408e-01,9.194597e-02,9.209222e-02
8.946112e-04,7.167432e-03,1.775794e-05,8.251406e-04,6.514312e-03,4.876508e-05
