# rmse alpha/u,rmse phic/h,rmse h/r,spread alpha/u,spread phic/h,spread h/r
1.754370e-01,2.326036e-01,1.829115e-01,1.341408e-01,9.194597e-02,9.209222e-02
8.683538e-04,6.439037e-03,2.258818e-05,8.542257e-04,6.856916e-03,5.127024e-05
