# rmse alpha/u,rmse phic/h,rmse h/r,spread alpha/u,spread phic/h,spread h/r
5.100207e-02,2.021994e-05,2.034464e-02,1.308493e-01,5.743763e-02,7.935041e-02
3.540626e-03,2.303306e-02,2.910214e-05,3.769364e-03,2.727186e-02,3.599202e-05
