# rmse alpha/u,rmse phic/h,rmse h/r,spread alpha/u,spread phic/h,spread h/r
5.100207e-02,2.021994e-05,2.034464e-02,1.308493e-01,5.743763e-02,7.935041e-02
4.951374e-03,2.561549e-02,2.961656e-05,3.946383e-03,2.737271e-02,3.624147e-05
