# rmse alpha/u,rmse phic/h,rmse h/r,spread alpha/u,spread phic/h,spread h/r
5.100207e-02,2.021994e-05,2.034464e-02,1.308493e-01,5.743763e-02,7.935041e-02
3.216700e-03,2.009976e-02,2.511250e-05,2.570921e-03,1.873701e-02,3.091478e-05
