# rmse alpha/u,rmse phic/h,rmse h/r,spread alpha/u,spread phic/h,spread h/r
4.265793e-02,2.523241e-02,3.516983e-04,9.924575e-02,7.028159e-02,8.184679e-02
1.560748e-03,9.387283e-03,4.116384e-05,1.318836e-03,9.497703e-03,5.025429e-05
