# rmse alpha/u,rmse phic/h,rmse h/r,spread alpha/u,spread phic/h,spread h/r
4.265793e-02,2.523241e-02,3.516983e-04,9.924575e-02,7.028159e-02,8.184679e-02
2.988438e-03,1.520339e-02,5.512071e-05,1.273259e-03,9.293620e-03,5.323002e-05
