# rmse alpha/u,rmse phic/h,rmse h/r,spread alpha/u,spread phic/h,spread h/r
4.265793e-02,2.523241e-02,3.516983e-04,9.924575e-02,7.028159e-02,8.184679e-02
2.404185e-03,1.221235e-02,5.490822e-05,1.138728e-03,8.369680e-03,5.190981e-05
