# rmse alpha/u,rmse phic/h,rmse h/r,spread alpha/u,spread phic/h,spread h/r
4.265793e-02,2.523241e-02,3.516983e-04,9.924575e-02,7.028159e-02,8.184679e-02
8.379438e-04,6.789512e-03,3.139666e-05,9.600562e-04,7.348761e-03,5.208635e-05
