# rmse alpha/u,rmse phic/h,rmse h/r,spread alpha/u,spread phic/h,spread h/r
4.265793e-02,2.523241e-02,3.516983e-04,9.924575e-02,7.028159e-02,8.184679e-02
8.920926e-04,7.213594e-03,3.206755e-05,9.215800e-04,7.071976e-03,4.872795e-05
