# rmse alpha/u,rmse phic/h,rmse h/r,spread alpha/u,spread phic/h,spread h/r
1.957275e-02,7.815593e-05,1.149812e-02,1.985100e-01,2.376977e-01,1.935601e-01
2.886347e-03,1.325771e-02,3.884467e-05,2.166083e-03,1.400497e-02,3.120076e-05
