# rmse alpha/u,rmse phic/h,rmse h/r,spread alpha/u,spread phic/h,spread h/r
1.957275e-02,7.815593e-05,1.149812e-02,1.985100e-01,2.376977e-01,1.935601e-01
2.217652e-03,1.429393e-02,4.026247e-05,1.402555e-03,9.154001e-03,3.093379e-05
