# rmse alpha/u,rmse phic/h,rmse h/r,spread alpha/u,spread phic/h,spread h/r
7.517250e-02,6.085576e-02,3.417493e-02,2.003257e-01,1.978003e-01,1.815101e-01
2.839501e-03,1.755569e-02,3.904074e-05,2.258581e-03,1.622493e-02,4.432289e-05
