# rmse alpha/u,rmse phic/h,rmse h/r,spread alpha/u,spread phic/h,spread h/r
7.517250e-02,6.085576e-02,3.417493e-02,2.003257e-01,1.978003e-01,1.815101e-01
2.851574e-03,1.421064e-02,3.119364e-05,2.226468e-03,1.506350e-02,3.882076e-05
