# rmse alpha/u,rmse phic/h,rmse h/r,spread alpha/u,spread phic/h,spread h/r
7.517250e-02,6.085576e-02,3.417493e-02,2.003257e-01,1.978003e-01,1.815101e-01
2.734196e-03,2.248128e-02,5.805194e-05,2.080286e-03,1.531909e-02,4.993100e-05
