# rmse alpha/u,rmse phic/h,rmse h/r,spread alpha/u,spread phic/h,spread h/r
7.517250e-02,6.085576e-02,3.417493e-02,2.003257e-01,1.978003e-01,1.815101e-01
3.293510e-03,2.168623e-02,3.751900e-05,2.874660e-03,2.007764e-02,4.355614e-05
