# rmse alpha/u,rmse phic/h,rmse h/r,spread alpha/u,spread phic/h,spread h/r
7.517250e-02,6.085576e-02,3.417493e-02,2.003257e-01,1.978003e-01,1.815101e-01
3.317284e-03,2.259347e-02,4.057881e-05,2.729918e-03,1.903726e-02,4.742171e-05
