# rmse alpha/u,rmse phic/h,rmse h/r,spread alpha/u,spread phic/h,spread h/r
1.197608e-02,4.893422e-02,1.434771e-02,1.969593e-01,1.699969e-01,1.470455e-01
3.628883e-03,1.588036e-02,3.919763e-05,1.916125e-03,1.278476e-02,3.417097e-05
