# rmse alpha/u,rmse phic/h,rmse h/r,spread alpha/u,spread phic/h,spread h/r
1.197608e-02,4.893422e-02,1.434771e-02,1.969593e-01,1.699969e-01,1.470455e-01
3.740333e-03,1.724343e-02,4.333332e-05,2.106973e-03,1.491904e-02,3.689746e-05
