# rmse alpha/u,rmse phic/h,rmse h/r,spread alpha/u,spread phic/h,spread h/r
1.197608e-02,4.893422e-02,1.434771e-02,1.969593e-01,1.699969e-01,1.470455e-01
3.971443e-03,3.159875e-02,3.734868e-05,1.875539e-03,1.340479e-02,3.497538e-05
