# rmse alpha/u,rmse phic/h,rmse h/r,spread alpha/u,spread phic/h,spread h/r
1.197608e-02,4.893422e-02,1.434771e-02,1.969593e-01,1.699969e-01,1.470455e-01
3.585872e-03,2.099276e-02,4.159647e-05,1.698222e-03,1.238151e-02,3.505077e-05
