# rmse alpha/u,rmse phic/h,rmse h/r,spread alpha/u,spread phic/h,spread h/r
1.197608e-02,4.893422e-02,1.434771e-02,1.969593e-01,1.699969e-01,1.470455e-01
4.760086e-03,2.592595e-02,2.941633e-05,1.975983e-03,1.370907e-02,3.718501e-05
