# rmse alpha/u,rmse phic/h,rmse h/r,spread alpha/u,spread phic/h,spread h/r
1.197608e-02,4.893422e-02,1.434771e-02,1.969593e-01,1.699969e-01,1.470455e-01
2.397926e-03,1.212417e-02,3.568879e-05,1.346166e-03,9.468833e-03,3.384962e-05
