# rmse alpha/u,rmse phic/h,rmse h/r,spread alpha/u,spread phic/h,spread h/r
1.197608e-02,4.893422e-02,1.434771e-02,1.969593e-01,1.699969e-01,1.470455e-01
3.831404e-03,1.956217e-02,3.507993e-05,1.567900e-03,1.064543e-02,3.468345e-05
