# rmse alpha/u,rmse phic/h,rmse h/r,spread alpha/u,spread phic/h,spread h/r
2.263971e-02,1.979872e-02,3.041804e-02,1.109108e-01,8.163700e-02,6.874622e-02
4.124351e-03,2.793094e-02,7.218036e-05,2.284545e-03,1.571586e-02,2.857905e-05
