# rmse alpha/u,rmse phic/h,rmse h/r,spread alpha/u,spread phic/h,spread h/r
2.263971e-02,1.979872e-02,3.041804e-02,1.109108e-01,8.163700e-02,6.874622e-02
6.149748e-03,3.080350e-02,5.412724e-05,2.600355e-03,1.785892e-02,2.982748e-05
