# rmse alpha/u,rmse phic/h,rmse h/r,spread alpha/u,spread phic/h,spread h/r
2.263971e-02,1.979872e-02,3.041804e-02,1.109108e-01,8.163700e-02,6.874622e-02
5.426238e-03,2.952782e-02,5.436858e-05,2.448761e-03,1.566647e-02,3.177217e-05
