# rmse alpha/u,rmse phic/h,rmse h/r,spread alpha/u,spread phic/h,spread h/r
2.263971e-02,1.979872e-02,3.041804e-02,1.109108e-01,8.163700e-02,6.874622e-02
3.830292e-03,2.800014e-02,4.855532e-05,2.124072e-03,1.574630e-02,2.950164e-05
