# rmse alpha/u,rmse phic/h,rmse h/r,spread alpha/u,spread phic/h,spread h/r
1.906451e-01,1.529420e-01,1.026468e-01,1.168206e-01,8.785517e-02,6.127637e-02
1.170202e-03,1.020516e-02,2.763740e-05,1.241562e-03,8.701823e-03,4.353642e-05
