# rmse alpha/u,rmse phic/h,rmse h/r,spread alpha/u,spread phic/h,spread h/r
1.906451e-01,1.529420e-01,1.026468e-01,1.168206e-01,8.785517e-02,6.127637e-02
2.274058e-03,1.303747e-02,4.737251e-05,1.558550e-03,1.107166e-02,5.151631e-05
