# rmse alpha/u,rmse phic/h,rmse h/r,spread alpha/u,spread phic/h,spread h/r
1.906451e-01,1.529420e-01,1.026468e-01,1.168206e-01,8.785517e-02,6.127637e-02
1.772183e-03,1.100040e-02,3.152819e-05,1.203984e-03,8.645069e-03,4.519629e-05
