# rmse alpha/u,rmse phic/h,rmse h/r,spread alpha/u,spread phic/h,spread h/r
1.906451e-01,1.529420e-01,1.026468e-01,1.168206e-01,8.785517e-02,6.127637e-02
1.884849e-03,1.006700e-02,3.274647e-05,1.418675e-03,9.681932e-03,4.604884e-05
