# rmse alpha/u,rmse phic/h,rmse h/r,spread alpha/u,spread phic/h,spread h/r
8.347961e-02,2.471708e-02,9.440722e-02,1.733888e-01,2.278507e-01,1.488446e-01
5.114998e-03,3.316570e-02,9.866238e-05,4.401036e-03,3.213764e-02,7.973614e-05
