# rmse alpha/u,rmse phic/h,rmse h/r,spread alpha/u,spread phic/h,spread h/r
5.070188e-02,6.640155e-04,1.088059e-01,1.699231e-01,2.371684e-01,1.419867e-01
3.225768e-03,2.524240e-02,2.635630e-05,2.637960e-03,1.839163e-02,2.998696e-05
