# rmse alpha/u,rmse phic/h,rmse h/r,spread alpha/u,spread phic/h,spread h/r
5.070188e-02,6.640155e-04,1.088059e-01,1.699231e-01,2.371684e-01,1.419867e-01
4.255190e-03,2.718067e-02,3.494049e-05,2.642021e-03,1.797131e-02,3.041150e-05
