# rmse alpha/u,rmse phic/h,rmse h/r,spread alpha/u,spread phic/h,spread h/r
5.070188e-02,6.640155e-04,1.088059e-01,1.699231e-01,2.371684e-01,1.419867e-01
4.598147e-03,2.592317e-02,3.629803e-05,2.118540e-03,1.586844e-02,3.718881e-05
