# rmse alpha/u,rmse phic/h,rmse h/r,spread alpha/u,spread phic/h,spread h/r
8.381287e-02,8.683010e-02,2.110094e-01,2.007666e-01,2.380345e-01,2.181955e-01
3.139513e-03,2.551607e-02,3.937754e-05,2.883833e-03,2.147800e-02,3.290874e-05
