# rmse alpha/u,rmse phic/h,rmse h/r,spread alpha/u,spread phic/h,spread h/r
8.381287e-02,8.683010e-02,2.110094e-01,2.007666e-01,2.380345e-01,2.181955e-01
4.698287e-03,2.748830e-02,4.269671e-05,3.295120e-03,2.389888e-02,3.287078e-05
