# rmse alpha/u,rmse phic/h,rmse h/r,spread alpha/u,spread phic/h,spread h/r
1.565905e-01,4.190019e-01,5.295073e-01,1.982756e-01,1.909562e-01,1.621428e-01
4.018510e-03,1.723726e-02,4.420349e-05,2.662474e-03,1.742778e-02,2.040992e-05
