# rmse alpha/u,rmse phic/h,rmse h/r,spread alpha/u,spread phic/h,spread h/r
1.565905e-01,4.190019e-01,5.295073e-01,1.982756e-01,1.909562e-01,1.621428e-01
3.787005e-03,2.235706e-02,3.989692e-05,3.405075e-03,2.734006e-02,3.661544e-05
