# rmse alpha/u,rmse phic/h,rmse h/r,spread alpha/u,spread phic/h,spread h/r
1.565905e-01,4.190019e-01,5.295073e-01,1.982756e-01,1.909562e-01,1.621428e-01
3.382502e-03,1.761887e-02,4.272673e-05,2.510164e-03,1.718795e-02,2.703509e-05
