# rmse alpha/u,rmse phic/h,rmse h/r,spread alpha/u,spread phic/h,spread h/r
1.296676e-02,4.468415e-02,2.368004e-03,1.289665e-01,2.299838e-01,1.907035e-01
8.648518e-04,6.979050e-03,2.045332e-05,9.380357e-04,7.140568e-03,5.062572e-05
