# rmse alpha/u,rmse phic/h,rmse h/r,spread alpha/u,spread phic/h,spread h/r
1.296676e-02,4.468415e-02,2.368004e-03,1.289665e-01,2.299838e-01,1.907035e-01
1.348644e-03,7.035019e-03,2.390759e-05,9.322866e-04,6.905369e-03,5.033005e-05
