# rmse alpha/u,rmse phic/h,rmse h/r,spread alpha/u,spread phic/h,spread h/r
1.296676e-02,4.468415e-02,2.368004e-03,1.289665e-01,2.299838e-01,1.907035e-01
8.583809e-04,7.178705e-03,2.823987e-05,8.521798e-04,6.847387e-03,5.121762e-05
