# rmse alpha/u,rmse phic/h,rmse h/r,spread alpha/u,spread phic/h,spread h/r
1.296676e-02,4.468415e-02,2.368004e-03,1.289665e-01,2.299838e-01,1.907035e-01
9.239529e-04,6.996919e-03,2.434584e-05,8.581396e-04,6.642480e-03,5.082216e-05
