# rmse alpha/u,rmse phic/h,rmse h/r,spread alpha/u,spread phic/h,spread h/r
1.296676e-02,4.468415e-02,2.368004e-03,1.289665e-01,2.299838e-01,1.907035e-01
8.945517e-04,6.510637e-03,2.061872e-05,8.497497e-04,6.513875e-03,4.954629e-05
