# rmse alpha/u,rmse phic/h,rmse h/r,spread alpha/u,spread phic/h,spread h/r
3.664530e-02,4.150494e-03,6.302349e-03,1.763809e-01,2.251006e-01,2.059416e-01
2.752712e-03,1.886067e-02,5.129625e-05,1.673287e-03,1.173686e-02,4.507286e-05
