# rmse alpha/u,rmse phic/h,rmse h/r,spread alpha/u,spread phic/h,spread h/r
3.664530e-02,4.150494e-03,6.302349e-03,1.763809e-01,2.251006e-01,2.059416e-01
3.879653e-03,2.817654e-02,5.100638e-05,3.079965e-03,2.296871e-02,5.408415e-05
