# rmse alpha/u,rmse phic/h,rmse h/r,spread alpha/u,spread phic/h,spread h/r
3.664530e-02,4.150494e-03,6.302349e-03,1.763809e-01,2.251006e-01,2.059416e-01
2.261383e-03,1.848812e-02,6.167909e-05,2.142094e-03,1.593926e-02,5.010316e-05
