# rmse alpha/u,rmse phic/h,rmse h/r,spread alpha/u,spread phic/h,spread h/r
3.664530e-02,4.150494e-03,6.302349e-03,1.763809e-01,2.251006e-01,2.059416e-01
2.666753e-03,1.277691e-02,3.180406e-05,2.107156e-03,1.413491e-02,3.759508e-05
