# rmse alpha/u,rmse phic/h,rmse h/r,spread alpha/u,spread phic/h,spread h/r
3.664530e-02,4.150494e-03,6.302349e-03,1.763809e-01,2.251006e-01,2.059416e-01
4.880947e-03,2.326888e-02,4.276705e-05,2.543889e-03,1.788947e-02,4.395021e-05
