# rmse alpha/u,rmse phic/h,rmse h/r,spread alpha/u,spread phic/h,spread h/r
3.664530e-02,4.150494e-03,6.302349e-03,1.763809e-01,2.251006e-01,2.059416e-01
4.284371e-03,2.490423e-02,4.947190e-05,2.380778e-03,1.738692e-02,4.709992e-05
