# rmse alpha/u,rmse phic/h,rmse h/r,spread alpha/u,spread phic/h,spread h/r
3.664530e-02,4.150494e-03,6.302349e-03,1.763809e-01,2.251006e-01,2.059416e-01
3.470379e-03,2.235658e-02,4.910994e-05,1.584795e-03,1.120323e-02,4.341204e-05
