# rmse alpha/u,rmse phic/h,rmse h/r,spread alpha/u,spread phic/h,spread h/r
3.664530e-02,4.150494e-03,6.302349e-03,1.763809e-01,2.251006e-01,2.059416e-01
1.698986e-03,1.300705e-02,3.163805e-05,1.322087e-03,9.662493e-03,3.952205e-05
