# rmse alpha/u,rmse phic/h,rmse h/r,spread alpha/u,spread phic/h,spread h/r
3.664530e-02,4.150494e-03,6.302349e-03,1.763809e-01,2.251006e-01,2.059416e-01
2.193921e-03,1.464032e-02,2.914043e-05,1.881372e-03,1.254969e-02,3.970429e-05
