# rmse alpha/u,rmse phic/h,rmse h/r,spread alpha/u,spread phic/h,spread h/r
3.664530e-02,4.150494e-03,6.302349e-03,1.763809e-01,2.251006e-01,2.059416e-01
2.483300e-03,1.772100e-02,3.750588e-05,2.080909e-03,1.492108e-02,4.298417e-05
