# rmse alpha/u,rmse phic/h,rmse h/r,spread alpha/u,spread phic/h,spread h/r
3.664530e-02,4.150494e-03,6.302349e-03,1.763809e-01,2.251006e-01,2.059416e-01
2.567785e-03,1.851141e-02,3.721254e-05,2.094568e-03,1.491290e-02,4.364099e-05
