# rmse alpha/u,rmse phic/h,rmse h/r,spread alpha/u,spread phic/h,spread h/r
3.664530e-02,4.150494e-03,6.302349e-03,1.763809e-01,2.251006e-01,2.059416e-01
3.516770e-03,1.923191e-02,5.295947e-05,1.715551e-03,1.248716e-02,4.854936e-05
