# rmse alpha/u,rmse phic/h,rmse h/r,spread alpha/u,spread phic/h,spread h/r
2.450252e-01,2.270070e-01,1.975212e-01,1.845160e-01,1.999864e-01,1.808796e-01
8.891473e-04,6.831731e-03,3.003509e-05,8.717261e-04,6.945343e-03,4.845898e-05
