# rmse alpha/u,rmse phic/h,rmse h/r,spread alpha/u,spread phic/h,spread h/r
2.450252e-01,2.270070e-01,1.975212e-01,1.845160e-01,1.999864e-01,1.808796e-01
8.046187e-04,6.076919e-03,2.974162e-05,8.068863e-04,6.317020e-03,4.766793e-05
