# rmse alpha/u,rmse phic/h,rmse h/r,spread alpha/u,spread phic/h,spread h/r
2.450252e-01,2.270070e-01,1.975212e-01,1.845160e-01,1.999864e-01,1.808796e-01
8.434622e-04,6.305556e-03,3.127619e-05,8.572497e-04,6.661907e-03,5.001285e-05
