# rmse alpha/u,rmse phic/h,rmse h/r,spread alpha/u,spread phic/h,spread h/r
4.027623e-03,2.201877e-01,5.766442e-01,2.178019e-01,1.997102e-01,1.533221e-01
3.112688e-03,1.946595e-02,6.918854e-05,1.977769e-03,1.345323e-02,5.438754e-05
