# rmse alpha/u,rmse phic/h,rmse h/r,spread alpha/u,spread phic/h,spread h/r
4.027623e-03,2.201877e-01,5.766442e-01,2.178019e-01,1.997102e-01,1.533221e-01
3.173350e-03,1.606735e-02,7.465643e-05,2.686928e-03,1.881549e-02,6.016634e-05
