# rmse alpha/u,rmse phic/h,rmse h/r,spread alpha/u,spread phic/h,spread h/r
4.027623e-03,2.201877e-01,5.766442e-01,2.178019e-01,1.997102e-01,1.533221e-01
2.042636e-03,1.870607e-02,8.624538e-05,1.908243e-03,1.415844e-02,5.754954e-05
