# rmse alpha/u,rmse phic/h,rmse h/r,spread alpha/u,spread phic/h,spread h/r
4.027623e-03,2.201877e-01,5.766442e-01,2.178019e-01,1.997102e-01,1.533221e-01
2.087438e-03,1.175691e-02,8.018878e-05,1.683636e-03,1.158948e-02,5.294133e-05
