# rmse alpha/u,rmse phic/h,rmse h/r,spread alpha/u,spread phic/h,spread h/r
4.027623e-03,2.201877e-01,5.766442e-01,2.178019e-01,1.997102e-01,1.533221e-01
1.043427e-03,7.574327e-03,6.111164e-05,1.022421e-03,7.509845e-03,4.402492e-05
