# rmse alpha/u,rmse phic/h,rmse h/r,spread alpha/u,spread phic/h,spread h/r
3.062281e-04,2.649299e-02,8.795717e-04,1.733888e-01,2.278507e-01,1.488446e-01
2.079291e-03,1.025444e-02,2.406048e-05,1.114526e-03,8.011516e-03,4.805957e-05
