# rmse alpha/u,rmse phic/h,rmse h/r,spread alpha/u,spread phic/h,spread h/r
3.062281e-04,2.649299e-02,8.795717e-04,1.733888e-01,2.278507e-01,1.488446e-01
2.422293e-03,1.835985e-02,3.807643e-05,1.973544e-03,1.472411e-02,5.807583e-05
