# rmse alpha/u,rmse phic/h,rmse h/r,spread alpha/u,spread phic/h,spread h/r
3.062281e-04,2.649299e-02,8.795717e-04,1.733888e-01,2.278507e-01,1.488446e-01
2.431784e-03,1.538260e-02,4.002917e-05,1.441492e-03,1.040169e-02,5.280441e-05
