# rmse alpha/u,rmse phic/h,rmse h/r,spread alpha/u,spread phic/h,spread h/r
3.062281e-04,2.649299e-02,8.795717e-04,1.733888e-01,2.278507e-01,1.488446e-01
1.291591e-03,6.952986e-03,2.354386e-05,9.639654e-04,7.427133e-03,4.937003e-05
