# rmse alpha/u,rmse phic/h,rmse h/r,spread alpha/u,spread phic/h,spread h/r
3.062281e-04,2.649299e-02,8.795717e-04,1.733888e-01,2.278507e-01,1.488446e-01
3.104920e-03,1.935554e-02,5.520989e-05,1.701968e-03,1.295975e-02,5.735441e-05
