# rmse alpha/u,rmse phic/h,rmse h/r,spread alpha/u,spread phic/h,spread h/r
3.062281e-04,2.649299e-02,8.795717e-04,1.733888e-01,2.278507e-01,1.488446e-01
1.286152e-03,1.194252e-02,4.282961e-05,1.003370e-03,7.796185e-03,4.972138e-05
