# rmse alpha/u,rmse phic/h,rmse h/r,spread alpha/u,spread phic/h,spread h/r
3.062281e-04,2.649299e-02,8.795717e-04,1.733888e-01,2.278507e-01,1.488446e-01
9.371458e-04,7.088690e-03,2.059213e-05,1.021859e-03,7.300951e-03,4.779050e-05
