# rmse alpha/u,rmse phic/h,rmse h/r,spread alpha/u,spread phic/h,spread h/r
3.062281e-04,2.649299e-02,8.795717e-04,1.733888e-01,2.278507e-01,1.488446e-01
2.336133e-03,1.388854e-02,3.101943e-05,1.540272e-03,1.105093e-02,5.138221e-05
