# rmse alpha/u,rmse phic/h,rmse h/r,spread alpha/u,spread phic/h,spread h/r
1.053252e-01,5.056469e-03,9.401693e-03,2.035749e-01,2.142916e-01,1.907726e-01
3.118470e-03,2.145101e-02,3.969616e-05,2.094059e-03,1.480065e-02,4.041792e-05
