# rmse alpha/u,rmse phic/h,rmse h/r,spread alpha/u,spread phic/h,spread h/r
1.053252e-01,5.056469e-03,9.401693e-03,2.035749e-01,2.142916e-01,1.907726e-01
3.573528e-03,2.305547e-02,5.022283e-05,2.235845e-03,1.619006e-02,4.543761e-05
