# rmse alpha/u,rmse phic/h,rmse h/r,spread alpha/u,spread phic/h,spread h/r
1.053252e-01,5.056469e-03,9.401693e-03,2.035749e-01,2.142916e-01,1.907726e-01
4.177230e-03,2.323993e-02,4.334369e-05,2.110853e-03,1.511961e-02,4.757409e-05
