# rmse alpha/u,rmse phic/h,rmse h/r,spread alpha/u,spread phic/h,spread h/r
1.053252e-01,5.056469e-03,9.401693e-03,2.035749e-01,2.142916e-01,1.907726e-01
3.782818e-03,2.189989e-02,4.720559e-05,2.266240e-03,1.579730e-02,4.472493e-05
