# rmse alpha/u,rmse phic/h,rmse h/r,spread alpha/u,spread phic/h,spread h/r
1.053252e-01,5.056469e-03,9.401693e-03,2.035749e-01,2.142916e-01,1.907726e-01
3.287018e-03,1.741426e-02,3.161788e-05,2.113033e-03,1.436464e-02,3.880955e-05
