# rmse alpha/u,rmse phic/h,rmse h/r,spread alpha/u,spread phic/h,spread h/r
3.190055e-01,1.568115e-01,2.886284e-02,2.011122e-01,2.284813e-01,1.938860e-01
3.604079e-03,2.093100e-02,5.206560e-05,2.071068e-03,1.440730e-02,2.418032e-05
