# rmse alpha/u,rmse phic/h,rmse h/r,spread alpha/u,spread phic/h,spread h/r
3.190055e-01,1.568115e-01,2.886284e-02,2.011122e-01,2.284813e-01,1.938860e-01
3.576528e-03,2.458223e-02,4.916401e-05,3.039117e-03,1.970305e-02,2.766862e-05
