# rmse alpha/u,rmse phic/h,rmse h/r,spread alpha/u,spread phic/h,spread h/r
3.293713e-02,7.373606e-03,2.750684e-02,1.889936e-01,2.249545e-01,1.740441e-01
1.053829e-02,6.442461e-02,8.180275e-05,2.238635e-03,1.554199e-02,4.004041e-05
