# rmse alpha/u,rmse phic/h,rmse h/r,spread alpha/u,spread phic/h,spread h/r
3.293713e-02,7.373606e-03,2.750684e-02,1.889936e-01,2.249545e-01,1.740441e-01
5.566693e-03,2.483568e-02,4.171233e-05,2.981894e-03,1.894930e-02,3.422175e-05
