# rmse alpha/u,rmse phic/h,rmse h/r,spread alpha/u,spread phic/h,spread h/r
3.293713e-02,7.373606e-03,2.750684e-02,1.889936e-01,2.249545e-01,1.740441e-01
4.819370e-03,3.964327e-02,6.672625e-05,2.481339e-03,1.803401e-02,4.465568e-05
