# rmse alpha/u,rmse phic/h,rmse h/r,spread alpha/u,spread phic/h,spread h/r
3.293713e-02,7.373606e-03,2.750684e-02,1.889936e-01,2.249545e-01,1.740441e-01
4.531873e-03,2.596714e-02,6.397750e-05,1.824752e-03,1.341854e-02,4.280427e-05
