# rmse alpha/u,rmse phic/h,rmse h/r,spread alpha/u,spread phic/h,spread h/r
3.293713e-02,7.373606e-03,2.750684e-02,1.889936e-01,2.249545e-01,1.740441e-01
2.838564e-03,1.464807e-02,4.320788e-05,1.525968e-03,9.507108e-03,3.206732e-05
