# rmse alpha/u,rmse phic/h,rmse h/r,spread alpha/u,spread phic/h,spread h/r
3.293713e-02,7.373606e-03,2.750684e-02,1.889936e-01,2.249545e-01,1.740441e-01
3.561462e-03,2.479910e-02,3.983009e-05,2.076650e-03,1.325846e-02,2.942098e-05
