# rmse alpha/u,rmse phic/h,rmse h/r,spread alpha/u,spread phic/h,spread h/r
3.293713e-02,7.373606e-03,2.750684e-02,1.889936e-01,2.249545e-01,1.740441e-01
5.921215e-03,3.708252e-02,6.238563e-05,3.399345e-03,2.439485e-02,4.377080e-05
