# rmse alpha/u,rmse phic/h,rmse h/r,spread alpha/u,spread phic/h,spread h/r
3.293713e-02,7.373606e-03,2.750684e-02,1.889936e-01,2.249545e-01,1.740441e-01
6.613229e-03,3.997498e-02,8.125438e-05,2.929339e-03,2.218883e-02,4.739413e-05
