# rmse alpha/u,rmse phic/h,rmse h/r,spread alpha/u,spread phic/h,spread h/r
3.293713e-02,7.373606e-03,2.750684e-02,1.889936e-01,2.249545e-01,1.740441e-01
3.445751e-03,2.481590e-02,7.273561e-05,2.529155e-03,1.887277e-02,4.506309e-05
