# rmse alpha/u,rmse phic/h,rmse h/r,spread alpha/u,spread phic/h,spread h/r
7.481327e-02,3.764496e-02,3.540286e-02,1.406129e-01,1.020802e-01,9.150823e-02
4.947606e-03,3.501636e-02,7.564560e-05,3.133075e-03,2.243173e-02,5.301341e-05
