# rmse alpha/u,rmse phic/h,rmse h/r,spread alpha/u,spread phic/h,spread h/r
7.481327e-02,3.764496e-02,3.540286e-02,1.406129e-01,1.020802e-01,9.150823e-02
4.304001e-03,2.634372e-02,6.285105e-05,3.430550e-03,2.438173e-02,5.264667e-05
