# rmse alpha/u,rmse phic/h,rmse h/r,spread alpha/u,spread phic/h,spread h/r
1.632630e-01,1.959012e-02,6.562877e-03,1.460194e-01,1.014012e-01,8.326096e-02
3.710414e-03,2.327472e-02,3.500610e-05,2.510965e-03,1.752849e-02,3.737459e-05
