# rmse alpha/u,rmse phic/h,rmse h/r,spread alpha/u,spread phic/h,spread h/r
1.632630e-01,1.959012e-02,6.562877e-03,1.460194e-01,1.014012e-01,8.326096e-02
3.911577e-03,2.812033e-02,4.948069e-05,3.433870e-03,2.492162e-02,5.063966e-05
