# rmse alpha/u,rmse phic/h,rmse h/r,spread alpha/u,spread phic/h,spread h/r
1.632630e-01,1.959012e-02,6.562877e-03,1.460194e-01,1.014012e-01,8.326096e-02
3.421773e-03,1.909625e-02,5.939393e-05,2.565522e-03,1.753114e-02,4.865534e-05
