# rmse alpha/u,rmse phic/h,rmse h/r,spread alpha/u,spread phic/h,spread h/r
1.632630e-01,1.959012e-02,6.562877e-03,1.460194e-01,1.014012e-01,8.326096e-02
3.691487e-03,2.303408e-02,4.957433e-05,2.607660e-03,1.832021e-02,5.006314e-05
