# rmse alpha/u,rmse phic/h,rmse h/r,spread alpha/u,spread phic/h,spread h/r
1.632630e-01,1.959012e-02,6.562877e-03,1.460194e-01,1.014012e-01,8.326096e-02
3.313409e-03,1.597057e-02,4.600372e-05,2.056940e-03,1.340440e-02,4.069899e-05
