# rmse alpha/u,rmse phic/h,rmse h/r,spread alpha/u,spread phic/h,spread h/r
1.632630e-01,1.959012e-02,6.562877e-03,1.460194e-01,1.014012e-01,8.326096e-02
2.965461e-03,1.642413e-02,4.460794e-05,2.447928e-03,1.753454e-02,4.684561e-05
