# rmse alpha/u,rmse phic/h,rmse h/r,spread alpha/u,spread phic/h,spread h/r
2.810384e-02,2.839583e-03,1.437931e-02,1.376983e-01,3.822738e-02,6.843213e-02
4.548977e-03,2.672622e-02,4.025083e-05,3.612469e-03,2.727291e-02,3.832315e-05
