# rmse alpha/u,rmse phic/h,rmse h/r,spread alpha/u,spread phic/h,spread h/r
2.810384e-02,2.839583e-03,1.437931e-02,1.376983e-01,3.822738e-02,6.843213e-02
4.210807e-03,3.230741e-02,4.537626e-05,3.453763e-03,2.617530e-02,4.449144e-05
