# rmse alpha/u,rmse phic/h,rmse h/r,spread alpha/u,spread phic/h,spread h/r
2.810384e-02,2.839583e-03,1.437931e-02,1.376983e-01,3.822738e-02,6.843213e-02
4.286795e-03,2.304500e-02,4.197699e-05,3.223203e-03,2.410242e-02,4.180636e-05
