# rmse alpha/u,rmse phic/h,rmse h/r,spread alpha/u,spread phic/h,spread h/r
2.810384e-02,2.839583e-03,1.437931e-02,1.376983e-01,3.822738e-02,6.843213e-02
4.015948e-03,2.914823e-02,4.652363e-05,2.840815e-03,1.969452e-02,3.662557e-05
