# rmse alpha/u,rmse phic/h,rmse h/r,spread alpha/u,spread phic/h,spread h/r
2.810384e-02,2.839583e-03,1.437931e-02,1.376983e-01,3.822738e-02,6.843213e-02
5.257408e-03,3.271180e-02,2.733539e-05,3.459562e-03,2.507306e-02,3.330097e-05
