# rmse alpha/u,rmse phic/h,rmse h/r,spread alpha/u,spread phic/h,spread h/r
2.810384e-02,2.839583e-03,1.437931e-02,1.376983e-01,3.822738e-02,6.843213e-02
4.649368e-03,2.998607e-02,3.864145e-05,3.054317e-03,2.211740e-02,3.948773e-05
