# rmse alpha/u,rmse phic/h,rmse h/r,spread alpha/u,spread phic/h,spread h/r
1.238439e-01,3.117509e-03,3.243996e-01,2.123994e-01,1.936555e-01,1.948980e-01
5.916041e-03,3.902311e-02,1.041431e-04,4.126296e-03,3.088732e-02,5.767548e-05
