# rmse alpha/u,rmse phic/h,rmse h/r,spread alpha/u,spread phic/h,spread h/r
1.238439e-01,3.117509e-03,3.243996e-01,2.123994e-01,1.936555e-01,1.948980e-01
5.323032e-03,3.089402e-02,1.011833e-04,4.245392e-03,3.036483e-02,6.249448e-05
