# rmse alpha/u,rmse phic/h,rmse h/r,spread alpha/u,spread phic/h,spread h/r
1.238439e-01,3.117509e-03,3.243996e-01,2.123994e-01,1.936555e-01,1.948980e-01
5.279502e-03,2.742668e-02,1.071225e-04,4.031416e-03,2.888752e-02,6.172841e-05
