# rmse alpha/u,rmse phic/h,rmse h/r,spread alpha/u,spread phic/h,spread h/r
1.046213e-02,4.757055e-06,1.331464e-02,1.175449e-01,1.601560e-01,2.014135e-01
8.520493e-04,6.580585e-03,2.101342e-05,8.432076e-04,6.666477e-03,4.946793e-05
