# rmse alpha/u,rmse phic/h,rmse h/r,spread alpha/u,spread phic/h,spread h/r
1.046213e-02,4.757055e-06,1.331464e-02,1.175449e-01,1.601560e-01,2.014135e-01
7.809781e-04,6.018465e-03,2.293785e-05,7.811052e-04,6.081101e-03,4.602111e-05
