# rmse alpha/u,rmse phic/h,rmse h/r,spread alpha/u,spread phic/h,spread h/r
1.046213e-02,4.757055e-06,1.331464e-02,1.175449e-01,1.601560e-01,2.014135e-01
8.349486e-04,6.447151e-03,2.321589e-05,8.290710e-04,6.734104e-03,4.739811e-05
