# rmse alpha/u,rmse phic/h,rmse h/r,spread alpha/u,spread phic/h,spread h/r
1.046213e-02,4.757055e-06,1.331464e-02,1.175449e-01,1.601560e-01,2.014135e-01
9.493254e-04,7.768036e-03,1.995220e-05,8.364451e-04,6.578088e-03,4.802497e-05
