# rmse alpha/u,rmse phic/h,rmse h/r,spread alpha/u,spread phic/h,spread h/r
1.282570e-02,1.686951e-02,1.031565e-02,7.719636e-02,7.019434e-02,7.350909e-02
4.517776e-03,3.161282e-02,3.627594e-05,3.238863e-03,2.553529e-02,4.873581e-05
