# rmse alpha/u,rmse phic/h,rmse h/r,spread alpha/u,spread phic/h,spread h/r
1.282570e-02,1.686951e-02,1.031565e-02,7.719636e-02,7.019434e-02,7.350909e-02
3.877124e-03,2.917324e-02,3.285153e-05,3.170889e-03,2.360995e-02,4.197001e-05
