# rmse alpha/u,rmse phic/h,rmse h/r,spread alpha/u,spread phic/h,spread h/r
1.282570e-02,1.686951e-02,1.031565e-02,7.719636e-02,7.019434e-02,7.350909e-02
3.403794e-03,2.411103e-02,3.480675e-05,2.838180e-03,2.158878e-02,4.816289e-05
