# rmse alpha/u,rmse phic/h,rmse h/r,spread alpha/u,spread phic/h,spread h/r
1.282570e-02,1.686951e-02,1.031565e-02,7.719636e-02,7.019434e-02,7.350909e-02
3.950596e-03,2.356446e-02,3.518114e-05,3.467344e-03,2.545286e-02,4.752313e-05
