# rmse alpha/u,rmse phic/h,rmse h/r,spread alpha/u,spread phic/h,spread h/r
1.282570e-02,1.686951e-02,1.031565e-02,7.719636e-02,7.019434e-02,7.350909e-02
4.043458e-03,2.905553e-02,4.153316e-05,2.678204e-03,1.960215e-02,4.429160e-05
