# rmse alpha/u,rmse phic/h,rmse h/r,spread alpha/u,spread phic/h,spread h/r
7.952561e-02,4.453952e-03,1.450729e-02,1.309944e-01,1.020095e-01,8.312327e-02
4.576661e-03,2.709726e-02,5.969520e-05,2.347948e-03,1.769675e-02,4.975909e-05
