# rmse alpha/u,rmse phic/h,rmse h/r,spread alpha/u,spread phic/h,spread h/r
7.952561e-02,4.453952e-03,1.450729e-02,1.309944e-01,1.020095e-01,8.312327e-02
3.311610e-03,1.511340e-02,4.711580e-05,2.018661e-03,1.357327e-02,4.665729e-05
