# rmse alpha/u,rmse phic/h,rmse h/r,spread alpha/u,spread phic/h,spread h/r
7.952561e-02,4.453952e-03,1.450729e-02,1.309944e-01,1.020095e-01,8.312327e-02
3.636623e-03,1.896785e-02,5.107028e-05,1.696059e-03,1.217488e-02,4.947694e-05
