# rmse alpha/u,rmse phic/h,rmse h/r,spread alpha/u,spread phic/h,spread h/r
7.952561e-02,4.453952e-03,1.450729e-02,1.309944e-01,1.020095e-01,8.312327e-02
4.048206e-03,1.992522e-02,4.405967e-05,1.833504e-03,1.260990e-02,4.613174e-05
