# rmse alpha/u,rmse phic/h,rmse h/r,spread alpha/u,spread phic/h,spread h/r
7.952561e-02,4.453952e-03,1.450729e-02,1.309944e-01,1.020095e-01,8.312327e-02
2.089980e-03,1.160401e-02,4.801488e-05,1.351596e-03,9.529654e-03,4.665442e-05
