# rmse alpha/u,rmse phic/h,rmse h/r,spread alpha/u,spread phic/h,spread h/r
7.952561e-02,4.453952e-03,1.450729e-02,1.309944e-01,1.020095e-01,8.312327e-02
1.977325e-03,1.079641e-02,4.237893e-05,1.375853e-03,8.921670e-03,4.461796e-05
