# rmse alpha/u,rmse phic/h,rmse h/r,spread alpha/u,spread phic/h,spread h/r
6.151803e-02,3.024970e-04,1.121626e-01,1.633829e-01,2.359221e-01,1.343989e-01
2.211299e-03,1.564964e-02,5.236501e-05,1.836466e-03,1.496482e-02,4.312106e-05
