# rmse alpha/u,rmse phic/h,rmse h/r,spread alpha/u,spread phic/h,spread h/r
6.151803e-02,3.024970e-04,1.121626e-01,1.633829e-01,2.359221e-01,1.343989e-01
2.902067e-03,1.865610e-02,3.505999e-05,2.748320e-03,2.039166e-02,4.223601e-05
