# rmse alpha/u,rmse phic/h,rmse h/r,spread alpha/u,spread phic/h,spread h/r
3.180560e-01,3.905240e-01,2.224458e-01,1.813633e-01,2.153254e-01,1.756998e-01
8.571757e-04,6.809090e-03,2.399962e-05,8.713508e-04,6.868650e-03,4.624406e-05
