# rmse alpha/u,rmse phic/h,rmse h/r,spread alpha/u,spread phic/h,spread h/r
3.180560e-01,3.905240e-01,2.224458e-01,1.813633e-01,2.153254e-01,1.756998e-01
9.021694e-04,7.164956e-03,2.280260e-05,8.640389e-04,6.955487e-03,4.600274e-05
