# rmse alpha/u,rmse phic/h,rmse h/r,spread alpha/u,spread phic/h,spread h/r
2.664432e-02,8.690256e-03,1.965379e-02,1.258949e-01,8.152004e-02,5.724507e-02
7.853040e-04,6.521678e-03,3.230032e-05,7.372183e-04,5.904400e-03,4.015592e-05
