# rmse alpha/u,rmse phic/h,rmse h/r,spread alpha/u,spread phic/h,spread h/r
2.664432e-02,8.690256e-03,1.965379e-02,1.258949e-01,8.152004e-02,5.724507e-02
7.670395e-04,6.483359e-03,3.016986e-05,7.446232e-04,5.904918e-03,3.988459e-05
