# rmse alpha/u,rmse phic/h,rmse h/r,spread alpha/u,spread phic/h,spread h/r
2.664432e-02,8.690256e-03,1.965379e-02,1.258949e-01,8.152004e-02,5.724507e-02
7.947357e-04,7.853074e-03,3.081391e-05,7.646993e-04,6.127636e-03,4.006922e-05
