# rmse alpha/u,rmse phic/h,rmse h/r,spread alpha/u,spread phic/h,spread h/r
2.664432e-02,8.690256e-03,1.965379e-02,1.258949e-01,8.152004e-02,5.724507e-02
7.654748e-04,6.032259e-03,3.790025e-05,7.508400e-04,5.904721e-03,3.793062e-05
