# rmse alpha/u,rmse phic/h,rmse h/r,spread alpha/u,spread phic/h,spread h/r
2.664432e-02,8.690256e-03,1.965379e-02,1.258949e-01,8.152004e-02,5.724507e-02
8.320999e-04,6.407324e-03,4.280778e-05,7.568531e-04,6.066190e-03,3.860312e-05
