# rmse alpha/u,rmse phic/h,rmse h/r,spread alpha/u,spread phic/h,spread h/r
2.237389e-01,8.019598e-02,8.593801e-02,1.125576e-01,8.019068e-02,6.663986e-02
2.449546e-03,1.363121e-02,3.805285e-05,1.662067e-03,1.094788e-02,2.329341e-05
