# rmse alpha/u,rmse phic/h,rmse h/r,spread alpha/u,spread phic/h,spread h/r
2.237389e-01,8.019598e-02,8.593801e-02,1.125576e-01,8.019068e-02,6.663986e-02
2.756122e-03,1.679828e-02,3.776104e-05,1.503738e-03,1.121535e-02,2.543389e-05
