# rmse alpha/u,rmse phic/h,rmse h/r,spread alpha/u,spread phic/h,spread h/r
2.237389e-01,8.019598e-02,8.593801e-02,1.125576e-01,8.019068e-02,6.663986e-02
3.008016e-03,2.196388e-02,3.821412e-05,1.906032e-03,1.328721e-02,2.723558e-05
