# rmse alpha/u,rmse phic/h,rmse h/r,spread alpha/u,spread phic/h,spread h/r
4.425893e-03,1.066989e-02,3.729409e-04,1.007062e-01,8.560913e-02,1.154214e-01
1.248537e-03,8.821714e-03,3.628063e-05,9.600942e-04,6.999052e-03,3.432093e-05
