# rmse alpha/u,rmse phic/h,rmse h/r,spread alpha/u,spread phic/h,spread h/r
4.425893e-03,1.066989e-02,3.729409e-04,1.007062e-01,8.560913e-02,1.154214e-01
1.416863e-03,7.251210e-03,3.990853e-05,8.386215e-04,6.401476e-03,3.507195e-05
