# rmse alpha/u,rmse phic/h,rmse h/r,spread alpha/u,spread phic/h,spread h/r
4.425893e-03,1.066989e-02,3.729409e-04,1.007062e-01,8.560913e-02,1.154214e-01
8.622569e-04,6.766956e-03,3.634650e-05,7.810573e-04,6.054983e-03,3.370803e-05
