# rmse alpha/u,rmse phic/h,rmse h/r,spread alpha/u,spread phic/h,spread h/r
1.046868e-01,7.041347e-04,9.347783e-03,1.368855e-01,1.021920e-01,7.703948e-02
2.303883e-03,1.659134e-02,4.815868e-05,1.802085e-03,1.272951e-02,3.000647e-05
