# rmse alpha/u,rmse phic/h,rmse h/r,spread alpha/u,spread phic/h,spread h/r
1.046868e-01,7.041347e-04,9.347783e-03,1.368855e-01,1.021920e-01,7.703948e-02
2.499750e-03,1.543603e-02,5.236900e-05,1.348296e-03,8.746338e-03,3.029657e-05
