# rmse alpha/u,rmse phic/h,rmse h/r,spread alpha/u,spread phic/h,spread h/r
1.046868e-01,7.041347e-04,9.347783e-03,1.368855e-01,1.021920e-01,7.703948e-02
4.477873e-03,1.974598e-02,4.740149e-05,2.197995e-03,1.492209e-02,3.009921e-05
