# rmse alpha/u,rmse phic/h,rmse h/r,spread alpha/u,spread phic/h,spread h/r
1.046868e-01,7.041347e-04,9.347783e-03,1.368855e-01,1.021920e-01,7.703948e-02
3.912691e-03,2.021598e-02,5.580816e-05,2.112134e-03,1.422667e-02,2.653872e-05
