# rmse alpha/u,rmse phic/h,rmse h/r,spread alpha/u,spread phic/h,spread h/r
8.711309e-02,1.786662e-01,1.009448e-01,1.969593e-01,1.699969e-01,1.470455e-01
8.430685e-04,6.052216e-03,2.158430e-05,8.339475e-04,5.936227e-03,2.423235e-05
