# rmse alpha/u,rmse phic/h,rmse h/r,spread alpha/u,spread phic/h,spread h/r
8.711309e-02,1.786662e-01,1.009448e-01,1.969593e-01,1.699969e-01,1.470455e-01
2.509792e-03,1.633731e-02,2.651338e-05,1.426833e-03,1.045310e-02,2.955672e-05
