# rmse alpha/u,rmse phic/h,rmse h/r,spread alpha/u,spread phic/h,spread h/r
8.711309e-02,1.786662e-01,1.009448e-01,1.969593e-01,1.699969e-01,1.470455e-01
3.687084e-03,2.237332e-02,3.712030e-05,1.237321e-03,8.771457e-03,2.937808e-05
