# rmse alpha/u,rmse phic/h,rmse h/r,spread alpha/u,spread phic/h,spread h/r
8.711309e-02,1.786662e-01,1.009448e-01,1.969593e-01,1.699969e-01,1.470455e-01
1.110778e-03,7.010339e-03,2.861970e-05,8.508895e-04,6.385353e-03,2.881036e-05
