# rmse alpha/u,rmse phic/h,rmse h/r,spread alpha/u,spread phic/h,spread h/r
8.711309e-02,1.786662e-01,1.009448e-01,1.969593e-01,1.699969e-01,1.470455e-01
8.333070e-04,7.015896e-03,2.203464e-05,8.086711e-04,6.074631e-03,2.587669e-05
