# rmse alpha/u,rmse phic/h,rmse h/r,spread alpha/u,spread phic/h,spread h/r
8.711309e-02,1.786662e-01,1.009448e-01,1.969593e-01,1.699969e-01,1.470455e-01
1.037174e-03,7.998298e-03,3.198442e-05,1.058986e-03,7.615226e-03,2.703395e-05
