# rmse alpha/u,rmse phic/h,rmse h/r,spread alpha/u,spread phic/h,spread h/r
8.711309e-02,1.786662e-01,1.009448e-01,1.969593e-01,1.699969e-01,1.470455e-01
2.620881e-03,1.123318e-02,3.148505e-05,9.810832e-04,7.386701e-03,2.862526e-05
