# rmse alpha/u,rmse phic/h,rmse h/r,spread alpha/u,spread phic/h,spread h/r
2.595243e-01,7.000744e-02,3.251062e-03,1.969593e-01,1.699969e-01,1.470455e-01
8.492755e-04,7.185918e-03,3.125502e-05,8.498796e-04,6.616748e-03,4.073153e-05
