# rmse alpha/u,rmse phic/h,rmse h/r,spread alpha/u,spread phic/h,spread h/r
2.595243e-01,7.000744e-02,3.251062e-03,1.969593e-01,1.699969e-01,1.470455e-01
8.291205e-04,6.584969e-03,2.338325e-05,8.269023e-04,6.425379e-03,4.018715e-05
