# rmse alpha/u,rmse phic/h,rmse h/r,spread alpha/u,spread phic/h,spread h/r
2.595243e-01,7.000744e-02,3.251062e-03,1.969593e-01,1.699969e-01,1.470455e-01
8.842712e-04,7.361999e-03,2.302027e-05,8.628841e-04,6.427489e-03,4.061365e-05
