# rmse alpha/u,rmse phic/h,rmse h/r,spread alpha/u,spread phic/h,spread h/r
1.459557e-01,1.617474e-01,2.343009e-01,2.007018e-01,2.348895e-01,2.071683e-01
3.422938e-03,2.082895e-02,6.911454e-05,3.535584e-03,2.680770e-02,6.557241e-05
