# rmse alpha/u,rmse phic/h,rmse h/r,spread alpha/u,spread phic/h,spread h/r
1.459557e-01,1.617474e-01,2.343009e-01,2.007018e-01,2.348895e-01,2.071683e-01
3.945160e-03,2.671819e-02,7.381984e-05,3.586613e-03,2.705234e-02,6.483460e-05
