# rmse alpha/u,rmse phic/h,rmse h/r,spread alpha/u,spread phic/h,spread h/r
1.459557e-01,1.617474e-01,2.343009e-01,2.007018e-01,2.348895e-01,2.071683e-01
2.690031e-03,2.520361e-02,7.143413e-05,3.139468e-03,2.367266e-02,6.167410e-05
