# rmse alpha/u,rmse phic/h,rmse h/r,spread alpha/u,spread phic/h,spread h/r
1.459557e-01,1.617474e-01,2.343009e-01,2.007018e-01,2.348895e-01,2.071683e-01
3.428854e-03,2.710793e-02,6.740277e-05,3.456629e-03,2.512761e-02,5.944418e-05
