# rmse alpha/u,rmse phic/h,rmse h/r,spread alpha/u,spread phic/h,spread h/r
2.388816e-01,3.948483e-01,6.079923e-01,1.847168e-01,2.479040e-01,2.153381e-01
1.040662e-03,7.297654e-03,2.659079e-04,6.897815e-04,5.355099e-03,6.169442e-06
