# rmse alpha/u,rmse phic/h,rmse h/r,spread alpha/u,spread phic/h,spread h/r
2.388816e-01,3.948483e-01,6.079923e-01,1.847168e-01,2.479040e-01,2.153381e-01
8.248602e-04,7.238929e-03,2.630545e-04,7.444357e-04,5.690747e-03,1.156817e-05
