# rmse alpha/u,rmse phic/h,rmse h/r,spread alpha/u,spread phic/h,spread h/r
2.388816e-01,3.948483e-01,6.079923e-01,1.847168e-01,2.479040e-01,2.153381e-01
1.046684e-03,1.380815e-02,2.747732e-04,7.712783e-04,5.972116e-03,1.471668e-05
