# rmse alpha/u,rmse phic/h,rmse h/r,spread alpha/u,spread phic/h,spread h/r
1.642252e-02,1.742363e-03,4.562148e-04,1.871725e-01,2.301996e-01,1.539292e-01
3.179613e-03,1.708433e-02,3.583735e-05,1.795052e-03,1.190791e-02,4.972645e-05
