# rmse alpha/u,rmse phic/h,rmse h/r,spread alpha/u,spread phic/h,spread h/r
1.642252e-02,1.742363e-03,4.562148e-04,1.871725e-01,2.301996e-01,1.539292e-01
2.405697e-03,2.189846e-02,6.275181e-05,1.488134e-03,1.188604e-02,5.598840e-05
