# rmse alpha/u,rmse phic/h,rmse h/r,spread alpha/u,spread phic/h,spread h/r
1.642252e-02,1.742363e-03,4.562148e-04,1.871725e-01,2.301996e-01,1.539292e-01
2.637591e-03,1.552318e-02,3.153200e-05,1.788403e-03,1.244036e-02,5.144152e-05
