# rmse alpha/u,rmse phic/h,rmse h/r,spread alpha/u,spread phic/h,spread h/r
1.642252e-02,1.742363e-03,4.562148e-04,1.871725e-01,2.301996e-01,1.539292e-01
1.320500e-03,1.186040e-02,3.085914e-05,1.412912e-03,1.020872e-02,4.765893e-05
