# rmse alpha/u,rmse phic/h,rmse h/r,spread alpha/u,spread phic/h,spread h/r
1.642252e-02,1.742363e-03,4.562148e-04,1.871725e-01,2.301996e-01,1.539292e-01
1.128834e-03,8.207905e-03,3.263245e-05,1.220817e-03,9.122659e-03,5.123515e-05
