# rmse alpha/u,rmse phic/h,rmse h/r,spread alpha/u,spread phic/h,spread h/r
2.136613e-01,2.028065e-01,4.193488e-01,1.463073e-01,1.947400e-01,1.931064e-01
2.929863e-03,1.767013e-02,5.088342e-05,1.687185e-03,1.208653e-02,4.540690e-05
