# rmse alpha/u,rmse phic/h,rmse h/r,spread alpha/u,spread phic/h,spread h/r
2.136613e-01,2.028065e-01,4.193488e-01,1.463073e-01,1.947400e-01,1.931064e-01
3.662451e-03,2.315933e-02,6.672679e-05,1.935784e-03,1.372074e-02,4.578298e-05
