# rmse alpha/u,rmse phic/h,rmse h/r,spread alpha/u,spread phic/h,spread h/r
2.136613e-01,2.028065e-01,4.193488e-01,1.463073e-01,1.947400e-01,1.931064e-01
2.545131e-03,1.670066e-02,5.602670e-05,1.703136e-03,1.155424e-02,4.268077e-05
