# rmse alpha/u,rmse phic/h,rmse h/r,spread alpha/u,spread phic/h,spread h/r
2.136613e-01,2.028065e-01,4.193488e-01,1.463073e-01,1.947400e-01,1.931064e-01
3.342617e-03,2.223744e-02,4.966251e-05,1.735398e-03,1.184946e-02,4.171730e-05
