# rmse alpha/u,rmse phic/h,rmse h/r,spread alpha/u,spread phic/h,spread h/r
2.136613e-01,2.028065e-01,4.193488e-01,1.463073e-01,1.947400e-01,1.931064e-01
2.440919e-03,1.568339e-02,5.543950e-05,1.246599e-03,8.987695e-03,4.249285e-05
