# rmse alpha/u,rmse phic/h,rmse h/r,spread alpha/u,spread phic/h,spread h/r
1.312881e-03,3.638434e-01,3.083864e-02,2.011122e-01,2.284813e-01,1.938860e-01
9.294454e-04,6.522688e-03,2.220052e-05,8.732183e-04,6.201221e-03,1.976749e-05
