# rmse alpha/u,rmse phic/h,rmse h/r,spread alpha/u,spread phic/h,spread h/r
1.312881e-03,3.638434e-01,3.083864e-02,2.011122e-01,2.284813e-01,1.938860e-01
1.101580e-03,8.048865e-03,3.350382e-05,8.384593e-04,6.244438e-03,2.084751e-05
