# rmse alpha/u,rmse phic/h,rmse h/r,spread alpha/u,spread phic/h,spread h/r
1.312881e-03,3.638434e-01,3.083864e-02,2.011122e-01,2.284813e-01,1.938860e-01
1.483681e-03,1.178740e-02,3.416089e-05,1.128422e-03,7.854506e-03,2.324107e-05
