# rmse alpha/u,rmse phic/h,rmse h/r,spread alpha/u,spread phic/h,spread h/r
1.312881e-03,3.638434e-01,3.083864e-02,2.011122e-01,2.284813e-01,1.938860e-01
2.435984e-03,1.259478e-02,3.664431e-05,8.921236e-04,6.681963e-03,2.378838e-05
