# rmse alpha/u,rmse phic/h,rmse h/r,spread alpha/u,spread phic/h,spread h/r
1.250900e-03,3.690188e-01,8.845153e-02,1.906733e-01,1.720275e-01,1.565591e-01
2.858561e-03,1.774860e-02,2.502089e-05,1.863432e-03,1.262368e-02,1.581670e-05
