# rmse alpha/u,rmse phic/h,rmse h/r,spread alpha/u,spread phic/h,spread h/r
3.008548e-02,2.561358e-01,3.033893e-01,1.498822e-01,1.993221e-01,1.602325e-01
3.630479e-03,3.126149e-02,6.733202e-05,1.967812e-03,1.364486e-02,4.759898e-05
