# rmse alpha/u,rmse phic/h,rmse h/r,spread alpha/u,spread phic/h,spread h/r
3.008548e-02,2.561358e-01,3.033893e-01,1.498822e-01,1.993221e-01,1.602325e-01
3.722015e-03,3.396619e-02,1.005195e-04,2.248013e-03,1.645096e-02,4.850991e-05
