# rmse alpha/u,rmse phic/h,rmse h/r,spread alpha/u,spread phic/h,spread h/r
3.008548e-02,2.561358e-01,3.033893e-01,1.498822e-01,1.993221e-01,1.602325e-01
2.779200e-03,1.369184e-02,6.674735e-05,1.633121e-03,1.101011e-02,4.496672e-05
