# rmse alpha/u,rmse phic/h,rmse h/r,spread alpha/u,spread phic/h,spread h/r
3.008548e-02,2.561358e-01,3.033893e-01,1.498822e-01,1.993221e-01,1.602325e-01
3.889723e-03,2.809062e-02,7.797869e-05,2.118778e-03,1.532857e-02,5.028613e-05
