# rmse alpha/u,rmse phic/h,rmse h/r,spread alpha/u,spread phic/h,spread h/r
3.008548e-02,2.561358e-01,3.033893e-01,1.498822e-01,1.993221e-01,1.602325e-01
3.189568e-03,2.194631e-02,9.145170e-05,2.060775e-03,1.542287e-02,5.387618e-05
