# rmse alpha/u,rmse phic/h,rmse h/r,spread alpha/u,spread phic/h,spread h/r
7.714426e-02,1.283729e-01,3.735299e-01,2.178019e-01,1.997102e-01,1.533221e-01
3.401082e-03,1.682612e-02,4.209882e-05,1.769571e-03,1.242266e-02,2.976770e-05
