# rmse alpha/u,rmse phic/h,rmse h/r,spread alpha/u,spread phic/h,spread h/r
7.714426e-02,1.283729e-01,3.735299e-01,2.178019e-01,1.997102e-01,1.533221e-01
2.181351e-03,1.256454e-02,1.899921e-05,1.834471e-03,1.252876e-02,2.254012e-05
