# rmse alpha/u,rmse phic/h,rmse h/r,spread alpha/u,spread phic/h,spread h/r
7.714426e-02,1.283729e-01,3.735299e-01,2.178019e-01,1.997102e-01,1.533221e-01
3.768486e-03,2.132585e-02,3.440803e-05,2.903556e-03,2.010957e-02,3.656383e-05
