# rmse alpha/u,rmse phic/h,rmse h/r,spread alpha/u,spread phic/h,spread h/r
7.714426e-02,1.283729e-01,3.735299e-01,2.178019e-01,1.997102e-01,1.533221e-01
4.225755e-03,3.178394e-02,6.224137e-05,2.174498e-03,1.695220e-02,4.019652e-05
