# rmse alpha/u,rmse phic/h,rmse h/r,spread alpha/u,spread phic/h,spread h/r
4.113586e-01,2.783312e-01,1.837502e-01,2.108385e-01,2.334352e-01,1.771606e-01
3.420096e-03,1.932185e-02,3.753230e-05,2.616278e-03,1.707276e-02,4.569616e-05
