# rmse alpha/u,rmse phic/h,rmse h/r,spread alpha/u,spread phic/h,spread h/r
4.113586e-01,2.783312e-01,1.837502e-01,2.108385e-01,2.334352e-01,1.771606e-01
3.591242e-03,2.358455e-02,5.551799e-05,2.939867e-03,2.103421e-02,5.341325e-05
