# rmse alpha/u,rmse phic/h,rmse h/r,spread alpha/u,spread phic/h,spread h/r
4.113586e-01,2.783312e-01,1.837502e-01,2.108385e-01,2.334352e-01,1.771606e-01
3.351738e-03,2.318885e-02,6.400333e-05,2.394407e-03,1.762389e-02,5.785615e-05
