# rmse alpha/u,rmse phic/h,rmse h/r,spread alpha/u,spread phic/h,spread h/r
4.113586e-01,2.783312e-01,1.837502e-01,2.108385e-01,2.334352e-01,1.771606e-01
4.160816e-03,2.488576e-02,6.044917e-05,2.936195e-03,2.000945e-02,5.579076e-05
