# rmse alpha/u,rmse phic/h,rmse h/r,spread alpha/u,spread phic/h,spread h/r
4.113586e-01,2.783312e-01,1.837502e-01,2.108385e-01,2.334352e-01,1.771606e-01
3.410426e-03,1.962560e-02,4.248084e-05,2.577085e-03,1.792513e-02,5.200123e-05
