# rmse alpha/u,rmse phic/h,rmse h/r,spread alpha/u,spread phic/h,spread h/r
4.113586e-01,2.783312e-01,1.837502e-01,2.108385e-01,2.334352e-01,1.771606e-01
3.429178e-03,2.326002e-02,5.612634e-05,2.375806e-03,1.674098e-02,5.163950e-05
