# rmse alpha/u,rmse phic/h,rmse h/r,spread alpha/u,spread phic/h,spread h/r
7.574524e-02,1.494746e-01,1.607670e-01,2.007666e-01,2.380345e-01,2.181955e-01
3.338677e-03,2.502974e-02,3.813767e-05,3.174981e-03,2.246163e-02,3.279166e-05
