# rmse alpha/u,rmse phic/h,rmse h/r,spread alpha/u,spread phic/h,spread h/r
7.574524e-02,1.494746e-01,1.607670e-01,2.007666e-01,2.380345e-01,2.181955e-01
6.243930e-03,4.395619e-02,5.072160e-05,3.571228e-03,2.596925e-02,3.894860e-05
