# rmse alpha/u,rmse phic/h,rmse h/r,spread alpha/u,spread phic/h,spread h/r
7.574524e-02,1.494746e-01,1.607670e-01,2.007666e-01,2.380345e-01,2.181955e-01
6.154573e-03,3.468954e-02,4.497280e-05,2.981263e-03,2.189448e-02,4.173441e-05
