# rmse alpha/u,rmse phic/h,rmse h/r,spread alpha/u,spread phic/h,spread h/r
7.574524e-02,1.494746e-01,1.607670e-01,2.007666e-01,2.380345e-01,2.181955e-01
5.097241e-03,2.476367e-02,3.929454e-05,2.790411e-03,2.079991e-02,3.363784e-05
