# rmse alpha/u,rmse phic/h,rmse h/r,spread alpha/u,spread phic/h,spread h/r
7.574524e-02,1.494746e-01,1.607670e-01,2.007666e-01,2.380345e-01,2.181955e-01
3.354854e-03,1.845558e-02,3.427679e-05,2.669051e-03,1.842452e-02,3.096101e-05
