# rmse alpha/u,rmse phic/h,rmse h/r,spread alpha/u,spread phic/h,spread h/r
7.574524e-02,1.494746e-01,1.607670e-01,2.007666e-01,2.380345e-01,2.181955e-01
2.642222e-03,2.190260e-02,2.350545e-05,2.285026e-03,1.713643e-02,2.834372e-05
