# rmse alpha/u,rmse phic/h,rmse h/r,spread alpha/u,spread phic/h,spread h/r
1.458410e-01,4.424498e-02,5.475460e-02,1.927996e-01,2.373932e-01,2.334187e-01
4.930224e-03,3.540119e-02,4.299680e-05,3.596817e-03,2.882196e-02,2.775133e-05
