# rmse alpha/u,rmse phic/h,rmse h/r,spread alpha/u,spread phic/h,spread h/r
1.458410e-01,4.424498e-02,5.475460e-02,1.927996e-01,2.373932e-01,2.334187e-01
4.385322e-03,2.962555e-02,2.700778e-05,3.670962e-03,2.743155e-02,2.084101e-05
