# rmse alpha/u,rmse phic/h,rmse h/r,spread alpha/u,spread phic/h,spread h/r
1.458410e-01,4.424498e-02,5.475460e-02,1.927996e-01,2.373932e-01,2.334187e-01
5.198523e-03,3.244262e-02,2.169273e-05,3.429807e-03,2.437268e-02,1.738583e-05
