# rmse alpha/u,rmse phic/h,rmse h/r,spread alpha/u,spread phic/h,spread h/r
1.458410e-01,4.424498e-02,5.475460e-02,1.927996e-01,2.373932e-01,2.334187e-01
4.688870e-03,4.042886e-02,2.749630e-05,3.449723e-03,2.465364e-02,2.211204e-05
