# rmse alpha/u,rmse phic/h,rmse h/r,spread alpha/u,spread phic/h,spread h/r
1.933033e-01,9.591623e-02,1.104054e-01,1.092955e-01,9.503307e-02,7.672510e-02
4.262001e-03,2.275515e-02,4.771817e-05,2.760490e-03,1.916343e-02,4.616030e-05
