# rmse alpha/u,rmse phic/h,rmse h/r,spread alpha/u,spread phic/h,spread h/r
1.933033e-01,9.591623e-02,1.104054e-01,1.092955e-01,9.503307e-02,7.672510e-02
4.304574e-03,2.824920e-02,5.264417e-05,2.366350e-03,1.674939e-02,4.585530e-05
