# rmse alpha/u,rmse phic/h,rmse h/r,spread alpha/u,spread phic/h,spread h/r
1.933033e-01,9.591623e-02,1.104054e-01,1.092955e-01,9.503307e-02,7.672510e-02
4.797793e-03,3.272592e-02,5.403054e-05,3.252434e-03,2.440886e-02,5.284638e-05
