# rmse alpha/u,rmse phic/h,rmse h/r,spread alpha/u,spread phic/h,spread h/r
9.068291e-04,3.521841e-03,2.466672e-04,6.518864e-02,9.116704e-02,8.188573e-02
8.553214e-04,6.728729e-03,1.989916e-05,9.046520e-04,6.850175e-03,4.470669e-05
