# rmse alpha/u,rmse phic/h,rmse h/r,spread alpha/u,spread phic/h,spread h/r
9.068291e-04,3.521841e-03,2.466672e-04,6.518864e-02,9.116704e-02,8.188573e-02
8.487076e-04,6.707163e-03,1.849157e-05,9.487913e-04,7.039283e-03,4.437002e-05
