# rmse alpha/u,rmse phic/h,rmse h/r,spread alpha/u,spread phic/h,spread h/r
9.068291e-04,3.521841e-03,2.466672e-04,6.518864e-02,9.116704e-02,8.188573e-02
8.486673e-04,6.940268e-03,2.079800e-05,8.563935e-04,6.830136e-03,4.469438e-05
