# rmse alpha/u,rmse phic/h,rmse h/r,spread alpha/u,spread phic/h,spread h/r
9.068291e-04,3.521841e-03,2.466672e-04,6.518864e-02,9.116704e-02,8.188573e-02
8.439947e-04,7.012386e-03,2.697969e-05,8.321037e-04,6.640261e-03,4.439268e-05
