# rmse alpha/u,rmse phic/h,rmse h/r,spread alpha/u,spread phic/h,spread h/r
1.866742e-01,2.846244e-01,2.257898e-01,1.652222e-01,2.287466e-01,1.903413e-01
3.024057e-03,1.781318e-02,4.497075e-05,1.743069e-03,1.351787e-02,4.433163e-05
