# rmse alpha/u,rmse phic/h,rmse h/r,spread alpha/u,spread phic/h,spread h/r
1.866742e-01,2.846244e-01,2.257898e-01,1.652222e-01,2.287466e-01,1.903413e-01
3.955249e-03,2.092054e-02,3.918183e-05,1.611000e-03,1.134060e-02,3.692496e-05
