# rmse alpha/u,rmse phic/h,rmse h/r,spread alpha/u,spread phic/h,spread h/r
7.550255e-01,3.291900e-01,2.130082e-01,1.387709e-01,2.166638e-01,1.639076e-01
4.295927e-03,2.899492e-02,3.887372e-05,3.079294e-03,2.269483e-02,3.088324e-05
