# rmse alpha/u,rmse phic/h,rmse h/r,spread alpha/u,spread phic/h,spread h/r
7.550255e-01,3.291900e-01,2.130082e-01,1.387709e-01,2.166638e-01,1.639076e-01
4.709780e-03,2.317173e-02,3.523530e-05,3.724828e-03,2.628333e-02,3.657775e-05
