# rmse alpha/u,rmse phic/h,rmse h/r,spread alpha/u,spread phic/h,spread h/r
7.550255e-01,3.291900e-01,2.130082e-01,1.387709e-01,2.166638e-01,1.639076e-01
4.611865e-03,3.346451e-02,4.226611e-05,3.353312e-03,2.609164e-02,3.648534e-05
