# rmse alpha/u,rmse phic/h,rmse h/r,spread alpha/u,spread phic/h,spread h/r
7.550255e-01,3.291900e-01,2.130082e-01,1.387709e-01,2.166638e-01,1.639076e-01
5.676084e-03,3.904626e-02,3.665768e-05,3.478426e-03,2.527998e-02,3.594793e-05
