# rmse alpha/u,rmse phic/h,rmse h/r,spread alpha/u,spread phic/h,spread h/r
7.550255e-01,3.291900e-01,2.130082e-01,1.387709e-01,2.166638e-01,1.639076e-01
5.621069e-03,3.481819e-02,3.796903e-05,3.478217e-03,2.589212e-02,3.454794e-05
