# rmse alpha/u,rmse phic/h,rmse h/r,spread alpha/u,spread phic/h,spread h/r
1.103864e-01,1.550614e-01,1.668428e-03,2.007018e-01,2.348895e-01,2.071683e-01
5.558444e-03,2.510094e-02,5.174487e-05,4.191024e-03,3.108342e-02,5.100629e-05
