# rmse alpha/u,rmse phic/h,rmse h/r,spread alpha/u,spread phic/h,spread h/r
1.103864e-01,1.550614e-01,1.668428e-03,2.007018e-01,2.348895e-01,2.071683e-01
3.600343e-03,2.220860e-02,4.443315e-05,4.021519e-03,3.044848e-02,4.673077e-05
