# rmse alpha/u,rmse phic/h,rmse h/r,spread alpha/u,spread phic/h,spread h/r
9.841763e-04,5.567787e-03,1.138750e-02,1.246620e-01,9.195804e-02,8.007115e-02
4.301959e-03,3.017621e-02,4.579742e-05,2.948962e-03,2.296633e-02,5.107253e-05
