# rmse alpha/u,rmse phic/h,rmse h/r,spread alpha/u,spread phic/h,spread h/r
9.841763e-04,5.567787e-03,1.138750e-02,1.246620e-01,9.195804e-02,8.007115e-02
3.613628e-03,2.542848e-02,3.796565e-05,2.541937e-03,1.954851e-02,4.823213e-05
