# rmse alpha/u,rmse phic/h,rmse h/r,spread alpha/u,spread phic/h,spread h/r
9.841763e-04,5.567787e-03,1.138750e-02,1.246620e-01,9.195804e-02,8.007115e-02
3.382238e-03,2.051910e-02,4.291007e-05,2.058602e-03,1.465888e-02,4.198425e-05
