# rmse alpha/u,rmse phic/h,rmse h/r,spread alpha/u,spread phic/h,spread h/r
9.841763e-04,5.567787e-03,1.138750e-02,1.246620e-01,9.195804e-02,8.007115e-02
2.393689e-03,1.684244e-02,3.285705e-05,2.145333e-03,1.454089e-02,4.076721e-05
