# rmse alpha/u,rmse phic/h,rmse h/r,spread alpha/u,spread phic/h,spread h/r
9.841763e-04,5.567787e-03,1.138750e-02,1.246620e-01,9.195804e-02,8.007115e-02
4.794568e-03,2.816018e-02,3.377716e-05,2.435511e-03,1.817579e-02,4.167983e-05
