# rmse alpha/u,rmse phic/h,rmse h/r,spread alpha/u,spread phic/h,spread h/r
9.841763e-04,5.567787e-03,1.138750e-02,1.246620e-01,9.195804e-02,8.007115e-02
3.474987e-03,2.845713e-02,5.221352e-05,2.145214e-03,1.531712e-02,4.306421e-05
