# rmse alpha/u,rmse phic/h,rmse h/r,spread alpha/u,spread phic/h,spread h/r
1.200834e-01,1.632739e-01,3.179228e-01,2.007018e-01,2.348895e-01,2.071683e-01
5.117974e-03,4.367667e-02,1.293864e-04,3.632476e-03,2.757750e-02,6.354307e-05
