# rmse alpha/u,rmse phic/h,rmse h/r,spread alpha/u,spread phic/h,spread h/r
5.646738e-02,5.078954e-02,3.524598e-02,2.123994e-01,1.936555e-01,1.948980e-01
2.434812e-03,1.960912e-02,4.898964e-05,1.831699e-03,1.332452e-02,4.146153e-05
