# rmse alpha/u,rmse phic/h,rmse h/r,spread alpha/u,spread phic/h,spread h/r
5.646738e-02,5.078954e-02,3.524598e-02,2.123994e-01,1.936555e-01,1.948980e-01
3.341880e-03,2.036652e-02,4.113539e-05,2.524271e-03,1.742262e-02,4.160067e-05
