# rmse alpha/u,rmse phic/h,rmse h/r,spread alpha/u,spread phic/h,spread h/r
1.392308e-01,4.958623e-02,3.511753e-02,1.998711e-01,2.017578e-01,1.632294e-01
4.047927e-03,2.182199e-02,3.138512e-05,2.695900e-03,1.720309e-02,3.410558e-05
