# rmse alpha/u,rmse phic/h,rmse h/r,spread alpha/u,spread phic/h,spread h/r
1.392308e-01,4.958623e-02,3.511753e-02,1.998711e-01,2.017578e-01,1.632294e-01
3.558256e-03,2.224022e-02,3.850209e-05,3.089471e-03,2.167982e-02,3.993360e-05
