# rmse alpha/u,rmse phic/h,rmse h/r,spread alpha/u,spread phic/h,spread h/r
1.392308e-01,4.958623e-02,3.511753e-02,1.998711e-01,2.017578e-01,1.632294e-01
2.604637e-03,1.552975e-02,4.588636e-05,2.238767e-03,1.571613e-02,3.857992e-05
