# rmse alpha/u,rmse phic/h,rmse h/r,spread alpha/u,spread phic/h,spread h/r
1.392308e-01,4.958623e-02,3.511753e-02,1.998711e-01,2.017578e-01,1.632294e-01
2.917745e-03,1.587429e-02,2.635581e-05,2.233835e-03,1.523864e-02,2.899209e-05
