# rmse alpha/u,rmse phic/h,rmse h/r,spread alpha/u,spread phic/h,spread h/r
1.392308e-01,4.958623e-02,3.511753e-02,1.998711e-01,2.017578e-01,1.632294e-01
4.225977e-03,2.139956e-02,3.226466e-05,2.887311e-03,2.051918e-02,3.445066e-05
