# rmse alpha/u,rmse phic/h,rmse h/r,spread alpha/u,spread phic/h,spread h/r
7.310692e-03,1.778974e-02,6.049189e-02,1.424279e-01,8.578587e-02,6.912531e-02
2.110377e-03,1.689327e-02,3.580571e-05,1.647120e-03,1.100843e-02,3.741762e-05
