# rmse alpha/u,rmse phic/h,rmse h/r,spread alpha/u,spread phic/h,spread h/r
7.310692e-03,1.778974e-02,6.049189e-02,1.424279e-01,8.578587e-02,6.912531e-02
1.705859e-03,1.053292e-02,2.156415e-05,1.841475e-03,1.226452e-02,2.818961e-05
