# rmse alpha/u,rmse phic/h,rmse h/r,spread alpha/u,spread phic/h,spread h/r
7.310692e-03,1.778974e-02,6.049189e-02,1.424279e-01,8.578587e-02,6.912531e-02
3.250541e-03,2.395437e-02,2.875028e-05,2.473080e-03,1.789914e-02,3.209493e-05
