# rmse alpha/u,rmse phic/h,rmse h/r,spread alpha/u,spread phic/h,spread h/r
7.310692e-03,1.778974e-02,6.049189e-02,1.424279e-01,8.578587e-02,6.912531e-02
2.497376e-03,1.704187e-02,4.634242e-05,1.673343e-03,1.192303e-02,3.892199e-05
