# rmse alpha/u,rmse phic/h,rmse h/r,spread alpha/u,spread phic/h,spread h/r
8.201972e-03,5.477599e-03,6.859015e-05,1.969593e-01,1.699969e-01,1.470455e-01
4.503984e-03,3.067145e-02,4.912337e-05,2.369899e-03,1.624504e-02,3.421783e-05
