# rmse alpha/u,rmse phic/h,rmse h/r,spread alpha/u,spread phic/h,spread h/r
8.201972e-03,5.477599e-03,6.859015e-05,1.969593e-01,1.699969e-01,1.470455e-01
4.025856e-03,2.193887e-02,4.782078e-05,2.194465e-03,1.502809e-02,3.322942e-05
