# rmse alpha/u,rmse phic/h,rmse h/r,spread alpha/u,spread phic/h,spread h/r
1.598709e-01,2.571451e-02,1.329629e-02,2.091322e-01,2.302598e-01,2.281086e-01
3.075887e-03,1.892206e-02,5.382012e-05,2.461669e-03,1.812370e-02,4.617923e-05
