# rmse alpha/u,rmse phic/h,rmse h/r,spread alpha/u,spread phic/h,spread h/r
1.598709e-01,2.571451e-02,1.329629e-02,2.091322e-01,2.302598e-01,2.281086e-01
4.257642e-03,2.679501e-02,6.025404e-05,2.631324e-03,1.885225e-02,4.437253e-05
