# rmse alpha/u,rmse phic/h,rmse h/r,spread alpha/u,spread phic/h,spread h/r
1.598709e-01,2.571451e-02,1.329629e-02,2.091322e-01,2.302598e-01,2.281086e-01
4.241958e-03,2.530865e-02,4.879710e-05,2.719773e-03,1.940399e-02,4.585347e-05
