# rmse alpha/u,rmse phic/h,rmse h/r,spread alpha/u,spread phic/h,spread h/r
1.598709e-01,2.571451e-02,1.329629e-02,2.091322e-01,2.302598e-01,2.281086e-01
5.794653e-03,3.378906e-02,5.901200e-05,3.171957e-03,2.378085e-02,4.980289e-05
