# rmse alpha/u,rmse phic/h,rmse h/r,spread alpha/u,spread phic/h,spread h/r
1.598709e-01,2.571451e-02,1.329629e-02,2.091322e-01,2.302598e-01,2.281086e-01
1.797706e-03,1.102007e-02,4.799998e-05,1.756290e-03,1.267465e-02,3.770937e-05
