# rmse alpha/u,rmse phic/h,rmse h/r,spread alpha/u,spread phic/h,spread h/r
1.834067e-02,2.249111e-02,2.518562e-02,1.888430e-01,2.067866e-01,1.861095e-01
2.348342e-03,1.715591e-02,5.583925e-05,2.100673e-03,1.459007e-02,4.716778e-05
