# rmse alpha/u,rmse phic/h,rmse h/r,spread alpha/u,spread phic/h,spread h/r
1.834067e-02,2.249111e-02,2.518562e-02,1.888430e-01,2.067866e-01,1.861095e-01
6.336339e-03,3.661032e-02,6.088606e-05,3.670130e-03,2.834570e-02,5.776802e-05
