# rmse alpha/u,rmse phic/h,rmse h/r,spread alpha/u,spread phic/h,spread h/r
2.605728e-01,6.351278e-03,8.433389e-02,1.927996e-01,2.373932e-01,2.334187e-01
3.654775e-03,2.360160e-02,7.158707e-05,2.137151e-03,1.402635e-02,4.279012e-05
