# rmse alpha/u,rmse phic/h,rmse h/r,spread alpha/u,spread phic/h,spread h/r
2.605728e-01,6.351278e-03,8.433389e-02,1.927996e-01,2.373932e-01,2.334187e-01
2.754289e-03,1.707659e-02,9.610980e-05,2.366067e-03,1.703296e-02,5.230084e-05
