# rmse alpha/u,rmse phic/h,rmse h/r,spread alpha/u,spread phic/h,spread h/r
2.605728e-01,6.351278e-03,8.433389e-02,1.927996e-01,2.373932e-01,2.334187e-01
2.409782e-03,2.134103e-02,9.130656e-05,2.289920e-03,1.631072e-02,5.608475e-05
