# rmse alpha/u,rmse phic/h,rmse h/r,spread alpha/u,spread phic/h,spread h/r
2.605728e-01,6.351278e-03,8.433389e-02,1.927996e-01,2.373932e-01,2.334187e-01
3.366906e-03,1.538377e-02,7.041926e-05,2.005363e-03,1.318565e-02,4.608881e-05
