# rmse alpha/u,rmse phic/h,rmse h/r,spread alpha/u,spread phic/h,spread h/r
2.605728e-01,6.351278e-03,8.433389e-02,1.927996e-01,2.373932e-01,2.334187e-01
2.279740e-03,2.287110e-02,8.600951e-05,1.973345e-03,1.365905e-02,4.596029e-05
