# rmse alpha/u,rmse phic/h,rmse h/r,spread alpha/u,spread phic/h,spread h/r
2.605728e-01,6.351278e-03,8.433389e-02,1.927996e-01,2.373932e-01,2.334187e-01
3.640830e-03,2.065494e-02,6.975873e-05,2.186842e-03,1.568576e-02,4.391958e-05
