# rmse alpha/u,rmse phic/h,rmse h/r,spread alpha/u,spread phic/h,spread h/r
3.592414e-02,2.189071e-02,1.349115e-01,1.927996e-01,2.373932e-01,2.334187e-01
8.022330e-04,6.405098e-03,1.913373e-05,7.630594e-04,5.748885e-03,3.323688e-05
