# rmse alpha/u,rmse phic/h,rmse h/r,spread alpha/u,spread phic/h,spread h/r
3.592414e-02,2.189071e-02,1.349115e-01,1.927996e-01,2.373932e-01,2.334187e-01
7.987987e-04,6.066907e-03,2.215586e-05,7.760914e-04,5.943121e-03,3.385566e-05
