# rmse alpha/u,rmse phic/h,rmse h/r,spread alpha/u,spread phic/h,spread h/r
3.592414e-02,2.189071e-02,1.349115e-01,1.927996e-01,2.373932e-01,2.334187e-01
8.195902e-04,6.476776e-03,2.391595e-05,8.201662e-04,6.433647e-03,3.729788e-05
