# rmse alpha/u,rmse phic/h,rmse h/r,spread alpha/u,spread phic/h,spread h/r
3.592414e-02,2.189071e-02,1.349115e-01,1.927996e-01,2.373932e-01,2.334187e-01
9.066952e-04,7.070463e-03,2.792533e-05,8.577377e-04,6.910330e-03,4.145038e-05
