# rmse alpha/u,rmse phic/h,rmse h/r,spread alpha/u,spread phic/h,spread h/r
3.592414e-02,2.189071e-02,1.349115e-01,1.927996e-01,2.373932e-01,2.334187e-01
8.627595e-04,6.731736e-03,2.595396e-05,8.190139e-04,6.358388e-03,3.614308e-05
