# rmse alpha/u,rmse phic/h,rmse h/r,spread alpha/u,spread phic/h,spread h/r
6.365326e-01,4.010579e-01,5.282509e-01,1.813633e-01,2.153254e-01,1.756998e-01
3.104808e-03,1.917022e-02,2.685359e-05,2.307282e-03,1.590053e-02,2.645110e-05
