# rmse alpha/u,rmse phic/h,rmse h/r,spread alpha/u,spread phic/h,spread h/r
6.365326e-01,4.010579e-01,5.282509e-01,1.813633e-01,2.153254e-01,1.756998e-01
3.197791e-03,2.445378e-02,3.875653e-05,2.760748e-03,2.035039e-02,3.373444e-05
