# rmse alpha/u,rmse phic/h,rmse h/r,spread alpha/u,spread phic/h,spread h/r
6.365326e-01,4.010579e-01,5.282509e-01,1.813633e-01,2.153254e-01,1.756998e-01
4.395411e-03,1.943061e-02,2.769448e-05,2.488317e-03,1.615653e-02,2.992561e-05
