# rmse alpha/u,rmse phic/h,rmse h/r,spread alpha/u,spread phic/h,spread h/r
8.797143e-02,3.823257e-02,1.066397e-01,1.699231e-01,2.371684e-01,1.419867e-01
4.833548e-03,2.979357e-02,9.039015e-05,3.324401e-03,2.424267e-02,6.664163e-05
