# rmse alpha/u,rmse phic/h,rmse h/r,spread alpha/u,spread phic/h,spread h/r
8.797143e-02,3.823257e-02,1.066397e-01,1.699231e-01,2.371684e-01,1.419867e-01
4.978295e-03,3.396677e-02,8.181457e-05,4.274691e-03,3.131683e-02,7.557959e-05
