# rmse alpha/u,rmse phic/h,rmse h/r,spread alpha/u,spread phic/h,spread h/r
8.797143e-02,3.823257e-02,1.066397e-01,1.699231e-01,2.371684e-01,1.419867e-01
3.364220e-03,2.504671e-02,1.185581e-04,3.983257e-03,3.055433e-02,8.081325e-05
