# rmse alpha/u,rmse phic/h,rmse h/r,spread alpha/u,spread phic/h,spread h/r
8.797143e-02,3.823257e-02,1.066397e-01,1.699231e-01,2.371684e-01,1.419867e-01
5.256980e-03,3.537037e-02,9.911404e-05,4.271293e-03,3.166646e-02,8.053829e-05
