# rmse alpha/u,rmse phic/h,rmse h/r,spread alpha/u,spread phic/h,spread h/r
8.797143e-02,3.823257e-02,1.066397e-01,1.699231e-01,2.371684e-01,1.419867e-01
3.993845e-03,2.726781e-02,9.249386e-05,4.263784e-03,3.264666e-02,8.262149e-05
