# rmse alpha/u,rmse phic/h,rmse h/r,spread alpha/u,spread phic/h,spread h/r
2.589960e-02,8.026186e-04,4.670679e-03,2.007666e-01,2.380345e-01,2.181955e-01
3.765501e-03,2.568179e-02,4.651123e-05,2.304826e-03,1.727658e-02,3.917364e-05
