# rmse alpha/u,rmse phic/h,rmse h/r,spread alpha/u,spread phic/h,spread h/r
2.589960e-02,8.026186e-04,4.670679e-03,2.007666e-01,2.380345e-01,2.181955e-01
2.983430e-03,1.743113e-02,4.048314e-05,1.832432e-03,1.326905e-02,3.663418e-05
