# rmse alpha/u,rmse phic/h,rmse h/r,spread alpha/u,spread phic/h,spread h/r
1.927777e-01,9.883675e-02,7.668107e-02,1.327111e-01,9.587653e-02,7.619365e-02
3.050162e-03,2.815263e-02,4.580857e-05,2.063811e-03,1.608441e-02,5.038348e-05
