# rmse alpha/u,rmse phic/h,rmse h/r,spread alpha/u,spread phic/h,spread h/r
1.927777e-01,9.883675e-02,7.668107e-02,1.327111e-01,9.587653e-02,7.619365e-02
3.605006e-03,2.143507e-02,3.824195e-05,2.686937e-03,1.814039e-02,4.501174e-05
