# rmse alpha/u,rmse phic/h,rmse h/r,spread alpha/u,spread phic/h,spread h/r
1.927777e-01,9.883675e-02,7.668107e-02,1.327111e-01,9.587653e-02,7.619365e-02
3.023015e-03,1.198006e-02,3.019146e-05,2.256840e-03,1.453636e-02,3.498895e-05
