# rmse alpha/u,rmse phic/h,rmse h/r,spread alpha/u,spread phic/h,spread h/r
1.927777e-01,9.883675e-02,7.668107e-02,1.327111e-01,9.587653e-02,7.619365e-02
4.500484e-03,2.876078e-02,4.602560e-05,3.231674e-03,2.372175e-02,4.649958e-05
