# rmse alpha/u,rmse phic/h,rmse h/r,spread alpha/u,spread phic/h,spread h/r
7.740918e-02,2.702640e-01,2.950749e-01,1.906733e-01,1.720275e-01,1.565591e-01
2.843803e-03,1.817108e-02,3.737515e-05,1.813570e-03,1.231737e-02,2.183892e-05
