# rmse alpha/u,rmse phic/h,rmse h/r,spread alpha/u,spread phic/h,spread h/r
7.740918e-02,2.702640e-01,2.950749e-01,1.906733e-01,1.720275e-01,1.565591e-01
3.656914e-03,1.944549e-02,3.013456e-05,2.127346e-03,1.484493e-02,2.160872e-05
