# rmse alpha/u,rmse phic/h,rmse h/r,spread alpha/u,spread phic/h,spread h/r
7.740918e-02,2.702640e-01,2.950749e-01,1.906733e-01,1.720275e-01,1.565591e-01
3.999471e-03,2.129896e-02,4.033423e-05,2.260447e-03,1.521516e-02,2.329449e-05
