# rmse alpha/u,rmse phic/h,rmse h/r,spread alpha/u,spread phic/h,spread h/r
7.740918e-02,2.702640e-01,2.950749e-01,1.906733e-01,1.720275e-01,1.565591e-01
4.897289e-03,2.833171e-02,4.186073e-05,2.108692e-03,1.392174e-02,2.337810e-05
