# rmse alpha/u,rmse phic/h,rmse h/r,spread alpha/u,spread phic/h,spread h/r
7.740918e-02,2.702640e-01,2.950749e-01,1.906733e-01,1.720275e-01,1.565591e-01
3.746396e-03,2.647257e-02,4.454785e-05,2.058597e-03,1.455677e-02,2.446686e-05
