# rmse alpha/u,rmse phic/h,rmse h/r,spread alpha/u,spread phic/h,spread h/r
7.740918e-02,2.702640e-01,2.950749e-01,1.906733e-01,1.720275e-01,1.565591e-01
4.573430e-03,2.815642e-02,3.980569e-05,2.270223e-03,1.563060e-02,2.393707e-05
