# rmse alpha/u,rmse phic/h,rmse h/r,spread alpha/u,spread phic/h,spread h/r
7.740918e-02,2.702640e-01,2.950749e-01,1.906733e-01,1.720275e-01,1.565591e-01
3.217524e-03,1.998479e-02,3.617893e-05,1.994777e-03,1.369876e-02,2.409299e-05
