# rmse alpha/u,rmse phic/h,rmse h/r,spread alpha/u,spread phic/h,spread h/r
7.740918e-02,2.702640e-01,2.950749e-01,1.906733e-01,1.720275e-01,1.565591e-01
2.198211e-03,1.128455e-02,3.287568e-05,1.368174e-03,1.029017e-02,1.802526e-05
