# rmse alpha/u,rmse phic/h,rmse h/r,spread alpha/u,spread phic/h,spread h/r
2.165371e-01,3.329667e-01,3.912788e-01,1.354666e-01,2.169042e-01,1.474046e-01
2.495439e-03,1.261051e-02,2.339084e-05,1.407025e-03,9.938639e-03,3.834018e-05
