# rmse alpha/u,rmse phic/h,rmse h/r,spread alpha/u,spread phic/h,spread h/r
2.165371e-01,3.329667e-01,3.912788e-01,1.354666e-01,2.169042e-01,1.474046e-01
1.791396e-03,1.390386e-02,3.350581e-05,1.556625e-03,1.073853e-02,3.673576e-05
