# rmse alpha/u,rmse phic/h,rmse h/r,spread alpha/u,spread phic/h,spread h/r
2.165371e-01,3.329667e-01,3.912788e-01,1.354666e-01,2.169042e-01,1.474046e-01
2.495297e-03,1.149528e-02,2.203719e-05,1.424136e-03,1.010929e-02,3.613370e-05
