# rmse alpha/u,rmse phic/h,rmse h/r,spread alpha/u,spread phic/h,spread h/r
2.165371e-01,3.329667e-01,3.912788e-01,1.354666e-01,2.169042e-01,1.474046e-01
2.461262e-03,1.514244e-02,3.211156e-05,1.807880e-03,1.273806e-02,4.074188e-05
