# rmse alpha/u,rmse phic/h,rmse h/r,spread alpha/u,spread phic/h,spread h/r
2.165371e-01,3.329667e-01,3.912788e-01,1.354666e-01,2.169042e-01,1.474046e-01
2.284447e-03,2.236404e-02,3.071285e-05,2.011221e-03,1.501966e-02,4.407613e-05
