# rmse alpha/u,rmse phic/h,rmse h/r,spread alpha/u,spread phic/h,spread h/r
1.054615e-01,8.919486e-02,1.177842e-01,1.927996e-01,2.373932e-01,2.334187e-01
4.117954e-03,2.281814e-02,4.113032e-05,2.024624e-03,1.385254e-02,1.343734e-05
