# rmse alpha/u,rmse phic/h,rmse h/r,spread alpha/u,spread phic/h,spread h/r
1.054615e-01,8.919486e-02,1.177842e-01,1.927996e-01,2.373932e-01,2.334187e-01
4.757183e-03,3.060533e-02,5.742183e-05,2.570292e-03,1.956487e-02,2.280547e-05
