# rmse alpha/u,rmse phic/h,rmse h/r,spread alpha/u,spread phic/h,spread h/r
1.054615e-01,8.919486e-02,1.177842e-01,1.927996e-01,2.373932e-01,2.334187e-01
4.203457e-03,3.227083e-02,4.158832e-05,2.224086e-03,1.665144e-02,1.921488e-05
