# rmse alpha/u,rmse phic/h,rmse h/r,spread alpha/u,spread phic/h,spread h/r
1.054615e-01,8.919486e-02,1.177842e-01,1.927996e-01,2.373932e-01,2.334187e-01
4.618284e-03,2.496183e-02,4.610305e-05,2.411889e-03,1.668938e-02,1.526620e-05
