# rmse alpha/u,rmse phic/h,rmse h/r,spread alpha/u,spread phic/h,spread h/r
1.054615e-01,8.919486e-02,1.177842e-01,1.927996e-01,2.373932e-01,2.334187e-01
3.769480e-03,2.483042e-02,5.222461e-05,1.917173e-03,1.317348e-02,1.765944e-05
