# rmse alpha/u,rmse phic/h,rmse h/r,spread alpha/u,spread phic/h,spread h/r
1.054615e-01,8.919486e-02,1.177842e-01,1.927996e-01,2.373932e-01,2.334187e-01
5.087994e-03,2.582156e-02,5.064530e-05,2.181770e-03,1.555564e-02,1.452223e-05
