# rmse alpha/u,rmse phic/h,rmse h/r,spread alpha/u,spread phic/h,spread h/r
1.109181e-02,2.766311e-01,5.012440e-04,2.029553e-01,2.401346e-01,2.180772e-01
8.938809e-04,6.966794e-03,2.124450e-05,9.030469e-04,7.079606e-03,4.605971e-05
