# rmse alpha/u,rmse phic/h,rmse h/r,spread alpha/u,spread phic/h,spread h/r
1.109181e-02,2.766311e-01,5.012440e-04,2.029553e-01,2.401346e-01,2.180772e-01
9.105646e-04,8.373539e-03,2.344753e-05,9.859839e-04,7.659513e-03,4.704079e-05
