# rmse alpha/u,rmse phic/h,rmse h/r,spread alpha/u,spread phic/h,spread h/r
1.109181e-02,2.766311e-01,5.012440e-04,2.029553e-01,2.401346e-01,2.180772e-01
8.368888e-04,6.724338e-03,3.260912e-05,8.544165e-04,6.499205e-03,4.187275e-05
