# rmse alpha/u,rmse phic/h,rmse h/r,spread alpha/u,spread phic/h,spread h/r
1.109181e-02,2.766311e-01,5.012440e-04,2.029553e-01,2.401346e-01,2.180772e-01
8.431928e-04,6.687405e-03,2.668145e-05,8.492007e-04,6.570653e-03,4.230209e-05
