# rmse alpha/u,rmse phic/h,rmse h/r,spread alpha/u,spread phic/h,spread h/r
1.109181e-02,2.766311e-01,5.012440e-04,2.029553e-01,2.401346e-01,2.180772e-01
8.900630e-04,7.263245e-03,2.736291e-05,8.944323e-04,7.152269e-03,4.560487e-05
