# rmse alpha/u,rmse phic/h,rmse h/r,spread alpha/u,spread phic/h,spread h/r
9.657705e-02,3.506966e-02,1.376645e-01,2.172096e-01,2.080586e-01,2.193292e-01
4.884218e-03,4.374670e-02,9.965323e-05,4.593068e-03,3.688605e-02,7.492474e-05
