# rmse alpha/u,rmse phic/h,rmse h/r,spread alpha/u,spread phic/h,spread h/r
9.657705e-02,3.506966e-02,1.376645e-01,2.172096e-01,2.080586e-01,2.193292e-01
5.539512e-03,3.246389e-02,9.331536e-05,4.004924e-03,2.916250e-02,6.551446e-05
