# rmse alpha/u,rmse phic/h,rmse h/r,spread alpha/u,spread phic/h,spread h/r
9.657705e-02,3.506966e-02,1.376645e-01,2.172096e-01,2.080586e-01,2.193292e-01
4.527770e-03,3.135118e-02,8.000614e-05,3.960154e-03,2.975105e-02,6.590271e-05
