# rmse alpha/u,rmse phic/h,rmse h/r,spread alpha/u,spread phic/h,spread h/r
9.657705e-02,3.506966e-02,1.376645e-01,2.172096e-01,2.080586e-01,2.193292e-01
4.058755e-03,2.494937e-02,9.084342e-05,3.290660e-03,2.488871e-02,6.312549e-05
