# rmse alpha/u,rmse phic/h,rmse h/r,spread alpha/u,spread phic/h,spread h/r
9.657705e-02,3.506966e-02,1.376645e-01,2.172096e-01,2.080586e-01,2.193292e-01
4.204245e-03,2.748683e-02,7.350662e-05,3.012180e-03,2.071892e-02,5.760622e-05
