# rmse alpha/u,rmse phic/h,rmse h/r,spread alpha/u,spread phic/h,spread h/r
9.657705e-02,3.506966e-02,1.376645e-01,2.172096e-01,2.080586e-01,2.193292e-01
6.218080e-03,4.333394e-02,9.391509e-05,3.409503e-03,2.564733e-02,5.950381e-05
