# rmse alpha/u,rmse phic/h,rmse h/r,spread alpha/u,spread phic/h,spread h/r
1.491719e-01,4.054193e-01,2.609249e-01,1.252033e-01,2.157036e-01,2.323844e-01
1.280183e-03,1.367456e-02,1.428561e-04,7.786355e-04,5.961846e-03,1.927330e-05
