# rmse alpha/u,rmse phic/h,rmse h/r,spread alpha/u,spread phic/h,spread h/r
1.491719e-01,4.054193e-01,2.609249e-01,1.252033e-01,2.157036e-01,2.323844e-01
8.943844e-04,7.941564e-03,1.650490e-04,7.596580e-04,6.057479e-03,1.924245e-05
