# rmse alpha/u,rmse phic/h,rmse h/r,spread alpha/u,spread phic/h,spread h/r
1.491719e-01,4.054193e-01,2.609249e-01,1.252033e-01,2.157036e-01,2.323844e-01
8.633161e-04,6.878783e-03,1.437314e-04,7.771333e-04,5.946568e-03,1.818894e-05
