# rmse alpha/u,rmse phic/h,rmse h/r,spread alpha/u,spread phic/h,spread h/r
1.491719e-01,4.054193e-01,2.609249e-01,1.252033e-01,2.157036e-01,2.323844e-01
1.046772e-03,9.826274e-03,1.382818e-04,7.614498e-04,5.922565e-03,1.759335e-05
