# rmse alpha/u,rmse phic/h,rmse h/r,spread alpha/u,spread phic/h,spread h/r
1.491719e-01,4.054193e-01,2.609249e-01,1.252033e-01,2.157036e-01,2.323844e-01
9.118780e-04,6.892115e-03,1.391922e-04,7.444246e-04,5.862453e-03,1.747749e-05
