# rmse alpha/u,rmse phic/h,rmse h/r,spread alpha/u,spread phic/h,spread h/r
1.491719e-01,4.054193e-01,2.609249e-01,1.252033e-01,2.157036e-01,2.323844e-01
1.180181e-03,7.390188e-03,1.291537e-04,7.310492e-04,5.511355e-03,1.699559e-05
