# rmse alpha/u,rmse phic/h,rmse h/r,spread alpha/u,spread phic/h,spread h/r
1.491719e-01,4.054193e-01,2.609249e-01,1.252033e-01,2.157036e-01,2.323844e-01
1.239834e-03,1.005228e-02,1.427644e-04,7.208261e-04,5.786224e-03,1.817714e-05
