# rmse alpha/u,rmse phic/h,rmse h/r,spread alpha/u,spread phic/h,spread h/r
1.491719e-01,4.054193e-01,2.609249e-01,1.252033e-01,2.157036e-01,2.323844e-01
8.558714e-04,7.274943e-03,1.349807e-04,7.357931e-04,5.623254e-03,1.702385e-05
