# rmse alpha/u,rmse phic/h,rmse h/r,spread alpha/u,spread phic/h,spread h/r
1.491719e-01,4.054193e-01,2.609249e-01,1.252033e-01,2.157036e-01,2.323844e-01
1.180895e-03,9.241632e-03,1.391035e-04,7.336902e-04,5.764466e-03,1.766577e-05
