# rmse alpha/u,rmse phic/h,rmse h/r,spread alpha/u,spread phic/h,spread h/r
4.871709e-01,2.943590e-01,4.084589e-01,1.498822e-01,1.993221e-01,1.602325e-01
4.735819e-03,2.641513e-02,2.783616e-05,3.418667e-03,2.529856e-02,1.288454e-05
