# rmse alpha/u,rmse phic/h,rmse h/r,spread alpha/u,spread phic/h,spread h/r
4.871709e-01,2.943590e-01,4.084589e-01,1.498822e-01,1.993221e-01,1.602325e-01
3.636788e-03,2.281272e-02,2.544288e-05,3.103917e-03,2.263640e-02,1.338734e-05
