# rmse alpha/u,rmse phic/h,rmse h/r,spread alpha/u,spread phic/h,spread h/r
4.871709e-01,2.943590e-01,4.084589e-01,1.498822e-01,1.993221e-01,1.602325e-01
4.730408e-03,3.237655e-02,2.242341e-05,3.830719e-03,2.873205e-02,1.209714e-05
