# rmse alpha/u,rmse phic/h,rmse h/r,spread alpha/u,spread phic/h,spread h/r
4.871709e-01,2.943590e-01,4.084589e-01,1.498822e-01,1.993221e-01,1.602325e-01
4.880491e-03,3.315008e-02,1.651824e-05,3.336266e-03,2.449690e-02,8.324732e-06
