# rmse alpha/u,rmse phic/h,rmse h/r,spread alpha/u,spread phic/h,spread h/r
4.871709e-01,2.943590e-01,4.084589e-01,1.498822e-01,1.993221e-01,1.602325e-01
3.664541e-03,2.741493e-02,1.710612e-05,3.320516e-03,2.449209e-02,7.589075e-06
