# rmse alpha/u,rmse phic/h,rmse h/r,spread alpha/u,spread phic/h,spread h/r
4.871709e-01,2.943590e-01,4.084589e-01,1.498822e-01,1.993221e-01,1.602325e-01
5.389044e-03,3.643238e-02,2.722922e-05,3.313538e-03,2.545286e-02,1.396595e-05
