# rmse alpha/u,rmse phic/h,rmse h/r,spread alpha/u,spread phic/h,spread h/r
4.871709e-01,2.943590e-01,4.084589e-01,1.498822e-01,1.993221e-01,1.602325e-01
5.374370e-03,3.552346e-02,2.622356e-05,3.562220e-03,2.835892e-02,1.706149e-05
