# rmse alpha/u,rmse phic/h,rmse h/r,spread alpha/u,spread phic/h,spread h/r
4.871709e-01,2.943590e-01,4.084589e-01,1.498822e-01,1.993221e-01,1.602325e-01
4.349048e-03,3.619537e-02,1.319382e-05,3.244419e-03,2.336474e-02,1.179925e-05
