# rmse alpha/u,rmse phic/h,rmse h/r,spread alpha/u,spread phic/h,spread h/r
1.381912e-02,3.259439e-03,3.303234e-03,1.079106e-01,1.002281e-01,9.219801e-02
8.576385e-04,5.936053e-03,2.060121e-05,8.218706e-04,6.308723e-03,3.899526e-05
