# rmse alpha/u,rmse phic/h,rmse h/r,spread alpha/u,spread phic/h,spread h/r
1.381912e-02,3.259439e-03,3.303234e-03,1.079106e-01,1.002281e-01,9.219801e-02
9.166604e-04,6.505635e-03,2.841362e-05,8.555601e-04,6.328372e-03,4.009707e-05
