# rmse alpha/u,rmse phic/h,rmse h/r,spread alpha/u,spread phic/h,spread h/r
1.381912e-02,3.259439e-03,3.303234e-03,1.079106e-01,1.002281e-01,9.219801e-02
8.676638e-04,6.673055e-03,2.597097e-05,8.478796e-04,6.667933e-03,4.200788e-05
