# rmse alpha/u,rmse phic/h,rmse h/r,spread alpha/u,spread phic/h,spread h/r
1.381912e-02,3.259439e-03,3.303234e-03,1.079106e-01,1.002281e-01,9.219801e-02
8.464552e-04,6.769164e-03,2.314299e-05,8.521155e-04,6.383197e-03,4.019479e-05
