# rmse alpha/u,rmse phic/h,rmse h/r,spread alpha/u,spread phic/h,spread h/r
1.381912e-02,3.259439e-03,3.303234e-03,1.079106e-01,1.002281e-01,9.219801e-02
8.489120e-04,6.873690e-03,2.346055e-05,8.426534e-04,6.536346e-03,4.141453e-05
