# rmse alpha/u,rmse phic/h,rmse h/r,spread alpha/u,spread phic/h,spread h/r
1.381912e-02,3.259439e-03,3.303234e-03,1.079106e-01,1.002281e-01,9.219801e-02
1.156481e-03,7.276873e-03,2.309363e-05,9.184990e-04,6.759722e-03,4.089834e-05
