# rmse alpha/u,rmse phic/h,rmse h/r,spread alpha/u,spread phic/h,spread h/r
5.966530e-02,6.165982e-03,3.515446e-03,1.368199e-01,9.493725e-02,6.300472e-02
5.056555e-03,3.076027e-02,3.173292e-05,3.972265e-03,3.022170e-02,3.406415e-05
