# rmse alpha/u,rmse phic/h,rmse h/r,spread alpha/u,spread phic/h,spread h/r
5.966530e-02,6.165982e-03,3.515446e-03,1.368199e-01,9.493725e-02,6.300472e-02
5.775324e-03,4.163840e-02,3.875977e-05,4.785213e-03,3.842240e-02,4.017509e-05
