# rmse alpha/u,rmse phic/h,rmse h/r,spread alpha/u,spread phic/h,spread h/r
5.966530e-02,6.165982e-03,3.515446e-03,1.368199e-01,9.493725e-02,6.300472e-02
3.794416e-03,2.864288e-02,4.837349e-05,3.988234e-03,3.139709e-02,4.308649e-05
