# rmse alpha/u,rmse phic/h,rmse h/r,spread alpha/u,spread phic/h,spread h/r
5.966530e-02,6.165982e-03,3.515446e-03,1.368199e-01,9.493725e-02,6.300472e-02
5.403983e-03,3.868689e-02,4.573828e-05,3.604757e-03,2.853074e-02,3.795102e-05
