# rmse alpha/u,rmse phic/h,rmse h/r,spread alpha/u,spread phic/h,spread h/r
9.358582e-02,5.077155e-04,2.054271e-02,1.458755e-01,9.235857e-02,8.996408e-02
4.704424e-03,2.670679e-02,4.717953e-05,3.335308e-03,2.407984e-02,3.985862e-05
