# rmse alpha/u,rmse phic/h,rmse h/r,spread alpha/u,spread phic/h,spread h/r
9.358582e-02,5.077155e-04,2.054271e-02,1.458755e-01,9.235857e-02,8.996408e-02
4.878858e-03,3.119884e-02,5.944518e-05,3.568597e-03,2.656262e-02,4.252020e-05
