# rmse alpha/u,rmse phic/h,rmse h/r,spread alpha/u,spread phic/h,spread h/r
9.358582e-02,5.077155e-04,2.054271e-02,1.458755e-01,9.235857e-02,8.996408e-02
4.491308e-03,2.978512e-02,6.375491e-05,3.503355e-03,2.634244e-02,4.280706e-05
