# rmse alpha/u,rmse phic/h,rmse h/r,spread alpha/u,spread phic/h,spread h/r
9.358582e-02,5.077155e-04,2.054271e-02,1.458755e-01,9.235857e-02,8.996408e-02
3.175871e-03,1.787398e-02,5.236234e-05,2.990199e-03,2.055203e-02,3.618862e-05
