# rmse alpha/u,rmse phic/h,rmse h/r,spread alpha/u,spread phic/h,spread h/r
1.513983e-01,4.166788e-03,1.003833e-02,1.481231e-01,7.563997e-02,8.501874e-02
4.275632e-03,3.135390e-02,3.727632e-05,3.309627e-03,2.521731e-02,3.019457e-05
