# rmse alpha/u,rmse phic/h,rmse h/r,spread alpha/u,spread phic/h,spread h/r
1.513983e-01,4.166788e-03,1.003833e-02,1.481231e-01,7.563997e-02,8.501874e-02
4.243316e-03,2.587303e-02,4.232156e-05,3.059795e-03,2.065544e-02,3.153155e-05
