# rmse alpha/u,rmse phic/h,rmse h/r,spread alpha/u,spread phic/h,spread h/r
1.513983e-01,4.166788e-03,1.003833e-02,1.481231e-01,7.563997e-02,8.501874e-02
4.531666e-03,2.996709e-02,3.812106e-05,2.853466e-03,1.984269e-02,2.869807e-05
