# rmse alpha/u,rmse phic/h,rmse h/r,spread alpha/u,spread phic/h,spread h/r
8.606989e-02,1.940353e-01,1.283722e-01,2.011122e-01,2.284813e-01,1.938860e-01
6.178423e-03,3.511612e-02,4.503265e-05,3.293255e-03,2.280697e-02,2.602780e-05
