# rmse alpha/u,rmse phic/h,rmse h/r,spread alpha/u,spread phic/h,spread h/r
8.606989e-02,1.940353e-01,1.283722e-01,2.011122e-01,2.284813e-01,1.938860e-01
5.980086e-03,3.807688e-02,5.509810e-05,2.988861e-03,2.037604e-02,2.528073e-05
