# rmse alpha/u,rmse phic/h,rmse h/r,spread alpha/u,spread phic/h,spread h/r
8.606989e-02,1.940353e-01,1.283722e-01,2.011122e-01,2.284813e-01,1.938860e-01
5.473654e-03,3.696529e-02,4.944938e-05,2.299416e-03,1.661367e-02,2.639296e-05
