# rmse alpha/u,rmse phic/h,rmse h/r,spread alpha/u,spread phic/h,spread h/r
8.606989e-02,1.940353e-01,1.283722e-01,2.011122e-01,2.284813e-01,1.938860e-01
3.542006e-03,2.718686e-02,3.013370e-05,2.129542e-03,1.509238e-02,1.920749e-05
