# rmse alpha/u,rmse phic/h,rmse h/r,spread alpha/u,spread phic/h,spread h/r
6.270579e-03,3.110037e-02,5.662850e-02,1.265215e-01,8.995704e-02,7.715745e-02
3.788559e-03,2.880325e-02,5.103605e-05,2.231432e-03,1.649584e-02,5.400139e-05
