# rmse alpha/u,rmse phic/h,rmse h/r,spread alpha/u,spread phic/h,spread h/r
6.270579e-03,3.110037e-02,5.662850e-02,1.265215e-01,8.995704e-02,7.715745e-02
3.863882e-03,3.231433e-02,6.279591e-05,2.079524e-03,1.586849e-02,5.349777e-05
