# rmse alpha/u,rmse phic/h,rmse h/r,spread alpha/u,spread phic/h,spread h/r
6.270579e-03,3.110037e-02,5.662850e-02,1.265215e-01,8.995704e-02,7.715745e-02
2.936825e-03,1.494881e-02,3.197740e-05,1.587349e-03,1.120798e-02,4.628876e-05
