# rmse alpha/u,rmse phic/h,rmse h/r,spread alpha/u,spread phic/h,spread h/r
1.725659e-01,2.384700e-01,5.624536e-01,1.273473e-01,2.300883e-01,2.154004e-01
3.668804e-03,2.643539e-02,3.645902e-05,2.509728e-03,1.812123e-02,4.080572e-05
