# rmse alpha/u,rmse phic/h,rmse h/r,spread alpha/u,spread phic/h,spread h/r
1.725659e-01,2.384700e-01,5.624536e-01,1.273473e-01,2.300883e-01,2.154004e-01
1.839003e-03,1.088828e-02,2.629555e-05,1.351859e-03,9.219973e-03,3.467979e-05
