# rmse alpha/u,rmse phic/h,rmse h/r,spread alpha/u,spread phic/h,spread h/r
1.725659e-01,2.384700e-01,5.624536e-01,1.273473e-01,2.300883e-01,2.154004e-01
3.810734e-03,2.534714e-02,4.549243e-05,2.275754e-03,1.689655e-02,4.370069e-05
