# rmse alpha/u,rmse phic/h,rmse h/r,spread alpha/u,spread phic/h,spread h/r
1.725659e-01,2.384700e-01,5.624536e-01,1.273473e-01,2.300883e-01,2.154004e-01
2.082069e-03,9.229762e-03,3.293048e-05,1.060564e-03,7.707540e-03,3.668834e-05
