# rmse alpha/u,rmse phic/h,rmse h/r,spread alpha/u,spread phic/h,spread h/r
1.395871e-01,2.103726e-01,9.754586e-02,1.267427e-01,8.951309e-02,8.905687e-02
1.529037e-03,9.539463e-03,3.974322e-05,9.287700e-04,7.022451e-03,3.800691e-05
