# rmse alpha/u,rmse phic/h,rmse h/r,spread alpha/u,spread phic/h,spread h/r
1.395871e-01,2.103726e-01,9.754586e-02,1.267427e-01,8.951309e-02,8.905687e-02
1.319293e-03,9.738871e-03,3.962960e-05,8.227726e-04,6.544123e-03,3.727136e-05
