# rmse alpha/u,rmse phic/h,rmse h/r,spread alpha/u,spread phic/h,spread h/r
1.395871e-01,2.103726e-01,9.754586e-02,1.267427e-01,8.951309e-02,8.905687e-02
8.645904e-04,6.484314e-03,3.415898e-05,7.941156e-04,6.212928e-03,3.643456e-05
