# rmse alpha/u,rmse phic/h,rmse h/r,spread alpha/u,spread phic/h,spread h/r
1.395871e-01,2.103726e-01,9.754586e-02,1.267427e-01,8.951309e-02,8.905687e-02
8.273420e-04,6.689794e-03,3.320152e-05,7.816513e-04,6.177170e-03,3.694577e-05
