# rmse alpha/u,rmse phic/h,rmse h/r,spread alpha/u,spread phic/h,spread h/r
1.931024e-01,1.643959e-01,7.237676e-02,1.273751e-01,1.006366e-01,7.221572e-02
2.317773e-03,1.772413e-02,3.239397e-05,1.241760e-03,9.221038e-03,4.258418e-05
