# rmse alpha/u,rmse phic/h,rmse h/r,spread alpha/u,spread phic/h,spread h/r
1.931024e-01,1.643959e-01,7.237676e-02,1.273751e-01,1.006366e-01,7.221572e-02
2.228242e-03,1.329249e-02,2.980836e-05,1.676589e-03,1.187542e-02,4.529278e-05
