# rmse alpha/u,rmse phic/h,rmse h/r,spread alpha/u,spread phic/h,spread h/r
1.931024e-01,1.643959e-01,7.237676e-02,1.273751e-01,1.006366e-01,7.221572e-02
1.695680e-03,1.186917e-02,4.095372e-05,1.037604e-03,7.719826e-03,4.514088e-05
