# rmse alpha/u,rmse phic/h,rmse h/r,spread alpha/u,spread phic/h,spread h/r
1.931024e-01,1.643959e-01,7.237676e-02,1.273751e-01,1.006366e-01,7.221572e-02
1.695305e-03,1.166059e-02,4.071992e-05,1.469485e-03,1.094633e-02,4.776402e-05
