# rmse alpha/u,rmse phic/h,rmse h/r,spread alpha/u,spread phic/h,spread h/r
1.931024e-01,1.643959e-01,7.237676e-02,1.273751e-01,1.006366e-01,7.221572e-02
1.314252e-03,9.693837e-03,4.020954e-05,1.196326e-03,8.714342e-03,4.301968e-05
