# rmse alpha/u,rmse phic/h,rmse h/r,spread alpha/u,spread phic/h,spread h/r
1.931024e-01,1.643959e-01,7.237676e-02,1.273751e-01,1.006366e-01,7.221572e-02
1.616510e-03,1.131357e-02,2.764008e-05,1.255866e-03,9.048376e-03,4.229771e-05
