# rmse alpha/u,rmse phic/h,rmse h/r,spread alpha/u,spread phic/h,spread h/r
1.931024e-01,1.643959e-01,7.237676e-02,1.273751e-01,1.006366e-01,7.221572e-02
1.752616e-03,1.099704e-02,3.011115e-05,1.197430e-03,9.060134e-03,4.313926e-05
