# rmse alpha/u,rmse phic/h,rmse h/r,spread alpha/u,spread phic/h,spread h/r
1.931024e-01,1.643959e-01,7.237676e-02,1.273751e-01,1.006366e-01,7.221572e-02
2.392548e-03,1.804841e-02,5.151761e-05,1.276790e-03,9.537656e-03,4.638715e-05
