# rmse alpha/u,rmse phic/h,rmse h/r,spread alpha/u,spread phic/h,spread h/r
1.104642e-01,1.391891e-01,1.072062e-03,2.007666e-01,2.380345e-01,2.181955e-01
3.301206e-03,1.723301e-02,4.585991e-05,3.520656e-03,2.602202e-02,4.629889e-05
