# rmse alpha/u,rmse phic/h,rmse h/r,spread alpha/u,spread phic/h,spread h/r
1.104642e-01,1.391891e-01,1.072062e-03,2.007666e-01,2.380345e-01,2.181955e-01
4.496225e-03,2.886304e-02,4.657619e-05,3.884164e-03,2.853334e-02,4.217192e-05
