# rmse alpha/u,rmse phic/h,rmse h/r,spread alpha/u,spread phic/h,spread h/r
1.104642e-01,1.391891e-01,1.072062e-03,2.007666e-01,2.380345e-01,2.181955e-01
3.294973e-03,1.744729e-02,4.049170e-05,3.107353e-03,2.251727e-02,3.933596e-05
