# rmse alpha/u,rmse phic/h,rmse h/r,spread alpha/u,spread phic/h,spread h/r
1.468787e-01,4.138626e-01,5.282756e-01,2.064906e-01,1.899857e-01,1.562718e-01
3.809103e-03,1.952200e-02,2.408157e-05,3.024351e-03,2.165306e-02,1.988077e-05
