# rmse alpha/u,rmse phic/h,rmse h/r,spread alpha/u,spread phic/h,spread h/r
1.468787e-01,4.138626e-01,5.282756e-01,2.064906e-01,1.899857e-01,1.562718e-01
4.441838e-03,2.457965e-02,3.967148e-05,3.470295e-03,2.608991e-02,3.256822e-05
