# rmse alpha/u,rmse phic/h,rmse h/r,spread alpha/u,spread phic/h,spread h/r
1.468787e-01,4.138626e-01,5.282756e-01,2.064906e-01,1.899857e-01,1.562718e-01
4.036041e-03,2.045178e-02,4.650743e-05,2.384354e-03,1.761916e-02,3.066242e-05
