# rmse alpha/u,rmse phic/h,rmse h/r,spread alpha/u,spread phic/h,spread h/r
1.468787e-01,4.138626e-01,5.282756e-01,2.064906e-01,1.899857e-01,1.562718e-01
2.794925e-03,1.746518e-02,3.472381e-05,2.222000e-03,1.498210e-02,3.024186e-05
