# rmse alpha/u,rmse phic/h,rmse h/r,spread alpha/u,spread phic/h,spread h/r
1.468787e-01,4.138626e-01,5.282756e-01,2.064906e-01,1.899857e-01,1.562718e-01
3.696219e-03,2.190662e-02,4.010282e-05,2.381651e-03,1.592712e-02,3.042906e-05
