# rmse alpha/u,rmse phic/h,rmse h/r,spread alpha/u,spread phic/h,spread h/r
1.217129e-01,1.198517e-01,7.127344e-02,1.110097e-01,1.021278e-01,6.968193e-02
2.864878e-03,1.812795e-02,4.365706e-05,2.122000e-03,1.474334e-02,4.580175e-05
