# rmse alpha/u,rmse phic/h,rmse h/r,spread alpha/u,spread phic/h,spread h/r
1.217129e-01,1.198517e-01,7.127344e-02,1.110097e-01,1.021278e-01,6.968193e-02
3.515345e-03,2.184775e-02,3.749162e-05,1.965368e-03,1.470356e-02,4.553681e-05
