# rmse alpha/u,rmse phic/h,rmse h/r,spread alpha/u,spread phic/h,spread h/r
1.217129e-01,1.198517e-01,7.127344e-02,1.110097e-01,1.021278e-01,6.968193e-02
3.985893e-03,2.298739e-02,4.003113e-05,2.147975e-03,1.545027e-02,4.747250e-05
