# rmse alpha/u,rmse phic/h,rmse h/r,spread alpha/u,spread phic/h,spread h/r
1.217129e-01,1.198517e-01,7.127344e-02,1.110097e-01,1.021278e-01,6.968193e-02
3.760002e-03,2.290425e-02,2.987701e-05,2.239343e-03,1.675135e-02,4.669695e-05
