# rmse alpha/u,rmse phic/h,rmse h/r,spread alpha/u,spread phic/h,spread h/r
1.258724e-01,5.120448e-04,3.095410e-01,2.108986e-01,2.184920e-01,1.878878e-01
3.581131e-03,2.021600e-02,2.660842e-05,3.320421e-03,2.429368e-02,2.359848e-05
