# rmse alpha/u,rmse phic/h,rmse h/r,spread alpha/u,spread phic/h,spread h/r
2.180856e-01,1.033632e-01,1.028280e-01,1.128734e-01,8.022400e-02,7.660132e-02
8.961803e-04,6.748998e-03,3.545008e-05,1.055273e-03,7.627313e-03,4.552670e-05
