# rmse alpha/u,rmse phic/h,rmse h/r,spread alpha/u,spread phic/h,spread h/r
2.180856e-01,1.033632e-01,1.028280e-01,1.128734e-01,8.022400e-02,7.660132e-02
1.915857e-03,1.374113e-02,4.441302e-05,1.238725e-03,8.692683e-03,4.606931e-05
