# rmse alpha/u,rmse phic/h,rmse h/r,spread alpha/u,spread phic/h,spread h/r
2.180856e-01,1.033632e-01,1.028280e-01,1.128734e-01,8.022400e-02,7.660132e-02
2.953451e-03,1.483695e-02,4.499028e-05,1.338961e-03,9.630976e-03,4.688182e-05
