# rmse alpha/u,rmse phic/h,rmse h/r,spread alpha/u,spread phic/h,spread h/r
2.180856e-01,1.033632e-01,1.028280e-01,1.128734e-01,8.022400e-02,7.660132e-02
2.501427e-03,1.460002e-02,4.224013e-05,1.413517e-03,9.737120e-03,4.949303e-05
