# rmse alpha/u,rmse phic/h,rmse h/r,spread alpha/u,spread phic/h,spread h/r
2.180856e-01,1.033632e-01,1.028280e-01,1.128734e-01,8.022400e-02,7.660132e-02
9.795123e-04,8.105487e-03,3.322587e-05,1.128221e-03,8.229970e-03,4.621418e-05
