# rmse alpha/u,rmse phic/h,rmse h/r,spread alpha/u,spread phic/h,spread h/r
2.137103e-01,2.325497e-01,4.669034e-01,1.408747e-01,2.267476e-01,1.997121e-01
3.059708e-03,2.050680e-02,4.147495e-05,2.059777e-03,1.432982e-02,4.113719e-05
