# rmse alpha/u,rmse phic/h,rmse h/r,spread alpha/u,spread phic/h,spread h/r
2.137103e-01,2.325497e-01,4.669034e-01,1.408747e-01,2.267476e-01,1.997121e-01
4.638245e-03,2.835569e-02,4.735607e-05,2.082898e-03,1.506036e-02,4.280500e-05
