# rmse alpha/u,rmse phic/h,rmse h/r,spread alpha/u,spread phic/h,spread h/r
2.137103e-01,2.325497e-01,4.669034e-01,1.408747e-01,2.267476e-01,1.997121e-01
1.330809e-03,1.045199e-02,2.780074e-05,1.695609e-03,1.193473e-02,3.894983e-05
