# rmse alpha/u,rmse phic/h,rmse h/r,spread alpha/u,spread phic/h,spread h/r
2.137103e-01,2.325497e-01,4.669034e-01,1.408747e-01,2.267476e-01,1.997121e-01
3.630467e-03,2.126283e-02,3.875800e-05,1.688789e-03,1.187479e-02,4.195266e-05
