# rmse alpha/u,rmse phic/h,rmse h/r,spread alpha/u,spread phic/h,spread h/r
2.137103e-01,2.325497e-01,4.669034e-01,1.408747e-01,2.267476e-01,1.997121e-01
2.381527e-03,1.878565e-02,2.025122e-05,1.594077e-03,1.094139e-02,3.521357e-05
