# rmse alpha/u,rmse phic/h,rmse h/r,spread alpha/u,spread phic/h,spread h/r
2.137103e-01,2.325497e-01,4.669034e-01,1.408747e-01,2.267476e-01,1.997121e-01
1.651151e-03,1.562835e-02,3.690148e-05,1.548955e-03,1.055426e-02,3.484240e-05
