# rmse alpha/u,rmse phic/h,rmse h/r,spread alpha/u,spread phic/h,spread h/r
2.137103e-01,2.325497e-01,4.669034e-01,1.408747e-01,2.267476e-01,1.997121e-01
3.004508e-03,2.450305e-02,4.363856e-05,1.582282e-03,1.194275e-02,4.106764e-05
