# rmse alpha/u,rmse phic/h,rmse h/r,spread alpha/u,spread phic/h,spread h/r
7.731252e-02,1.310029e-03,1.673705e-01,2.011122e-01,2.284813e-01,1.938860e-01
1.288274e-03,1.066712e-02,7.270361e-05,7.702572e-04,5.898702e-03,2.323934e-05
