# rmse alpha/u,rmse phic/h,rmse h/r,spread alpha/u,spread phic/h,spread h/r
7.731252e-02,1.310029e-03,1.673705e-01,2.011122e-01,2.284813e-01,1.938860e-01
8.969870e-04,7.767648e-03,9.508172e-05,7.629269e-04,5.874323e-03,2.283353e-05
