# rmse alpha/u,rmse phic/h,rmse h/r,spread alpha/u,spread phic/h,spread h/r
1.682075e-01,5.624312e-01,3.978775e-01,1.641627e-01,2.176017e-01,1.764511e-01
2.290223e-03,1.460154e-02,2.271847e-05,1.922934e-03,1.372310e-02,1.761743e-05
