# rmse alpha/u,rmse phic/h,rmse h/r,spread alpha/u,spread phic/h,spread h/r
1.682075e-01,5.624312e-01,3.978775e-01,1.641627e-01,2.176017e-01,1.764511e-01
3.560833e-03,2.083156e-02,3.438059e-05,2.295810e-03,1.597992e-02,1.913756e-05
