# rmse alpha/u,rmse phic/h,rmse h/r,spread alpha/u,spread phic/h,spread h/r
1.682075e-01,5.624312e-01,3.978775e-01,1.641627e-01,2.176017e-01,1.764511e-01
7.044102e-03,3.808841e-02,3.720859e-05,2.321044e-03,1.598418e-02,1.986299e-05
