# rmse alpha/u,rmse phic/h,rmse h/r,spread alpha/u,spread phic/h,spread h/r
1.682075e-01,5.624312e-01,3.978775e-01,1.641627e-01,2.176017e-01,1.764511e-01
4.184415e-03,2.922985e-02,3.135611e-05,2.073004e-03,1.470372e-02,2.115940e-05
