# rmse alpha/u,rmse phic/h,rmse h/r,spread alpha/u,spread phic/h,spread h/r
1.682075e-01,5.624312e-01,3.978775e-01,1.641627e-01,2.176017e-01,1.764511e-01
4.101605e-03,2.197038e-02,2.986766e-05,2.094749e-03,1.368116e-02,1.912335e-05
