# rmse alpha/u,rmse phic/h,rmse h/r,spread alpha/u,spread phic/h,spread h/r
1.682075e-01,5.624312e-01,3.978775e-01,1.641627e-01,2.176017e-01,1.764511e-01
4.079306e-03,2.093709e-02,3.970757e-05,1.796519e-03,1.154466e-02,1.514363e-05
