# rmse alpha/u,rmse phic/h,rmse h/r,spread alpha/u,spread phic/h,spread h/r
1.682075e-01,5.624312e-01,3.978775e-01,1.641627e-01,2.176017e-01,1.764511e-01
4.802994e-03,2.238506e-02,3.465913e-05,2.394452e-03,1.584002e-02,1.758243e-05
