# rmse alpha/u,rmse phic/h,rmse h/r,spread alpha/u,spread phic/h,spread h/r
1.682075e-01,5.624312e-01,3.978775e-01,1.641627e-01,2.176017e-01,1.764511e-01
3.226352e-03,1.995435e-02,2.475089e-05,2.346390e-03,1.657954e-02,1.947070e-05
