# rmse alpha/u,rmse phic/h,rmse h/r,spread alpha/u,spread phic/h,spread h/r
2.586193e-02,2.403778e-03,2.752471e-05,2.007018e-01,2.348895e-01,2.071683e-01
3.558215e-03,2.621246e-02,4.105273e-05,2.882419e-03,2.167751e-02,4.524009e-05
