# rmse alpha/u,rmse phic/h,rmse h/r,spread alpha/u,spread phic/h,spread h/r
2.586193e-02,2.403778e-03,2.752471e-05,2.007018e-01,2.348895e-01,2.071683e-01
3.559947e-03,2.016304e-02,4.697237e-05,1.976668e-03,1.383276e-02,3.956956e-05
