# rmse alpha/u,rmse phic/h,rmse h/r,spread alpha/u,spread phic/h,spread h/r
2.586193e-02,2.403778e-03,2.752471e-05,2.007018e-01,2.348895e-01,2.071683e-01
2.780685e-03,1.487437e-02,3.047335e-05,1.934060e-03,1.290841e-02,3.063084e-05
