# rmse alpha/u,rmse phic/h,rmse h/r,spread alpha/u,spread phic/h,spread h/r
1.459557e-01,1.617474e-01,2.343009e-01,2.007018e-01,2.348895e-01,2.071683e-01
4.152960e-03,3.143013e-02,2.891243e-05,2.525743e-03,1.859063e-02,4.110424e-05
