# rmse alpha/u,rmse phic/h,rmse h/r,spread alpha/u,spread phic/h,spread h/r
1.459557e-01,1.617474e-01,2.343009e-01,2.007018e-01,2.348895e-01,2.071683e-01
5.215311e-03,3.391731e-02,3.296674e-05,2.591943e-03,2.013391e-02,4.212133e-05
