# rmse alpha/u,rmse phic/h,rmse h/r,spread alpha/u,spread phic/h,spread h/r
1.459557e-01,1.617474e-01,2.343009e-01,2.007018e-01,2.348895e-01,2.071683e-01
4.142983e-03,2.744107e-02,3.276981e-05,2.611403e-03,2.152732e-02,4.269443e-05
