# rmse alpha/u,rmse phic/h,rmse h/r,spread alpha/u,spread phic/h,spread h/r
1.459557e-01,1.617474e-01,2.343009e-01,2.007018e-01,2.348895e-01,2.071683e-01
4.207119e-03,2.740818e-02,3.093297e-05,3.227639e-03,2.385533e-02,3.791981e-05
