# rmse alpha/u,rmse phic/h,rmse h/r,spread alpha/u,spread phic/h,spread h/r
1.459557e-01,1.617474e-01,2.343009e-01,2.007018e-01,2.348895e-01,2.071683e-01
4.137549e-03,3.309589e-02,3.590707e-05,3.167032e-03,2.712455e-02,4.427885e-05
