# rmse alpha/u,rmse phic/h,rmse h/r,spread alpha/u,spread phic/h,spread h/r
1.459557e-01,1.617474e-01,2.343009e-01,2.007018e-01,2.348895e-01,2.071683e-01
3.498677e-03,2.015513e-02,3.037128e-05,2.828110e-03,2.114573e-02,4.125565e-05
