# rmse alpha/u,rmse phic/h,rmse h/r,spread alpha/u,spread phic/h,spread h/r
1.459557e-01,1.617474e-01,2.343009e-01,2.007018e-01,2.348895e-01,2.071683e-01
2.900364e-03,2.288100e-02,2.860822e-05,3.031278e-03,2.252292e-02,4.057698e-05
