# rmse alpha/u,rmse phic/h,rmse h/r,spread alpha/u,spread phic/h,spread h/r
1.132568e-01,1.527572e-01,9.245911e-02,2.178019e-01,1.997102e-01,1.533221e-01
8.647817e-04,7.002404e-03,2.254250e-05,8.542431e-04,6.773410e-03,3.655708e-05
