# rmse alpha/u,rmse phic/h,rmse h/r,spread alpha/u,spread phic/h,spread h/r
1.132568e-01,1.527572e-01,9.245911e-02,2.178019e-01,1.997102e-01,1.533221e-01
1.781887e-03,1.192297e-02,2.483848e-05,9.040257e-04,6.837537e-03,3.530961e-05
