# rmse alpha/u,rmse phic/h,rmse h/r,spread alpha/u,spread phic/h,spread h/r
1.132568e-01,1.527572e-01,9.245911e-02,2.178019e-01,1.997102e-01,1.533221e-01
1.587564e-03,8.020830e-03,2.956769e-05,9.333556e-04,7.205056e-03,3.628031e-05
