# rmse alpha/u,rmse phic/h,rmse h/r,spread alpha/u,spread phic/h,spread h/r
1.132568e-01,1.527572e-01,9.245911e-02,2.178019e-01,1.997102e-01,1.533221e-01
3.617578e-03,1.425395e-02,3.392772e-05,1.309463e-03,9.517794e-03,3.824343e-05
