# rmse alpha/u,rmse phic/h,rmse h/r,spread alpha/u,spread phic/h,spread h/r
1.132568e-01,1.527572e-01,9.245911e-02,2.178019e-01,1.997102e-01,1.533221e-01
1.597096e-03,1.080510e-02,2.551294e-05,1.040263e-03,7.798247e-03,3.772342e-05
