# rmse alpha/u,rmse phic/h,rmse h/r,spread alpha/u,spread phic/h,spread h/r
1.132568e-01,1.527572e-01,9.245911e-02,2.178019e-01,1.997102e-01,1.533221e-01
1.924127e-03,9.117636e-03,2.638620e-05,9.013042e-04,6.772425e-03,3.637619e-05
