# rmse alpha/u,rmse phic/h,rmse h/r,spread alpha/u,spread phic/h,spread h/r
1.132568e-01,1.527572e-01,9.245911e-02,2.178019e-01,1.997102e-01,1.533221e-01
1.598403e-03,9.387293e-03,2.846371e-05,9.299577e-04,7.080151e-03,3.912985e-05
