# rmse alpha/u,rmse phic/h,rmse h/r,spread alpha/u,spread phic/h,spread h/r
1.132568e-01,1.527572e-01,9.245911e-02,2.178019e-01,1.997102e-01,1.533221e-01
2.173353e-03,1.193056e-02,2.351254e-05,1.107036e-03,8.041705e-03,3.842389e-05
