# rmse alpha/u,rmse phic/h,rmse h/r,spread alpha/u,spread phic/h,spread h/r
1.340375e-01,1.701529e-02,2.521197e-03,2.029553e-01,2.401346e-01,2.180772e-01
5.830664e-03,3.402909e-02,1.237916e-04,4.132768e-03,3.066206e-02,7.695899e-05
