# rmse alpha/u,rmse phic/h,rmse h/r,spread alpha/u,spread phic/h,spread h/r
1.340375e-01,1.701529e-02,2.521197e-03,2.029553e-01,2.401346e-01,2.180772e-01
4.128273e-03,2.631493e-02,1.330302e-04,2.683344e-03,1.920755e-02,6.715803e-05
