# rmse alpha/u,rmse phic/h,rmse h/r,spread alpha/u,spread phic/h,spread h/r
1.340375e-01,1.701529e-02,2.521197e-03,2.029553e-01,2.401346e-01,2.180772e-01
4.906431e-03,2.541693e-02,1.079338e-04,3.398531e-03,2.291251e-02,6.580254e-05
