# rmse alpha/u,rmse phic/h,rmse h/r,spread alpha/u,spread phic/h,spread h/r
1.340375e-01,1.701529e-02,2.521197e-03,2.029553e-01,2.401346e-01,2.180772e-01
3.382308e-03,2.457053e-02,9.105917e-05,2.698460e-03,1.913410e-02,5.883421e-05
