# rmse alpha/u,rmse phic/h,rmse h/r,spread alpha/u,spread phic/h,spread h/r
1.340375e-01,1.701529e-02,2.521197e-03,2.029553e-01,2.401346e-01,2.180772e-01
4.683189e-03,3.770301e-02,1.164408e-04,3.653783e-03,2.646525e-02,7.146676e-05
