# rmse alpha/u,rmse phic/h,rmse h/r,spread alpha/u,spread phic/h,spread h/r
7.278316e-04,3.103124e-02,6.256989e-03,1.474945e-01,2.499612e-01,1.954217e-01
1.453607e-03,1.249343e-02,3.352607e-05,1.175835e-03,8.361087e-03,4.262888e-05
