# rmse alpha/u,rmse phic/h,rmse h/r,spread alpha/u,spread phic/h,spread h/r
7.278316e-04,3.103124e-02,6.256989e-03,1.474945e-01,2.499612e-01,1.954217e-01
8.597095e-04,7.712181e-03,2.344696e-05,8.315463e-04,6.616143e-03,4.141774e-05
