# rmse alpha/u,rmse phic/h,rmse h/r,spread alpha/u,spread phic/h,spread h/r
7.278316e-04,3.103124e-02,6.256989e-03,1.474945e-01,2.499612e-01,1.954217e-01
1.199008e-03,9.497595e-03,2.003294e-05,1.065268e-03,7.864272e-03,4.199083e-05
