# rmse alpha/u,rmse phic/h,rmse h/r,spread alpha/u,spread phic/h,spread h/r
7.278316e-04,3.103124e-02,6.256989e-03,1.474945e-01,2.499612e-01,1.954217e-01
9.763834e-04,8.283796e-03,2.656135e-05,8.776551e-04,6.826003e-03,4.402514e-05
