# rmse alpha/u,rmse phic/h,rmse h/r,spread alpha/u,spread phic/h,spread h/r
7.278316e-04,3.103124e-02,6.256989e-03,1.474945e-01,2.499612e-01,1.954217e-01
1.076084e-03,7.983219e-03,3.023516e-05,9.824555e-04,7.370477e-03,4.378945e-05
