# rmse alpha/u,rmse phic/h,rmse h/r,spread alpha/u,spread phic/h,spread h/r
7.278316e-04,3.103124e-02,6.256989e-03,1.474945e-01,2.499612e-01,1.954217e-01
1.087783e-03,7.842509e-03,2.586154e-05,1.066515e-03,7.963668e-03,4.276486e-05
