# rmse alpha/u,rmse phic/h,rmse h/r,spread alpha/u,spread phic/h,spread h/r
7.278316e-04,3.103124e-02,6.256989e-03,1.474945e-01,2.499612e-01,1.954217e-01
2.080962e-03,1.066521e-02,3.103307e-05,1.049399e-03,7.833993e-03,4.363123e-05
