# rmse alpha/u,rmse phic/h,rmse h/r,spread alpha/u,spread phic/h,spread h/r
7.278316e-04,3.103124e-02,6.256989e-03,1.474945e-01,2.499612e-01,1.954217e-01
2.307469e-03,1.056751e-02,3.073087e-05,1.211249e-03,8.484841e-03,4.348870e-05
