# rmse alpha/u,rmse phic/h,rmse h/r,spread alpha/u,spread phic/h,spread h/r
7.278316e-04,3.103124e-02,6.256989e-03,1.474945e-01,2.499612e-01,1.954217e-01
1.869083e-03,1.148961e-02,2.979774e-05,1.166530e-03,8.485394e-03,4.410807e-05
