# rmse alpha/u,rmse phic/h,rmse h/r,spread alpha/u,spread phic/h,spread h/r
2.369578e-04,3.669483e-02,1.123887e-02,1.503982e-01,2.424482e-01,2.046732e-01
9.872100e-04,7.461819e-03,4.181622e-05,9.562816e-04,7.392158e-03,3.977491e-05
