# rmse alpha/u,rmse phic/h,rmse h/r,spread alpha/u,spread phic/h,spread h/r
2.369578e-04,3.669483e-02,1.123887e-02,1.503982e-01,2.424482e-01,2.046732e-01
1.291618e-03,8.798309e-03,3.011162e-05,8.421173e-04,6.308031e-03,3.788891e-05
