# rmse alpha/u,rmse phic/h,rmse h/r,spread alpha/u,spread phic/h,spread h/r
2.369578e-04,3.669483e-02,1.123887e-02,1.503982e-01,2.424482e-01,2.046732e-01
8.785131e-04,8.988292e-03,2.427151e-05,7.819766e-04,6.149782e-03,3.678632e-05
