# rmse alpha/u,rmse phic/h,rmse h/r,spread alpha/u,spread phic/h,spread h/r
2.369578e-04,3.669483e-02,1.123887e-02,1.503982e-01,2.424482e-01,2.046732e-01
8.420711e-04,6.525156e-03,2.740612e-05,7.612122e-04,6.058508e-03,3.768510e-05
