# rmse alpha/u,rmse phic/h,rmse h/r,spread alpha/u,spread phic/h,spread h/r
7.155202e-02,2.696495e-04,9.397303e-03,1.979496e-01,2.256445e-01,1.916185e-01
3.132763e-03,2.064916e-02,4.109982e-05,2.765913e-03,2.052717e-02,5.263875e-05
