# rmse alpha/u,rmse phic/h,rmse h/r,spread alpha/u,spread phic/h,spread h/r
7.155202e-02,2.696495e-04,9.397303e-03,1.979496e-01,2.256445e-01,1.916185e-01
2.988488e-03,1.932481e-02,4.893205e-05,2.404944e-03,1.757773e-02,5.177319e-05
