# rmse alpha/u,rmse phic/h,rmse h/r,spread alpha/u,spread phic/h,spread h/r
7.155202e-02,2.696495e-04,9.397303e-03,1.979496e-01,2.256445e-01,1.916185e-01
3.163147e-03,1.607642e-02,3.402322e-05,2.390818e-03,1.673593e-02,4.518674e-05
