# rmse alpha/u,rmse phic/h,rmse h/r,spread alpha/u,spread phic/h,spread h/r
7.155202e-02,2.696495e-04,9.397303e-03,1.979496e-01,2.256445e-01,1.916185e-01
2.908230e-03,1.820678e-02,5.851644e-05,2.892595e-03,2.172182e-02,6.137159e-05
