# rmse alpha/u,rmse phic/h,rmse h/r,spread alpha/u,spread phic/h,spread h/r
2.283526e-01,3.504365e-01,3.856646e-01,1.365009e-01,2.056984e-01,1.580122e-01
2.268269e-03,1.017378e-02,2.228038e-05,1.419626e-03,9.548050e-03,3.267242e-05
