# rmse alpha/u,rmse phic/h,rmse h/r,spread alpha/u,spread phic/h,spread h/r
2.283526e-01,3.504365e-01,3.856646e-01,1.365009e-01,2.056984e-01,1.580122e-01
2.642165e-03,2.509291e-02,5.362423e-05,1.108705e-03,8.637555e-03,3.528069e-05
