# rmse alpha/u,rmse phic/h,rmse h/r,spread alpha/u,spread phic/h,spread h/r
2.283526e-01,3.504365e-01,3.856646e-01,1.365009e-01,2.056984e-01,1.580122e-01
2.098451e-03,1.019433e-02,3.060233e-05,1.277843e-03,8.916485e-03,3.146179e-05
