# rmse alpha/u,rmse phic/h,rmse h/r,spread alpha/u,spread phic/h,spread h/r
2.283526e-01,3.504365e-01,3.856646e-01,1.365009e-01,2.056984e-01,1.580122e-01
2.471381e-03,1.395993e-02,2.221072e-05,1.510005e-03,1.120583e-02,3.466763e-05
