# rmse alpha/u,rmse phic/h,rmse h/r,spread alpha/u,spread phic/h,spread h/r
2.283526e-01,3.504365e-01,3.856646e-01,1.365009e-01,2.056984e-01,1.580122e-01
4.086984e-03,2.266586e-02,3.962342e-05,1.889629e-03,1.389881e-02,4.033218e-05
