# rmse alpha/u,rmse phic/h,rmse h/r,spread alpha/u,spread phic/h,spread h/r
2.283526e-01,3.504365e-01,3.856646e-01,1.365009e-01,2.056984e-01,1.580122e-01
1.971347e-03,1.343993e-02,3.115297e-05,1.255287e-03,9.103166e-03,3.272306e-05
