# rmse alpha/u,rmse phic/h,rmse h/r,spread alpha/u,spread phic/h,spread h/r
2.283526e-01,3.504365e-01,3.856646e-01,1.365009e-01,2.056984e-01,1.580122e-01
3.164177e-03,1.411013e-02,3.895298e-05,1.276792e-03,9.897733e-03,3.453542e-05
