# rmse alpha/u,rmse phic/h,rmse h/r,spread alpha/u,spread phic/h,spread h/r
2.283526e-01,3.504365e-01,3.856646e-01,1.365009e-01,2.056984e-01,1.580122e-01
1.838515e-03,1.188237e-02,2.608597e-05,1.202365e-03,8.474277e-03,3.301322e-05
