# rmse alpha/u,rmse phic/h,rmse h/r,spread alpha/u,spread phic/h,spread h/r
2.283526e-01,3.504365e-01,3.856646e-01,1.365009e-01,2.056984e-01,1.580122e-01
2.620245e-03,1.417700e-02,1.889375e-05,1.150680e-03,8.080222e-03,3.167711e-05
