# rmse alpha/u,rmse phic/h,rmse h/r,spread alpha/u,spread phic/h,spread h/r
2.022683e-01,2.280471e-01,2.232597e-01,1.910254e-01,2.103657e-01,1.707528e-01
2.235392e-03,2.148460e-02,5.403431e-05,1.280494e-03,9.778342e-03,5.110572e-05
