# rmse alpha/u,rmse phic/h,rmse h/r,spread alpha/u,spread phic/h,spread h/r
2.022683e-01,2.280471e-01,2.232597e-01,1.910254e-01,2.103657e-01,1.707528e-01
2.819779e-03,1.663997e-02,4.425625e-05,1.110422e-03,7.767307e-03,4.822487e-05
