# rmse alpha/u,rmse phic/h,rmse h/r,spread alpha/u,spread phic/h,spread h/r
2.022683e-01,2.280471e-01,2.232597e-01,1.910254e-01,2.103657e-01,1.707528e-01
1.664714e-03,1.078872e-02,3.678299e-05,1.115478e-03,7.887503e-03,4.748556e-05
