# rmse alpha/u,rmse phic/h,rmse h/r,spread alpha/u,spread phic/h,spread h/r
2.022683e-01,2.280471e-01,2.232597e-01,1.910254e-01,2.103657e-01,1.707528e-01
2.044961e-03,1.333264e-02,4.042925e-05,1.197485e-03,8.606090e-03,4.648034e-05
