# rmse alpha/u,rmse phic/h,rmse h/r,spread alpha/u,spread phic/h,spread h/r
2.022683e-01,2.280471e-01,2.232597e-01,1.910254e-01,2.103657e-01,1.707528e-01
3.081777e-03,1.615630e-02,4.539175e-05,1.390466e-03,1.003898e-02,4.948198e-05
