# rmse alpha/u,rmse phic/h,rmse h/r,spread alpha/u,spread phic/h,spread h/r
1.047269e-03,4.731953e-02,1.310133e-01,2.007666e-01,2.380345e-01,2.181955e-01
3.836413e-03,2.689851e-02,3.259481e-05,3.530686e-03,2.811759e-02,2.749727e-05
