# rmse alpha/u,rmse phic/h,rmse h/r,spread alpha/u,spread phic/h,spread h/r
1.047269e-03,4.731953e-02,1.310133e-01,2.007666e-01,2.380345e-01,2.181955e-01
5.203440e-03,3.363602e-02,2.729470e-05,3.233527e-03,2.601888e-02,2.319794e-05
