# rmse alpha/u,rmse phic/h,rmse h/r,spread alpha/u,spread phic/h,spread h/r
1.047269e-03,4.731953e-02,1.310133e-01,2.007666e-01,2.380345e-01,2.181955e-01
4.119440e-03,2.185511e-02,2.587106e-05,3.234215e-03,2.433420e-02,1.847969e-05
