# rmse alpha/u,rmse phic/h,rmse h/r,spread alpha/u,spread phic/h,spread h/r
1.047269e-03,4.731953e-02,1.310133e-01,2.007666e-01,2.380345e-01,2.181955e-01
6.093738e-03,3.527242e-02,2.474064e-05,3.636617e-03,2.734553e-02,2.092465e-05
