# rmse alpha/u,rmse phic/h,rmse h/r,spread alpha/u,spread phic/h,spread h/r
6.341600e-02,1.330479e-01,1.827661e-01,2.029553e-01,2.401346e-01,2.180772e-01
4.850024e-03,2.247904e-02,3.284929e-05,3.450586e-03,2.509786e-02,3.762145e-05
