# rmse alpha/u,rmse phic/h,rmse h/r,spread alpha/u,spread phic/h,spread h/r
6.341600e-02,1.330479e-01,1.827661e-01,2.029553e-01,2.401346e-01,2.180772e-01
5.458638e-03,3.086208e-02,4.274400e-05,3.083173e-03,2.206760e-02,4.289274e-05
