# rmse alpha/u,rmse phic/h,rmse h/r,spread alpha/u,spread phic/h,spread h/r
6.341600e-02,1.330479e-01,1.827661e-01,2.029553e-01,2.401346e-01,2.180772e-01
4.115178e-03,2.672571e-02,3.992158e-05,3.186415e-03,2.321087e-02,4.287846e-05
