# rmse alpha/u,rmse phic/h,rmse h/r,spread alpha/u,spread phic/h,spread h/r
6.341600e-02,1.330479e-01,1.827661e-01,2.029553e-01,2.401346e-01,2.180772e-01
3.866563e-03,2.313127e-02,3.823128e-05,2.603966e-03,1.845045e-02,3.523711e-05
