# rmse alpha/u,rmse phic/h,rmse h/r,spread alpha/u,spread phic/h,spread h/r
6.341600e-02,1.330479e-01,1.827661e-01,2.029553e-01,2.401346e-01,2.180772e-01
3.647013e-03,1.718293e-02,3.191842e-05,2.937839e-03,1.891716e-02,3.091255e-05
