# rmse alpha/u,rmse phic/h,rmse h/r,spread alpha/u,spread phic/h,spread h/r
1.116713e-02,7.746904e-04,3.287062e-06,1.886852e-01,2.277318e-01,1.654245e-01
2.281203e-03,1.001310e-02,3.213400e-05,1.424786e-03,1.035552e-02,5.337640e-05
