# rmse alpha/u,rmse phic/h,rmse h/r,spread alpha/u,spread phic/h,spread h/r
1.116713e-02,7.746904e-04,3.287062e-06,1.886852e-01,2.277318e-01,1.654245e-01
3.037951e-03,1.854573e-02,4.289082e-05,1.682750e-03,1.302901e-02,5.745155e-05
