# rmse alpha/u,rmse phic/h,rmse h/r,spread alpha/u,spread phic/h,spread h/r
1.116713e-02,7.746904e-04,3.287062e-06,1.886852e-01,2.277318e-01,1.654245e-01
1.990836e-03,1.003347e-02,2.485037e-05,1.282684e-03,9.034628e-03,4.741303e-05
