# rmse alpha/u,rmse phic/h,rmse h/r,spread alpha/u,spread phic/h,spread h/r
1.116713e-02,7.746904e-04,3.287062e-06,1.886852e-01,2.277318e-01,1.654245e-01
2.548699e-03,1.509372e-02,4.300094e-05,1.497726e-03,1.068669e-02,5.435570e-05
