# rmse alpha/u,rmse phic/h,rmse h/r,spread alpha/u,spread phic/h,spread h/r
2.436643e-01,2.325334e-01,2.095802e-01,1.949406e-01,2.297716e-01,1.687777e-01
4.179305e-03,2.712603e-02,5.701450e-05,1.844321e-03,1.392179e-02,5.071237e-05
