# rmse alpha/u,rmse phic/h,rmse h/r,spread alpha/u,spread phic/h,spread h/r
2.436643e-01,2.325334e-01,2.095802e-01,1.949406e-01,2.297716e-01,1.687777e-01
1.826032e-03,1.004769e-02,3.233066e-05,1.346835e-03,9.868773e-03,4.132767e-05
