# rmse alpha/u,rmse phic/h,rmse h/r,spread alpha/u,spread phic/h,spread h/r
2.436643e-01,2.325334e-01,2.095802e-01,1.949406e-01,2.297716e-01,1.687777e-01
4.581853e-03,2.199030e-02,4.691445e-05,2.694992e-03,1.867675e-02,5.253852e-05
