# rmse alpha/u,rmse phic/h,rmse h/r,spread alpha/u,spread phic/h,spread h/r
2.436643e-01,2.325334e-01,2.095802e-01,1.949406e-01,2.297716e-01,1.687777e-01
3.260824e-03,1.719155e-02,4.092019e-05,1.739018e-03,1.132290e-02,4.281704e-05
