# rmse alpha/u,rmse phic/h,rmse h/r,spread alpha/u,spread phic/h,spread h/r
2.436643e-01,2.325334e-01,2.095802e-01,1.949406e-01,2.297716e-01,1.687777e-01
2.424760e-03,1.847342e-02,3.655596e-05,2.542859e-03,1.731134e-02,4.210040e-05
