# rmse alpha/u,rmse phic/h,rmse h/r,spread alpha/u,spread phic/h,spread h/r
1.280100e-01,1.160944e-01,9.294216e-02,1.182558e-01,9.982686e-02,7.551874e-02
1.199729e-03,1.215965e-02,2.937755e-05,1.692120e-03,1.181243e-02,4.400660e-05
