# rmse alpha/u,rmse phic/h,rmse h/r,spread alpha/u,spread phic/h,spread h/r
1.280100e-01,1.160944e-01,9.294216e-02,1.182558e-01,9.982686e-02,7.551874e-02
1.545908e-03,8.978268e-03,3.622693e-05,1.187554e-03,9.043982e-03,4.502058e-05
