# rmse alpha/u,rmse phic/h,rmse h/r,spread alpha/u,spread phic/h,spread h/r
1.280100e-01,1.160944e-01,9.294216e-02,1.182558e-01,9.982686e-02,7.551874e-02
3.833946e-03,2.535924e-02,5.757447e-05,1.790238e-03,1.273991e-02,4.627764e-05
