# rmse alpha/u,rmse phic/h,rmse h/r,spread alpha/u,spread phic/h,spread h/r
1.280100e-01,1.160944e-01,9.294216e-02,1.182558e-01,9.982686e-02,7.551874e-02
2.086490e-03,1.334660e-02,3.547732e-05,1.528020e-03,1.067602e-02,4.247143e-05
