# rmse alpha/u,rmse phic/h,rmse h/r,spread alpha/u,spread phic/h,spread h/r
1.280100e-01,1.160944e-01,9.294216e-02,1.182558e-01,9.982686e-02,7.551874e-02
5.005048e-03,2.618486e-02,3.263487e-05,2.292218e-03,1.553595e-02,4.585475e-05
