# rmse alpha/u,rmse phic/h,rmse h/r,spread alpha/u,spread phic/h,spread h/r
3.683620e-01,2.493087e-01,2.212983e-01,1.837476e-01,2.443896e-01,2.064901e-01
3.713646e-03,2.096611e-02,5.328230e-05,3.002181e-03,2.312414e-02,5.226836e-05
