# rmse alpha/u,rmse phic/h,rmse h/r,spread alpha/u,spread phic/h,spread h/r
3.683620e-01,2.493087e-01,2.212983e-01,1.837476e-01,2.443896e-01,2.064901e-01
4.165130e-03,3.080451e-02,6.433805e-05,3.047783e-03,2.314133e-02,5.762002e-05
