# rmse alpha/u,rmse phic/h,rmse h/r,spread alpha/u,spread phic/h,spread h/r
3.683620e-01,2.493087e-01,2.212983e-01,1.837476e-01,2.443896e-01,2.064901e-01
2.777713e-03,1.429304e-02,4.022140e-05,1.963558e-03,1.280656e-02,4.022653e-05
