# rmse alpha/u,rmse phic/h,rmse h/r,spread alpha/u,spread phic/h,spread h/r
3.683620e-01,2.493087e-01,2.212983e-01,1.837476e-01,2.443896e-01,2.064901e-01
4.765847e-03,2.635724e-02,3.242663e-05,3.507128e-03,2.474478e-02,4.378007e-05
