# rmse alpha/u,rmse phic/h,rmse h/r,spread alpha/u,spread phic/h,spread h/r
3.683620e-01,2.493087e-01,2.212983e-01,1.837476e-01,2.443896e-01,2.064901e-01
3.688300e-03,1.662892e-02,3.293699e-05,2.141378e-03,1.448812e-02,3.915352e-05
