# rmse alpha/u,rmse phic/h,rmse h/r,spread alpha/u,spread phic/h,spread h/r
3.683620e-01,2.493087e-01,2.212983e-01,1.837476e-01,2.443896e-01,2.064901e-01
3.877564e-03,2.569964e-02,4.605128e-05,3.344572e-03,2.480469e-02,4.905057e-05
