# rmse alpha/u,rmse phic/h,rmse h/r,spread alpha/u,spread phic/h,spread h/r
1.086699e-02,3.295496e-02,4.232093e-02,1.291108e-01,2.273310e-01,2.024758e-01
8.216149e-04,6.879093e-03,3.083612e-05,7.803870e-04,6.175652e-03,4.077534e-05
