# rmse alpha/u,rmse phic/h,rmse h/r,spread alpha/u,spread phic/h,spread h/r
1.086699e-02,3.295496e-02,4.232093e-02,1.291108e-01,2.273310e-01,2.024758e-01
8.702035e-04,7.046881e-03,3.427060e-05,7.952808e-04,6.328760e-03,4.169715e-05
