# rmse alpha/u,rmse phic/h,rmse h/r,spread alpha/u,spread phic/h,spread h/r
1.086699e-02,3.295496e-02,4.232093e-02,1.291108e-01,2.273310e-01,2.024758e-01
8.121955e-04,6.671871e-03,2.562260e-05,7.808984e-04,6.022999e-03,4.115815e-05
