# rmse alpha/u,rmse phic/h,rmse h/r,spread alpha/u,spread phic/h,spread h/r
1.086699e-02,3.295496e-02,4.232093e-02,1.291108e-01,2.273310e-01,2.024758e-01
8.435100e-04,6.830612e-03,3.146732e-05,8.092482e-04,6.361067e-03,4.219741e-05
