# rmse alpha/u,rmse phic/h,rmse h/r,spread alpha/u,spread phic/h,spread h/r
1.086699e-02,3.295496e-02,4.232093e-02,1.291108e-01,2.273310e-01,2.024758e-01
8.728830e-04,6.976596e-03,2.873147e-05,7.777560e-04,6.009100e-03,4.107949e-05
