# rmse alpha/u,rmse phic/h,rmse h/r,spread alpha/u,spread phic/h,spread h/r
1.352441e-01,6.339488e-04,3.843419e-02,2.007018e-01,2.348895e-01,2.071683e-01
8.289643e-04,6.523401e-03,1.934205e-05,8.442817e-04,6.525979e-03,4.454431e-05
