# rmse alpha/u,rmse phic/h,rmse h/r,spread alpha/u,spread phic/h,spread h/r
1.352441e-01,6.339488e-04,3.843419e-02,2.007018e-01,2.348895e-01,2.071683e-01
9.193816e-04,7.146631e-03,2.484166e-05,8.630424e-04,6.799108e-03,4.672203e-05
