# rmse alpha/u,rmse phic/h,rmse h/r,spread alpha/u,spread phic/h,spread h/r
1.352441e-01,6.339488e-04,3.843419e-02,2.007018e-01,2.348895e-01,2.071683e-01
8.954882e-04,6.480281e-03,2.308728e-05,8.629819e-04,6.870010e-03,4.622439e-05
