# rmse alpha/u,rmse phic/h,rmse h/r,spread alpha/u,spread phic/h,spread h/r
1.352441e-01,6.339488e-04,3.843419e-02,2.007018e-01,2.348895e-01,2.071683e-01
8.664350e-04,6.598687e-03,2.659535e-05,8.603913e-04,6.894813e-03,4.616587e-05
