# rmse alpha/u,rmse phic/h,rmse h/r,spread alpha/u,spread phic/h,spread h/r
1.714544e-01,2.596752e-01,1.866842e-01,1.387709e-01,2.166638e-01,1.639076e-01
8.590226e-04,6.543005e-03,1.938624e-05,8.670364e-04,6.658667e-03,4.576818e-05
