# rmse alpha/u,rmse phic/h,rmse h/r,spread alpha/u,spread phic/h,spread h/r
1.714544e-01,2.596752e-01,1.866842e-01,1.387709e-01,2.166638e-01,1.639076e-01
8.858019e-04,7.347322e-03,2.396338e-05,8.912250e-04,7.224575e-03,4.930195e-05
