# rmse alpha/u,rmse phic/h,rmse h/r,spread alpha/u,spread phic/h,spread h/r
1.714544e-01,2.596752e-01,1.866842e-01,1.387709e-01,2.166638e-01,1.639076e-01
8.697091e-04,6.916925e-03,2.528683e-05,8.856130e-04,7.278845e-03,4.896477e-05
