# rmse alpha/u,rmse phic/h,rmse h/r,spread alpha/u,spread phic/h,spread h/r
1.714544e-01,2.596752e-01,1.866842e-01,1.387709e-01,2.166638e-01,1.639076e-01
8.606503e-04,6.568371e-03,1.819916e-05,8.173813e-04,6.376792e-03,4.364363e-05
