# rmse alpha/u,rmse phic/h,rmse h/r,spread alpha/u,spread phic/h,spread h/r
1.714544e-01,2.596752e-01,1.866842e-01,1.387709e-01,2.166638e-01,1.639076e-01
8.524956e-04,6.927637e-03,2.573542e-05,8.703071e-04,6.975923e-03,4.585722e-05
