# rmse alpha/u,rmse phic/h,rmse h/r,spread alpha/u,spread phic/h,spread h/r
1.714544e-01,2.596752e-01,1.866842e-01,1.387709e-01,2.166638e-01,1.639076e-01
8.732552e-04,6.505964e-03,2.174241e-05,8.516478e-04,6.774340e-03,4.322232e-05
