# rmse alpha/u,rmse phic/h,rmse h/r,spread alpha/u,spread phic/h,spread h/r
1.714544e-01,2.596752e-01,1.866842e-01,1.387709e-01,2.166638e-01,1.639076e-01
8.611577e-04,6.751307e-03,2.248230e-05,8.367303e-04,6.559988e-03,4.458294e-05
