# rmse alpha/u,rmse phic/h,rmse h/r,spread alpha/u,spread phic/h,spread h/r
1.714544e-01,2.596752e-01,1.866842e-01,1.387709e-01,2.166638e-01,1.639076e-01
8.762076e-04,6.977011e-03,2.388125e-05,8.868034e-04,7.052158e-03,4.738747e-05
