# rmse alpha/u,rmse phic/h,rmse h/r,spread alpha/u,spread phic/h,spread h/r
2.288745e-02,4.805693e-03,4.605665e-02,1.899923e-01,2.220568e-01,1.621107e-01
1.255960e-03,7.177987e-03,3.718777e-05,9.372987e-04,7.067925e-03,5.080614e-05
