# rmse alpha/u,rmse phic/h,rmse h/r,spread alpha/u,spread phic/h,spread h/r
2.288745e-02,4.805693e-03,4.605665e-02,1.899923e-01,2.220568e-01,1.621107e-01
8.743182e-04,6.184762e-03,2.796848e-05,8.788361e-04,6.700931e-03,4.706436e-05
