# rmse alpha/u,rmse phic/h,rmse h/r,spread alpha/u,spread phic/h,spread h/r
2.288745e-02,4.805693e-03,4.605665e-02,1.899923e-01,2.220568e-01,1.621107e-01
2.314990e-03,1.523150e-02,3.253577e-05,1.211340e-03,8.928914e-03,4.998981e-05
