# rmse alpha/u,rmse phic/h,rmse h/r,spread alpha/u,spread phic/h,spread h/r
2.288745e-02,4.805693e-03,4.605665e-02,1.899923e-01,2.220568e-01,1.621107e-01
1.999389e-03,1.613371e-02,4.737643e-05,1.690690e-03,1.264700e-02,5.824898e-05
