# rmse alpha/u,rmse phic/h,rmse h/r,spread alpha/u,spread phic/h,spread h/r
2.288745e-02,4.805693e-03,4.605665e-02,1.899923e-01,2.220568e-01,1.621107e-01
8.777418e-04,6.468952e-03,3.274199e-05,8.544828e-04,6.718886e-03,4.819803e-05
