# rmse alpha/u,rmse phic/h,rmse h/r,spread alpha/u,spread phic/h,spread h/r
1.394965e-02,1.020835e-01,1.841368e-02,1.927996e-01,2.373932e-01,2.334187e-01
8.700215e-04,6.627732e-03,2.048896e-05,8.991912e-04,6.878331e-03,3.410463e-05
