# rmse alpha/u,rmse phic/h,rmse h/r,spread alpha/u,spread phic/h,spread h/r
1.394965e-02,1.020835e-01,1.841368e-02,1.927996e-01,2.373932e-01,2.334187e-01
8.896512e-04,6.890859e-03,2.687825e-05,8.347637e-04,6.581690e-03,3.513355e-05
