# rmse alpha/u,rmse phic/h,rmse h/r,spread alpha/u,spread phic/h,spread h/r
1.394965e-02,1.020835e-01,1.841368e-02,1.927996e-01,2.373932e-01,2.334187e-01
8.356587e-04,6.098464e-03,2.087438e-05,8.045407e-04,6.259878e-03,3.326411e-05
