# rmse alpha/u,rmse phic/h,rmse h/r,spread alpha/u,spread phic/h,spread h/r
1.394965e-02,1.020835e-01,1.841368e-02,1.927996e-01,2.373932e-01,2.334187e-01
8.440814e-04,6.668625e-03,2.235685e-05,8.124154e-04,6.326682e-03,3.362543e-05
