# rmse alpha/u,rmse phic/h,rmse h/r,spread alpha/u,spread phic/h,spread h/r
1.394965e-02,1.020835e-01,1.841368e-02,1.927996e-01,2.373932e-01,2.334187e-01
8.735308e-04,6.289491e-03,2.206135e-05,8.362821e-04,6.417702e-03,3.277241e-05
