# rmse alpha/u,rmse phic/h,rmse h/r,spread alpha/u,spread phic/h,spread h/r
1.394965e-02,1.020835e-01,1.841368e-02,1.927996e-01,2.373932e-01,2.334187e-01
1.161449e-03,6.953145e-03,2.367313e-05,9.133432e-04,6.942362e-03,3.374436e-05
