# rmse alpha/u,rmse phic/h,rmse h/r,spread alpha/u,spread phic/h,spread h/r
1.394965e-02,1.020835e-01,1.841368e-02,1.927996e-01,2.373932e-01,2.334187e-01
8.243404e-04,6.136575e-03,2.363448e-05,7.871529e-04,6.045036e-03,3.302021e-05
