# rmse alpha/u,rmse phic/h,rmse h/r,spread alpha/u,spread phic/h,spread h/r
1.258743e-01,9.090980e-02,1.246349e-01,9.988685e-02,7.697222e-02,8.920033e-02
8.857783e-04,7.809397e-03,3.558042e-05,8.236847e-04,6.470917e-03,3.412721e-05
