# rmse alpha/u,rmse phic/h,rmse h/r,spread alpha/u,spread phic/h,spread h/r
1.258743e-01,9.090980e-02,1.246349e-01,9.988685e-02,7.697222e-02,8.920033e-02
8.825665e-04,9.546217e-03,3.020207e-05,7.884168e-04,6.216656e-03,3.419434e-05
