# rmse alpha/u,rmse phic/h,rmse h/r,spread alpha/u,spread phic/h,spread h/r
1.258743e-01,9.090980e-02,1.246349e-01,9.988685e-02,7.697222e-02,8.920033e-02
8.698538e-04,6.654836e-03,3.281779e-05,8.062833e-04,6.207903e-03,3.511948e-05
