# rmse alpha/u,rmse phic/h,rmse h/r,spread alpha/u,spread phic/h,spread h/r
3.209510e-01,2.900447e-01,2.108180e-01,1.795250e-01,2.190449e-01,1.813643e-01
1.834049e-03,1.058863e-02,4.154503e-05,1.261652e-03,8.605310e-03,4.040901e-05
