# rmse alpha/u,rmse phic/h,rmse h/r,spread alpha/u,spread phic/h,spread h/r
3.209510e-01,2.900447e-01,2.108180e-01,1.795250e-01,2.190449e-01,1.813643e-01
2.681523e-03,1.644714e-02,5.096807e-05,1.936249e-03,1.460463e-02,4.909163e-05
