# rmse alpha/u,rmse phic/h,rmse h/r,spread alpha/u,spread phic/h,spread h/r
3.209510e-01,2.900447e-01,2.108180e-01,1.795250e-01,2.190449e-01,1.813643e-01
3.207492e-03,1.746573e-02,5.205579e-05,1.776023e-03,1.240401e-02,5.095792e-05
