# rmse alpha/u,rmse phic/h,rmse h/r,spread alpha/u,spread phic/h,spread h/r
3.209510e-01,2.900447e-01,2.108180e-01,1.795250e-01,2.190449e-01,1.813643e-01
1.272921e-03,1.331474e-02,4.050784e-05,1.201941e-03,9.052065e-03,4.354277e-05
