# rmse alpha/u,rmse phic/h,rmse h/r,spread alpha/u,spread phic/h,spread h/r
3.209510e-01,2.900447e-01,2.108180e-01,1.795250e-01,2.190449e-01,1.813643e-01
1.672859e-03,1.033603e-02,4.359794e-05,1.639970e-03,1.098862e-02,4.313781e-05
