# rmse alpha/u,rmse phic/h,rmse h/r,spread alpha/u,spread phic/h,spread h/r
3.209510e-01,2.900447e-01,2.108180e-01,1.795250e-01,2.190449e-01,1.813643e-01
3.502728e-03,1.864383e-02,4.773753e-05,2.125659e-03,1.534126e-02,5.061908e-05
