# rmse alpha/u,rmse phic/h,rmse h/r,spread alpha/u,spread phic/h,spread h/r
3.209510e-01,2.900447e-01,2.108180e-01,1.795250e-01,2.190449e-01,1.813643e-01
2.752804e-03,1.379428e-02,5.207787e-05,2.456422e-03,1.740773e-02,5.209933e-05
