# rmse alpha/u,rmse phic/h,rmse h/r,spread alpha/u,spread phic/h,spread h/r
4.574963e-03,4.157738e-03,6.403817e-02,2.007666e-01,2.380345e-01,2.181955e-01
3.718531e-03,1.728531e-02,3.966335e-05,2.291884e-03,1.704003e-02,3.998565e-05
