# rmse alpha/u,rmse phic/h,rmse h/r,spread alpha/u,spread phic/h,spread h/r
4.574963e-03,4.157738e-03,6.403817e-02,2.007666e-01,2.380345e-01,2.181955e-01
2.423147e-03,2.135019e-02,3.517566e-05,2.209215e-03,1.510351e-02,3.315084e-05
