# rmse alpha/u,rmse phic/h,rmse h/r,spread alpha/u,spread phic/h,spread h/r
1.323259e-01,1.073255e-01,1.352700e-01,2.011122e-01,2.284813e-01,1.938860e-01
5.307500e-03,3.796262e-02,7.278341e-05,3.164073e-03,2.335617e-02,4.371368e-05
