# rmse alpha/u,rmse phic/h,rmse h/r,spread alpha/u,spread phic/h,spread h/r
1.323259e-01,1.073255e-01,1.352700e-01,2.011122e-01,2.284813e-01,1.938860e-01
6.135792e-03,4.447095e-02,5.706918e-05,3.707135e-03,2.637938e-02,4.353350e-05
