# rmse alpha/u,rmse phic/h,rmse h/r,spread alpha/u,spread phic/h,spread h/r
1.323259e-01,1.073255e-01,1.352700e-01,2.011122e-01,2.284813e-01,1.938860e-01
3.760608e-03,2.814884e-02,6.190424e-05,3.165371e-03,2.304903e-02,4.208693e-05
