# rmse alpha/u,rmse phic/h,rmse h/r,spread alpha/u,spread phic/h,spread h/r
1.323259e-01,1.073255e-01,1.352700e-01,2.011122e-01,2.284813e-01,1.938860e-01
5.223916e-03,2.775326e-02,6.676835e-05,2.700813e-03,2.007085e-02,3.933345e-05
