# rmse alpha/u,rmse phic/h,rmse h/r,spread alpha/u,spread phic/h,spread h/r
2.132065e-01,6.010034e-03,7.556120e-02,1.420194e-01,8.590148e-02,8.289449e-02
5.690146e-03,5.339846e-02,1.083774e-04,3.169992e-03,2.611613e-02,5.358240e-05
