# rmse alpha/u,rmse phic/h,rmse h/r,spread alpha/u,spread phic/h,spread h/r
2.132065e-01,6.010034e-03,7.556120e-02,1.420194e-01,8.590148e-02,8.289449e-02
4.079176e-03,4.310042e-02,1.103305e-04,2.452189e-03,1.778464e-02,3.991046e-05
