# rmse alpha/u,rmse phic/h,rmse h/r,spread alpha/u,spread phic/h,spread h/r
2.132065e-01,6.010034e-03,7.556120e-02,1.420194e-01,8.590148e-02,8.289449e-02
5.211385e-03,4.032691e-02,8.405559e-05,3.367892e-03,2.302327e-02,4.609860e-05
