# rmse alpha/u,rmse phic/h,rmse h/r,spread alpha/u,spread phic/h,spread h/r
2.132065e-01,6.010034e-03,7.556120e-02,1.420194e-01,8.590148e-02,8.289449e-02
3.514378e-03,2.602229e-02,7.509612e-05,2.267407e-03,1.568057e-02,3.483776e-05
