# rmse alpha/u,rmse phic/h,rmse h/r,spread alpha/u,spread phic/h,spread h/r
1.484806e-01,2.311425e-01,2.189717e-01,1.242292e-01,2.019602e-01,1.801946e-01
8.723715e-04,7.447528e-03,9.496371e-05,7.741695e-04,5.962011e-03,2.371214e-05
