# rmse alpha/u,rmse phic/h,rmse h/r,spread alpha/u,spread phic/h,spread h/r
1.484806e-01,2.311425e-01,2.189717e-01,1.242292e-01,2.019602e-01,1.801946e-01
8.447916e-04,6.787296e-03,9.758565e-05,7.976939e-04,6.340687e-03,2.815448e-05
