# rmse alpha/u,rmse phic/h,rmse h/r,spread alpha/u,spread phic/h,spread h/r
1.484806e-01,2.311425e-01,2.189717e-01,1.242292e-01,2.019602e-01,1.801946e-01
8.339264e-04,6.103995e-03,7.881689e-05,7.860956e-04,5.997739e-03,2.517664e-05
