# rmse alpha/u,rmse phic/h,rmse h/r,spread alpha/u,spread phic/h,spread h/r
1.484806e-01,2.311425e-01,2.189717e-01,1.242292e-01,2.019602e-01,1.801946e-01
8.551095e-04,6.516399e-03,7.971610e-05,8.183396e-04,6.173909e-03,2.457623e-05
