# rmse alpha/u,rmse phic/h,rmse h/r,spread alpha/u,spread phic/h,spread h/r
1.484806e-01,2.311425e-01,2.189717e-01,1.242292e-01,2.019602e-01,1.801946e-01
1.021546e-03,8.312966e-03,1.002803e-04,7.858923e-04,5.866061e-03,2.554751e-05
