# rmse alpha/u,rmse phic/h,rmse h/r,spread alpha/u,spread phic/h,spread h/r
4.312380e-02,3.709257e-02,1.856805e-03,2.011122e-01,2.284813e-01,1.938860e-01
4.848851e-03,2.966194e-02,4.542166e-05,1.786607e-03,1.233366e-02,2.113558e-05
