# rmse alpha/u,rmse phic/h,rmse h/r,spread alpha/u,spread phic/h,spread h/r
6.960756e-02,2.732210e-02,2.879184e-02,1.844911e-01,1.870019e-01,1.681202e-01
4.321156e-03,2.988971e-02,7.679111e-05,3.400390e-03,2.541601e-02,4.360621e-05
