# rmse alpha/u,rmse phic/h,rmse h/r,spread alpha/u,spread phic/h,spread h/r
3.230129e-01,5.819538e-01,5.801219e-01,1.813633e-01,2.153254e-01,1.756998e-01
2.193497e-03,1.262786e-02,2.845015e-05,1.454073e-03,1.046214e-02,3.053098e-05
