# rmse alpha/u,rmse phic/h,rmse h/r,spread alpha/u,spread phic/h,spread h/r
3.230129e-01,5.819538e-01,5.801219e-01,1.813633e-01,2.153254e-01,1.756998e-01
1.481559e-03,1.171655e-02,2.992887e-05,1.243288e-03,9.305466e-03,2.859408e-05
