# rmse alpha/u,rmse phic/h,rmse h/r,spread alpha/u,spread phic/h,spread h/r
3.230129e-01,5.819538e-01,5.801219e-01,1.813633e-01,2.153254e-01,1.756998e-01
3.043141e-03,1.558287e-02,3.749925e-05,1.693638e-03,1.161362e-02,2.701715e-05
