# rmse alpha/u,rmse phic/h,rmse h/r,spread alpha/u,spread phic/h,spread h/r
3.230129e-01,5.819538e-01,5.801219e-01,1.813633e-01,2.153254e-01,1.756998e-01
3.682668e-03,1.737736e-02,3.358823e-05,2.074894e-03,1.444058e-02,2.980764e-05
