# rmse alpha/u,rmse phic/h,rmse h/r,spread alpha/u,spread phic/h,spread h/r
1.552265e-03,3.689093e-02,7.085018e-03,1.284462e-01,7.370275e-02,4.379364e-02
1.238367e-03,9.867144e-03,4.520960e-05,8.614634e-04,6.497575e-03,3.590551e-05
