# rmse alpha/u,rmse phic/h,rmse h/r,spread alpha/u,spread phic/h,spread h/r
1.552265e-03,3.689093e-02,7.085018e-03,1.284462e-01,7.370275e-02,4.379364e-02
8.623355e-04,6.574216e-03,3.227463e-05,7.952696e-04,6.144977e-03,3.284595e-05
