# rmse alpha/u,rmse phic/h,rmse h/r,spread alpha/u,spread phic/h,spread h/r
1.552265e-03,3.689093e-02,7.085018e-03,1.284462e-01,7.370275e-02,4.379364e-02
1.922941e-03,1.263595e-02,4.477634e-05,1.329313e-03,8.894289e-03,3.603622e-05
