# rmse alpha/u,rmse phic/h,rmse h/r,spread alpha/u,spread phic/h,spread h/r
1.552265e-03,3.689093e-02,7.085018e-03,1.284462e-01,7.370275e-02,4.379364e-02
2.528782e-03,1.516371e-02,4.429592e-05,9.169506e-04,7.141306e-03,3.536156e-05
