# rmse alpha/u,rmse phic/h,rmse h/r,spread alpha/u,spread phic/h,spread h/r
1.552265e-03,3.689093e-02,7.085018e-03,1.284462e-01,7.370275e-02,4.379364e-02
1.050711e-03,1.058172e-02,2.818566e-05,7.877335e-04,6.214988e-03,3.463927e-05
