# rmse alpha/u,rmse phic/h,rmse h/r,spread alpha/u,spread phic/h,spread h/r
1.552265e-03,3.689093e-02,7.085018e-03,1.284462e-01,7.370275e-02,4.379364e-02
9.700597e-04,1.023137e-02,3.888368e-05,7.943472e-04,6.455014e-03,3.545305e-05
