# rmse alpha/u,rmse phic/h,rmse h/r,spread alpha/u,spread phic/h,spread h/r
2.278221e-01,2.189345e-01,3.858770e-01,1.252033e-01,2.157036e-01,2.323844e-01
3.871321e-03,2.168267e-02,8.389863e-05,1.747002e-03,1.197729e-02,3.585644e-05
