# rmse alpha/u,rmse phic/h,rmse h/r,spread alpha/u,spread phic/h,spread h/r
2.278221e-01,2.189345e-01,3.858770e-01,1.252033e-01,2.157036e-01,2.323844e-01
2.482887e-03,1.417115e-02,6.699224e-05,1.702504e-03,1.092949e-02,3.170077e-05
