# rmse alpha/u,rmse phic/h,rmse h/r,spread alpha/u,spread phic/h,spread h/r
2.278221e-01,2.189345e-01,3.858770e-01,1.252033e-01,2.157036e-01,2.323844e-01
2.825180e-03,1.402189e-02,6.659607e-05,1.247645e-03,8.091532e-03,3.045988e-05
