# rmse alpha/u,rmse phic/h,rmse h/r,spread alpha/u,spread phic/h,spread h/r
2.278221e-01,2.189345e-01,3.858770e-01,1.252033e-01,2.157036e-01,2.323844e-01
3.117815e-03,1.875217e-02,7.175912e-05,1.452662e-03,1.009684e-02,3.058672e-05
