# rmse alpha/u,rmse phic/h,rmse h/r,spread alpha/u,spread phic/h,spread h/r
2.278221e-01,2.189345e-01,3.858770e-01,1.252033e-01,2.157036e-01,2.323844e-01
2.872322e-03,1.648205e-02,7.045503e-05,1.539667e-03,1.042122e-02,3.134934e-05
