# rmse alpha/u,rmse phic/h,rmse h/r,spread alpha/u,spread phic/h,spread h/r
2.278221e-01,2.189345e-01,3.858770e-01,1.252033e-01,2.157036e-01,2.323844e-01
2.261567e-03,1.560883e-02,7.607736e-05,1.463241e-03,9.697747e-03,2.977049e-05
