# rmse alpha/u,rmse phic/h,rmse h/r,spread alpha/u,spread phic/h,spread h/r
3.277721e-01,2.189367e-01,2.670213e-01,1.811844e-01,2.189349e-01,1.830777e-01
5.323451e-03,3.456014e-02,1.186296e-04,3.157415e-03,2.342320e-02,5.297790e-05
