# rmse alpha/u,rmse phic/h,rmse h/r,spread alpha/u,spread phic/h,spread h/r
3.277721e-01,2.189367e-01,2.670213e-01,1.811844e-01,2.189349e-01,1.830777e-01
6.349108e-03,4.290658e-02,1.227131e-04,2.960439e-03,2.243868e-02,4.940568e-05
