# rmse alpha/u,rmse phic/h,rmse h/r,spread alpha/u,spread phic/h,spread h/r
3.277721e-01,2.189367e-01,2.670213e-01,1.811844e-01,2.189349e-01,1.830777e-01
5.446321e-03,4.267732e-02,8.453750e-05,3.237871e-03,2.152886e-02,4.096315e-05
