# rmse alpha/u,rmse phic/h,rmse h/r,spread alpha/u,spread phic/h,spread h/r
1.323404e-02,3.335503e-02,8.976971e-02,1.872246e-01,1.935479e-01,2.175906e-01
5.540926e-03,3.366210e-02,4.714326e-05,4.159152e-03,3.181847e-02,4.911500e-05
