# rmse alpha/u,rmse phic/h,rmse h/r,spread alpha/u,spread phic/h,spread h/r
7.533677e-02,6.849213e-04,1.833929e-02,2.130920e-01,2.425901e-01,1.965188e-01
3.249021e-03,1.699272e-02,3.631405e-05,2.192117e-03,1.437468e-02,4.424021e-05
