# rmse alpha/u,rmse phic/h,rmse h/r,spread alpha/u,spread phic/h,spread h/r
7.533677e-02,6.849213e-04,1.833929e-02,2.130920e-01,2.425901e-01,1.965188e-01
3.481323e-03,1.776539e-02,6.844318e-05,2.132011e-03,1.512926e-02,5.377067e-05
