# rmse alpha/u,rmse phic/h,rmse h/r,spread alpha/u,spread phic/h,spread h/r
7.533677e-02,6.849213e-04,1.833929e-02,2.130920e-01,2.425901e-01,1.965188e-01
4.178957e-03,2.432896e-02,7.269691e-05,2.080481e-03,1.470668e-02,5.517622e-05
