# rmse alpha/u,rmse phic/h,rmse h/r,spread alpha/u,spread phic/h,spread h/r
7.533677e-02,6.849213e-04,1.833929e-02,2.130920e-01,2.425901e-01,1.965188e-01
1.923394e-03,1.418322e-02,4.190369e-05,1.738093e-03,1.170428e-02,5.161448e-05
