# rmse alpha/u,rmse phic/h,rmse h/r,spread alpha/u,spread phic/h,spread h/r
7.533677e-02,6.849213e-04,1.833929e-02,2.130920e-01,2.425901e-01,1.965188e-01
1.670924e-03,1.551005e-02,4.792398e-05,1.425507e-03,1.001684e-02,4.774226e-05
