# rmse alpha/u,rmse phic/h,rmse h/r,spread alpha/u,spread phic/h,spread h/r
1.238439e-01,3.117509e-03,3.243996e-01,2.123994e-01,1.936555e-01,1.948980e-01
5.043338e-03,3.219065e-02,2.111699e-05,3.318624e-03,2.520757e-02,2.002718e-05
