# rmse alpha/u,rmse phic/h,rmse h/r,spread alpha/u,spread phic/h,spread h/r
1.238439e-01,3.117509e-03,3.243996e-01,2.123994e-01,1.936555e-01,1.948980e-01
5.051932e-03,3.787327e-02,2.479188e-05,3.489366e-03,2.563098e-02,1.911140e-05
