# rmse alpha/u,rmse phic/h,rmse h/r,spread alpha/u,spread phic/h,spread h/r
1.238439e-01,3.117509e-03,3.243996e-01,2.123994e-01,1.936555e-01,1.948980e-01
4.774817e-03,3.454430e-02,2.675744e-05,3.656108e-03,2.709030e-02,2.058615e-05
