# rmse alpha/u,rmse phic/h,rmse h/r,spread alpha/u,spread phic/h,spread h/r
1.238439e-01,3.117509e-03,3.243996e-01,2.123994e-01,1.936555e-01,1.948980e-01
4.192282e-03,3.058100e-02,3.192219e-05,3.532131e-03,2.619373e-02,2.142306e-05
