# rmse alpha/u,rmse phic/h,rmse h/r,spread alpha/u,spread phic/h,spread h/r
1.238439e-01,3.117509e-03,3.243996e-01,2.123994e-01,1.936555e-01,1.948980e-01
2.685436e-03,2.728805e-02,2.294556e-05,3.118500e-03,2.414730e-02,1.771488e-05
