# rmse alpha/u,rmse phic/h,rmse h/r,spread alpha/u,spread phic/h,spread h/r
1.699312e-01,2.207960e-01,5.956832e-01,1.402536e-01,2.207597e-01,2.039123e-01
2.628287e-03,1.581428e-02,5.453303e-05,1.829988e-03,1.273718e-02,4.639579e-05
