# rmse alpha/u,rmse phic/h,rmse h/r,spread alpha/u,spread phic/h,spread h/r
1.699312e-01,2.207960e-01,5.956832e-01,1.402536e-01,2.207597e-01,2.039123e-01
3.151394e-03,1.783362e-02,4.742760e-05,2.270989e-03,1.577317e-02,4.655065e-05
