# rmse alpha/u,rmse phic/h,rmse h/r,spread alpha/u,spread phic/h,spread h/r
1.699312e-01,2.207960e-01,5.956832e-01,1.402536e-01,2.207597e-01,2.039123e-01
3.859243e-03,3.265929e-02,7.513144e-05,2.720369e-03,2.072776e-02,6.279659e-05
