# rmse alpha/u,rmse phic/h,rmse h/r,spread alpha/u,spread phic/h,spread h/r
1.699312e-01,2.207960e-01,5.956832e-01,1.402536e-01,2.207597e-01,2.039123e-01
3.939921e-03,2.410284e-02,7.828656e-05,1.894834e-03,1.429750e-02,5.288982e-05
