# rmse alpha/u,rmse phic/h,rmse h/r,spread alpha/u,spread phic/h,spread h/r
1.699312e-01,2.207960e-01,5.956832e-01,1.402536e-01,2.207597e-01,2.039123e-01
1.160818e-03,1.027926e-02,3.800508e-05,1.292519e-03,9.714202e-03,4.629451e-05
