# rmse alpha/u,rmse phic/h,rmse h/r,spread alpha/u,spread phic/h,spread h/r
2.993574e-02,4.034232e-02,4.253078e-05,1.356506e-01,9.303741e-02,7.138651e-02
2.275508e-03,1.226154e-02,3.854429e-05,1.474758e-03,1.013870e-02,3.440728e-05
