# rmse alpha/u,rmse phic/h,rmse h/r,spread alpha/u,spread phic/h,spread h/r
2.993574e-02,4.034232e-02,4.253078e-05,1.356506e-01,9.303741e-02,7.138651e-02
2.623096e-03,1.558596e-02,3.920909e-05,1.357521e-03,9.298985e-03,3.853178e-05
