# rmse alpha/u,rmse phic/h,rmse h/r,spread alpha/u,spread phic/h,spread h/r
2.993574e-02,4.034232e-02,4.253078e-05,1.356506e-01,9.303741e-02,7.138651e-02
2.525828e-03,1.318512e-02,4.018862e-05,1.358237e-03,9.748887e-03,3.692499e-05
