# rmse alpha/u,rmse phic/h,rmse h/r,spread alpha/u,spread phic/h,spread h/r
2.993574e-02,4.034232e-02,4.253078e-05,1.356506e-01,9.303741e-02,7.138651e-02
1.851477e-03,9.831134e-03,3.029658e-05,1.296669e-03,9.120119e-03,3.919784e-05
