# rmse alpha/u,rmse phic/h,rmse h/r,spread alpha/u,spread phic/h,spread h/r
2.993574e-02,4.034232e-02,4.253078e-05,1.356506e-01,9.303741e-02,7.138651e-02
1.864096e-03,1.521776e-02,3.906416e-05,1.642667e-03,1.268286e-02,3.929699e-05
