# rmse alpha/u,rmse phic/h,rmse h/r,spread alpha/u,spread phic/h,spread h/r
2.993574e-02,4.034232e-02,4.253078e-05,1.356506e-01,9.303741e-02,7.138651e-02
2.276629e-03,1.944639e-02,5.083926e-05,1.548167e-03,1.132630e-02,3.842345e-05
