# rmse alpha/u,rmse phic/h,rmse h/r,spread alpha/u,spread phic/h,spread h/r
1.989848e-01,2.592528e-01,2.238774e-01,1.909684e-01,2.207097e-01,2.003914e-01
3.155106e-03,2.445685e-02,4.677048e-05,1.599779e-03,1.128521e-02,4.919524e-05
