# rmse alpha/u,rmse phic/h,rmse h/r,spread alpha/u,spread phic/h,spread h/r
1.989848e-01,2.592528e-01,2.238774e-01,1.909684e-01,2.207097e-01,2.003914e-01
2.600125e-03,2.163653e-02,4.288097e-05,1.800043e-03,1.356276e-02,4.638557e-05
