# rmse alpha/u,rmse phic/h,rmse h/r,spread alpha/u,spread phic/h,spread h/r
1.989848e-01,2.592528e-01,2.238774e-01,1.909684e-01,2.207097e-01,2.003914e-01
2.453632e-03,1.309819e-02,3.117225e-05,1.225645e-03,8.020438e-03,4.308117e-05
