# rmse alpha/u,rmse phic/h,rmse h/r,spread alpha/u,spread phic/h,spread h/r
1.989848e-01,2.592528e-01,2.238774e-01,1.909684e-01,2.207097e-01,2.003914e-01
1.532621e-03,1.122318e-02,5.059441e-05,1.286790e-03,9.441000e-03,4.717099e-05
