# rmse alpha/u,rmse phic/h,rmse h/r,spread alpha/u,spread phic/h,spread h/r
1.989848e-01,2.592528e-01,2.238774e-01,1.909684e-01,2.207097e-01,2.003914e-01
3.613623e-03,2.108280e-02,4.343922e-05,1.562487e-03,1.105239e-02,4.494690e-05
