# rmse alpha/u,rmse phic/h,rmse h/r,spread alpha/u,spread phic/h,spread h/r
1.989848e-01,2.592528e-01,2.238774e-01,1.909684e-01,2.207097e-01,2.003914e-01
1.149961e-03,7.689235e-03,2.538995e-05,9.008190e-04,6.689020e-03,4.202912e-05
