# rmse alpha/u,rmse phic/h,rmse h/r,spread alpha/u,spread phic/h,spread h/r
5.896020e-01,4.429119e-01,5.165953e-01,2.042022e-01,1.992226e-01,1.814630e-01
3.998819e-03,2.386978e-02,3.468730e-05,2.472312e-03,1.711149e-02,2.864904e-05
