# rmse alpha/u,rmse phic/h,rmse h/r,spread alpha/u,spread phic/h,spread h/r
5.896020e-01,4.429119e-01,5.165953e-01,2.042022e-01,1.992226e-01,1.814630e-01
3.184472e-03,2.000111e-02,3.520564e-05,2.938383e-03,2.144624e-02,3.155230e-05
