# rmse alpha/u,rmse phic/h,rmse h/r,spread alpha/u,spread phic/h,spread h/r
5.896020e-01,4.429119e-01,5.165953e-01,2.042022e-01,1.992226e-01,1.814630e-01
3.235231e-03,2.052924e-02,4.157115e-05,2.660820e-03,1.854983e-02,3.388007e-05
