# rmse alpha/u,rmse phic/h,rmse h/r,spread alpha/u,spread phic/h,spread h/r
5.896020e-01,4.429119e-01,5.165953e-01,2.042022e-01,1.992226e-01,1.814630e-01
3.110547e-03,1.714605e-02,4.703679e-05,2.316755e-03,1.612835e-02,2.785795e-05
