# rmse alpha/u,rmse phic/h,rmse h/r,spread alpha/u,spread phic/h,spread h/r
8.374510e-02,7.506047e-02,2.840319e-01,2.007018e-01,2.348895e-01,2.071683e-01
6.254957e-03,3.279591e-02,4.018149e-05,3.224026e-03,2.308188e-02,3.654139e-05
