# rmse alpha/u,rmse phic/h,rmse h/r,spread alpha/u,spread phic/h,spread h/r
8.374510e-02,7.506047e-02,2.840319e-01,2.007018e-01,2.348895e-01,2.071683e-01
3.959168e-03,2.389109e-02,4.709236e-05,3.176245e-03,2.299833e-02,3.922231e-05
