# rmse alpha/u,rmse phic/h,rmse h/r,spread alpha/u,spread phic/h,spread h/r
8.374510e-02,7.506047e-02,2.840319e-01,2.007018e-01,2.348895e-01,2.071683e-01
4.337498e-03,2.293254e-02,4.524278e-05,3.063755e-03,2.101500e-02,3.758670e-05
