# rmse alpha/u,rmse phic/h,rmse h/r,spread alpha/u,spread phic/h,spread h/r
8.374510e-02,7.506047e-02,2.840319e-01,2.007018e-01,2.348895e-01,2.071683e-01
4.958077e-03,2.947290e-02,4.433898e-05,3.662510e-03,2.676889e-02,4.206252e-05
