# rmse alpha/u,rmse phic/h,rmse h/r,spread alpha/u,spread phic/h,spread h/r
3.410719e-02,1.899933e-01,3.214592e-01,1.656333e-01,2.287768e-01,1.567509e-01
2.457964e-03,1.697333e-02,9.583553e-05,1.785855e-03,1.289849e-02,5.773157e-05
