# rmse alpha/u,rmse phic/h,rmse h/r,spread alpha/u,spread phic/h,spread h/r
3.410719e-02,1.899933e-01,3.214592e-01,1.656333e-01,2.287768e-01,1.567509e-01
3.287560e-03,1.705780e-02,6.655587e-05,2.039037e-03,1.363163e-02,5.536159e-05
