# rmse alpha/u,rmse phic/h,rmse h/r,spread alpha/u,spread phic/h,spread h/r
3.410719e-02,1.899933e-01,3.214592e-01,1.656333e-01,2.287768e-01,1.567509e-01
2.550084e-03,1.837924e-02,1.035133e-04,1.978443e-03,1.614612e-02,6.132817e-05
