# rmse alpha/u,rmse phic/h,rmse h/r,spread alpha/u,spread phic/h,spread h/r
3.410719e-02,1.899933e-01,3.214592e-01,1.656333e-01,2.287768e-01,1.567509e-01
3.379036e-03,1.800711e-02,8.678769e-05,2.346617e-03,1.799703e-02,6.618901e-05
