# rmse alpha/u,rmse phic/h,rmse h/r,spread alpha/u,spread phic/h,spread h/r
4.329475e-01,2.212242e-01,4.220703e-01,1.724500e-01,2.357833e-01,1.626367e-01
5.126496e-03,3.835181e-02,1.047718e-04,4.127449e-03,3.008848e-02,5.066660e-05
