# rmse alpha/u,rmse phic/h,rmse h/r,spread alpha/u,spread phic/h,spread h/r
4.329475e-01,2.212242e-01,4.220703e-01,1.724500e-01,2.357833e-01,1.626367e-01
6.480476e-03,3.857279e-02,8.881287e-05,4.456542e-03,3.211919e-02,5.240737e-05
