# rmse alpha/u,rmse phic/h,rmse h/r,spread alpha/u,spread phic/h,spread h/r
4.329475e-01,2.212242e-01,4.220703e-01,1.724500e-01,2.357833e-01,1.626367e-01
4.423019e-03,3.559497e-02,7.853690e-05,3.683711e-03,2.709069e-02,4.168685e-05
