# rmse alpha/u,rmse phic/h,rmse h/r,spread alpha/u,spread phic/h,spread h/r
4.329475e-01,2.212242e-01,4.220703e-01,1.724500e-01,2.357833e-01,1.626367e-01
6.489774e-03,4.468232e-02,8.768669e-05,3.277216e-03,2.517393e-02,3.733997e-05
