# rmse alpha/u,rmse phic/h,rmse h/r,spread alpha/u,spread phic/h,spread h/r
4.329475e-01,2.212242e-01,4.220703e-01,1.724500e-01,2.357833e-01,1.626367e-01
5.529034e-03,3.824840e-02,1.132932e-04,3.342354e-03,2.542696e-02,3.775446e-05
