# rmse alpha/u,rmse phic/h,rmse h/r,spread alpha/u,spread phic/h,spread h/r
2.014604e-01,9.901865e-02,1.529744e-01,1.231809e-01,9.668042e-02,5.878275e-02
2.762162e-03,2.872713e-02,6.663716e-05,2.830064e-03,2.164962e-02,5.217374e-05
