# rmse alpha/u,rmse phic/h,rmse h/r,spread alpha/u,spread phic/h,spread h/r
2.014604e-01,9.901865e-02,1.529744e-01,1.231809e-01,9.668042e-02,5.878275e-02
3.374782e-03,2.046945e-02,5.891002e-05,2.962982e-03,2.251798e-02,5.055887e-05
