# rmse alpha/u,rmse phic/h,rmse h/r,spread alpha/u,spread phic/h,spread h/r
2.014604e-01,9.901865e-02,1.529744e-01,1.231809e-01,9.668042e-02,5.878275e-02
3.860612e-03,3.246401e-02,6.925055e-05,2.969268e-03,2.299562e-02,5.382533e-05
