# rmse alpha/u,rmse phic/h,rmse h/r,spread alpha/u,spread phic/h,spread h/r
2.014604e-01,9.901865e-02,1.529744e-01,1.231809e-01,9.668042e-02,5.878275e-02
4.110800e-03,2.593044e-02,3.871805e-05,3.451451e-03,2.462383e-02,4.762336e-05
