# rmse alpha/u,rmse phic/h,rmse h/r,spread alpha/u,spread phic/h,spread h/r
4.802047e-02,2.316874e-01,5.402516e-01,1.969593e-01,1.699969e-01,1.470455e-01
2.491922e-03,1.614545e-02,5.053623e-05,1.282100e-03,8.908546e-03,2.641620e-05
