# rmse alpha/u,rmse phic/h,rmse h/r,spread alpha/u,spread phic/h,spread h/r
4.802047e-02,2.316874e-01,5.402516e-01,1.969593e-01,1.699969e-01,1.470455e-01
2.440348e-03,1.198048e-02,1.272042e-05,1.312821e-03,8.820957e-03,1.836370e-05
