# rmse alpha/u,rmse phic/h,rmse h/r,spread alpha/u,spread phic/h,spread h/r
4.802047e-02,2.316874e-01,5.402516e-01,1.969593e-01,1.699969e-01,1.470455e-01
3.703490e-03,2.053814e-02,5.042898e-05,1.758368e-03,1.297983e-02,3.088270e-05
