# rmse alpha/u,rmse phic/h,rmse h/r,spread alpha/u,spread phic/h,spread h/r
4.802047e-02,2.316874e-01,5.402516e-01,1.969593e-01,1.699969e-01,1.470455e-01
2.980804e-03,1.534085e-02,2.455054e-05,2.186523e-03,1.518919e-02,2.465807e-05
