# rmse alpha/u,rmse phic/h,rmse h/r,spread alpha/u,spread phic/h,spread h/r
4.802047e-02,2.316874e-01,5.402516e-01,1.969593e-01,1.699969e-01,1.470455e-01
3.696569e-03,1.935303e-02,3.262255e-05,2.831689e-03,2.027812e-02,3.546398e-05
