# rmse alpha/u,rmse phic/h,rmse h/r,spread alpha/u,spread phic/h,spread h/r
4.041413e-02,2.673223e-01,5.162045e-01,1.656333e-01,2.287768e-01,1.567509e-01
5.089782e-03,3.504551e-02,3.383640e-05,3.659739e-03,2.813960e-02,2.784360e-05
