# rmse alpha/u,rmse phic/h,rmse h/r,spread alpha/u,spread phic/h,spread h/r
4.041413e-02,2.673223e-01,5.162045e-01,1.656333e-01,2.287768e-01,1.567509e-01
5.090067e-03,3.880718e-02,3.148234e-05,4.241392e-03,3.352822e-02,2.735210e-05
