# rmse alpha/u,rmse phic/h,rmse h/r,spread alpha/u,spread phic/h,spread h/r
4.041413e-02,2.673223e-01,5.162045e-01,1.656333e-01,2.287768e-01,1.567509e-01
4.876563e-03,3.700392e-02,3.211385e-05,4.405195e-03,3.671240e-02,2.727004e-05
