# rmse alpha/u,rmse phic/h,rmse h/r,spread alpha/u,spread phic/h,spread h/r
4.041413e-02,2.673223e-01,5.162045e-01,1.656333e-01,2.287768e-01,1.567509e-01
5.913375e-03,4.101492e-02,2.686159e-05,4.043799e-03,3.342611e-02,2.896758e-05
