# rmse alpha/u,rmse phic/h,rmse h/r,spread alpha/u,spread phic/h,spread h/r
4.041413e-02,2.673223e-01,5.162045e-01,1.656333e-01,2.287768e-01,1.567509e-01
4.257776e-03,3.024974e-02,2.537041e-05,3.988703e-03,3.291137e-02,2.855492e-05
