# rmse alpha/u,rmse phic/h,rmse h/r,spread alpha/u,spread phic/h,spread h/r
4.041413e-02,2.673223e-01,5.162045e-01,1.656333e-01,2.287768e-01,1.567509e-01
5.707437e-03,4.459268e-02,2.977897e-05,4.181846e-03,3.645805e-02,3.229839e-05
