# rmse alpha/u,rmse phic/h,rmse h/r,spread alpha/u,spread phic/h,spread h/r
1.622657e-01,2.939774e-01,3.608925e-01,1.242292e-01,2.019602e-01,1.801946e-01
4.672737e-03,2.881018e-02,2.217690e-05,2.594869e-03,1.838140e-02,2.259846e-05
