# rmse alpha/u,rmse phic/h,rmse h/r,spread alpha/u,spread phic/h,spread h/r
1.622657e-01,2.939774e-01,3.608925e-01,1.242292e-01,2.019602e-01,1.801946e-01
4.890407e-03,2.966614e-02,2.741185e-05,3.184412e-03,2.481025e-02,2.816507e-05
