# rmse alpha/u,rmse phic/h,rmse h/r,spread alpha/u,spread phic/h,spread h/r
1.622657e-01,2.939774e-01,3.608925e-01,1.242292e-01,2.019602e-01,1.801946e-01
4.324856e-03,2.752056e-02,3.543689e-05,2.584281e-03,1.976671e-02,3.565425e-05
