# rmse alpha/u,rmse phic/h,rmse h/r,spread alpha/u,spread phic/h,spread h/r
1.622657e-01,2.939774e-01,3.608925e-01,1.242292e-01,2.019602e-01,1.801946e-01
3.948449e-03,2.857415e-02,4.095488e-05,2.222157e-03,1.778688e-02,3.480934e-05
