# rmse alpha/u,rmse phic/h,rmse h/r,spread alpha/u,spread phic/h,spread h/r
1.622657e-01,2.939774e-01,3.608925e-01,1.242292e-01,2.019602e-01,1.801946e-01
4.133359e-03,3.038240e-02,3.362021e-05,2.128653e-03,1.651604e-02,3.263148e-05
