# rmse alpha/u,rmse phic/h,rmse h/r,spread alpha/u,spread phic/h,spread h/r
1.622657e-01,2.939774e-01,3.608925e-01,1.242292e-01,2.019602e-01,1.801946e-01
4.431406e-03,2.672170e-02,2.524432e-05,2.148491e-03,1.478073e-02,2.668713e-05
