# rmse alpha/u,rmse phic/h,rmse h/r,spread alpha/u,spread phic/h,spread h/r
1.622657e-01,2.939774e-01,3.608925e-01,1.242292e-01,2.019602e-01,1.801946e-01
3.928415e-03,2.622754e-02,2.970595e-05,2.477233e-03,1.724790e-02,3.104291e-05
