# rmse alpha/u,rmse phic/h,rmse h/r,spread alpha/u,spread phic/h,spread h/r
1.622657e-01,2.939774e-01,3.608925e-01,1.242292e-01,2.019602e-01,1.801946e-01
3.224607e-03,1.517751e-02,2.521120e-05,1.792243e-03,1.250323e-02,2.736377e-05
