# rmse alpha/u,rmse phic/h,rmse h/r,spread alpha/u,spread phic/h,spread h/r
1.263071e-01,9.432913e-04,1.122189e-02,1.987261e-01,2.146912e-01,1.885250e-01
2.723906e-03,1.630474e-02,3.244076e-05,1.342057e-03,9.100553e-03,3.394662e-05
