# rmse alpha/u,rmse phic/h,rmse h/r,spread alpha/u,spread phic/h,spread h/r
1.263071e-01,9.432913e-04,1.122189e-02,1.987261e-01,2.146912e-01,1.885250e-01
3.043648e-03,1.733527e-02,3.857302e-05,2.322424e-03,1.643934e-02,4.071106e-05
