# rmse alpha/u,rmse phic/h,rmse h/r,spread alpha/u,spread phic/h,spread h/r
1.263071e-01,9.432913e-04,1.122189e-02,1.987261e-01,2.146912e-01,1.885250e-01
3.164048e-03,2.282647e-02,4.706911e-05,1.884147e-03,1.377428e-02,4.148913e-05
