# rmse alpha/u,rmse phic/h,rmse h/r,spread alpha/u,spread phic/h,spread h/r
1.263071e-01,9.432913e-04,1.122189e-02,1.987261e-01,2.146912e-01,1.885250e-01
2.527607e-03,1.653309e-02,4.633024e-05,2.043838e-03,1.478715e-02,4.018267e-05
