# rmse alpha/u,rmse phic/h,rmse h/r,spread alpha/u,spread phic/h,spread h/r
1.263071e-01,9.432913e-04,1.122189e-02,1.987261e-01,2.146912e-01,1.885250e-01
2.960451e-03,1.792559e-02,3.841607e-05,1.786491e-03,1.186640e-02,3.602184e-05
