# rmse alpha/u,rmse phic/h,rmse h/r,spread alpha/u,spread phic/h,spread h/r
1.263071e-01,9.432913e-04,1.122189e-02,1.987261e-01,2.146912e-01,1.885250e-01
2.863004e-03,2.149010e-02,4.189289e-05,2.060575e-03,1.502889e-02,3.866553e-05
