# rmse alpha/u,rmse phic/h,rmse h/r,spread alpha/u,spread phic/h,spread h/r
1.263071e-01,9.432913e-04,1.122189e-02,1.987261e-01,2.146912e-01,1.885250e-01
3.184718e-03,1.837723e-02,3.355906e-05,2.047819e-03,1.437147e-02,3.158195e-05
