# rmse alpha/u,rmse phic/h,rmse h/r,spread alpha/u,spread phic/h,spread h/r
1.263071e-01,9.432913e-04,1.122189e-02,1.987261e-01,2.146912e-01,1.885250e-01
3.962970e-03,2.162520e-02,4.656756e-05,2.841041e-03,1.928484e-02,3.469290e-05
