# rmse alpha/u,rmse phic/h,rmse h/r,spread alpha/u,spread phic/h,spread h/r
1.263071e-01,9.432913e-04,1.122189e-02,1.987261e-01,2.146912e-01,1.885250e-01
4.648732e-03,2.561278e-02,4.872681e-05,3.184979e-03,2.094702e-02,4.146663e-05
