# rmse alpha/u,rmse phic/h,rmse h/r,spread alpha/u,spread phic/h,spread h/r
2.029324e-01,2.328321e-01,2.078461e-01,1.795250e-01,2.190449e-01,1.813643e-01
9.685603e-04,7.289084e-03,3.064085e-05,1.083699e-03,7.700209e-03,4.885345e-05
