# rmse alpha/u,rmse phic/h,rmse h/r,spread alpha/u,spread phic/h,spread h/r
2.029324e-01,2.328321e-01,2.078461e-01,1.795250e-01,2.190449e-01,1.813643e-01
2.784954e-03,1.623205e-02,4.160213e-05,1.366685e-03,9.727876e-03,5.114574e-05
