# rmse alpha/u,rmse phic/h,rmse h/r,spread alpha/u,spread phic/h,spread h/r
2.029324e-01,2.328321e-01,2.078461e-01,1.795250e-01,2.190449e-01,1.813643e-01
2.339120e-03,1.265747e-02,3.361804e-05,1.231708e-03,8.584001e-03,4.928457e-05
