# rmse alpha/u,rmse phic/h,rmse h/r,spread alpha/u,spread phic/h,spread h/r
2.029324e-01,2.328321e-01,2.078461e-01,1.795250e-01,2.190449e-01,1.813643e-01
8.733535e-04,6.554179e-03,2.578214e-05,8.399305e-04,6.592553e-03,4.676134e-05
