# rmse alpha/u,rmse phic/h,rmse h/r,spread alpha/u,spread phic/h,spread h/r
2.316747e-02,2.307727e-03,3.524644e-03,1.320857e-01,6.164960e-02,8.844515e-02
3.565390e-03,2.459901e-02,4.534700e-05,2.760135e-03,1.981484e-02,3.927986e-05
