# rmse alpha/u,rmse phic/h,rmse h/r,spread alpha/u,spread phic/h,spread h/r
2.316747e-02,2.307727e-03,3.524644e-03,1.320857e-01,6.164960e-02,8.844515e-02
3.611256e-03,1.827875e-02,2.573164e-05,3.067658e-03,2.147888e-02,3.427788e-05
