# rmse alpha/u,rmse phic/h,rmse h/r,spread alpha/u,spread phic/h,spread h/r
1.468787e-01,4.138626e-01,5.282756e-01,2.064906e-01,1.899857e-01,1.562718e-01
3.520784e-03,1.721955e-02,2.436412e-05,2.525838e-03,1.723346e-02,2.511633e-05
