# rmse alpha/u,rmse phic/h,rmse h/r,spread alpha/u,spread phic/h,spread h/r
1.468787e-01,4.138626e-01,5.282756e-01,2.064906e-01,1.899857e-01,1.562718e-01
3.930131e-03,2.455713e-02,2.698406e-05,3.106237e-03,2.332790e-02,3.611114e-05
