# rmse alpha/u,rmse phic/h,rmse h/r,spread alpha/u,spread phic/h,spread h/r
1.468787e-01,4.138626e-01,5.282756e-01,2.064906e-01,1.899857e-01,1.562718e-01
4.064912e-03,3.004123e-02,4.152794e-05,3.217208e-03,2.356806e-02,3.788611e-05
