# rmse alpha/u,rmse phic/h,rmse h/r,spread alpha/u,spread phic/h,spread h/r
1.468787e-01,4.138626e-01,5.282756e-01,2.064906e-01,1.899857e-01,1.562718e-01
3.854298e-03,2.565042e-02,4.416583e-05,2.943926e-03,2.192304e-02,3.878761e-05
