# rmse alpha/u,rmse phic/h,rmse h/r,spread alpha/u,spread phic/h,spread h/r
1.468787e-01,4.138626e-01,5.282756e-01,2.064906e-01,1.899857e-01,1.562718e-01
2.989747e-03,1.638222e-02,3.643113e-05,2.225553e-03,1.564728e-02,3.265009e-05
