# rmse alpha/u,rmse phic/h,rmse h/r,spread alpha/u,spread phic/h,spread h/r
1.468787e-01,4.138626e-01,5.282756e-01,2.064906e-01,1.899857e-01,1.562718e-01
3.799925e-03,1.737350e-02,3.233253e-05,1.975355e-03,1.304384e-02,2.637939e-05
