# rmse alpha/u,rmse phic/h,rmse h/r,spread alpha/u,spread phic/h,spread h/r
1.468787e-01,4.138626e-01,5.282756e-01,2.064906e-01,1.899857e-01,1.562718e-01
3.378035e-03,2.450140e-02,4.188343e-05,2.216486e-03,1.549235e-02,3.057626e-05
