# rmse alpha/u,rmse phic/h,rmse h/r,spread alpha/u,spread phic/h,spread h/r
6.341600e-02,1.330479e-01,1.827661e-01,2.029553e-01,2.401346e-01,2.180772e-01
5.231761e-03,3.021975e-02,1.465709e-04,3.724821e-03,2.779203e-02,8.531571e-05
