# rmse alpha/u,rmse phic/h,rmse h/r,spread alpha/u,spread phic/h,spread h/r
6.341600e-02,1.330479e-01,1.827661e-01,2.029553e-01,2.401346e-01,2.180772e-01
4.420232e-03,2.579418e-02,1.420862e-04,3.321941e-03,2.430416e-02,8.008344e-05
