# rmse alpha/u,rmse phic/h,rmse h/r,spread alpha/u,spread phic/h,spread h/r
6.341600e-02,1.330479e-01,1.827661e-01,2.029553e-01,2.401346e-01,2.180772e-01
4.146255e-03,2.310441e-02,1.174629e-04,2.968014e-03,1.973466e-02,6.922131e-05
