# rmse alpha/u,rmse phic/h,rmse h/r,spread alpha/u,spread phic/h,spread h/r
6.341600e-02,1.330479e-01,1.827661e-01,2.029553e-01,2.401346e-01,2.180772e-01
5.692473e-03,3.302641e-02,1.207841e-04,3.134332e-03,2.069607e-02,7.467526e-05
