# rmse alpha/u,rmse phic/h,rmse h/r,spread alpha/u,spread phic/h,spread h/r
6.341600e-02,1.330479e-01,1.827661e-01,2.029553e-01,2.401346e-01,2.180772e-01
4.000048e-03,2.177864e-02,1.108388e-04,2.781035e-03,1.855359e-02,7.270853e-05
