# rmse alpha/u,rmse phic/h,rmse h/r,spread alpha/u,spread phic/h,spread h/r
6.341600e-02,1.330479e-01,1.827661e-01,2.029553e-01,2.401346e-01,2.180772e-01
3.658491e-03,1.834578e-02,9.837194e-05,2.866430e-03,1.861228e-02,6.596062e-05
