# rmse alpha/u,rmse phic/h,rmse h/r,spread alpha/u,spread phic/h,spread h/r
6.246953e-02,9.087045e-02,3.528693e-02,2.014417e-01,2.219743e-01,1.900285e-01
2.657465e-03,1.645633e-02,4.019747e-05,2.018797e-03,1.435465e-02,3.871140e-05
