# rmse alpha/u,rmse phic/h,rmse h/r,spread alpha/u,spread phic/h,spread h/r
6.246953e-02,9.087045e-02,3.528693e-02,2.014417e-01,2.219743e-01,1.900285e-01
3.936785e-03,2.533204e-02,5.987682e-05,2.959060e-03,2.168134e-02,5.060365e-05
