# rmse alpha/u,rmse phic/h,rmse h/r,spread alpha/u,spread phic/h,spread h/r
6.246953e-02,9.087045e-02,3.528693e-02,2.014417e-01,2.219743e-01,1.900285e-01
3.401864e-03,2.199095e-02,6.003668e-05,1.932553e-03,1.412786e-02,4.315082e-05
