# rmse alpha/u,rmse phic/h,rmse h/r,spread alpha/u,spread phic/h,spread h/r
6.246953e-02,9.087045e-02,3.528693e-02,2.014417e-01,2.219743e-01,1.900285e-01
2.213414e-03,1.246987e-02,4.100686e-05,1.860258e-03,1.271386e-02,3.681423e-05
