# rmse alpha/u,rmse phic/h,rmse h/r,spread alpha/u,spread phic/h,spread h/r
6.246953e-02,9.087045e-02,3.528693e-02,2.014417e-01,2.219743e-01,1.900285e-01
2.387867e-03,1.283532e-02,3.983648e-05,1.893072e-03,1.289622e-02,3.702749e-05
