# rmse alpha/u,rmse phic/h,rmse h/r,spread alpha/u,spread phic/h,spread h/r
6.246953e-02,9.087045e-02,3.528693e-02,2.014417e-01,2.219743e-01,1.900285e-01
2.138572e-03,1.302409e-02,3.819548e-05,2.498868e-03,1.600750e-02,3.706530e-05
