# rmse alpha/u,rmse phic/h,rmse h/r,spread alpha/u,spread phic/h,spread h/r
6.246953e-02,9.087045e-02,3.528693e-02,2.014417e-01,2.219743e-01,1.900285e-01
2.949641e-03,1.837739e-02,5.362515e-05,2.156067e-03,1.480900e-02,4.488787e-05
