# rmse alpha/u,rmse phic/h,rmse h/r,spread alpha/u,spread phic/h,spread h/r
6.374164e-01,4.529797e-01,5.199561e-01,1.973023e-01,1.840877e-01,1.996707e-01
2.859685e-03,1.748016e-02,3.819354e-05,2.521727e-03,1.747543e-02,2.493809e-05
