# rmse alpha/u,rmse phic/h,rmse h/r,spread alpha/u,spread phic/h,spread h/r
6.374164e-01,4.529797e-01,5.199561e-01,1.973023e-01,1.840877e-01,1.996707e-01
2.873068e-03,1.685642e-02,3.957892e-05,2.464426e-03,1.683869e-02,2.477482e-05
