# rmse alpha/u,rmse phic/h,rmse h/r,spread alpha/u,spread phic/h,spread h/r
6.374164e-01,4.529797e-01,5.199561e-01,1.973023e-01,1.840877e-01,1.996707e-01
3.157146e-03,1.896233e-02,3.550796e-05,2.685076e-03,1.810173e-02,2.201922e-05
