# rmse alpha/u,rmse phic/h,rmse h/r,spread alpha/u,spread phic/h,spread h/r
6.374164e-01,4.529797e-01,5.199561e-01,1.973023e-01,1.840877e-01,1.996707e-01
3.105402e-03,1.717161e-02,4.347346e-05,2.087726e-03,1.352228e-02,2.034509e-05
