# rmse alpha/u,rmse phic/h,rmse h/r,spread alpha/u,spread phic/h,spread h/r
7.218946e-02,7.786310e-02,3.369598e-02,2.003257e-01,1.978003e-01,1.815101e-01
8.650115e-04,7.196507e-03,1.023784e-04,8.441061e-04,6.542606e-03,1.515491e-05
