# rmse alpha/u,rmse phic/h,rmse h/r,spread alpha/u,spread phic/h,spread h/r
7.218946e-02,7.786310e-02,3.369598e-02,2.003257e-01,1.978003e-01,1.815101e-01
9.179377e-04,7.273203e-03,1.104962e-04,8.519018e-04,6.544350e-03,1.707072e-05
