# rmse alpha/u,rmse phic/h,rmse h/r,spread alpha/u,spread phic/h,spread h/r
7.218946e-02,7.786310e-02,3.369598e-02,2.003257e-01,1.978003e-01,1.815101e-01
2.994700e-03,1.277854e-02,1.006529e-04,8.876683e-04,6.770898e-03,1.438329e-05
