# rmse alpha/u,rmse phic/h,rmse h/r,spread alpha/u,spread phic/h,spread h/r
1.201645e-01,1.804291e-01,2.403525e-01,2.007666e-01,2.380345e-01,2.181955e-01
4.750412e-03,2.701299e-02,1.142553e-04,3.325965e-03,2.320447e-02,5.456685e-05
