# rmse alpha/u,rmse phic/h,rmse h/r,spread alpha/u,spread phic/h,spread h/r
1.201645e-01,1.804291e-01,2.403525e-01,2.007666e-01,2.380345e-01,2.181955e-01
4.442096e-03,3.298032e-02,1.004408e-04,2.806348e-03,2.009070e-02,4.600747e-05
