# rmse alpha/u,rmse phic/h,rmse h/r,spread alpha/u,spread phic/h,spread h/r
1.572433e-01,2.282898e-01,1.486546e-01,1.247299e-01,2.016558e-01,1.417906e-01
9.163736e-04,7.804878e-03,1.108018e-04,7.698062e-04,5.835599e-03,1.228258e-05
