# rmse alpha/u,rmse phic/h,rmse h/r,spread alpha/u,spread phic/h,spread h/r
1.572433e-01,2.282898e-01,1.486546e-01,1.247299e-01,2.016558e-01,1.417906e-01
9.470920e-04,1.080514e-02,1.430543e-04,7.596287e-04,5.905160e-03,1.670300e-05
