# rmse alpha/u,rmse phic/h,rmse h/r,spread alpha/u,spread phic/h,spread h/r
1.572433e-01,2.282898e-01,1.486546e-01,1.247299e-01,2.016558e-01,1.417906e-01
8.484286e-04,7.861653e-03,1.343143e-04,7.349467e-04,5.829563e-03,1.543776e-05
