# rmse alpha/u,rmse phic/h,rmse h/r,spread alpha/u,spread phic/h,spread h/r
1.572433e-01,2.282898e-01,1.486546e-01,1.247299e-01,2.016558e-01,1.417906e-01
7.645087e-04,6.420534e-03,1.164624e-04,7.200234e-04,5.515266e-03,1.264267e-05
