# rmse alpha/u,rmse phic/h,rmse h/r,spread alpha/u,spread phic/h,spread h/r
1.572433e-01,2.282898e-01,1.486546e-01,1.247299e-01,2.016558e-01,1.417906e-01
1.308025e-03,1.649170e-02,1.328425e-04,8.138392e-04,5.989430e-03,1.361857e-05
