# rmse alpha/u,rmse phic/h,rmse h/r,spread alpha/u,spread phic/h,spread h/r
1.572433e-01,2.282898e-01,1.486546e-01,1.247299e-01,2.016558e-01,1.417906e-01
9.093564e-04,7.874407e-03,1.158532e-04,7.639568e-04,5.871097e-03,1.747271e-05
