# rmse alpha/u,rmse phic/h,rmse h/r,spread alpha/u,spread phic/h,spread h/r
2.297269e-01,3.639714e-01,5.954417e-01,1.837476e-01,2.443896e-01,2.064901e-01
9.103597e-04,7.550305e-03,2.156310e-04,8.658528e-04,6.693903e-03,1.501754e-05
