# rmse alpha/u,rmse phic/h,rmse h/r,spread alpha/u,spread phic/h,spread h/r
2.297269e-01,3.639714e-01,5.954417e-01,1.837476e-01,2.443896e-01,2.064901e-01
8.999023e-04,7.032982e-03,2.165700e-04,8.643470e-04,6.790509e-03,1.917926e-05
