# rmse alpha/u,rmse phic/h,rmse h/r,spread alpha/u,spread phic/h,spread h/r
2.297269e-01,3.639714e-01,5.954417e-01,1.837476e-01,2.443896e-01,2.064901e-01
9.055256e-04,7.383071e-03,2.170973e-04,8.487639e-04,6.727882e-03,1.990568e-05
