# rmse alpha/u,rmse phic/h,rmse h/r,spread alpha/u,spread phic/h,spread h/r
2.289980e-02,5.384521e-03,2.082816e-02,9.077290e-02,7.775305e-02,7.738436e-02
4.578385e-03,3.102169e-02,2.607246e-05,2.899874e-03,1.965242e-02,2.807362e-05
