# rmse alpha/u,rmse phic/h,rmse h/r,spread alpha/u,spread phic/h,spread h/r
2.289980e-02,5.384521e-03,2.082816e-02,9.077290e-02,7.775305e-02,7.738436e-02
4.094850e-03,2.538161e-02,2.719561e-05,2.944996e-03,2.172977e-02,2.700401e-05
