# rmse alpha/u,rmse phic/h,rmse h/r,spread alpha/u,spread phic/h,spread h/r
2.289980e-02,5.384521e-03,2.082816e-02,9.077290e-02,7.775305e-02,7.738436e-02
4.397544e-03,3.190300e-02,3.742860e-05,3.157989e-03,2.481565e-02,3.621265e-05
