# rmse alpha/u,rmse phic/h,rmse h/r,spread alpha/u,spread phic/h,spread h/r
2.289980e-02,5.384521e-03,2.082816e-02,9.077290e-02,7.775305e-02,7.738436e-02
4.043161e-03,2.194295e-02,3.294273e-05,2.666236e-03,1.804288e-02,3.120501e-05
