# rmse alpha/u,rmse phic/h,rmse h/r,spread alpha/u,spread phic/h,spread h/r
2.289980e-02,5.384521e-03,2.082816e-02,9.077290e-02,7.775305e-02,7.738436e-02
3.470426e-03,2.866924e-02,3.585614e-05,2.149099e-03,1.590418e-02,3.276552e-05
