# rmse alpha/u,rmse phic/h,rmse h/r,spread alpha/u,spread phic/h,spread h/r
2.289980e-02,5.384521e-03,2.082816e-02,9.077290e-02,7.775305e-02,7.738436e-02
4.040326e-03,2.573100e-02,3.081265e-05,2.116834e-03,1.454770e-02,2.949301e-05
