# rmse alpha/u,rmse phic/h,rmse h/r,spread alpha/u,spread phic/h,spread h/r
1.228641e-01,1.018923e-01,5.686569e-03,2.011122e-01,2.284813e-01,1.938860e-01
4.428729e-03,2.515373e-02,4.610755e-05,2.758958e-03,1.771047e-02,2.741893e-05
