# rmse alpha/u,rmse phic/h,rmse h/r,spread alpha/u,spread phic/h,spread h/r
1.228641e-01,1.018923e-01,5.686569e-03,2.011122e-01,2.284813e-01,1.938860e-01
5.155611e-03,2.931558e-02,4.720516e-05,3.613682e-03,2.363004e-02,2.857541e-05
