# rmse alpha/u,rmse phic/h,rmse h/r,spread alpha/u,spread phic/h,spread h/r
1.228641e-01,1.018923e-01,5.686569e-03,2.011122e-01,2.284813e-01,1.938860e-01
5.730029e-03,3.129402e-02,5.715219e-05,3.356969e-03,2.277511e-02,2.875147e-05
