# rmse alpha/u,rmse phic/h,rmse h/r,spread alpha/u,spread phic/h,spread h/r
1.962099e-01,2.839398e-01,2.299232e-01,1.872850e-01,2.322742e-01,2.037886e-01
2.232232e-03,2.633496e-02,5.064817e-05,1.439718e-03,1.005822e-02,4.013091e-05
