# rmse alpha/u,rmse phic/h,rmse h/r,spread alpha/u,spread phic/h,spread h/r
1.962099e-01,2.839398e-01,2.299232e-01,1.872850e-01,2.322742e-01,2.037886e-01
2.678888e-03,1.475465e-02,4.086902e-05,2.078762e-03,1.517280e-02,4.492667e-05
