# rmse alpha/u,rmse phic/h,rmse h/r,spread alpha/u,spread phic/h,spread h/r
1.962099e-01,2.839398e-01,2.299232e-01,1.872850e-01,2.322742e-01,2.037886e-01
2.205217e-03,1.086219e-02,3.627979e-05,1.162100e-03,8.482652e-03,3.977911e-05
