# rmse alpha/u,rmse phic/h,rmse h/r,spread alpha/u,spread phic/h,spread h/r
1.962099e-01,2.839398e-01,2.299232e-01,1.872850e-01,2.322742e-01,2.037886e-01
2.958074e-03,2.006086e-02,4.289638e-05,1.796291e-03,1.222503e-02,4.040728e-05
