# rmse alpha/u,rmse phic/h,rmse h/r,spread alpha/u,spread phic/h,spread h/r
1.962099e-01,2.839398e-01,2.299232e-01,1.872850e-01,2.322742e-01,2.037886e-01
3.651562e-03,2.093274e-02,3.219480e-05,2.314795e-03,1.674387e-02,4.667407e-05
