# rmse alpha/u,rmse phic/h,rmse h/r,spread alpha/u,spread phic/h,spread h/r
8.562033e-02,1.318395e-02,4.673917e-04,2.078286e-01,2.381235e-01,1.597592e-01
3.490337e-03,2.229882e-02,5.587645e-05,2.736009e-03,1.986948e-02,6.082292e-05
