# rmse alpha/u,rmse phic/h,rmse h/r,spread alpha/u,spread phic/h,spread h/r
8.562033e-02,1.318395e-02,4.673917e-04,2.078286e-01,2.381235e-01,1.597592e-01
3.662362e-03,2.342293e-02,5.626072e-05,3.051596e-03,2.092956e-02,5.780560e-05
