# rmse alpha/u,rmse phic/h,rmse h/r,spread alpha/u,spread phic/h,spread h/r
8.562033e-02,1.318395e-02,4.673917e-04,2.078286e-01,2.381235e-01,1.597592e-01
3.295414e-03,2.057816e-02,4.822591e-05,2.432226e-03,1.645932e-02,5.430613e-05
