# rmse alpha/u,rmse phic/h,rmse h/r,spread alpha/u,spread phic/h,spread h/r
1.766300e-04,3.017808e-02,1.452174e-04,1.738920e-01,2.448466e-01,1.681315e-01
3.437730e-03,1.885708e-02,5.423115e-05,1.360582e-03,9.735581e-03,2.377968e-05
