# rmse alpha/u,rmse phic/h,rmse h/r,spread alpha/u,spread phic/h,spread h/r
1.766300e-04,3.017808e-02,1.452174e-04,1.738920e-01,2.448466e-01,1.681315e-01
2.496053e-03,1.276132e-02,5.433133e-05,9.793618e-04,7.071891e-03,2.272173e-05
