# rmse alpha/u,rmse phic/h,rmse h/r,spread alpha/u,spread phic/h,spread h/r
1.766300e-04,3.017808e-02,1.452174e-04,1.738920e-01,2.448466e-01,1.681315e-01
3.487884e-03,2.221219e-02,5.976132e-05,1.334099e-03,8.851250e-03,2.072044e-05
