# rmse alpha/u,rmse phic/h,rmse h/r,spread alpha/u,spread phic/h,spread h/r
1.228641e-01,2.068007e-02,3.246867e-02,2.011122e-01,2.284813e-01,1.938860e-01
4.862907e-03,3.471842e-02,5.397940e-05,3.004557e-03,2.134478e-02,3.268459e-05
