# rmse alpha/u,rmse phic/h,rmse h/r,spread alpha/u,spread phic/h,spread h/r
1.228641e-01,2.068007e-02,3.246867e-02,2.011122e-01,2.284813e-01,1.938860e-01
5.349388e-03,4.234408e-02,6.173216e-05,3.210180e-03,2.256042e-02,3.147399e-05
