# rmse alpha/u,rmse phic/h,rmse h/r,spread alpha/u,spread phic/h,spread h/r
1.228641e-01,2.068007e-02,3.246867e-02,2.011122e-01,2.284813e-01,1.938860e-01
5.689958e-03,3.850783e-02,6.469334e-05,4.095812e-03,2.875607e-02,3.675933e-05
