# rmse alpha/u,rmse phic/h,rmse h/r,spread alpha/u,spread phic/h,spread h/r
1.228641e-01,2.068007e-02,3.246867e-02,2.011122e-01,2.284813e-01,1.938860e-01
5.334487e-03,3.806289e-02,7.108112e-05,4.202200e-03,3.092812e-02,3.936455e-05
