# rmse alpha/u,rmse phic/h,rmse h/r,spread alpha/u,spread phic/h,spread h/r
1.228641e-01,2.068007e-02,3.246867e-02,2.011122e-01,2.284813e-01,1.938860e-01
3.747352e-03,2.999084e-02,5.976721e-05,2.840199e-03,2.006431e-02,3.498799e-05
