# rmse alpha/u,rmse phic/h,rmse h/r,spread alpha/u,spread phic/h,spread h/r
1.228641e-01,2.068007e-02,3.246867e-02,2.011122e-01,2.284813e-01,1.938860e-01
5.100096e-03,3.043193e-02,4.234147e-05,3.352134e-03,2.289834e-02,2.861312e-05
