# rmse alpha/u,rmse phic/h,rmse h/r,spread alpha/u,spread phic/h,spread h/r
1.810447e-01,5.121833e-01,4.764960e-01,1.363273e-01,2.363751e-01,1.919412e-01
8.499703e-04,6.756064e-03,2.188442e-05,8.164324e-04,6.554271e-03,4.911567e-05
