# rmse alpha/u,rmse phic/h,rmse h/r,spread alpha/u,spread phic/h,spread h/r
1.810447e-01,5.121833e-01,4.764960e-01,1.363273e-01,2.363751e-01,1.919412e-01
8.560774e-04,6.583717e-03,2.546136e-05,8.142466e-04,6.635842e-03,4.762579e-05
