# rmse alpha/u,rmse phic/h,rmse h/r,spread alpha/u,spread phic/h,spread h/r
1.810447e-01,5.121833e-01,4.764960e-01,1.363273e-01,2.363751e-01,1.919412e-01
8.101696e-04,6.242703e-03,2.069991e-05,7.903458e-04,6.189456e-03,4.661049e-05
