# rmse alpha/u,rmse phic/h,rmse h/r,spread alpha/u,spread phic/h,spread h/r
1.810447e-01,5.121833e-01,4.764960e-01,1.363273e-01,2.363751e-01,1.919412e-01
8.269223e-04,6.649589e-03,1.902115e-05,8.292711e-04,6.453949e-03,4.838084e-05
