# rmse alpha/u,rmse phic/h,rmse h/r,spread alpha/u,spread phic/h,spread h/r
1.810447e-01,5.121833e-01,4.764960e-01,1.363273e-01,2.363751e-01,1.919412e-01
8.952375e-04,7.854396e-03,2.701378e-05,8.551340e-04,6.930031e-03,5.145311e-05
