# rmse alpha/u,rmse phic/h,rmse h/r,spread alpha/u,spread phic/h,spread h/r
1.810447e-01,5.121833e-01,4.764960e-01,1.363273e-01,2.363751e-01,1.919412e-01
8.641665e-04,7.197870e-03,2.689432e-05,8.321103e-04,6.639078e-03,4.863999e-05
