# rmse alpha/u,rmse phic/h,rmse h/r,spread alpha/u,spread phic/h,spread h/r
1.810447e-01,5.121833e-01,4.764960e-01,1.363273e-01,2.363751e-01,1.919412e-01
8.852435e-04,6.490146e-03,2.766062e-05,8.572002e-04,6.869650e-03,5.259471e-05
