# rmse alpha/u,rmse phic/h,rmse h/r,spread alpha/u,spread phic/h,spread h/r
1.714069e-01,3.029641e-01,2.842520e-01,1.694780e-01,2.135560e-01,2.119639e-01
3.394392e-03,2.585633e-02,5.393104e-05,3.074182e-03,2.401833e-02,5.953381e-05
