# rmse alpha/u,rmse phic/h,rmse h/r,spread alpha/u,spread phic/h,spread h/r
1.714069e-01,3.029641e-01,2.842520e-01,1.694780e-01,2.135560e-01,2.119639e-01
2.279681e-03,1.275219e-02,4.411615e-05,2.046081e-03,1.437843e-02,5.006142e-05
