# rmse alpha/u,rmse phic/h,rmse h/r,spread alpha/u,spread phic/h,spread h/r
1.714069e-01,3.029641e-01,2.842520e-01,1.694780e-01,2.135560e-01,2.119639e-01
2.217498e-03,1.961190e-02,3.647194e-05,2.345887e-03,1.713304e-02,5.068997e-05
