# rmse alpha/u,rmse phic/h,rmse h/r,spread alpha/u,spread phic/h,spread h/r
2.467368e-01,2.174962e-01,1.930243e-01,1.813633e-01,2.153254e-01,1.756998e-01
5.133634e-03,3.068721e-02,5.145556e-05,2.710612e-03,1.963313e-02,5.345822e-05
