# rmse alpha/u,rmse phic/h,rmse h/r,spread alpha/u,spread phic/h,spread h/r
2.467368e-01,2.174962e-01,1.930243e-01,1.813633e-01,2.153254e-01,1.756998e-01
4.407273e-03,2.565767e-02,6.028642e-05,2.506643e-03,1.783182e-02,5.762413e-05
