# rmse alpha/u,rmse phic/h,rmse h/r,spread alpha/u,spread phic/h,spread h/r
1.049413e-03,1.662787e-04,3.399238e-03,1.927996e-01,2.373932e-01,2.334187e-01
3.070994e-03,1.668532e-02,6.247609e-05,1.662837e-03,1.139566e-02,4.367172e-05
