# rmse alpha/u,rmse phic/h,rmse h/r,spread alpha/u,spread phic/h,spread h/r
1.049413e-03,1.662787e-04,3.399238e-03,1.927996e-01,2.373932e-01,2.334187e-01
8.546306e-04,6.823417e-03,4.593720e-05,8.506847e-04,6.468533e-03,3.636904e-05
