# rmse alpha/u,rmse phic/h,rmse h/r,spread alpha/u,spread phic/h,spread h/r
1.049413e-03,1.662787e-04,3.399238e-03,1.927996e-01,2.373932e-01,2.334187e-01
2.907261e-03,1.349269e-02,5.224603e-05,1.277486e-03,8.999391e-03,4.038831e-05
