# rmse alpha/u,rmse phic/h,rmse h/r,spread alpha/u,spread phic/h,spread h/r
1.049413e-03,1.662787e-04,3.399238e-03,1.927996e-01,2.373932e-01,2.334187e-01
3.858111e-03,1.729124e-02,5.528509e-05,1.356475e-03,9.823084e-03,4.151839e-05
