# rmse alpha/u,rmse phic/h,rmse h/r,spread alpha/u,spread phic/h,spread h/r
1.049413e-03,1.662787e-04,3.399238e-03,1.927996e-01,2.373932e-01,2.334187e-01
1.185158e-03,7.694521e-03,4.878995e-05,1.012521e-03,7.539032e-03,3.930371e-05
