# rmse alpha/u,rmse phic/h,rmse h/r,spread alpha/u,spread phic/h,spread h/r
1.049413e-03,1.662787e-04,3.399238e-03,1.927996e-01,2.373932e-01,2.334187e-01
1.687030e-03,9.654721e-03,4.726341e-05,1.141388e-03,8.295745e-03,3.820623e-05
