# rmse alpha/u,rmse phic/h,rmse h/r,spread alpha/u,spread phic/h,spread h/r
1.054615e-01,8.919486e-02,1.177842e-01,1.927996e-01,2.373932e-01,2.334187e-01
3.708630e-03,2.944932e-02,5.169817e-05,2.308288e-03,1.744047e-02,3.160434e-05
