# rmse alpha/u,rmse phic/h,rmse h/r,spread alpha/u,spread phic/h,spread h/r
1.054615e-01,8.919486e-02,1.177842e-01,1.927996e-01,2.373932e-01,2.334187e-01
3.512847e-03,2.133271e-02,3.192096e-05,3.191200e-03,2.155922e-02,2.757382e-05
