# rmse alpha/u,rmse phic/h,rmse h/r,spread alpha/u,spread phic/h,spread h/r
1.054615e-01,8.919486e-02,1.177842e-01,1.927996e-01,2.373932e-01,2.334187e-01
5.270772e-03,2.865983e-02,3.843430e-05,2.738616e-03,1.957733e-02,3.083269e-05
