# rmse alpha/u,rmse phic/h,rmse h/r,spread alpha/u,spread phic/h,spread h/r
1.054615e-01,8.919486e-02,1.177842e-01,1.927996e-01,2.373932e-01,2.334187e-01
4.359163e-03,2.574203e-02,4.150371e-05,3.084256e-03,2.294575e-02,3.377992e-05
