# rmse alpha/u,rmse phic/h,rmse h/r,spread alpha/u,spread phic/h,spread h/r
1.054615e-01,8.919486e-02,1.177842e-01,1.927996e-01,2.373932e-01,2.334187e-01
4.448584e-03,3.995009e-02,4.938265e-05,2.985395e-03,2.272705e-02,3.537907e-05
