# rmse alpha/u,rmse phic/h,rmse h/r,spread alpha/u,spread phic/h,spread h/r
1.500152e-01,2.069290e-01,3.016279e-01,1.451876e-01,1.741849e-01,2.207417e-01
4.428197e-03,2.680862e-02,4.511829e-05,3.385191e-03,2.471356e-02,4.456645e-05
