# rmse alpha/u,rmse phic/h,rmse h/r,spread alpha/u,spread phic/h,spread h/r
1.500152e-01,2.069290e-01,3.016279e-01,1.451876e-01,1.741849e-01,2.207417e-01
3.952126e-03,2.564902e-02,4.286914e-05,3.409411e-03,2.562468e-02,4.693647e-05
