# rmse alpha/u,rmse phic/h,rmse h/r,spread alpha/u,spread phic/h,spread h/r
1.500152e-01,2.069290e-01,3.016279e-01,1.451876e-01,1.741849e-01,2.207417e-01
3.961294e-03,2.425409e-02,3.830124e-05,2.505238e-03,1.714564e-02,4.228141e-05
