# rmse alpha/u,rmse phic/h,rmse h/r,spread alpha/u,spread phic/h,spread h/r
1.500152e-01,2.069290e-01,3.016279e-01,1.451876e-01,1.741849e-01,2.207417e-01
4.298503e-03,2.390259e-02,3.808791e-05,2.291821e-03,1.567569e-02,4.389294e-05
