# rmse alpha/u,rmse phic/h,rmse h/r,spread alpha/u,spread phic/h,spread h/r
1.500152e-01,2.069290e-01,3.016279e-01,1.451876e-01,1.741849e-01,2.207417e-01
2.813761e-03,1.723637e-02,3.964671e-05,2.082634e-03,1.387106e-02,4.291131e-05
