# rmse alpha/u,rmse phic/h,rmse h/r,spread alpha/u,spread phic/h,spread h/r
1.500152e-01,2.069290e-01,3.016279e-01,1.451876e-01,1.741849e-01,2.207417e-01
3.616461e-03,2.163131e-02,4.812839e-05,2.463465e-03,1.756587e-02,4.582429e-05
