# rmse alpha/u,rmse phic/h,rmse h/r,spread alpha/u,spread phic/h,spread h/r
1.909819e-03,2.837716e-02,7.360702e-04,1.724500e-01,2.357833e-01,1.626367e-01
8.317814e-04,5.820397e-03,2.676409e-05,7.633198e-04,5.870789e-03,2.202910e-05
