# rmse alpha/u,rmse phic/h,rmse h/r,spread alpha/u,spread phic/h,spread h/r
1.909819e-03,2.837716e-02,7.360702e-04,1.724500e-01,2.357833e-01,1.626367e-01
2.814595e-03,1.660943e-02,4.295682e-05,1.381945e-03,9.163713e-03,2.847497e-05
