# rmse alpha/u,rmse phic/h,rmse h/r,spread alpha/u,spread phic/h,spread h/r
1.909819e-03,2.837716e-02,7.360702e-04,1.724500e-01,2.357833e-01,1.626367e-01
8.298551e-04,8.726707e-03,3.130752e-05,7.543323e-04,6.039845e-03,2.332612e-05
