# rmse alpha/u,rmse phic/h,rmse h/r,spread alpha/u,spread phic/h,spread h/r
1.909819e-03,2.837716e-02,7.360702e-04,1.724500e-01,2.357833e-01,1.626367e-01
8.650214e-04,6.876766e-03,2.507948e-05,7.798582e-04,6.095540e-03,2.270986e-05
