# rmse alpha/u,rmse phic/h,rmse h/r,spread alpha/u,spread phic/h,spread h/r
1.730242e-04,2.666806e-02,1.423163e-03,1.528030e-01,2.300859e-01,2.171024e-01
1.507463e-03,8.605691e-03,2.422930e-05,9.286888e-04,7.100848e-03,4.536614e-05
