# rmse alpha/u,rmse phic/h,rmse h/r,spread alpha/u,spread phic/h,spread h/r
1.730242e-04,2.666806e-02,1.423163e-03,1.528030e-01,2.300859e-01,2.171024e-01
1.546952e-03,1.337614e-02,3.165307e-05,1.232238e-03,8.704074e-03,4.635992e-05
