# rmse alpha/u,rmse phic/h,rmse h/r,spread alpha/u,spread phic/h,spread h/r
1.730242e-04,2.666806e-02,1.423163e-03,1.528030e-01,2.300859e-01,2.171024e-01
4.354902e-03,1.921373e-02,3.295728e-05,1.549697e-03,1.135768e-02,5.128042e-05
