# rmse alpha/u,rmse phic/h,rmse h/r,spread alpha/u,spread phic/h,spread h/r
1.730242e-04,2.666806e-02,1.423163e-03,1.528030e-01,2.300859e-01,2.171024e-01
8.891089e-04,6.877510e-03,2.058497e-05,8.500746e-04,6.780832e-03,4.429224e-05
