# rmse alpha/u,rmse phic/h,rmse h/r,spread alpha/u,spread phic/h,spread h/r
1.730242e-04,2.666806e-02,1.423163e-03,1.528030e-01,2.300859e-01,2.171024e-01
2.721339e-03,2.055796e-02,3.669360e-05,1.267791e-03,1.021341e-02,5.027859e-05
