# rmse alpha/u,rmse phic/h,rmse h/r,spread alpha/u,spread phic/h,spread h/r
1.730242e-04,2.666806e-02,1.423163e-03,1.528030e-01,2.300859e-01,2.171024e-01
1.033542e-03,6.947987e-03,2.253245e-05,8.887163e-04,6.949773e-03,4.579337e-05
