# rmse alpha/u,rmse phic/h,rmse h/r,spread alpha/u,spread phic/h,spread h/r
1.730242e-04,2.666806e-02,1.423163e-03,1.528030e-01,2.300859e-01,2.171024e-01
1.786829e-03,1.146233e-02,3.105101e-05,1.237638e-03,8.840127e-03,4.849938e-05
