# rmse alpha/u,rmse phic/h,rmse h/r,spread alpha/u,spread phic/h,spread h/r
2.718577e-01,1.673188e-01,1.338683e-01,1.138600e-01,9.807079e-02,6.860277e-02
3.745052e-03,2.331269e-02,6.334716e-05,2.055464e-03,1.460597e-02,4.641093e-05
