# rmse alpha/u,rmse phic/h,rmse h/r,spread alpha/u,spread phic/h,spread h/r
2.718577e-01,1.673188e-01,1.338683e-01,1.138600e-01,9.807079e-02,6.860277e-02
2.928136e-03,1.973131e-02,5.564479e-05,1.900953e-03,1.281855e-02,4.231598e-05
