# rmse alpha/u,rmse phic/h,rmse h/r,spread alpha/u,spread phic/h,spread h/r
2.718577e-01,1.673188e-01,1.338683e-01,1.138600e-01,9.807079e-02,6.860277e-02
3.041704e-03,1.499596e-02,4.658043e-05,1.716092e-03,1.191334e-02,4.102308e-05
