# rmse alpha/u,rmse phic/h,rmse h/r,spread alpha/u,spread phic/h,spread h/r
2.718577e-01,1.673188e-01,1.338683e-01,1.138600e-01,9.807079e-02,6.860277e-02
2.752662e-03,1.454504e-02,4.498995e-05,2.096952e-03,1.526995e-02,4.636860e-05
