# rmse alpha/u,rmse phic/h,rmse h/r,spread alpha/u,spread phic/h,spread h/r
2.718577e-01,1.673188e-01,1.338683e-01,1.138600e-01,9.807079e-02,6.860277e-02
2.764708e-03,2.048798e-02,4.264468e-05,2.353248e-03,1.635424e-02,4.527064e-05
