# rmse alpha/u,rmse phic/h,rmse h/r,spread alpha/u,spread phic/h,spread h/r
2.718577e-01,1.673188e-01,1.338683e-01,1.138600e-01,9.807079e-02,6.860277e-02
2.057822e-03,1.879089e-02,4.131679e-05,2.005535e-03,1.420351e-02,4.464316e-05
