# rmse alpha/u,rmse phic/h,rmse h/r,spread alpha/u,spread phic/h,spread h/r
5.032869e-03,7.296984e-03,2.840966e-02,1.349982e-01,1.566507e-01,1.571949e-01
8.623389e-04,7.111085e-03,3.822154e-05,8.726116e-04,7.017643e-03,5.605546e-05
