# rmse alpha/u,rmse phic/h,rmse h/r,spread alpha/u,spread phic/h,spread h/r
5.032869e-03,7.296984e-03,2.840966e-02,1.349982e-01,1.566507e-01,1.571949e-01
7.944749e-04,6.408081e-03,1.766727e-05,8.084994e-04,6.400739e-03,5.178707e-05
