# rmse alpha/u,rmse phic/h,rmse h/r,spread alpha/u,spread phic/h,spread h/r
1.228216e-02,1.117146e-02,3.755467e-02,1.998748e-01,2.301536e-01,1.754288e-01
2.752403e-03,2.317953e-02,4.734935e-05,2.477698e-03,1.740529e-02,4.675524e-05
