# rmse alpha/u,rmse phic/h,rmse h/r,spread alpha/u,spread phic/h,spread h/r
1.228216e-02,1.117146e-02,3.755467e-02,1.998748e-01,2.301536e-01,1.754288e-01
3.762026e-03,2.624525e-02,5.419603e-05,3.265535e-03,2.448837e-02,5.678913e-05
