# rmse alpha/u,rmse phic/h,rmse h/r,spread alpha/u,spread phic/h,spread h/r
1.228216e-02,1.117146e-02,3.755467e-02,1.998748e-01,2.301536e-01,1.754288e-01
4.096546e-03,3.351233e-02,5.372170e-05,3.258605e-03,2.469857e-02,5.828211e-05
