# rmse alpha/u,rmse phic/h,rmse h/r,spread alpha/u,spread phic/h,spread h/r
1.228216e-02,1.117146e-02,3.755467e-02,1.998748e-01,2.301536e-01,1.754288e-01
6.167047e-03,4.196309e-02,8.016870e-05,2.592075e-03,2.029550e-02,5.560379e-05
