# rmse alpha/u,rmse phic/h,rmse h/r,spread alpha/u,spread phic/h,spread h/r
1.228216e-02,1.117146e-02,3.755467e-02,1.998748e-01,2.301536e-01,1.754288e-01
3.163797e-03,2.250097e-02,6.099521e-05,2.599698e-03,1.899030e-02,5.627309e-05
