# rmse alpha/u,rmse phic/h,rmse h/r,spread alpha/u,spread phic/h,spread h/r
1.228216e-02,1.117146e-02,3.755467e-02,1.998748e-01,2.301536e-01,1.754288e-01
3.281111e-03,2.046887e-02,5.955743e-05,2.311613e-03,1.736265e-02,5.334413e-05
