# rmse alpha/u,rmse phic/h,rmse h/r,spread alpha/u,spread phic/h,spread h/r
1.197608e-02,4.893422e-02,1.434771e-02,1.969593e-01,1.699969e-01,1.470455e-01
4.345237e-03,2.340163e-02,5.606970e-05,1.949346e-03,1.362433e-02,3.760575e-05
