# rmse alpha/u,rmse phic/h,rmse h/r,spread alpha/u,spread phic/h,spread h/r
1.197608e-02,4.893422e-02,1.434771e-02,1.969593e-01,1.699969e-01,1.470455e-01
1.516758e-03,1.815076e-02,4.726580e-05,1.409149e-03,1.002078e-02,3.253582e-05
