# rmse alpha/u,rmse phic/h,rmse h/r,spread alpha/u,spread phic/h,spread h/r
1.197608e-02,4.893422e-02,1.434771e-02,1.969593e-01,1.699969e-01,1.470455e-01
1.847491e-03,1.573691e-02,4.092502e-05,1.553368e-03,1.106252e-02,3.727491e-05
