# rmse alpha/u,rmse phic/h,rmse h/r,spread alpha/u,spread phic/h,spread h/r
2.428066e-02,1.800721e-01,3.105589e-01,1.475959e-01,2.227898e-01,1.507363e-01
3.742263e-03,2.269518e-02,7.062569e-05,2.140636e-03,1.494494e-02,5.123397e-05
