# rmse alpha/u,rmse phic/h,rmse h/r,spread alpha/u,spread phic/h,spread h/r
2.428066e-02,1.800721e-01,3.105589e-01,1.475959e-01,2.227898e-01,1.507363e-01
3.592554e-03,1.800014e-02,8.136525e-05,1.901657e-03,1.340703e-02,5.241520e-05
