# rmse alpha/u,rmse phic/h,rmse h/r,spread alpha/u,spread phic/h,spread h/r
2.428066e-02,1.800721e-01,3.105589e-01,1.475959e-01,2.227898e-01,1.507363e-01
2.555017e-03,1.676179e-02,1.059471e-04,1.915040e-03,1.483343e-02,5.416605e-05
