# rmse alpha/u,rmse phic/h,rmse h/r,spread alpha/u,spread phic/h,spread h/r
2.428066e-02,1.800721e-01,3.105589e-01,1.475959e-01,2.227898e-01,1.507363e-01
2.591952e-03,1.565124e-02,9.932851e-05,1.667263e-03,1.283453e-02,5.432803e-05
