# rmse alpha/u,rmse phic/h,rmse h/r,spread alpha/u,spread phic/h,spread h/r
2.428066e-02,1.800721e-01,3.105589e-01,1.475959e-01,2.227898e-01,1.507363e-01
1.684139e-03,1.290128e-02,6.464861e-05,1.465419e-03,1.073495e-02,5.097003e-05
