# rmse alpha/u,rmse phic/h,rmse h/r,spread alpha/u,spread phic/h,spread h/r
2.428066e-02,1.800721e-01,3.105589e-01,1.475959e-01,2.227898e-01,1.507363e-01
2.737669e-03,1.280709e-02,7.586082e-05,2.203066e-03,1.532007e-02,5.776466e-05
