# rmse alpha/u,rmse phic/h,rmse h/r,spread alpha/u,spread phic/h,spread h/r
1.120036e-01,3.346956e-02,3.235040e-02,1.924102e-01,2.240646e-01,1.932937e-01
3.819531e-03,2.637527e-02,6.334299e-05,3.183704e-03,2.317643e-02,5.369959e-05
