# rmse alpha/u,rmse phic/h,rmse h/r,spread alpha/u,spread phic/h,spread h/r
1.120036e-01,3.346956e-02,3.235040e-02,1.924102e-01,2.240646e-01,1.932937e-01
3.697433e-03,2.487357e-02,6.381831e-05,2.745596e-03,1.970476e-02,4.949310e-05
