# rmse alpha/u,rmse phic/h,rmse h/r,spread alpha/u,spread phic/h,spread h/r
2.845352e-02,2.292438e-02,7.267058e-02,1.603060e-01,8.759376e-02,1.065299e-01
5.413137e-03,3.403105e-02,4.259154e-05,3.799690e-03,2.776394e-02,3.667106e-05
