# rmse alpha/u,rmse phic/h,rmse h/r,spread alpha/u,spread phic/h,spread h/r
2.845352e-02,2.292438e-02,7.267058e-02,1.603060e-01,8.759376e-02,1.065299e-01
5.639167e-03,3.110841e-02,4.425727e-05,3.924133e-03,2.971751e-02,3.854702e-05
