# rmse alpha/u,rmse phic/h,rmse h/r,spread alpha/u,spread phic/h,spread h/r
2.845352e-02,2.292438e-02,7.267058e-02,1.603060e-01,8.759376e-02,1.065299e-01
6.651799e-03,3.874161e-02,4.676519e-05,4.360948e-03,3.363326e-02,4.337350e-05
