# rmse alpha/u,rmse phic/h,rmse h/r,spread alpha/u,spread phic/h,spread h/r
2.845352e-02,2.292438e-02,7.267058e-02,1.603060e-01,8.759376e-02,1.065299e-01
4.351619e-03,3.545951e-02,4.789284e-05,4.241123e-03,3.289669e-02,4.202195e-05
