# rmse alpha/u,rmse phic/h,rmse h/r,spread alpha/u,spread phic/h,spread h/r
2.845352e-02,2.292438e-02,7.267058e-02,1.603060e-01,8.759376e-02,1.065299e-01
5.249109e-03,3.217612e-02,4.318185e-05,4.526668e-03,3.655555e-02,4.065400e-05
