# rmse alpha/u,rmse phic/h,rmse h/r,spread alpha/u,spread phic/h,spread h/r
2.845352e-02,2.292438e-02,7.267058e-02,1.603060e-01,8.759376e-02,1.065299e-01
5.097265e-03,3.008405e-02,4.553039e-05,3.972464e-03,3.066730e-02,4.102097e-05
