# rmse alpha/u,rmse phic/h,rmse h/r,spread alpha/u,spread phic/h,spread h/r
2.845352e-02,2.292438e-02,7.267058e-02,1.603060e-01,8.759376e-02,1.065299e-01
4.879425e-03,3.097942e-02,4.730071e-05,3.765437e-03,2.777978e-02,4.006157e-05
