# rmse alpha/u,rmse phic/h,rmse h/r,spread alpha/u,spread phic/h,spread h/r
2.905936e-01,5.110423e-01,2.891234e-01,1.845160e-01,1.999864e-01,1.808796e-01
4.237558e-03,2.688454e-02,8.506147e-05,3.770104e-03,2.866468e-02,6.671868e-05
