# rmse alpha/u,rmse phic/h,rmse h/r,spread alpha/u,spread phic/h,spread h/r
2.905936e-01,5.110423e-01,2.891234e-01,1.845160e-01,1.999864e-01,1.808796e-01
3.914909e-03,2.311779e-02,8.502132e-05,3.270845e-03,2.407845e-02,6.730663e-05
