# rmse alpha/u,rmse phic/h,rmse h/r,spread alpha/u,spread phic/h,spread h/r
2.905936e-01,5.110423e-01,2.891234e-01,1.845160e-01,1.999864e-01,1.808796e-01
3.549262e-03,2.054473e-02,7.548611e-05,3.155403e-03,2.171784e-02,5.666185e-05
