# rmse alpha/u,rmse phic/h,rmse h/r,spread alpha/u,spread phic/h,spread h/r
7.070900e-03,5.692026e-02,1.312546e-02,1.361948e-01,1.110644e-01,8.571187e-02
8.346948e-04,6.495804e-03,3.077104e-05,7.639657e-04,5.955435e-03,3.147506e-05
