# rmse alpha/u,rmse phic/h,rmse h/r,spread alpha/u,spread phic/h,spread h/r
7.070900e-03,5.692026e-02,1.312546e-02,1.361948e-01,1.110644e-01,8.571187e-02
2.297338e-03,1.177616e-02,4.288328e-05,1.127934e-03,8.114604e-03,3.449342e-05
