# rmse alpha/u,rmse phic/h,rmse h/r,spread alpha/u,spread phic/h,spread h/r
7.070900e-03,5.692026e-02,1.312546e-02,1.361948e-01,1.110644e-01,8.571187e-02
9.302633e-04,8.401450e-03,3.722136e-05,9.422671e-04,7.029534e-03,2.795304e-05
