# rmse alpha/u,rmse phic/h,rmse h/r,spread alpha/u,spread phic/h,spread h/r
7.070900e-03,5.692026e-02,1.312546e-02,1.361948e-01,1.110644e-01,8.571187e-02
2.375733e-03,1.253030e-02,4.563036e-05,1.183471e-03,7.857562e-03,2.857388e-05
