# rmse alpha/u,rmse phic/h,rmse h/r,spread alpha/u,spread phic/h,spread h/r
7.070900e-03,5.692026e-02,1.312546e-02,1.361948e-01,1.110644e-01,8.571187e-02
4.330724e-03,2.478127e-02,4.876526e-05,1.423638e-03,9.993102e-03,3.332925e-05
