# rmse alpha/u,rmse phic/h,rmse h/r,spread alpha/u,spread phic/h,spread h/r
7.070900e-03,5.692026e-02,1.312546e-02,1.361948e-01,1.110644e-01,8.571187e-02
1.561035e-03,1.608147e-02,4.379957e-05,1.222554e-03,8.637765e-03,3.222687e-05
