# rmse alpha/u,rmse phic/h,rmse h/r,spread alpha/u,spread phic/h,spread h/r
7.070900e-03,5.692026e-02,1.312546e-02,1.361948e-01,1.110644e-01,8.571187e-02
1.188939e-03,9.199403e-03,5.377251e-05,9.035943e-04,7.058681e-03,3.628544e-05
