# rmse alpha/u,rmse phic/h,rmse h/r,spread alpha/u,spread phic/h,spread h/r
9.044064e-02,1.203416e-02,1.780803e-03,2.119101e-01,2.521007e-01,1.969013e-01
5.573865e-03,3.431233e-02,5.581304e-05,4.249791e-03,3.175724e-02,5.395075e-05
