# rmse alpha/u,rmse phic/h,rmse h/r,spread alpha/u,spread phic/h,spread h/r
9.044064e-02,1.203416e-02,1.780803e-03,2.119101e-01,2.521007e-01,1.969013e-01
4.257941e-03,3.220686e-02,5.276574e-05,3.581196e-03,2.657294e-02,5.007767e-05
