# rmse alpha/u,rmse phic/h,rmse h/r,spread alpha/u,spread phic/h,spread h/r
9.044064e-02,1.203416e-02,1.780803e-03,2.119101e-01,2.521007e-01,1.969013e-01
2.989072e-03,2.227634e-02,4.236111e-05,2.396242e-03,1.705174e-02,4.069154e-05
