# rmse alpha/u,rmse phic/h,rmse h/r,spread alpha/u,spread phic/h,spread h/r
9.044064e-02,1.203416e-02,1.780803e-03,2.119101e-01,2.521007e-01,1.969013e-01
3.617516e-03,2.286997e-02,5.021767e-05,2.573666e-03,1.880029e-02,4.476703e-05
