# rmse alpha/u,rmse phic/h,rmse h/r,spread alpha/u,spread phic/h,spread h/r
9.044064e-02,1.203416e-02,1.780803e-03,2.119101e-01,2.521007e-01,1.969013e-01
3.635958e-03,2.199322e-02,3.995693e-05,2.548656e-03,1.829536e-02,4.317456e-05
