# rmse alpha/u,rmse phic/h,rmse h/r,spread alpha/u,spread phic/h,spread h/r
3.079917e-02,6.666113e-03,1.736364e-02,1.310524e-01,1.052525e-01,5.653601e-02
3.220133e-03,2.709789e-02,6.197641e-05,2.570575e-03,1.903978e-02,5.798119e-05
