# rmse alpha/u,rmse phic/h,rmse h/r,spread alpha/u,spread phic/h,spread h/r
3.079917e-02,6.666113e-03,1.736364e-02,1.310524e-01,1.052525e-01,5.653601e-02
3.008009e-03,1.767868e-02,6.120067e-05,2.345991e-03,1.717175e-02,5.824996e-05
