# rmse alpha/u,rmse phic/h,rmse h/r,spread alpha/u,spread phic/h,spread h/r
3.079917e-02,6.666113e-03,1.736364e-02,1.310524e-01,1.052525e-01,5.653601e-02
1.673997e-03,1.492234e-02,4.171461e-05,1.830984e-03,1.255209e-02,4.607652e-05
