# rmse alpha/u,rmse phic/h,rmse h/r,spread alpha/u,spread phic/h,spread h/r
3.079917e-02,6.666113e-03,1.736364e-02,1.310524e-01,1.052525e-01,5.653601e-02
3.250740e-03,1.978807e-02,5.878354e-05,2.931454e-03,2.083706e-02,6.018503e-05
