# rmse alpha/u,rmse phic/h,rmse h/r,spread alpha/u,spread phic/h,spread h/r
3.079917e-02,6.666113e-03,1.736364e-02,1.310524e-01,1.052525e-01,5.653601e-02
1.898538e-03,1.314249e-02,4.170536e-05,1.651609e-03,1.132300e-02,5.003775e-05
