# rmse alpha/u,rmse phic/h,rmse h/r,spread alpha/u,spread phic/h,spread h/r
6.539029e-03,1.002604e-01,2.760642e-01,1.969593e-01,1.699969e-01,1.470455e-01
3.549070e-03,1.602439e-02,3.464161e-05,1.505063e-03,1.143964e-02,3.566710e-05
