# rmse alpha/u,rmse phic/h,rmse h/r,spread alpha/u,spread phic/h,spread h/r
6.539029e-03,1.002604e-01,2.760642e-01,1.969593e-01,1.699969e-01,1.470455e-01
2.207348e-03,2.165794e-02,4.530933e-05,1.190441e-03,9.344073e-03,3.205435e-05
