# rmse alpha/u,rmse phic/h,rmse h/r,spread alpha/u,spread phic/h,spread h/r
6.539029e-03,1.002604e-01,2.760642e-01,1.969593e-01,1.699969e-01,1.470455e-01
8.226922e-04,6.132172e-03,2.871324e-05,8.005952e-04,6.107760e-03,2.679771e-05
