# rmse alpha/u,rmse phic/h,rmse h/r,spread alpha/u,spread phic/h,spread h/r
6.539029e-03,1.002604e-01,2.760642e-01,1.969593e-01,1.699969e-01,1.470455e-01
3.268682e-03,1.891658e-02,4.485542e-05,1.832206e-03,1.308007e-02,3.833532e-05
