# rmse alpha/u,rmse phic/h,rmse h/r,spread alpha/u,spread phic/h,spread h/r
6.539029e-03,1.002604e-01,2.760642e-01,1.969593e-01,1.699969e-01,1.470455e-01
2.592935e-03,1.415857e-02,2.517086e-05,1.691330e-03,1.115090e-02,3.049601e-05
