# rmse alpha/u,rmse phic/h,rmse h/r,spread alpha/u,spread phic/h,spread h/r
6.539029e-03,1.002604e-01,2.760642e-01,1.969593e-01,1.699969e-01,1.470455e-01
2.206644e-03,1.334090e-02,3.476571e-05,1.254882e-03,8.763177e-03,3.236597e-05
