# rmse alpha/u,rmse phic/h,rmse h/r,spread alpha/u,spread phic/h,spread h/r
1.642824e-01,1.713485e-01,3.282927e-02,2.029553e-01,2.401346e-01,2.180772e-01
1.109721e-03,6.425007e-03,2.381698e-05,9.106210e-04,7.022624e-03,4.886695e-05
