# rmse alpha/u,rmse phic/h,rmse h/r,spread alpha/u,spread phic/h,spread h/r
1.642824e-01,1.713485e-01,3.282927e-02,2.029553e-01,2.401346e-01,2.180772e-01
8.774493e-04,6.567978e-03,2.503404e-05,8.566360e-04,6.723856e-03,4.769082e-05
