# rmse alpha/u,rmse phic/h,rmse h/r,spread alpha/u,spread phic/h,spread h/r
1.642824e-01,1.713485e-01,3.282927e-02,2.029553e-01,2.401346e-01,2.180772e-01
8.176523e-04,6.295647e-03,1.983522e-05,8.386521e-04,6.336654e-03,4.611111e-05
