# rmse alpha/u,rmse phic/h,rmse h/r,spread alpha/u,spread phic/h,spread h/r
1.642824e-01,1.713485e-01,3.282927e-02,2.029553e-01,2.401346e-01,2.180772e-01
9.101972e-04,6.884371e-03,2.181236e-05,8.570115e-04,6.603458e-03,4.638051e-05
