# rmse alpha/u,rmse phic/h,rmse h/r,spread alpha/u,spread phic/h,spread h/r
1.642824e-01,1.713485e-01,3.282927e-02,2.029553e-01,2.401346e-01,2.180772e-01
8.261703e-04,6.786388e-03,2.254481e-05,8.422511e-04,6.610641e-03,4.714098e-05
