# rmse alpha/u,rmse phic/h,rmse h/r,spread alpha/u,spread phic/h,spread h/r
1.642824e-01,1.713485e-01,3.282927e-02,2.029553e-01,2.401346e-01,2.180772e-01
8.821796e-04,6.500175e-03,2.236513e-05,8.754121e-04,6.582959e-03,4.680126e-05
