# rmse alpha/u,rmse phic/h,rmse h/r,spread alpha/u,spread phic/h,spread h/r
1.603936e-01,1.612450e-05,6.473959e-02,1.414061e-01,6.583992e-02,7.391444e-02
5.024374e-03,3.682237e-02,4.940528e-05,4.213558e-03,3.405633e-02,3.918382e-05
