# rmse alpha/u,rmse phic/h,rmse h/r,spread alpha/u,spread phic/h,spread h/r
1.603936e-01,1.612450e-05,6.473959e-02,1.414061e-01,6.583992e-02,7.391444e-02
4.158043e-03,3.429215e-02,3.644809e-05,4.000764e-03,3.268897e-02,3.708233e-05
