# rmse alpha/u,rmse phic/h,rmse h/r,spread alpha/u,spread phic/h,spread h/r
1.603936e-01,1.612450e-05,6.473959e-02,1.414061e-01,6.583992e-02,7.391444e-02
4.781364e-03,3.890611e-02,3.769037e-05,3.925683e-03,3.302197e-02,3.582763e-05
