# rmse alpha/u,rmse phic/h,rmse h/r,spread alpha/u,spread phic/h,spread h/r
1.603936e-01,1.612450e-05,6.473959e-02,1.414061e-01,6.583992e-02,7.391444e-02
4.384640e-03,2.690087e-02,3.480608e-05,3.783836e-03,2.892734e-02,3.310984e-05
