# rmse alpha/u,rmse phic/h,rmse h/r,spread alpha/u,spread phic/h,spread h/r
1.603936e-01,1.612450e-05,6.473959e-02,1.414061e-01,6.583992e-02,7.391444e-02
4.272620e-03,2.830544e-02,3.257826e-05,4.012921e-03,2.976769e-02,3.109559e-05
