# rmse alpha/u,rmse phic/h,rmse h/r,spread alpha/u,spread phic/h,spread h/r
1.603936e-01,1.612450e-05,6.473959e-02,1.414061e-01,6.583992e-02,7.391444e-02
4.828248e-03,2.944128e-02,3.470956e-05,3.943651e-03,3.229433e-02,3.777024e-05
