# rmse alpha/u,rmse phic/h,rmse h/r,spread alpha/u,spread phic/h,spread h/r
1.603936e-01,1.612450e-05,6.473959e-02,1.414061e-01,6.583992e-02,7.391444e-02
6.139431e-03,3.517262e-02,4.872429e-05,4.177061e-03,3.318119e-02,3.739473e-05
