# rmse alpha/u,rmse phic/h,rmse h/r,spread alpha/u,spread phic/h,spread h/r
7.075033e-02,1.943742e-06,1.444682e-02,2.052662e-01,2.328843e-01,1.967686e-01
3.276021e-03,1.900573e-02,5.089836e-05,2.836176e-03,1.977730e-02,5.418655e-05
