# rmse alpha/u,rmse phic/h,rmse h/r,spread alpha/u,spread phic/h,spread h/r
7.075033e-02,1.943742e-06,1.444682e-02,2.052662e-01,2.328843e-01,1.967686e-01
2.013234e-03,1.117719e-02,4.005417e-05,1.272925e-03,8.794544e-03,4.757889e-05
