# rmse alpha/u,rmse phic/h,rmse h/r,spread alpha/u,spread phic/h,spread h/r
7.075033e-02,1.943742e-06,1.444682e-02,2.052662e-01,2.328843e-01,1.967686e-01
1.999323e-03,1.556372e-02,3.824650e-05,1.377657e-03,1.019309e-02,5.161689e-05
