# rmse alpha/u,rmse phic/h,rmse h/r,spread alpha/u,spread phic/h,spread h/r
7.075033e-02,1.943742e-06,1.444682e-02,2.052662e-01,2.328843e-01,1.967686e-01
2.734642e-03,1.598496e-02,4.225947e-05,1.762120e-03,1.243239e-02,5.438609e-05
