# rmse alpha/u,rmse phic/h,rmse h/r,spread alpha/u,spread phic/h,spread h/r
8.465443e-03,2.396446e-03,5.681889e-03,7.468611e-02,9.015455e-02,2.233414e-02
8.328465e-04,6.519230e-03,2.128510e-05,8.344416e-04,6.537922e-03,4.418157e-05
