# rmse alpha/u,rmse phic/h,rmse h/r,spread alpha/u,spread phic/h,spread h/r
8.465443e-03,2.396446e-03,5.681889e-03,7.468611e-02,9.015455e-02,2.233414e-02
8.453291e-04,6.657776e-03,2.581815e-05,8.574300e-04,6.709337e-03,4.446780e-05
