# rmse alpha/u,rmse phic/h,rmse h/r,spread alpha/u,spread phic/h,spread h/r
8.465443e-03,2.396446e-03,5.681889e-03,7.468611e-02,9.015455e-02,2.233414e-02
8.633238e-04,6.588803e-03,2.322516e-05,8.580355e-04,6.817995e-03,4.667453e-05
