# rmse alpha/u,rmse phic/h,rmse h/r,spread alpha/u,spread phic/h,spread h/r
8.465443e-03,2.396446e-03,5.681889e-03,7.468611e-02,9.015455e-02,2.233414e-02
8.178914e-04,6.303075e-03,2.436547e-05,8.034330e-04,6.314247e-03,4.256466e-05
