# rmse alpha/u,rmse phic/h,rmse h/r,spread alpha/u,spread phic/h,spread h/r
1.051615e-01,1.007119e-06,2.088818e-02,1.982756e-01,1.909562e-01,1.621428e-01
3.781919e-03,2.779992e-02,5.470283e-05,3.781881e-03,2.878536e-02,5.340393e-05
