# rmse alpha/u,rmse phic/h,rmse h/r,spread alpha/u,spread phic/h,spread h/r
1.051615e-01,1.007119e-06,2.088818e-02,1.982756e-01,1.909562e-01,1.621428e-01
4.530682e-03,3.271802e-02,6.603919e-05,3.525088e-03,2.765245e-02,5.955860e-05
