# rmse alpha/u,rmse phic/h,rmse h/r,spread alpha/u,spread phic/h,spread h/r
1.051615e-01,1.007119e-06,2.088818e-02,1.982756e-01,1.909562e-01,1.621428e-01
3.423616e-03,2.333001e-02,4.754425e-05,2.710188e-03,1.917895e-02,4.770350e-05
