# rmse alpha/u,rmse phic/h,rmse h/r,spread alpha/u,spread phic/h,spread h/r
1.051615e-01,1.007119e-06,2.088818e-02,1.982756e-01,1.909562e-01,1.621428e-01
5.920416e-03,3.839768e-02,5.141841e-05,3.169979e-03,2.248943e-02,4.471452e-05
