# rmse alpha/u,rmse phic/h,rmse h/r,spread alpha/u,spread phic/h,spread h/r
1.051615e-01,1.007119e-06,2.088818e-02,1.982756e-01,1.909562e-01,1.621428e-01
5.059331e-03,2.417070e-02,4.136516e-05,3.485769e-03,2.440133e-02,4.167135e-05
