# rmse alpha/u,rmse phic/h,rmse h/r,spread alpha/u,spread phic/h,spread h/r
6.285710e-01,4.081000e-01,5.404000e-01,4.440892e-16,2.775558e-16,0.000000e+00
5.632265e-03,8.137597e-02,1.049029e-04,3.738165e-03,4.908705e-02,6.378713e-05
