# rmse alpha/u,rmse phic/h,rmse h/r,spread alpha/u,spread phic/h,spread h/r
6.285710e-01,4.081000e-01,5.404000e-01,4.440892e-16,2.775558e-16,0.000000e+00
6.029414e-03,8.581855e-02,1.047334e-04,4.037495e-03,5.352799e-02,6.486790e-05
