# rmse alpha/u,rmse phic/h,rmse h/r,spread alpha/u,spread phic/h,spread h/r
1.682075e-01,5.624312e-01,3.978775e-01,1.641627e-01,2.176017e-01,1.764511e-01
3.885641e-03,2.863752e-02,7.553676e-05,2.067256e-03,1.385726e-02,2.630103e-05
