# rmse alpha/u,rmse phic/h,rmse h/r,spread alpha/u,spread phic/h,spread h/r
1.682075e-01,5.624312e-01,3.978775e-01,1.641627e-01,2.176017e-01,1.764511e-01
4.922298e-03,2.843962e-02,7.958211e-05,2.239443e-03,1.503599e-02,2.517721e-05
