# rmse alpha/u,rmse phic/h,rmse h/r,spread alpha/u,spread phic/h,spread h/r
9.915477e-03,2.130274e-02,4.745043e-02,1.292971e-01,1.058798e-01,8.122056e-02
3.437287e-03,2.004790e-02,3.348762e-05,2.292445e-03,1.558917e-02,3.927838e-05
