# rmse alpha/u,rmse phic/h,rmse h/r,spread alpha/u,spread phic/h,spread h/r
9.915477e-03,2.130274e-02,4.745043e-02,1.292971e-01,1.058798e-01,8.122056e-02
2.155550e-03,1.340661e-02,5.347323e-05,1.415173e-03,9.477230e-03,3.882160e-05
