# rmse alpha/u,rmse phic/h,rmse h/r,spread alpha/u,spread phic/h,spread h/r
2.425671e-01,4.789598e-01,5.311611e-01,1.906733e-01,1.720275e-01,1.565591e-01
3.343982e-03,2.360688e-02,5.784212e-05,1.975682e-03,1.428499e-02,1.728825e-05
