# rmse alpha/u,rmse phic/h,rmse h/r,spread alpha/u,spread phic/h,spread h/r
2.425671e-01,4.789598e-01,5.311611e-01,1.906733e-01,1.720275e-01,1.565591e-01
4.085053e-03,2.146205e-02,5.048765e-05,2.109474e-03,1.510252e-02,1.763452e-05
