# rmse alpha/u,rmse phic/h,rmse h/r,spread alpha/u,spread phic/h,spread h/r
2.425671e-01,4.789598e-01,5.311611e-01,1.906733e-01,1.720275e-01,1.565591e-01
3.994252e-03,2.703917e-02,7.389385e-05,2.101220e-03,1.461612e-02,1.750679e-05
