# rmse alpha/u,rmse phic/h,rmse h/r,spread alpha/u,spread phic/h,spread h/r
2.136045e-01,2.253200e-01,2.101342e-01,1.641627e-01,2.176017e-01,1.764511e-01
1.403292e-03,1.050829e-02,8.030569e-05,1.129268e-03,7.836177e-03,1.342803e-05
