# rmse alpha/u,rmse phic/h,rmse h/r,spread alpha/u,spread phic/h,spread h/r
2.136045e-01,2.253200e-01,2.101342e-01,1.641627e-01,2.176017e-01,1.764511e-01
3.428487e-03,1.955556e-02,8.663848e-05,1.629458e-03,1.095144e-02,2.180826e-05
