# rmse alpha/u,rmse phic/h,rmse h/r,spread alpha/u,spread phic/h,spread h/r
2.136045e-01,2.253200e-01,2.101342e-01,1.641627e-01,2.176017e-01,1.764511e-01
3.628589e-03,2.100455e-02,6.860567e-05,1.047878e-03,7.409872e-03,1.862976e-05
