# rmse alpha/u,rmse phic/h,rmse h/r,spread alpha/u,spread phic/h,spread h/r
2.136045e-01,2.253200e-01,2.101342e-01,1.641627e-01,2.176017e-01,1.764511e-01
7.834448e-04,6.887618e-03,7.970758e-05,7.764118e-04,6.190257e-03,1.396466e-05
