# rmse alpha/u,rmse phic/h,rmse h/r,spread alpha/u,spread phic/h,spread h/r
2.136045e-01,2.253200e-01,2.101342e-01,1.641627e-01,2.176017e-01,1.764511e-01
1.758137e-03,1.836098e-02,8.601955e-05,9.720243e-04,7.496570e-03,1.751717e-05
