# rmse alpha/u,rmse phic/h,rmse h/r,spread alpha/u,spread phic/h,spread h/r
2.136045e-01,2.253200e-01,2.101342e-01,1.641627e-01,2.176017e-01,1.764511e-01
2.555265e-03,1.326932e-02,9.287832e-05,1.215743e-03,8.298059e-03,2.077667e-05
