# rmse alpha/u,rmse phic/h,rmse h/r,spread alpha/u,spread phic/h,spread h/r
2.136045e-01,2.253200e-01,2.101342e-01,1.641627e-01,2.176017e-01,1.764511e-01
1.119700e-03,6.566748e-03,8.767027e-05,7.804259e-04,6.041818e-03,1.445888e-05
