# rmse alpha/u,rmse phic/h,rmse h/r,spread alpha/u,spread phic/h,spread h/r
4.066664e-01,8.171812e-02,1.465286e-01,1.241672e-01,5.360035e-02,8.368997e-02
3.713184e-03,2.563315e-02,7.868405e-05,2.072793e-03,1.338956e-02,3.828075e-05
