# rmse alpha/u,rmse phic/h,rmse h/r,spread alpha/u,spread phic/h,spread h/r
4.066664e-01,8.171812e-02,1.465286e-01,1.241672e-01,5.360035e-02,8.368997e-02
5.604111e-03,3.987050e-02,7.678959e-05,3.445694e-03,2.748364e-02,5.470509e-05
