# rmse alpha/u,rmse phic/h,rmse h/r,spread alpha/u,spread phic/h,spread h/r
4.066664e-01,8.171812e-02,1.465286e-01,1.241672e-01,5.360035e-02,8.368997e-02
4.013069e-03,2.342749e-02,5.932251e-05,2.856178e-03,2.073374e-02,4.132091e-05
