# rmse alpha/u,rmse phic/h,rmse h/r,spread alpha/u,spread phic/h,spread h/r
4.066664e-01,8.171812e-02,1.465286e-01,1.241672e-01,5.360035e-02,8.368997e-02
4.690400e-03,2.980652e-02,5.649055e-05,3.398074e-03,2.387282e-02,4.370530e-05
