# rmse alpha/u,rmse phic/h,rmse h/r,spread alpha/u,spread phic/h,spread h/r
1.642824e-01,1.626853e-01,1.909791e-01,2.029553e-01,2.401346e-01,2.180772e-01
3.639276e-03,2.128834e-02,5.366064e-05,3.215155e-03,2.318733e-02,5.671691e-05
