# rmse alpha/u,rmse phic/h,rmse h/r,spread alpha/u,spread phic/h,spread h/r
1.642824e-01,1.626853e-01,1.909791e-01,2.029553e-01,2.401346e-01,2.180772e-01
6.030132e-03,3.437656e-02,6.355005e-05,4.537587e-03,3.550057e-02,7.057128e-05
