# rmse alpha/u,rmse phic/h,rmse h/r,spread alpha/u,spread phic/h,spread h/r
1.642824e-01,1.626853e-01,1.909791e-01,2.029553e-01,2.401346e-01,2.180772e-01
2.901091e-03,2.012242e-02,6.607481e-05,3.691807e-03,2.753875e-02,6.810612e-05
