# rmse alpha/u,rmse phic/h,rmse h/r,spread alpha/u,spread phic/h,spread h/r
1.661889e-01,2.992711e-03,3.613550e-04,2.011122e-01,2.284813e-01,1.938860e-01
4.139805e-03,2.584606e-02,1.393233e-04,2.511561e-03,1.686136e-02,4.170661e-05
