# rmse alpha/u,rmse phic/h,rmse h/r,spread alpha/u,spread phic/h,spread h/r
1.661889e-01,2.992711e-03,3.613550e-04,2.011122e-01,2.284813e-01,1.938860e-01
3.949475e-03,1.959017e-02,1.549878e-04,2.445422e-03,1.730770e-02,5.215217e-05
