# rmse alpha/u,rmse phic/h,rmse h/r,spread alpha/u,spread phic/h,spread h/r
1.661889e-01,2.992711e-03,3.613550e-04,2.011122e-01,2.284813e-01,1.938860e-01
4.930106e-03,2.672274e-02,1.353821e-04,3.046416e-03,2.208607e-02,5.573463e-05
