# rmse alpha/u,rmse phic/h,rmse h/r,spread alpha/u,spread phic/h,spread h/r
1.661889e-01,2.992711e-03,3.613550e-04,2.011122e-01,2.284813e-01,1.938860e-01
3.626634e-03,2.593294e-02,1.237702e-04,2.873598e-03,1.837782e-02,4.340853e-05
