# rmse alpha/u,rmse phic/h,rmse h/r,spread alpha/u,spread phic/h,spread h/r
1.661889e-01,2.992711e-03,3.613550e-04,2.011122e-01,2.284813e-01,1.938860e-01
5.092470e-03,3.829377e-02,1.261631e-04,3.475386e-03,2.184116e-02,4.613821e-05
