# rmse alpha/u,rmse phic/h,rmse h/r,spread alpha/u,spread phic/h,spread h/r
1.661889e-01,2.992711e-03,3.613550e-04,2.011122e-01,2.284813e-01,1.938860e-01
5.013018e-03,3.424761e-02,1.275180e-04,3.149703e-03,2.098864e-02,5.010993e-05
