# rmse alpha/u,rmse phic/h,rmse h/r,spread alpha/u,spread phic/h,spread h/r
1.661889e-01,2.992711e-03,3.613550e-04,2.011122e-01,2.284813e-01,1.938860e-01
4.495527e-03,2.720913e-02,1.290010e-04,3.059719e-03,2.117454e-02,5.043002e-05
