# rmse alpha/u,rmse phic/h,rmse h/r,spread alpha/u,spread phic/h,spread h/r
9.485103e-05,1.491276e-02,2.360070e-02,1.611386e-01,2.228698e-01,2.120318e-01
2.425275e-03,1.079124e-02,3.816252e-05,9.115900e-04,7.153980e-03,4.898327e-05
