# rmse alpha/u,rmse phic/h,rmse h/r,spread alpha/u,spread phic/h,spread h/r
9.485103e-05,1.491276e-02,2.360070e-02,1.611386e-01,2.228698e-01,2.120318e-01
8.638911e-04,6.894818e-03,2.376354e-05,9.120778e-04,7.272643e-03,4.832092e-05
