# rmse alpha/u,rmse phic/h,rmse h/r,spread alpha/u,spread phic/h,spread h/r
9.485103e-05,1.491276e-02,2.360070e-02,1.611386e-01,2.228698e-01,2.120318e-01
8.218152e-04,6.599898e-03,2.413138e-05,8.372502e-04,6.651555e-03,4.769942e-05
