# rmse alpha/u,rmse phic/h,rmse h/r,spread alpha/u,spread phic/h,spread h/r
9.485103e-05,1.491276e-02,2.360070e-02,1.611386e-01,2.228698e-01,2.120318e-01
1.671056e-03,8.956729e-03,3.172723e-05,9.679325e-04,7.584184e-03,5.104924e-05
