# rmse alpha/u,rmse phic/h,rmse h/r,spread alpha/u,spread phic/h,spread h/r
9.485103e-05,1.491276e-02,2.360070e-02,1.611386e-01,2.228698e-01,2.120318e-01
8.337952e-04,7.114789e-03,2.744063e-05,8.185715e-04,6.629582e-03,4.790378e-05
