# rmse alpha/u,rmse phic/h,rmse h/r,spread alpha/u,spread phic/h,spread h/r
9.957103e-02,2.075090e-01,1.206630e-01,9.840674e-02,9.648408e-02,8.527458e-02
3.628841e-03,2.662135e-02,6.429263e-05,3.509424e-03,2.667180e-02,6.715213e-05
