# rmse alpha/u,rmse phic/h,rmse h/r,spread alpha/u,spread phic/h,spread h/r
8.398199e-03,4.666798e-05,1.608316e-02,9.085138e-02,8.296120e-02,8.250771e-02
9.522974e-04,6.795533e-03,2.881776e-05,9.153926e-04,6.879882e-03,4.826145e-05
