# rmse alpha/u,rmse phic/h,rmse h/r,spread alpha/u,spread phic/h,spread h/r
8.398199e-03,4.666798e-05,1.608316e-02,9.085138e-02,8.296120e-02,8.250771e-02
1.152197e-03,6.887907e-03,2.622579e-05,8.699693e-04,6.704118e-03,4.926477e-05
