# rmse alpha/u,rmse phic/h,rmse h/r,spread alpha/u,spread phic/h,spread h/r
8.398199e-03,4.666798e-05,1.608316e-02,9.085138e-02,8.296120e-02,8.250771e-02
8.620643e-04,6.583253e-03,2.363195e-05,8.393245e-04,6.661927e-03,4.914188e-05
