# rmse alpha/u,rmse phic/h,rmse h/r,spread alpha/u,spread phic/h,spread h/r
8.398199e-03,4.666798e-05,1.608316e-02,9.085138e-02,8.296120e-02,8.250771e-02
8.207524e-04,6.494521e-03,2.231120e-05,8.460711e-04,6.629679e-03,4.977107e-05
