# rmse alpha/u,rmse phic/h,rmse h/r,spread alpha/u,spread phic/h,spread h/r
8.398199e-03,4.666798e-05,1.608316e-02,9.085138e-02,8.296120e-02,8.250771e-02
1.406108e-03,8.047316e-03,2.922938e-05,9.203823e-04,6.918010e-03,4.925165e-05
