# rmse alpha/u,rmse phic/h,rmse h/r,spread alpha/u,spread phic/h,spread h/r
8.398199e-03,4.666798e-05,1.608316e-02,9.085138e-02,8.296120e-02,8.250771e-02
8.906043e-04,7.351397e-03,2.354893e-05,1.044654e-03,7.838572e-03,4.934184e-05
