# rmse alpha/u,rmse phic/h,rmse h/r,spread alpha/u,spread phic/h,spread h/r
5.041726e-03,4.273613e-04,2.889615e-02,1.095330e-01,1.168733e-01,5.116465e-02
3.632089e-03,1.649910e-02,3.705565e-05,1.087846e-03,7.447328e-03,3.222479e-05
