# rmse alpha/u,rmse phic/h,rmse h/r,spread alpha/u,spread phic/h,spread h/r
5.041726e-03,4.273613e-04,2.889615e-02,1.095330e-01,1.168733e-01,5.116465e-02
4.865701e-03,2.486240e-02,4.009654e-05,1.447102e-03,9.208980e-03,3.080958e-05
