# rmse alpha/u,rmse phic/h,rmse h/r,spread alpha/u,spread phic/h,spread h/r
1.492002e-01,2.156500e-01,2.581213e-01,1.491571e-01,1.963010e-01,1.943232e-01
8.285966e-04,6.155654e-03,1.889156e-05,8.895845e-04,6.580169e-03,4.876180e-05
