# rmse alpha/u,rmse phic/h,rmse h/r,spread alpha/u,spread phic/h,spread h/r
1.492002e-01,2.156500e-01,2.581213e-01,1.491571e-01,1.963010e-01,1.943232e-01
7.994295e-04,6.159489e-03,1.933971e-05,8.243442e-04,6.451440e-03,4.774671e-05
