# rmse alpha/u,rmse phic/h,rmse h/r,spread alpha/u,spread phic/h,spread h/r
1.492002e-01,2.156500e-01,2.581213e-01,1.491571e-01,1.963010e-01,1.943232e-01
8.712041e-04,6.890169e-03,2.862382e-05,8.532150e-04,6.909258e-03,5.286490e-05
