# rmse alpha/u,rmse phic/h,rmse h/r,spread alpha/u,spread phic/h,spread h/r
1.492002e-01,2.156500e-01,2.581213e-01,1.491571e-01,1.963010e-01,1.943232e-01
9.385699e-04,7.378731e-03,2.385967e-05,8.684182e-04,6.939436e-03,5.120026e-05
