# rmse alpha/u,rmse phic/h,rmse h/r,spread alpha/u,spread phic/h,spread h/r
1.492002e-01,2.156500e-01,2.581213e-01,1.491571e-01,1.963010e-01,1.943232e-01
8.646200e-04,6.996851e-03,2.593329e-05,8.589893e-04,7.088069e-03,5.165317e-05
