# rmse alpha/u,rmse phic/h,rmse h/r,spread alpha/u,spread phic/h,spread h/r
1.492002e-01,2.156500e-01,2.581213e-01,1.491571e-01,1.963010e-01,1.943232e-01
7.820954e-04,5.925518e-03,2.083896e-05,8.168840e-04,6.300913e-03,4.910127e-05
