# rmse alpha/u,rmse phic/h,rmse h/r,spread alpha/u,spread phic/h,spread h/r
1.205074e-01,1.570169e-01,8.718588e-02,1.982756e-01,1.909562e-01,1.621428e-01
8.603697e-04,6.662745e-03,2.210294e-05,8.572013e-04,6.747486e-03,4.059646e-05
