# rmse alpha/u,rmse phic/h,rmse h/r,spread alpha/u,spread phic/h,spread h/r
1.205074e-01,1.570169e-01,8.718588e-02,1.982756e-01,1.909562e-01,1.621428e-01
1.181167e-03,7.021116e-03,2.462505e-05,9.794055e-04,7.228928e-03,3.898836e-05
