# rmse alpha/u,rmse phic/h,rmse h/r,spread alpha/u,spread phic/h,spread h/r
1.205074e-01,1.570169e-01,8.718588e-02,1.982756e-01,1.909562e-01,1.621428e-01
2.246154e-03,1.517198e-02,3.265474e-05,1.530324e-03,1.123966e-02,4.376331e-05
