# rmse alpha/u,rmse phic/h,rmse h/r,spread alpha/u,spread phic/h,spread h/r
1.205074e-01,1.570169e-01,8.718588e-02,1.982756e-01,1.909562e-01,1.621428e-01
1.880955e-03,1.006236e-02,2.421227e-05,9.875496e-04,7.333374e-03,4.022778e-05
