# rmse alpha/u,rmse phic/h,rmse h/r,spread alpha/u,spread phic/h,spread h/r
1.205074e-01,1.570169e-01,8.718588e-02,1.982756e-01,1.909562e-01,1.621428e-01
8.298133e-04,6.488910e-03,1.837019e-05,8.495009e-04,6.564576e-03,3.910802e-05
