# rmse alpha/u,rmse phic/h,rmse h/r,spread alpha/u,spread phic/h,spread h/r
1.055591e-01,5.994113e-03,2.287765e-02,2.007018e-01,2.348895e-01,2.071683e-01
8.381239e-04,6.364563e-03,2.221834e-05,8.290268e-04,6.480213e-03,4.409830e-05
