# rmse alpha/u,rmse phic/h,rmse h/r,spread alpha/u,spread phic/h,spread h/r
1.055591e-01,5.994113e-03,2.287765e-02,2.007018e-01,2.348895e-01,2.071683e-01
8.036289e-04,6.399829e-03,2.161212e-05,8.219259e-04,6.452968e-03,4.476598e-05
