# rmse alpha/u,rmse phic/h,rmse h/r,spread alpha/u,spread phic/h,spread h/r
1.055591e-01,5.994113e-03,2.287765e-02,2.007018e-01,2.348895e-01,2.071683e-01
8.033062e-04,6.246322e-03,2.099136e-05,8.263550e-04,6.400414e-03,4.550450e-05
