# rmse alpha/u,rmse phic/h,rmse h/r,spread alpha/u,spread phic/h,spread h/r
1.055591e-01,5.994113e-03,2.287765e-02,2.007018e-01,2.348895e-01,2.071683e-01
8.376919e-04,6.248937e-03,2.188243e-05,8.460982e-04,6.658595e-03,4.601155e-05
