# rmse alpha/u,rmse phic/h,rmse h/r,spread alpha/u,spread phic/h,spread h/r
1.055591e-01,5.994113e-03,2.287765e-02,2.007018e-01,2.348895e-01,2.071683e-01
7.753511e-04,6.288823e-03,2.064853e-05,8.017195e-04,6.238523e-03,4.281844e-05
