# rmse alpha/u,rmse phic/h,rmse h/r,spread alpha/u,spread phic/h,spread h/r
1.055591e-01,5.994113e-03,2.287765e-02,2.007018e-01,2.348895e-01,2.071683e-01
8.951766e-04,7.290253e-03,2.918810e-05,8.904709e-04,7.259587e-03,5.106008e-05
