# rmse alpha/u,rmse phic/h,rmse h/r,spread alpha/u,spread phic/h,spread h/r
1.055591e-01,5.994113e-03,2.287765e-02,2.007018e-01,2.348895e-01,2.071683e-01
8.437053e-04,6.313918e-03,2.305831e-05,8.375571e-04,6.471976e-03,4.494250e-05
