# rmse alpha/u,rmse phic/h,rmse h/r,spread alpha/u,spread phic/h,spread h/r
1.055591e-01,5.994113e-03,2.287765e-02,2.007018e-01,2.348895e-01,2.071683e-01
8.343627e-04,6.264068e-03,2.082428e-05,8.338784e-04,6.602877e-03,4.619126e-05
