# rmse alpha/u,rmse phic/h,rmse h/r,spread alpha/u,spread phic/h,spread h/r
2.700394e-01,2.336776e-01,1.756203e-01,1.962375e-01,2.336774e-01,1.686222e-01
2.702167e-03,1.412016e-02,3.303496e-05,1.493671e-03,9.905631e-03,4.432555e-05
