# rmse alpha/u,rmse phic/h,rmse h/r,spread alpha/u,spread phic/h,spread h/r
2.700394e-01,2.336776e-01,1.756203e-01,1.962375e-01,2.336774e-01,1.686222e-01
1.981124e-03,1.301298e-02,4.402860e-05,1.058023e-03,7.879034e-03,4.836895e-05
