# rmse alpha/u,rmse phic/h,rmse h/r,spread alpha/u,spread phic/h,spread h/r
2.700394e-01,2.336776e-01,1.756203e-01,1.962375e-01,2.336774e-01,1.686222e-01
1.786979e-03,1.179320e-02,2.810017e-05,1.352327e-03,9.272521e-03,4.467859e-05
