# rmse alpha/u,rmse phic/h,rmse h/r,spread alpha/u,spread phic/h,spread h/r
2.700394e-01,2.336776e-01,1.756203e-01,1.962375e-01,2.336774e-01,1.686222e-01
2.104002e-03,1.243108e-02,3.282209e-05,1.640411e-03,1.157596e-02,4.699204e-05
