# rmse alpha/u,rmse phic/h,rmse h/r,spread alpha/u,spread phic/h,spread h/r
2.700394e-01,2.336776e-01,1.756203e-01,1.962375e-01,2.336774e-01,1.686222e-01
4.176104e-03,2.445358e-02,5.828852e-05,2.168524e-03,1.688448e-02,5.991133e-05
