# rmse alpha/u,rmse phic/h,rmse h/r,spread alpha/u,spread phic/h,spread h/r
1.891735e-02,2.519304e-03,1.746277e-03,2.029553e-01,2.401346e-01,2.180772e-01
3.503851e-03,2.309426e-02,5.018443e-05,2.702140e-03,1.868926e-02,4.511193e-05
