# rmse alpha/u,rmse phic/h,rmse h/r,spread alpha/u,spread phic/h,spread h/r
1.891735e-02,2.519304e-03,1.746277e-03,2.029553e-01,2.401346e-01,2.180772e-01
4.025411e-03,2.465928e-02,4.842934e-05,2.789338e-03,1.849440e-02,4.315632e-05
