# rmse alpha/u,rmse phic/h,rmse h/r,spread alpha/u,spread phic/h,spread h/r
1.891735e-02,2.519304e-03,1.746277e-03,2.029553e-01,2.401346e-01,2.180772e-01
4.128090e-03,2.663612e-02,4.572586e-05,2.334865e-03,1.629426e-02,4.299639e-05
