# rmse alpha/u,rmse phic/h,rmse h/r,spread alpha/u,spread phic/h,spread h/r
1.069634e-01,6.072380e-02,3.919407e-02,2.102578e-01,2.060753e-01,1.883285e-01
4.018977e-03,2.980891e-02,7.477832e-05,4.128514e-03,3.047286e-02,6.126014e-05
