# rmse alpha/u,rmse phic/h,rmse h/r,spread alpha/u,spread phic/h,spread h/r
1.069634e-01,6.072380e-02,3.919407e-02,2.102578e-01,2.060753e-01,1.883285e-01
4.468108e-03,4.170790e-02,9.108456e-05,3.523255e-03,2.652915e-02,5.850261e-05
