# rmse alpha/u,rmse phic/h,rmse h/r,spread alpha/u,spread phic/h,spread h/r
1.069634e-01,6.072380e-02,3.919407e-02,2.102578e-01,2.060753e-01,1.883285e-01
3.860771e-03,3.351850e-02,9.104210e-05,2.886925e-03,2.138075e-02,5.452618e-05
