# rmse alpha/u,rmse phic/h,rmse h/r,spread alpha/u,spread phic/h,spread h/r
1.069634e-01,6.072380e-02,3.919407e-02,2.102578e-01,2.060753e-01,1.883285e-01
3.699213e-03,2.242412e-02,6.132931e-05,3.307663e-03,2.484176e-02,5.693520e-05
