# rmse alpha/u,rmse phic/h,rmse h/r,spread alpha/u,spread phic/h,spread h/r
2.160762e-01,2.051368e-01,3.670000e-01,1.867462e-01,2.047687e-01,2.235326e-01
4.894580e-03,3.599346e-02,8.080308e-05,3.435835e-03,2.465592e-02,5.912342e-05
