# rmse alpha/u,rmse phic/h,rmse h/r,spread alpha/u,spread phic/h,spread h/r
2.160762e-01,2.051368e-01,3.670000e-01,1.867462e-01,2.047687e-01,2.235326e-01
3.518305e-03,2.628857e-02,7.234752e-05,2.638151e-03,1.824790e-02,5.220130e-05
