# rmse alpha/u,rmse phic/h,rmse h/r,spread alpha/u,spread phic/h,spread h/r
6.463732e-03,1.361556e-01,1.616966e-03,2.029553e-01,2.401346e-01,2.180772e-01
4.514615e-03,3.075054e-02,4.529196e-05,3.047846e-03,2.383613e-02,4.599145e-05
