# rmse alpha/u,rmse phic/h,rmse h/r,spread alpha/u,spread phic/h,spread h/r
6.463732e-03,1.361556e-01,1.616966e-03,2.029553e-01,2.401346e-01,2.180772e-01
4.018427e-03,2.341827e-02,4.511890e-05,2.686772e-03,1.853651e-02,4.005648e-05
