# rmse alpha/u,rmse phic/h,rmse h/r,spread alpha/u,spread phic/h,spread h/r
6.463732e-03,1.361556e-01,1.616966e-03,2.029553e-01,2.401346e-01,2.180772e-01
2.553299e-03,1.603058e-02,2.661525e-05,2.100558e-03,1.416806e-02,3.152209e-05
