# rmse alpha/u,rmse phic/h,rmse h/r,spread alpha/u,spread phic/h,spread h/r
7.731252e-02,2.356077e-01,2.218498e-01,2.011122e-01,2.284813e-01,1.938860e-01
8.968293e-04,7.498701e-03,1.086666e-04,7.268583e-04,5.766195e-03,2.371211e-05
