# rmse alpha/u,rmse phic/h,rmse h/r,spread alpha/u,spread phic/h,spread h/r
7.731252e-02,2.356077e-01,2.218498e-01,2.011122e-01,2.284813e-01,1.938860e-01
1.217406e-03,9.397675e-03,8.338700e-05,7.393934e-04,5.752236e-03,2.323401e-05
