# rmse alpha/u,rmse phic/h,rmse h/r,spread alpha/u,spread phic/h,spread h/r
7.731252e-02,2.356077e-01,2.218498e-01,2.011122e-01,2.284813e-01,1.938860e-01
1.008583e-03,8.154878e-03,9.694943e-05,7.674840e-04,5.962723e-03,2.193428e-05
