# rmse alpha/u,rmse phic/h,rmse h/r,spread alpha/u,spread phic/h,spread h/r
7.731252e-02,2.356077e-01,2.218498e-01,2.011122e-01,2.284813e-01,1.938860e-01
1.246397e-03,2.283623e-02,1.410750e-04,8.030072e-04,6.235120e-03,2.376199e-05
