# rmse alpha/u,rmse phic/h,rmse h/r,spread alpha/u,spread phic/h,spread h/r
7.731252e-02,2.356077e-01,2.218498e-01,2.011122e-01,2.284813e-01,1.938860e-01
7.948288e-04,6.436678e-03,1.063379e-04,7.138199e-04,5.605407e-03,2.202698e-05
