# rmse alpha/u,rmse phic/h,rmse h/r,spread alpha/u,spread phic/h,spread h/r
7.731252e-02,2.356077e-01,2.218498e-01,2.011122e-01,2.284813e-01,1.938860e-01
8.391609e-04,6.999960e-03,8.029820e-05,7.452895e-04,5.893763e-03,2.042850e-05
