# rmse alpha/u,rmse phic/h,rmse h/r,spread alpha/u,spread phic/h,spread h/r
7.731252e-02,2.356077e-01,2.218498e-01,2.011122e-01,2.284813e-01,1.938860e-01
8.910071e-04,7.883272e-03,1.115565e-04,7.337587e-04,5.653908e-03,1.972818e-05
