# rmse alpha/u,rmse phic/h,rmse h/r,spread alpha/u,spread phic/h,spread h/r
4.730309e-02,6.753736e-03,4.056757e-02,1.502327e-01,9.141244e-02,8.102230e-02
4.718705e-03,3.591276e-02,9.044871e-05,2.639285e-03,2.113473e-02,5.186838e-05
