# rmse alpha/u,rmse phic/h,rmse h/r,spread alpha/u,spread phic/h,spread h/r
4.730309e-02,6.753736e-03,4.056757e-02,1.502327e-01,9.141244e-02,8.102230e-02
3.577458e-03,2.932481e-02,8.084670e-05,2.382235e-03,1.785285e-02,4.676737e-05
