# rmse alpha/u,rmse phic/h,rmse h/r,spread alpha/u,spread phic/h,spread h/r
4.730309e-02,6.753736e-03,4.056757e-02,1.502327e-01,9.141244e-02,8.102230e-02
3.005203e-03,2.435603e-02,7.114834e-05,2.421530e-03,1.814664e-02,4.413492e-05
