# rmse alpha/u,rmse phic/h,rmse h/r,spread alpha/u,spread phic/h,spread h/r
4.730309e-02,6.753736e-03,4.056757e-02,1.502327e-01,9.141244e-02,8.102230e-02
4.846669e-03,2.439171e-02,4.983589e-05,3.292016e-03,2.350681e-02,4.722839e-05
