# rmse alpha/u,rmse phic/h,rmse h/r,spread alpha/u,spread phic/h,spread h/r
4.730309e-02,6.753736e-03,4.056757e-02,1.502327e-01,9.141244e-02,8.102230e-02
5.364519e-03,3.700032e-02,5.983474e-05,4.204764e-03,2.979145e-02,5.294951e-05
