# rmse alpha/u,rmse phic/h,rmse h/r,spread alpha/u,spread phic/h,spread h/r
4.730309e-02,6.753736e-03,4.056757e-02,1.502327e-01,9.141244e-02,8.102230e-02
5.048568e-03,3.949269e-02,6.894770e-05,3.871980e-03,3.035130e-02,5.772417e-05
