# rmse alpha/u,rmse phic/h,rmse h/r,spread alpha/u,spread phic/h,spread h/r
4.730309e-02,6.753736e-03,4.056757e-02,1.502327e-01,9.141244e-02,8.102230e-02
5.169450e-03,3.428395e-02,6.591271e-05,2.851910e-03,2.004140e-02,5.148879e-05
