# rmse alpha/u,rmse phic/h,rmse h/r,spread alpha/u,spread phic/h,spread h/r
4.730309e-02,6.753736e-03,4.056757e-02,1.502327e-01,9.141244e-02,8.102230e-02
3.817088e-03,2.266976e-02,5.132555e-05,2.948658e-03,2.045307e-02,4.661922e-05
