# rmse alpha/u,rmse phic/h,rmse h/r,spread alpha/u,spread phic/h,spread h/r
4.730309e-02,6.753736e-03,4.056757e-02,1.502327e-01,9.141244e-02,8.102230e-02
3.651804e-03,2.083651e-02,6.117702e-05,2.687744e-03,1.883094e-02,5.298806e-05
