# rmse alpha/u,rmse phic/h,rmse h/r,spread alpha/u,spread phic/h,spread h/r
1.054615e-01,1.398424e-01,1.698240e-01,1.927996e-01,2.373932e-01,2.334187e-01
3.615848e-03,2.927232e-02,5.624550e-05,2.356629e-03,1.772252e-02,3.280102e-05
