# rmse alpha/u,rmse phic/h,rmse h/r,spread alpha/u,spread phic/h,spread h/r
1.054615e-01,1.398424e-01,1.698240e-01,1.927996e-01,2.373932e-01,2.334187e-01
4.161123e-03,2.039105e-02,5.031735e-05,2.515002e-03,1.767650e-02,2.774632e-05
