# rmse alpha/u,rmse phic/h,rmse h/r,spread alpha/u,spread phic/h,spread h/r
1.054615e-01,1.398424e-01,1.698240e-01,1.927996e-01,2.373932e-01,2.334187e-01
5.592410e-03,3.439979e-02,4.360164e-05,2.725990e-03,2.010035e-02,3.406730e-05
