# rmse alpha/u,rmse phic/h,rmse h/r,spread alpha/u,spread phic/h,spread h/r
1.054615e-01,1.398424e-01,1.698240e-01,1.927996e-01,2.373932e-01,2.334187e-01
4.180810e-03,2.639120e-02,5.391432e-05,2.829620e-03,1.996097e-02,3.256064e-05
