# rmse alpha/u,rmse phic/h,rmse h/r,spread alpha/u,spread phic/h,spread h/r
1.054615e-01,1.398424e-01,1.698240e-01,1.927996e-01,2.373932e-01,2.334187e-01
3.729350e-03,2.110402e-02,3.573798e-05,2.524558e-03,1.756129e-02,2.927822e-05
