# rmse alpha/u,rmse phic/h,rmse h/r,spread alpha/u,spread phic/h,spread h/r
6.276012e-02,1.136326e-01,4.448275e-02,2.011122e-01,2.284813e-01,1.938860e-01
3.091079e-03,2.045563e-02,7.595323e-05,1.383446e-03,9.416742e-03,2.768535e-05
