# rmse alpha/u,rmse phic/h,rmse h/r,spread alpha/u,spread phic/h,spread h/r
6.276012e-02,1.136326e-01,4.448275e-02,2.011122e-01,2.284813e-01,1.938860e-01
2.793083e-03,1.615689e-02,7.876314e-05,1.828283e-03,1.144185e-02,2.672654e-05
