# rmse alpha/u,rmse phic/h,rmse h/r,spread alpha/u,spread phic/h,spread h/r
6.276012e-02,1.136326e-01,4.448275e-02,2.011122e-01,2.284813e-01,1.938860e-01
4.194555e-03,3.047423e-02,1.084959e-04,2.244275e-03,1.595529e-02,3.712614e-05
