# rmse alpha/u,rmse phic/h,rmse h/r,spread alpha/u,spread phic/h,spread h/r
6.276012e-02,1.136326e-01,4.448275e-02,2.011122e-01,2.284813e-01,1.938860e-01
3.380446e-03,2.046661e-02,9.607930e-05,1.677121e-03,1.159432e-02,3.112324e-05
