# rmse alpha/u,rmse phic/h,rmse h/r,spread alpha/u,spread phic/h,spread h/r
6.276012e-02,1.136326e-01,4.448275e-02,2.011122e-01,2.284813e-01,1.938860e-01
3.132587e-03,2.085909e-02,8.658291e-05,1.315836e-03,8.799331e-03,3.160846e-05
