# rmse alpha/u,rmse phic/h,rmse h/r,spread alpha/u,spread phic/h,spread h/r
6.276012e-02,1.136326e-01,4.448275e-02,2.011122e-01,2.284813e-01,1.938860e-01
2.772319e-03,1.499123e-02,8.911779e-05,1.260060e-03,8.561330e-03,3.361291e-05
