# rmse alpha/u,rmse phic/h,rmse h/r,spread alpha/u,spread phic/h,spread h/r
3.842441e-01,2.553996e-01,2.212567e-01,1.792759e-01,2.551135e-01,1.888248e-01
4.173245e-03,3.174398e-02,4.603073e-05,2.636338e-03,1.974583e-02,3.146891e-05
