# rmse alpha/u,rmse phic/h,rmse h/r,spread alpha/u,spread phic/h,spread h/r
3.842441e-01,2.553996e-01,2.212567e-01,1.792759e-01,2.551135e-01,1.888248e-01
4.393069e-03,2.347332e-02,4.360186e-05,2.641522e-03,1.927558e-02,3.786369e-05
