# rmse alpha/u,rmse phic/h,rmse h/r,spread alpha/u,spread phic/h,spread h/r
3.842441e-01,2.553996e-01,2.212567e-01,1.792759e-01,2.551135e-01,1.888248e-01
4.437054e-03,2.539921e-02,4.040986e-05,2.969167e-03,2.118516e-02,3.527595e-05
