# rmse alpha/u,rmse phic/h,rmse h/r,spread alpha/u,spread phic/h,spread h/r
3.842441e-01,2.553996e-01,2.212567e-01,1.792759e-01,2.551135e-01,1.888248e-01
4.263880e-03,2.452246e-02,3.105583e-05,2.805059e-03,2.044888e-02,3.350890e-05
