# rmse alpha/u,rmse phic/h,rmse h/r,spread alpha/u,spread phic/h,spread h/r
9.943254e-02,8.318547e-02,2.335676e-01,9.691589e-02,8.283771e-02,8.708436e-02
4.425359e-03,3.082475e-02,3.410045e-05,3.021951e-03,2.146058e-02,3.691213e-05
