# rmse alpha/u,rmse phic/h,rmse h/r,spread alpha/u,spread phic/h,spread h/r
9.943254e-02,8.318547e-02,2.335676e-01,9.691589e-02,8.283771e-02,8.708436e-02
4.921064e-03,3.700538e-02,3.582871e-05,3.528738e-03,2.611152e-02,3.929312e-05
