# rmse alpha/u,rmse phic/h,rmse h/r,spread alpha/u,spread phic/h,spread h/r
9.943254e-02,8.318547e-02,2.335676e-01,9.691589e-02,8.283771e-02,8.708436e-02
3.513291e-03,2.588184e-02,5.008949e-05,2.789568e-03,2.184918e-02,5.004129e-05
