# rmse alpha/u,rmse phic/h,rmse h/r,spread alpha/u,spread phic/h,spread h/r
9.943254e-02,8.318547e-02,2.335676e-01,9.691589e-02,8.283771e-02,8.708436e-02
3.033103e-03,1.719476e-02,3.881429e-05,2.121366e-03,1.538764e-02,4.129974e-05
