# rmse alpha/u,rmse phic/h,rmse h/r,spread alpha/u,spread phic/h,spread h/r
2.900004e-02,1.535061e-02,6.307005e-02,1.493608e-01,1.088870e-01,8.160968e-02
2.548194e-03,1.718730e-02,3.187687e-05,2.074517e-03,1.460035e-02,4.648819e-05
