# rmse alpha/u,rmse phic/h,rmse h/r,spread alpha/u,spread phic/h,spread h/r
2.900004e-02,1.535061e-02,6.307005e-02,1.493608e-01,1.088870e-01,8.160968e-02
2.474213e-03,1.479092e-02,3.575387e-05,2.046255e-03,1.392896e-02,4.302999e-05
