# rmse alpha/u,rmse phic/h,rmse h/r,spread alpha/u,spread phic/h,spread h/r
2.900004e-02,1.535061e-02,6.307005e-02,1.493608e-01,1.088870e-01,8.160968e-02
1.072472e-03,7.198604e-03,2.494345e-05,1.029861e-03,7.574119e-03,4.154241e-05
