# rmse alpha/u,rmse phic/h,rmse h/r,spread alpha/u,spread phic/h,spread h/r
6.298494e-01,4.432022e-01,2.845312e-01,1.872850e-01,2.322742e-01,2.037886e-01
5.164861e-03,3.516914e-02,9.570336e-05,2.878955e-03,2.012032e-02,5.766382e-05
