# rmse alpha/u,rmse phic/h,rmse h/r,spread alpha/u,spread phic/h,spread h/r
6.298494e-01,4.432022e-01,2.845312e-01,1.872850e-01,2.322742e-01,2.037886e-01
4.928176e-03,2.563688e-02,6.947300e-05,2.783241e-03,1.920937e-02,4.577868e-05
