# rmse alpha/u,rmse phic/h,rmse h/r,spread alpha/u,spread phic/h,spread h/r
6.298494e-01,4.432022e-01,2.845312e-01,1.872850e-01,2.322742e-01,2.037886e-01
4.398671e-03,2.816856e-02,7.179621e-05,3.420853e-03,2.507644e-02,5.490899e-05
