# rmse alpha/u,rmse phic/h,rmse h/r,spread alpha/u,spread phic/h,spread h/r
6.298494e-01,4.432022e-01,2.845312e-01,1.872850e-01,2.322742e-01,2.037886e-01
3.195947e-03,1.816160e-02,7.725621e-05,3.151197e-03,2.148224e-02,5.747700e-05
