# rmse alpha/u,rmse phic/h,rmse h/r,spread alpha/u,spread phic/h,spread h/r
6.298494e-01,4.432022e-01,2.845312e-01,1.872850e-01,2.322742e-01,2.037886e-01
5.038942e-03,2.836508e-02,7.154615e-05,3.212572e-03,2.280136e-02,5.120883e-05
