# rmse alpha/u,rmse phic/h,rmse h/r,spread alpha/u,spread phic/h,spread h/r
7.218946e-02,7.786310e-02,3.369598e-02,2.003257e-01,1.978003e-01,1.815101e-01
1.189702e-03,7.167952e-03,2.179175e-05,1.065809e-03,7.479265e-03,3.671734e-05
