# rmse alpha/u,rmse phic/h,rmse h/r,spread alpha/u,spread phic/h,spread h/r
7.218946e-02,7.786310e-02,3.369598e-02,2.003257e-01,1.978003e-01,1.815101e-01
1.772671e-03,1.306436e-02,3.003643e-05,1.074151e-03,8.164643e-03,3.934112e-05
