# rmse alpha/u,rmse phic/h,rmse h/r,spread alpha/u,spread phic/h,spread h/r
7.218946e-02,7.786310e-02,3.369598e-02,2.003257e-01,1.978003e-01,1.815101e-01
8.642727e-04,6.277961e-03,1.790902e-05,8.925100e-04,6.550040e-03,3.468734e-05
