# rmse alpha/u,rmse phic/h,rmse h/r,spread alpha/u,spread phic/h,spread h/r
7.218946e-02,7.786310e-02,3.369598e-02,2.003257e-01,1.978003e-01,1.815101e-01
1.165300e-03,6.989749e-03,2.891403e-05,1.001736e-03,7.806824e-03,3.677606e-05
