# rmse alpha/u,rmse phic/h,rmse h/r,spread alpha/u,spread phic/h,spread h/r
7.218946e-02,7.786310e-02,3.369598e-02,2.003257e-01,1.978003e-01,1.815101e-01
8.617455e-04,6.446481e-03,1.772317e-05,8.617836e-04,6.709831e-03,3.666763e-05
