# rmse alpha/u,rmse phic/h,rmse h/r,spread alpha/u,spread phic/h,spread h/r
2.467368e-01,2.174962e-01,1.930243e-01,1.813633e-01,2.153254e-01,1.756998e-01
3.971131e-03,2.033701e-02,5.217017e-05,2.222130e-03,1.616781e-02,3.536662e-05
