# rmse alpha/u,rmse phic/h,rmse h/r,spread alpha/u,spread phic/h,spread h/r
2.467368e-01,2.174962e-01,1.930243e-01,1.813633e-01,2.153254e-01,1.756998e-01
4.000118e-03,2.769382e-02,3.726010e-05,2.484137e-03,1.774597e-02,3.687765e-05
