# rmse alpha/u,rmse phic/h,rmse h/r,spread alpha/u,spread phic/h,spread h/r
2.467368e-01,2.174962e-01,1.930243e-01,1.813633e-01,2.153254e-01,1.756998e-01
3.565236e-03,1.725247e-02,3.701959e-05,1.936506e-03,1.319199e-02,2.985085e-05
