# rmse alpha/u,rmse phic/h,rmse h/r,spread alpha/u,spread phic/h,spread h/r
2.467368e-01,2.174962e-01,1.930243e-01,1.813633e-01,2.153254e-01,1.756998e-01
2.551361e-03,1.381026e-02,3.021608e-05,2.046096e-03,1.351625e-02,2.800424e-05
