# rmse alpha/u,rmse phic/h,rmse h/r,spread alpha/u,spread phic/h,spread h/r
2.467368e-01,2.174962e-01,1.930243e-01,1.813633e-01,2.153254e-01,1.756998e-01
4.936598e-03,3.185290e-02,3.170540e-05,2.786378e-03,1.916933e-02,3.196470e-05
