# rmse alpha/u,rmse phic/h,rmse h/r,spread alpha/u,spread phic/h,spread h/r
2.467368e-01,2.174962e-01,1.930243e-01,1.813633e-01,2.153254e-01,1.756998e-01
3.798061e-03,2.714937e-02,3.518719e-05,2.651855e-03,1.879903e-02,3.692631e-05
