# rmse alpha/u,rmse phic/h,rmse h/r,spread alpha/u,spread phic/h,spread h/r
3.152301e-02,1.508661e-03,3.854812e-03,1.296338e-01,1.068095e-01,8.699018e-02
2.088783e-03,1.030300e-02,3.197127e-05,1.062782e-03,7.409036e-03,4.120492e-05
