# rmse alpha/u,rmse phic/h,rmse h/r,spread alpha/u,spread phic/h,spread h/r
3.152301e-02,1.508661e-03,3.854812e-03,1.296338e-01,1.068095e-01,8.699018e-02
1.030669e-03,6.311680e-03,2.991990e-05,8.834833e-04,6.955790e-03,4.133304e-05
