# rmse alpha/u,rmse phic/h,rmse h/r,spread alpha/u,spread phic/h,spread h/r
3.152301e-02,1.508661e-03,3.854812e-03,1.296338e-01,1.068095e-01,8.699018e-02
9.754523e-04,7.981691e-03,3.898556e-05,9.281850e-04,6.822054e-03,4.261974e-05
