# rmse alpha/u,rmse phic/h,rmse h/r,spread alpha/u,spread phic/h,spread h/r
3.152301e-02,1.508661e-03,3.854812e-03,1.296338e-01,1.068095e-01,8.699018e-02
1.632644e-03,7.262307e-03,3.130376e-05,8.896958e-04,6.561866e-03,4.007235e-05
