# rmse alpha/u,rmse phic/h,rmse h/r,spread alpha/u,spread phic/h,spread h/r
1.468706e-01,2.229849e-01,2.243173e-01,1.463073e-01,1.947400e-01,1.931064e-01
7.898255e-04,6.096892e-03,3.570649e-05,7.675720e-04,5.994471e-03,3.367759e-05
