# rmse alpha/u,rmse phic/h,rmse h/r,spread alpha/u,spread phic/h,spread h/r
1.468706e-01,2.229849e-01,2.243173e-01,1.463073e-01,1.947400e-01,1.931064e-01
9.434350e-04,7.594494e-03,5.143548e-05,9.236190e-04,6.783161e-03,3.479128e-05
