# rmse alpha/u,rmse phic/h,rmse h/r,spread alpha/u,spread phic/h,spread h/r
1.468706e-01,2.229849e-01,2.243173e-01,1.463073e-01,1.947400e-01,1.931064e-01
1.587212e-03,9.849897e-03,4.291535e-05,9.520731e-04,7.026272e-03,3.510322e-05
