# rmse alpha/u,rmse phic/h,rmse h/r,spread alpha/u,spread phic/h,spread h/r
1.468706e-01,2.229849e-01,2.243173e-01,1.463073e-01,1.947400e-01,1.931064e-01
8.507308e-04,6.904001e-03,5.037212e-05,8.178824e-04,6.293346e-03,3.518472e-05
