# rmse alpha/u,rmse phic/h,rmse h/r,spread alpha/u,spread phic/h,spread h/r
1.468706e-01,2.229849e-01,2.243173e-01,1.463073e-01,1.947400e-01,1.931064e-01
8.212175e-04,6.536302e-03,3.670403e-05,7.970679e-04,6.161828e-03,3.351856e-05
