# rmse alpha/u,rmse phic/h,rmse h/r,spread alpha/u,spread phic/h,spread h/r
1.468706e-01,2.229849e-01,2.243173e-01,1.463073e-01,1.947400e-01,1.931064e-01
8.526555e-04,6.863726e-03,4.699195e-05,8.131257e-04,6.244144e-03,3.296513e-05
