# rmse alpha/u,rmse phic/h,rmse h/r,spread alpha/u,spread phic/h,spread h/r
1.468706e-01,2.229849e-01,2.243173e-01,1.463073e-01,1.947400e-01,1.931064e-01
1.159741e-03,7.684161e-03,4.622115e-05,8.795726e-04,6.686763e-03,3.262630e-05
