# rmse alpha/u,rmse phic/h,rmse h/r,spread alpha/u,spread phic/h,spread h/r
1.549821e-01,1.016733e-01,8.021188e-02,1.112722e-01,1.016614e-01,7.533295e-02
2.599217e-03,2.074043e-02,4.670897e-05,1.519446e-03,1.153436e-02,5.324255e-05
