# rmse alpha/u,rmse phic/h,rmse h/r,spread alpha/u,spread phic/h,spread h/r
1.549821e-01,1.016733e-01,8.021188e-02,1.112722e-01,1.016614e-01,7.533295e-02
4.077238e-03,2.758378e-02,4.756201e-05,2.243888e-03,1.629772e-02,5.701945e-05
