# rmse alpha/u,rmse phic/h,rmse h/r,spread alpha/u,spread phic/h,spread h/r
1.549821e-01,1.016733e-01,8.021188e-02,1.112722e-01,1.016614e-01,7.533295e-02
3.145917e-03,1.824885e-02,4.348270e-05,2.359102e-03,1.650191e-02,5.065401e-05
