# rmse alpha/u,rmse phic/h,rmse h/r,spread alpha/u,spread phic/h,spread h/r
1.549821e-01,1.016733e-01,8.021188e-02,1.112722e-01,1.016614e-01,7.533295e-02
2.334601e-03,2.036180e-02,5.036733e-05,1.621399e-03,1.199426e-02,5.363725e-05
