# rmse alpha/u,rmse phic/h,rmse h/r,spread alpha/u,spread phic/h,spread h/r
7.004070e-03,9.264332e-03,1.420697e-03,1.498822e-01,1.993221e-01,1.602325e-01
8.512587e-04,6.378905e-03,3.329494e-05,8.063666e-04,6.258390e-03,4.619136e-05
