# rmse alpha/u,rmse phic/h,rmse h/r,spread alpha/u,spread phic/h,spread h/r
7.004070e-03,9.264332e-03,1.420697e-03,1.498822e-01,1.993221e-01,1.602325e-01
8.977835e-04,7.181846e-03,3.161523e-05,9.155523e-04,7.020749e-03,4.814824e-05
