# rmse alpha/u,rmse phic/h,rmse h/r,spread alpha/u,spread phic/h,spread h/r
7.004070e-03,9.264332e-03,1.420697e-03,1.498822e-01,1.993221e-01,1.602325e-01
8.471824e-04,6.834222e-03,2.553231e-05,8.863211e-04,6.635783e-03,4.449578e-05
