# rmse alpha/u,rmse phic/h,rmse h/r,spread alpha/u,spread phic/h,spread h/r
7.004070e-03,9.264332e-03,1.420697e-03,1.498822e-01,1.993221e-01,1.602325e-01
2.762739e-03,1.439367e-02,3.622318e-05,1.414461e-03,9.530320e-03,4.737638e-05
