# rmse alpha/u,rmse phic/h,rmse h/r,spread alpha/u,spread phic/h,spread h/r
7.004070e-03,9.264332e-03,1.420697e-03,1.498822e-01,1.993221e-01,1.602325e-01
8.699394e-04,7.419991e-03,3.582782e-05,8.446586e-04,6.842752e-03,4.540162e-05
