# rmse alpha/u,rmse phic/h,rmse h/r,spread alpha/u,spread phic/h,spread h/r
2.937967e-03,6.855787e-03,2.950461e-02,1.271529e-01,1.581114e-01,1.441779e-01
9.134841e-04,7.303196e-03,3.471522e-05,8.710457e-04,7.170145e-03,5.144107e-05
