# rmse alpha/u,rmse phic/h,rmse h/r,spread alpha/u,spread phic/h,spread h/r
2.937967e-03,6.855787e-03,2.950461e-02,1.271529e-01,1.581114e-01,1.441779e-01
9.250755e-04,6.850216e-03,2.649687e-05,8.270781e-04,6.687017e-03,4.781426e-05
