# rmse alpha/u,rmse phic/h,rmse h/r,spread alpha/u,spread phic/h,spread h/r
2.937967e-03,6.855787e-03,2.950461e-02,1.271529e-01,1.581114e-01,1.441779e-01
8.446892e-04,6.499986e-03,2.518670e-05,8.257939e-04,6.441973e-03,5.129857e-05
