# rmse alpha/u,rmse phic/h,rmse h/r,spread alpha/u,spread phic/h,spread h/r
2.937967e-03,6.855787e-03,2.950461e-02,1.271529e-01,1.581114e-01,1.441779e-01
1.128176e-03,8.265052e-03,3.074744e-05,8.431480e-04,6.621597e-03,5.237892e-05
