# rmse alpha/u,rmse phic/h,rmse h/r,spread alpha/u,spread phic/h,spread h/r
2.937967e-03,6.855787e-03,2.950461e-02,1.271529e-01,1.581114e-01,1.441779e-01
8.438419e-04,6.515420e-03,2.798864e-05,8.313209e-04,6.731483e-03,5.082900e-05
