# rmse alpha/u,rmse phic/h,rmse h/r,spread alpha/u,spread phic/h,spread h/r
2.937967e-03,6.855787e-03,2.950461e-02,1.271529e-01,1.581114e-01,1.441779e-01
8.178651e-04,6.762985e-03,3.341580e-05,7.986354e-04,6.393164e-03,4.858628e-05
