# rmse alpha/u,rmse phic/h,rmse h/r,spread alpha/u,spread phic/h,spread h/r
2.937967e-03,6.855787e-03,2.950461e-02,1.271529e-01,1.581114e-01,1.441779e-01
9.195590e-04,7.248994e-03,2.335637e-05,7.921924e-04,6.331011e-03,4.804146e-05
