# rmse alpha/u,rmse phic/h,rmse h/r,spread alpha/u,spread phic/h,spread h/r
2.937967e-03,6.855787e-03,2.950461e-02,1.271529e-01,1.581114e-01,1.441779e-01
8.471244e-04,6.757050e-03,2.247573e-05,8.048315e-04,6.288388e-03,4.972261e-05
