# rmse alpha/u,rmse phic/h,rmse h/r,spread alpha/u,spread phic/h,spread h/r
2.937967e-03,6.855787e-03,2.950461e-02,1.271529e-01,1.581114e-01,1.441779e-01
8.336986e-04,6.772837e-03,2.661420e-05,8.126758e-04,6.449269e-03,4.806592e-05
