# rmse alpha/u,rmse phic/h,rmse h/r,spread alpha/u,spread phic/h,spread h/r
2.937967e-03,6.855787e-03,2.950461e-02,1.271529e-01,1.581114e-01,1.441779e-01
8.093532e-04,6.193074e-03,2.183396e-05,8.120302e-04,6.386147e-03,4.836298e-05
