# rmse alpha/u,rmse phic/h,rmse h/r,spread alpha/u,spread phic/h,spread h/r
2.937967e-03,6.855787e-03,2.950461e-02,1.271529e-01,1.581114e-01,1.441779e-01
8.331134e-04,6.499157e-03,2.648333e-05,8.122911e-04,6.565617e-03,4.977145e-05
