# rmse alpha/u,rmse phic/h,rmse h/r,spread alpha/u,spread phic/h,spread h/r
1.676583e-01,2.828777e-01,4.014165e-01,1.365009e-01,2.056984e-01,1.580122e-01
5.095400e-03,3.705111e-02,3.201562e-05,3.481722e-03,2.815859e-02,3.415638e-05
