# rmse alpha/u,rmse phic/h,rmse h/r,spread alpha/u,spread phic/h,spread h/r
1.676583e-01,2.828777e-01,4.014165e-01,1.365009e-01,2.056984e-01,1.580122e-01
4.375229e-03,3.102761e-02,3.993533e-05,3.289000e-03,2.646427e-02,3.932678e-05
