# rmse alpha/u,rmse phic/h,rmse h/r,spread alpha/u,spread phic/h,spread h/r
1.676583e-01,2.828777e-01,4.014165e-01,1.365009e-01,2.056984e-01,1.580122e-01
4.020630e-03,2.420260e-02,3.642226e-05,2.783747e-03,2.000752e-02,3.523387e-05
