# rmse alpha/u,rmse phic/h,rmse h/r,spread alpha/u,spread phic/h,spread h/r
1.676583e-01,2.828777e-01,4.014165e-01,1.365009e-01,2.056984e-01,1.580122e-01
2.707692e-03,1.617964e-02,2.250936e-05,2.169570e-03,1.519931e-02,3.010188e-05
