# rmse alpha/u,rmse phic/h,rmse h/r,spread alpha/u,spread phic/h,spread h/r
1.676583e-01,2.828777e-01,4.014165e-01,1.365009e-01,2.056984e-01,1.580122e-01
3.617601e-03,2.258653e-02,2.232259e-05,2.249831e-03,1.606116e-02,3.035142e-05
