# rmse alpha/u,rmse phic/h,rmse h/r,spread alpha/u,spread phic/h,spread h/r
1.572433e-01,2.282898e-01,1.486546e-01,1.247299e-01,2.016558e-01,1.417906e-01
9.064678e-04,7.156114e-03,3.359224e-05,7.809937e-04,6.173104e-03,2.287709e-05
