# rmse alpha/u,rmse phic/h,rmse h/r,spread alpha/u,spread phic/h,spread h/r
1.572433e-01,2.282898e-01,1.486546e-01,1.247299e-01,2.016558e-01,1.417906e-01
8.503094e-04,7.028349e-03,2.497113e-05,7.897498e-04,6.150755e-03,2.448378e-05
