# rmse alpha/u,rmse phic/h,rmse h/r,spread alpha/u,spread phic/h,spread h/r
1.572433e-01,2.282898e-01,1.486546e-01,1.247299e-01,2.016558e-01,1.417906e-01
9.054820e-04,8.038060e-03,2.833652e-05,8.209485e-04,6.398011e-03,2.556895e-05
