# rmse alpha/u,rmse phic/h,rmse h/r,spread alpha/u,spread phic/h,spread h/r
1.572433e-01,2.282898e-01,1.486546e-01,1.247299e-01,2.016558e-01,1.417906e-01
1.017165e-03,8.328159e-03,2.983429e-05,8.054561e-04,6.192936e-03,2.643025e-05
