# rmse alpha/u,rmse phic/h,rmse h/r,spread alpha/u,spread phic/h,spread h/r
1.929592e-01,2.585830e-01,3.271188e-01,1.825267e-01,2.479154e-01,2.093534e-01
1.923902e-03,2.245565e-02,5.680130e-05,1.498275e-03,1.157826e-02,5.353522e-05
