# rmse alpha/u,rmse phic/h,rmse h/r,spread alpha/u,spread phic/h,spread h/r
1.929592e-01,2.585830e-01,3.271188e-01,1.825267e-01,2.479154e-01,2.093534e-01
3.638750e-03,1.896508e-02,4.292951e-05,1.643766e-03,1.171127e-02,5.338499e-05
