# rmse alpha/u,rmse phic/h,rmse h/r,spread alpha/u,spread phic/h,spread h/r
1.929592e-01,2.585830e-01,3.271188e-01,1.825267e-01,2.479154e-01,2.093534e-01
1.536376e-03,1.614757e-02,5.480534e-05,1.314358e-03,1.006340e-02,5.180727e-05
