# rmse alpha/u,rmse phic/h,rmse h/r,spread alpha/u,spread phic/h,spread h/r
1.929592e-01,2.585830e-01,3.271188e-01,1.825267e-01,2.479154e-01,2.093534e-01
2.987500e-03,1.837010e-02,3.651506e-05,1.635331e-03,1.129172e-02,4.918196e-05
