# rmse alpha/u,rmse phic/h,rmse h/r,spread alpha/u,spread phic/h,spread h/r
1.929592e-01,2.585830e-01,3.271188e-01,1.825267e-01,2.479154e-01,2.093534e-01
3.717824e-03,2.198851e-02,6.250500e-05,1.963742e-03,1.410688e-02,5.433970e-05
