# rmse alpha/u,rmse phic/h,rmse h/r,spread alpha/u,spread phic/h,spread h/r
1.929592e-01,2.585830e-01,3.271188e-01,1.825267e-01,2.479154e-01,2.093534e-01
3.741154e-03,2.132997e-02,4.587130e-05,1.645718e-03,1.135796e-02,4.995679e-05
