# rmse alpha/u,rmse phic/h,rmse h/r,spread alpha/u,spread phic/h,spread h/r
2.958279e-01,6.021378e-01,5.750262e-01,2.040651e-01,2.045934e-01,1.851052e-01
3.175705e-03,1.780461e-02,3.192983e-05,2.250515e-03,1.735976e-02,3.166649e-05
