# rmse alpha/u,rmse phic/h,rmse h/r,spread alpha/u,spread phic/h,spread h/r
2.958279e-01,6.021378e-01,5.750262e-01,2.040651e-01,2.045934e-01,1.851052e-01
3.441368e-03,1.685698e-02,3.769252e-05,2.634907e-03,1.824398e-02,3.475064e-05
