# rmse alpha/u,rmse phic/h,rmse h/r,spread alpha/u,spread phic/h,spread h/r
2.958279e-01,6.021378e-01,5.750262e-01,2.040651e-01,2.045934e-01,1.851052e-01
4.101995e-03,2.168030e-02,3.345892e-05,2.609304e-03,1.925890e-02,3.899282e-05
