# rmse alpha/u,rmse phic/h,rmse h/r,spread alpha/u,spread phic/h,spread h/r
2.958279e-01,6.021378e-01,5.750262e-01,2.040651e-01,2.045934e-01,1.851052e-01
2.768973e-03,1.461629e-02,3.217692e-05,1.865949e-03,1.231744e-02,3.291960e-05
