# rmse alpha/u,rmse phic/h,rmse h/r,spread alpha/u,spread phic/h,spread h/r
2.958279e-01,6.021378e-01,5.750262e-01,2.040651e-01,2.045934e-01,1.851052e-01
3.357928e-03,1.922275e-02,3.015175e-05,2.037908e-03,1.374492e-02,3.298147e-05
