# rmse alpha/u,rmse phic/h,rmse h/r,spread alpha/u,spread phic/h,spread h/r
2.453756e-01,2.931742e-01,2.162103e-01,2.140278e-01,2.113999e-01,1.739089e-01
4.934606e-03,3.110617e-02,5.595748e-05,3.324611e-03,2.495358e-02,4.091284e-05
