# rmse alpha/u,rmse phic/h,rmse h/r,spread alpha/u,spread phic/h,spread h/r
2.453756e-01,2.931742e-01,2.162103e-01,2.140278e-01,2.113999e-01,1.739089e-01
4.293654e-03,2.630219e-02,4.402048e-05,3.056525e-03,1.965233e-02,3.394853e-05
