# rmse alpha/u,rmse phic/h,rmse h/r,spread alpha/u,spread phic/h,spread h/r
2.453756e-01,2.931742e-01,2.162103e-01,2.140278e-01,2.113999e-01,1.739089e-01
5.355022e-03,3.074695e-02,4.114238e-05,3.020080e-03,2.043871e-02,3.255130e-05
