# rmse alpha/u,rmse phic/h,rmse h/r,spread alpha/u,spread phic/h,spread h/r
2.870944e-01,1.307687e-01,9.655053e-02,1.408485e-01,8.786483e-02,8.323840e-02
2.559798e-03,1.883238e-02,4.338010e-05,1.188564e-03,8.952108e-03,3.465495e-05
