# rmse alpha/u,rmse phic/h,rmse h/r,spread alpha/u,spread phic/h,spread h/r
2.870944e-01,1.307687e-01,9.655053e-02,1.408485e-01,8.786483e-02,8.323840e-02
1.625349e-03,1.433471e-02,4.947428e-05,1.258347e-03,9.508627e-03,3.439778e-05
