# rmse alpha/u,rmse phic/h,rmse h/r,spread alpha/u,spread phic/h,spread h/r
2.870944e-01,1.307687e-01,9.655053e-02,1.408485e-01,8.786483e-02,8.323840e-02
2.762767e-03,1.687308e-02,6.475934e-05,1.195944e-03,8.849474e-03,3.690007e-05
