# rmse alpha/u,rmse phic/h,rmse h/r,spread alpha/u,spread phic/h,spread h/r
2.870944e-01,1.307687e-01,9.655053e-02,1.408485e-01,8.786483e-02,8.323840e-02
3.704875e-03,2.484847e-02,5.228547e-05,1.923324e-03,1.406029e-02,4.024151e-05
