# rmse alpha/u,rmse phic/h,rmse h/r,spread alpha/u,spread phic/h,spread h/r
2.870944e-01,1.307687e-01,9.655053e-02,1.408485e-01,8.786483e-02,8.323840e-02
9.452591e-04,8.818275e-03,3.828091e-05,8.646208e-04,6.463049e-03,3.374642e-05
