# rmse alpha/u,rmse phic/h,rmse h/r,spread alpha/u,spread phic/h,spread h/r
2.870944e-01,1.307687e-01,9.655053e-02,1.408485e-01,8.786483e-02,8.323840e-02
1.309654e-03,1.129453e-02,3.665777e-05,1.192282e-03,8.580638e-03,3.137569e-05
