# rmse alpha/u,rmse phic/h,rmse h/r,spread alpha/u,spread phic/h,spread h/r
1.564721e-01,4.296959e-02,4.131023e-02,2.096543e-01,1.910018e-01,1.616023e-01
4.251523e-03,2.267053e-02,3.869072e-05,2.562374e-03,1.678958e-02,3.480093e-05
