# rmse alpha/u,rmse phic/h,rmse h/r,spread alpha/u,spread phic/h,spread h/r
1.564721e-01,4.296959e-02,4.131023e-02,2.096543e-01,1.910018e-01,1.616023e-01
4.301451e-03,2.405892e-02,4.770499e-05,2.508126e-03,1.755516e-02,4.701383e-05
