# rmse alpha/u,rmse phic/h,rmse h/r,spread alpha/u,spread phic/h,spread h/r
2.377532e-01,4.968060e-01,5.884501e-01,1.909684e-01,2.207097e-01,2.003914e-01
1.478826e-03,1.388215e-02,4.450944e-05,1.514736e-03,1.139774e-02,2.810878e-05
