# rmse alpha/u,rmse phic/h,rmse h/r,spread alpha/u,spread phic/h,spread h/r
2.377532e-01,4.968060e-01,5.884501e-01,1.909684e-01,2.207097e-01,2.003914e-01
2.749596e-03,1.936306e-02,4.444102e-05,1.627523e-03,1.185097e-02,2.724056e-05
