# rmse alpha/u,rmse phic/h,rmse h/r,spread alpha/u,spread phic/h,spread h/r
2.377532e-01,4.968060e-01,5.884501e-01,1.909684e-01,2.207097e-01,2.003914e-01
3.221476e-03,1.778515e-02,5.686686e-05,1.386989e-03,9.383756e-03,2.862105e-05
