# rmse alpha/u,rmse phic/h,rmse h/r,spread alpha/u,spread phic/h,spread h/r
2.377532e-01,4.968060e-01,5.884501e-01,1.909684e-01,2.207097e-01,2.003914e-01
2.610574e-03,1.709756e-02,7.179944e-05,1.228125e-03,8.147239e-03,2.614976e-05
