# rmse alpha/u,rmse phic/h,rmse h/r,spread alpha/u,spread phic/h,spread h/r
2.377532e-01,4.968060e-01,5.884501e-01,1.909684e-01,2.207097e-01,2.003914e-01
2.905629e-03,1.486958e-02,5.151292e-05,1.057592e-03,7.582743e-03,2.356468e-05
