# rmse alpha/u,rmse phic/h,rmse h/r,spread alpha/u,spread phic/h,spread h/r
1.494542e-02,8.110626e-02,2.619094e-01,2.178019e-01,1.997102e-01,1.533221e-01
2.104418e-03,1.137684e-02,4.491507e-05,1.730387e-03,1.188638e-02,4.038082e-05
