# rmse alpha/u,rmse phic/h,rmse h/r,spread alpha/u,spread phic/h,spread h/r
1.494542e-02,8.110626e-02,2.619094e-01,2.178019e-01,1.997102e-01,1.533221e-01
1.171185e-03,7.237033e-03,2.101007e-05,1.125935e-03,7.797661e-03,3.095442e-05
