# rmse alpha/u,rmse phic/h,rmse h/r,spread alpha/u,spread phic/h,spread h/r
1.494542e-02,8.110626e-02,2.619094e-01,2.178019e-01,1.997102e-01,1.533221e-01
1.699639e-03,1.089201e-02,2.828643e-05,1.243401e-03,8.538874e-03,3.150012e-05
