# rmse alpha/u,rmse phic/h,rmse h/r,spread alpha/u,spread phic/h,spread h/r
1.494542e-02,8.110626e-02,2.619094e-01,2.178019e-01,1.997102e-01,1.533221e-01
2.414963e-03,1.178691e-02,2.522337e-05,1.789348e-03,1.200624e-02,3.433935e-05
