# rmse alpha/u,rmse phic/h,rmse h/r,spread alpha/u,spread phic/h,spread h/r
1.494542e-02,8.110626e-02,2.619094e-01,2.178019e-01,1.997102e-01,1.533221e-01
1.379434e-03,8.593944e-03,2.299552e-05,1.199774e-03,8.490110e-03,3.635432e-05
