# rmse alpha/u,rmse phic/h,rmse h/r,spread alpha/u,spread phic/h,spread h/r
1.494542e-02,8.110626e-02,2.619094e-01,2.178019e-01,1.997102e-01,1.533221e-01
8.637351e-04,6.830418e-03,2.238639e-05,9.085156e-04,6.949916e-03,3.291368e-05
