# rmse alpha/u,rmse phic/h,rmse h/r,spread alpha/u,spread phic/h,spread h/r
1.368073e-01,3.759264e-04,3.834696e-02,1.331578e-01,7.726149e-02,7.045875e-02
4.930463e-03,3.911325e-02,3.724103e-05,4.443542e-03,3.610268e-02,3.509019e-05
