# rmse alpha/u,rmse phic/h,rmse h/r,spread alpha/u,spread phic/h,spread h/r
1.368073e-01,3.759264e-04,3.834696e-02,1.331578e-01,7.726149e-02,7.045875e-02
5.072911e-03,3.412105e-02,3.979319e-05,4.635611e-03,3.856072e-02,3.709701e-05
