# rmse alpha/u,rmse phic/h,rmse h/r,spread alpha/u,spread phic/h,spread h/r
1.368073e-01,3.759264e-04,3.834696e-02,1.331578e-01,7.726149e-02,7.045875e-02
5.302249e-03,3.501709e-02,3.916101e-05,4.709602e-03,3.739615e-02,3.693726e-05
