# rmse alpha/u,rmse phic/h,rmse h/r,spread alpha/u,spread phic/h,spread h/r
1.368073e-01,3.759264e-04,3.834696e-02,1.331578e-01,7.726149e-02,7.045875e-02
5.033476e-03,3.219230e-02,3.581132e-05,4.430297e-03,3.792822e-02,3.825107e-05
