# rmse alpha/u,rmse phic/h,rmse h/r,spread alpha/u,spread phic/h,spread h/r
1.368073e-01,3.759264e-04,3.834696e-02,1.331578e-01,7.726149e-02,7.045875e-02
5.393643e-03,3.674515e-02,4.030944e-05,4.035643e-03,3.052922e-02,3.255038e-05
