# rmse alpha/u,rmse phic/h,rmse h/r,spread alpha/u,spread phic/h,spread h/r
4.926123e-02,1.964043e-02,2.511106e-01,2.011122e-01,2.284813e-01,1.938860e-01
2.144825e-03,1.586978e-02,4.931541e-05,1.285688e-03,8.693582e-03,2.641711e-05
