# rmse alpha/u,rmse phic/h,rmse h/r,spread alpha/u,spread phic/h,spread h/r
4.926123e-02,1.964043e-02,2.511106e-01,2.011122e-01,2.284813e-01,1.938860e-01
9.736342e-04,8.361717e-03,4.700650e-05,8.933315e-04,6.649146e-03,2.388549e-05
