# rmse alpha/u,rmse phic/h,rmse h/r,spread alpha/u,spread phic/h,spread h/r
4.926123e-02,1.964043e-02,2.511106e-01,2.011122e-01,2.284813e-01,1.938860e-01
9.958290e-04,6.938968e-03,3.424975e-05,7.845282e-04,5.879380e-03,2.074236e-05
