# rmse alpha/u,rmse phic/h,rmse h/r,spread alpha/u,spread phic/h,spread h/r
4.926123e-02,1.964043e-02,2.511106e-01,2.011122e-01,2.284813e-01,1.938860e-01
3.391891e-03,1.704428e-02,3.024628e-05,1.315134e-03,9.746310e-03,2.288396e-05
