# rmse alpha/u,rmse phic/h,rmse h/r,spread alpha/u,spread phic/h,spread h/r
4.926123e-02,1.964043e-02,2.511106e-01,2.011122e-01,2.284813e-01,1.938860e-01
2.827898e-03,1.586210e-02,6.055032e-05,1.507626e-03,1.037260e-02,2.689240e-05
