# rmse alpha/u,rmse phic/h,rmse h/r,spread alpha/u,spread phic/h,spread h/r
9.221846e-03,6.124682e-04,4.386776e-03,1.456318e-01,9.961870e-02,7.790427e-02
1.730068e-03,1.404757e-02,3.140905e-05,1.357001e-03,1.042847e-02,2.502396e-05
