# rmse alpha/u,rmse phic/h,rmse h/r,spread alpha/u,spread phic/h,spread h/r
9.221846e-03,6.124682e-04,4.386776e-03,1.456318e-01,9.961870e-02,7.790427e-02
4.239838e-03,2.580804e-02,3.549627e-05,2.658954e-03,1.761734e-02,2.690469e-05
