# rmse alpha/u,rmse phic/h,rmse h/r,spread alpha/u,spread phic/h,spread h/r
9.221846e-03,6.124682e-04,4.386776e-03,1.456318e-01,9.961870e-02,7.790427e-02
2.067569e-03,1.209643e-02,3.597702e-05,1.492139e-03,1.029200e-02,2.763856e-05
