# rmse alpha/u,rmse phic/h,rmse h/r,spread alpha/u,spread phic/h,spread h/r
9.221846e-03,6.124682e-04,4.386776e-03,1.456318e-01,9.961870e-02,7.790427e-02
2.651050e-03,1.506057e-02,2.430174e-05,1.853483e-03,1.190983e-02,2.407287e-05
