# rmse alpha/u,rmse phic/h,rmse h/r,spread alpha/u,spread phic/h,spread h/r
9.221846e-03,6.124682e-04,4.386776e-03,1.456318e-01,9.961870e-02,7.790427e-02
5.351638e-03,3.338641e-02,5.333448e-05,2.558566e-03,1.954583e-02,3.945991e-05
