# rmse alpha/u,rmse phic/h,rmse h/r,spread alpha/u,spread phic/h,spread h/r
9.221846e-03,6.124682e-04,4.386776e-03,1.456318e-01,9.961870e-02,7.790427e-02
4.058358e-03,2.300830e-02,4.917089e-05,1.673389e-03,1.227576e-02,3.456250e-05
