# rmse alpha/u,rmse phic/h,rmse h/r,spread alpha/u,spread phic/h,spread h/r
9.546143e-02,1.559797e-01,3.829728e-05,2.029553e-01,2.401346e-01,2.180772e-01
4.394839e-03,2.280987e-02,5.058521e-05,3.679872e-03,2.576579e-02,5.074512e-05
