# rmse alpha/u,rmse phic/h,rmse h/r,spread alpha/u,spread phic/h,spread h/r
9.546143e-02,1.559797e-01,3.829728e-05,2.029553e-01,2.401346e-01,2.180772e-01
3.947044e-03,2.289963e-02,4.600510e-05,3.874420e-03,2.755064e-02,4.976164e-05
