# rmse alpha/u,rmse phic/h,rmse h/r,spread alpha/u,spread phic/h,spread h/r
9.546143e-02,1.559797e-01,3.829728e-05,2.029553e-01,2.401346e-01,2.180772e-01
4.433980e-03,2.676902e-02,5.267340e-05,4.259150e-03,3.232740e-02,5.348106e-05
