# rmse alpha/u,rmse phic/h,rmse h/r,spread alpha/u,spread phic/h,spread h/r
9.546143e-02,1.559797e-01,3.829728e-05,2.029553e-01,2.401346e-01,2.180772e-01
3.647769e-03,2.348949e-02,5.400673e-05,3.817635e-03,2.874810e-02,5.242584e-05
