# rmse alpha/u,rmse phic/h,rmse h/r,spread alpha/u,spread phic/h,spread h/r
9.546143e-02,1.559797e-01,3.829728e-05,2.029553e-01,2.401346e-01,2.180772e-01
4.071253e-03,2.954279e-02,4.636617e-05,3.869351e-03,3.029898e-02,4.830676e-05
