# rmse alpha/u,rmse phic/h,rmse h/r,spread alpha/u,spread phic/h,spread h/r
1.939637e-01,3.129454e-01,2.431075e-01,1.837476e-01,2.443896e-01,2.064901e-01
4.381978e-03,2.349348e-02,3.255549e-05,2.023198e-03,1.435910e-02,4.448171e-05
