# rmse alpha/u,rmse phic/h,rmse h/r,spread alpha/u,spread phic/h,spread h/r
1.939637e-01,3.129454e-01,2.431075e-01,1.837476e-01,2.443896e-01,2.064901e-01
3.285056e-03,1.407616e-02,2.502521e-05,1.675792e-03,1.181993e-02,4.159377e-05
