# rmse alpha/u,rmse phic/h,rmse h/r,spread alpha/u,spread phic/h,spread h/r
1.939637e-01,3.129454e-01,2.431075e-01,1.837476e-01,2.443896e-01,2.064901e-01
3.904242e-03,2.401702e-02,3.873613e-05,1.754621e-03,1.193418e-02,4.183310e-05
