# rmse alpha/u,rmse phic/h,rmse h/r,spread alpha/u,spread phic/h,spread h/r
1.920277e-01,2.375766e-01,2.769926e-01,1.797857e-01,2.281890e-01,1.965592e-01
1.358840e-03,8.832318e-03,3.148082e-05,1.234122e-03,8.847575e-03,4.701305e-05
