# rmse alpha/u,rmse phic/h,rmse h/r,spread alpha/u,spread phic/h,spread h/r
1.920277e-01,2.375766e-01,2.769926e-01,1.797857e-01,2.281890e-01,1.965592e-01
2.179215e-03,1.700695e-02,3.931203e-05,1.695085e-03,1.243072e-02,5.276656e-05
