# rmse alpha/u,rmse phic/h,rmse h/r,spread alpha/u,spread phic/h,spread h/r
1.920277e-01,2.375766e-01,2.769926e-01,1.797857e-01,2.281890e-01,1.965592e-01
1.538725e-03,1.939664e-02,5.083462e-05,1.232339e-03,9.412090e-03,5.037615e-05
