# rmse alpha/u,rmse phic/h,rmse h/r,spread alpha/u,spread phic/h,spread h/r
1.920277e-01,2.375766e-01,2.769926e-01,1.797857e-01,2.281890e-01,1.965592e-01
1.835198e-03,1.671321e-02,4.897550e-05,1.202854e-03,8.907947e-03,4.896750e-05
