# rmse alpha/u,rmse phic/h,rmse h/r,spread alpha/u,spread phic/h,spread h/r
1.920304e-02,6.502472e-03,1.444969e-02,1.322706e-01,1.997366e-01,1.973590e-01
8.472205e-04,6.710680e-03,3.045202e-05,7.803619e-04,6.137864e-03,4.350672e-05
