# rmse alpha/u,rmse phic/h,rmse h/r,spread alpha/u,spread phic/h,spread h/r
1.920304e-02,6.502472e-03,1.444969e-02,1.322706e-01,1.997366e-01,1.973590e-01
8.342155e-04,6.712376e-03,3.098327e-05,7.826319e-04,6.291685e-03,4.406121e-05
