# rmse alpha/u,rmse phic/h,rmse h/r,spread alpha/u,spread phic/h,spread h/r
1.920304e-02,6.502472e-03,1.444969e-02,1.322706e-01,1.997366e-01,1.973590e-01
8.206382e-04,6.815041e-03,3.743197e-05,7.827566e-04,6.326501e-03,4.362407e-05
