# rmse alpha/u,rmse phic/h,rmse h/r,spread alpha/u,spread phic/h,spread h/r
1.920304e-02,6.502472e-03,1.444969e-02,1.322706e-01,1.997366e-01,1.973590e-01
8.134767e-04,7.061535e-03,2.847853e-05,7.780012e-04,6.260177e-03,4.338309e-05
