# rmse alpha/u,rmse phic/h,rmse h/r,spread alpha/u,spread phic/h,spread h/r
1.920304e-02,6.502472e-03,1.444969e-02,1.322706e-01,1.997366e-01,1.973590e-01
8.369321e-04,6.703225e-03,2.871362e-05,7.789504e-04,6.189416e-03,4.356937e-05
