# rmse alpha/u,rmse phic/h,rmse h/r,spread alpha/u,spread phic/h,spread h/r
4.137165e-02,1.363792e-02,4.171506e-02,1.699231e-01,2.371684e-01,1.419867e-01
8.067351e-04,6.349648e-03,2.092600e-05,8.224996e-04,6.419497e-03,4.277252e-05
