# rmse alpha/u,rmse phic/h,rmse h/r,spread alpha/u,spread phic/h,spread h/r
4.137165e-02,1.363792e-02,4.171506e-02,1.699231e-01,2.371684e-01,1.419867e-01
8.594130e-04,6.667165e-03,2.440453e-05,8.618237e-04,6.811654e-03,4.514287e-05
