# rmse alpha/u,rmse phic/h,rmse h/r,spread alpha/u,spread phic/h,spread h/r
4.137165e-02,1.363792e-02,4.171506e-02,1.699231e-01,2.371684e-01,1.419867e-01
9.001949e-04,6.787236e-03,2.035625e-05,8.902347e-04,6.925535e-03,4.548077e-05
