# rmse alpha/u,rmse phic/h,rmse h/r,spread alpha/u,spread phic/h,spread h/r
1.765093e-02,8.421810e-02,2.529814e-01,1.982756e-01,1.909562e-01,1.621428e-01
2.140900e-03,9.255380e-03,2.368528e-05,1.329880e-03,9.284446e-03,3.711861e-05
