# rmse alpha/u,rmse phic/h,rmse h/r,spread alpha/u,spread phic/h,spread h/r
1.765093e-02,8.421810e-02,2.529814e-01,1.982756e-01,1.909562e-01,1.621428e-01
2.326722e-03,1.793209e-02,4.226473e-05,1.447220e-03,1.168635e-02,4.268628e-05
