# rmse alpha/u,rmse phic/h,rmse h/r,spread alpha/u,spread phic/h,spread h/r
1.765093e-02,8.421810e-02,2.529814e-01,1.982756e-01,1.909562e-01,1.621428e-01
1.460109e-03,1.002126e-02,1.713206e-05,1.230569e-03,8.569699e-03,3.302386e-05
