# rmse alpha/u,rmse phic/h,rmse h/r,spread alpha/u,spread phic/h,spread h/r
1.765093e-02,8.421810e-02,2.529814e-01,1.982756e-01,1.909562e-01,1.621428e-01
4.257452e-03,2.617517e-02,4.319316e-05,2.403245e-03,1.711206e-02,4.547912e-05
