# rmse alpha/u,rmse phic/h,rmse h/r,spread alpha/u,spread phic/h,spread h/r
1.765093e-02,8.421810e-02,2.529814e-01,1.982756e-01,1.909562e-01,1.621428e-01
2.310698e-03,1.131135e-02,2.693497e-05,1.334384e-03,9.307043e-03,3.607043e-05
