# rmse alpha/u,rmse phic/h,rmse h/r,spread alpha/u,spread phic/h,spread h/r
1.765093e-02,8.421810e-02,2.529814e-01,1.982756e-01,1.909562e-01,1.621428e-01
1.461434e-03,1.124471e-02,2.611613e-05,1.404925e-03,9.983861e-03,3.447875e-05
