# rmse alpha/u,rmse phic/h,rmse h/r,spread alpha/u,spread phic/h,spread h/r
1.765093e-02,8.421810e-02,2.529814e-01,1.982756e-01,1.909562e-01,1.621428e-01
2.490297e-03,1.323463e-02,2.207368e-05,1.790524e-03,1.213561e-02,3.665040e-05
