# rmse alpha/u,rmse phic/h,rmse h/r,spread alpha/u,spread phic/h,spread h/r
1.765093e-02,8.421810e-02,2.529814e-01,1.982756e-01,1.909562e-01,1.621428e-01
3.099432e-03,1.347707e-02,3.292214e-05,1.747685e-03,1.256260e-02,4.337018e-05
