# rmse alpha/u,rmse phic/h,rmse h/r,spread alpha/u,spread phic/h,spread h/r
1.765093e-02,8.421810e-02,2.529814e-01,1.982756e-01,1.909562e-01,1.621428e-01
2.135244e-03,1.596440e-02,3.670831e-05,1.492425e-03,1.058602e-02,4.254810e-05
