# rmse alpha/u,rmse phic/h,rmse h/r,spread alpha/u,spread phic/h,spread h/r
1.765093e-02,8.421810e-02,2.529814e-01,1.982756e-01,1.909562e-01,1.621428e-01
1.312193e-03,8.373480e-03,2.296346e-05,1.214980e-03,8.700267e-03,3.851070e-05
