# rmse alpha/u,rmse phic/h,rmse h/r,spread alpha/u,spread phic/h,spread h/r
3.586761e-02,1.392911e-02,2.539128e-02,2.007018e-01,2.348895e-01,2.071683e-01
4.566791e-03,2.350408e-02,3.623741e-05,2.552649e-03,1.704933e-02,3.423989e-05
