# rmse alpha/u,rmse phic/h,rmse h/r,spread alpha/u,spread phic/h,spread h/r
3.586761e-02,1.392911e-02,2.539128e-02,2.007018e-01,2.348895e-01,2.071683e-01
6.293810e-03,3.315489e-02,4.672163e-05,2.852015e-03,1.981855e-02,3.796628e-05
