# rmse alpha/u,rmse phic/h,rmse h/r,spread alpha/u,spread phic/h,spread h/r
3.586761e-02,1.392911e-02,2.539128e-02,2.007018e-01,2.348895e-01,2.071683e-01
4.188392e-03,2.869754e-02,4.584426e-05,2.418260e-03,1.750836e-02,4.087666e-05
