# rmse alpha/u,rmse phic/h,rmse h/r,spread alpha/u,spread phic/h,spread h/r
3.586761e-02,1.392911e-02,2.539128e-02,2.007018e-01,2.348895e-01,2.071683e-01
3.374449e-03,2.742012e-02,2.566507e-05,2.185218e-03,1.574665e-02,3.425601e-05
