# rmse alpha/u,rmse phic/h,rmse h/r,spread alpha/u,spread phic/h,spread h/r
8.650906e-03,4.945067e-02,2.808296e-02,1.258806e-01,7.837040e-02,6.885006e-02
2.753480e-03,2.074587e-02,4.585894e-05,1.932030e-03,1.391597e-02,4.952889e-05
