# rmse alpha/u,rmse phic/h,rmse h/r,spread alpha/u,spread phic/h,spread h/r
8.650906e-03,4.945067e-02,2.808296e-02,1.258806e-01,7.837040e-02,6.885006e-02
3.864562e-03,2.856180e-02,5.709087e-05,2.269593e-03,1.609187e-02,5.313768e-05
