# rmse alpha/u,rmse phic/h,rmse h/r,spread alpha/u,spread phic/h,spread h/r
8.650906e-03,4.945067e-02,2.808296e-02,1.258806e-01,7.837040e-02,6.885006e-02
3.492366e-03,2.283129e-02,5.456487e-05,2.254737e-03,1.554792e-02,5.237234e-05
