# rmse alpha/u,rmse phic/h,rmse h/r,spread alpha/u,spread phic/h,spread h/r
8.650906e-03,4.945067e-02,2.808296e-02,1.258806e-01,7.837040e-02,6.885006e-02
4.722543e-03,2.935340e-02,2.829219e-05,2.160532e-03,1.536219e-02,4.824283e-05
