# rmse alpha/u,rmse phic/h,rmse h/r,spread alpha/u,spread phic/h,spread h/r
8.650906e-03,4.945067e-02,2.808296e-02,1.258806e-01,7.837040e-02,6.885006e-02
3.193960e-03,1.955022e-02,4.395231e-05,1.882973e-03,1.334230e-02,5.266336e-05
