# rmse alpha/u,rmse phic/h,rmse h/r,spread alpha/u,spread phic/h,spread h/r
8.650906e-03,4.945067e-02,2.808296e-02,1.258806e-01,7.837040e-02,6.885006e-02
2.799792e-03,2.221698e-02,3.949299e-05,1.619847e-03,1.206853e-02,5.253241e-05
