# rmse alpha/u,rmse phic/h,rmse h/r,spread alpha/u,spread phic/h,spread h/r
8.650906e-03,4.945067e-02,2.808296e-02,1.258806e-01,7.837040e-02,6.885006e-02
2.366901e-03,1.712065e-02,3.834256e-05,1.461025e-03,1.098006e-02,4.856338e-05
