# rmse alpha/u,rmse phic/h,rmse h/r,spread alpha/u,spread phic/h,spread h/r
4.525905e-01,1.084062e-01,4.516891e-01,1.475959e-01,2.227898e-01,1.507363e-01
4.940546e-03,2.589218e-02,3.696741e-05,3.252916e-03,2.251581e-02,3.238024e-05
