# rmse alpha/u,rmse phic/h,rmse h/r,spread alpha/u,spread phic/h,spread h/r
4.525905e-01,1.084062e-01,4.516891e-01,1.475959e-01,2.227898e-01,1.507363e-01
4.477202e-03,2.731744e-02,4.411195e-05,3.033492e-03,2.129024e-02,2.867440e-05
