# rmse alpha/u,rmse phic/h,rmse h/r,spread alpha/u,spread phic/h,spread h/r
4.525905e-01,1.084062e-01,4.516891e-01,1.475959e-01,2.227898e-01,1.507363e-01
6.306219e-03,3.183132e-02,5.296716e-05,3.181258e-03,2.331627e-02,3.634086e-05
