# rmse alpha/u,rmse phic/h,rmse h/r,spread alpha/u,spread phic/h,spread h/r
4.525905e-01,1.084062e-01,4.516891e-01,1.475959e-01,2.227898e-01,1.507363e-01
4.105499e-03,2.896140e-02,4.978183e-05,2.481159e-03,1.877082e-02,3.512802e-05
