# rmse alpha/u,rmse phic/h,rmse h/r,spread alpha/u,spread phic/h,spread h/r
3.586761e-02,1.392911e-02,2.539128e-02,2.007018e-01,2.348895e-01,2.071683e-01
3.163225e-03,1.603594e-02,6.291411e-05,2.039185e-03,1.432776e-02,5.099988e-05
