# rmse alpha/u,rmse phic/h,rmse h/r,spread alpha/u,spread phic/h,spread h/r
3.586761e-02,1.392911e-02,2.539128e-02,2.007018e-01,2.348895e-01,2.071683e-01
3.548925e-03,2.596771e-02,4.479825e-05,2.705237e-03,1.947657e-02,5.463293e-05
