# rmse alpha/u,rmse phic/h,rmse h/r,spread alpha/u,spread phic/h,spread h/r
3.586761e-02,1.392911e-02,2.539128e-02,2.007018e-01,2.348895e-01,2.071683e-01
2.639632e-03,1.577345e-02,4.278908e-05,2.169418e-03,1.450054e-02,4.841038e-05
