# rmse alpha/u,rmse phic/h,rmse h/r,spread alpha/u,spread phic/h,spread h/r
3.586761e-02,1.392911e-02,2.539128e-02,2.007018e-01,2.348895e-01,2.071683e-01
4.017719e-03,2.758455e-02,5.234797e-05,2.601438e-03,1.967123e-02,5.494962e-05
