# rmse alpha/u,rmse phic/h,rmse h/r,spread alpha/u,spread phic/h,spread h/r
9.427190e-03,4.149217e-03,8.945884e-05,1.260932e-01,9.394130e-02,7.972763e-02
4.795599e-03,3.050099e-02,6.490084e-05,3.395542e-03,2.498054e-02,4.662416e-05
