# rmse alpha/u,rmse phic/h,rmse h/r,spread alpha/u,spread phic/h,spread h/r
9.427190e-03,4.149217e-03,8.945884e-05,1.260932e-01,9.394130e-02,7.972763e-02
4.874065e-03,2.822981e-02,5.320977e-05,3.105228e-03,2.360738e-02,4.754300e-05
