# rmse alpha/u,rmse phic/h,rmse h/r,spread alpha/u,spread phic/h,spread h/r
9.427190e-03,4.149217e-03,8.945884e-05,1.260932e-01,9.394130e-02,7.972763e-02
3.166648e-03,1.950682e-02,3.878777e-05,2.494539e-03,1.759266e-02,4.238737e-05
