# rmse alpha/u,rmse phic/h,rmse h/r,spread alpha/u,spread phic/h,spread h/r
9.427190e-03,4.149217e-03,8.945884e-05,1.260932e-01,9.394130e-02,7.972763e-02
4.569500e-03,2.955591e-02,4.921157e-05,2.433918e-03,1.607916e-02,4.197107e-05
