# rmse alpha/u,rmse phic/h,rmse h/r,spread alpha/u,spread phic/h,spread h/r
9.427190e-03,4.149217e-03,8.945884e-05,1.260932e-01,9.394130e-02,7.972763e-02
3.583821e-03,2.297659e-02,4.859046e-05,2.316262e-03,1.559786e-02,4.126628e-05
