# rmse alpha/u,rmse phic/h,rmse h/r,spread alpha/u,spread phic/h,spread h/r
1.989848e-01,2.592528e-01,2.238774e-01,1.909684e-01,2.207097e-01,2.003914e-01
3.219434e-03,2.931022e-02,7.870955e-05,1.484995e-03,1.054470e-02,2.102351e-05
