# rmse alpha/u,rmse phic/h,rmse h/r,spread alpha/u,spread phic/h,spread h/r
1.989848e-01,2.592528e-01,2.238774e-01,1.909684e-01,2.207097e-01,2.003914e-01
2.613881e-03,2.160832e-02,7.136809e-05,1.686545e-03,1.125947e-02,1.452423e-05
