# rmse alpha/u,rmse phic/h,rmse h/r,spread alpha/u,spread phic/h,spread h/r
1.989848e-01,2.592528e-01,2.238774e-01,1.909684e-01,2.207097e-01,2.003914e-01
3.708223e-03,1.450101e-02,6.935825e-05,1.358340e-03,9.370497e-03,1.625630e-05
