# rmse alpha/u,rmse phic/h,rmse h/r,spread alpha/u,spread phic/h,spread h/r
2.373130e-02,1.494970e-03,4.594691e-06,1.216886e-01,1.033210e-01,7.493773e-02
2.223938e-03,2.213524e-02,5.054517e-05,1.037738e-03,8.011963e-03,4.552382e-05
