# rmse alpha/u,rmse phic/h,rmse h/r,spread alpha/u,spread phic/h,spread h/r
2.373130e-02,1.494970e-03,4.594691e-06,1.216886e-01,1.033210e-01,7.493773e-02
8.641587e-04,5.982231e-03,2.444414e-05,9.378588e-04,6.825392e-03,4.217295e-05
