# rmse alpha/u,rmse phic/h,rmse h/r,spread alpha/u,spread phic/h,spread h/r
2.373130e-02,1.494970e-03,4.594691e-06,1.216886e-01,1.033210e-01,7.493773e-02
2.917969e-03,1.769628e-02,5.083207e-05,1.606178e-03,1.162256e-02,5.117712e-05
