# rmse alpha/u,rmse phic/h,rmse h/r,spread alpha/u,spread phic/h,spread h/r
2.373130e-02,1.494970e-03,4.594691e-06,1.216886e-01,1.033210e-01,7.493773e-02
1.957602e-03,1.198028e-02,3.132194e-05,1.768948e-03,1.230880e-02,4.596386e-05
