# rmse alpha/u,rmse phic/h,rmse h/r,spread alpha/u,spread phic/h,spread h/r
2.373130e-02,1.494970e-03,4.594691e-06,1.216886e-01,1.033210e-01,7.493773e-02
9.499904e-04,7.760459e-03,2.939077e-05,9.806750e-04,7.335397e-03,4.442317e-05
