# rmse alpha/u,rmse phic/h,rmse h/r,spread alpha/u,spread phic/h,spread h/r
1.614100e-01,1.074571e-01,3.787353e-02,1.930867e-01,2.314043e-01,1.963864e-01
5.610284e-03,3.481202e-02,5.727251e-05,3.220193e-03,2.267058e-02,3.635830e-05
