# rmse alpha/u,rmse phic/h,rmse h/r,spread alpha/u,spread phic/h,spread h/r
1.614100e-01,1.074571e-01,3.787353e-02,1.930867e-01,2.314043e-01,1.963864e-01
4.804111e-03,3.537505e-02,5.676978e-05,2.853586e-03,1.992891e-02,3.757944e-05
