# rmse alpha/u,rmse phic/h,rmse h/r,spread alpha/u,spread phic/h,spread h/r
1.614100e-01,1.074571e-01,3.787353e-02,1.930867e-01,2.314043e-01,1.963864e-01
5.566626e-03,3.234607e-02,7.591825e-05,2.406775e-03,1.600190e-02,3.169310e-05
