# rmse alpha/u,rmse phic/h,rmse h/r,spread alpha/u,spread phic/h,spread h/r
1.614100e-01,1.074571e-01,3.787353e-02,1.930867e-01,2.314043e-01,1.963864e-01
4.668718e-03,2.227735e-02,5.018958e-05,2.364934e-03,1.580690e-02,3.090471e-05
