# rmse alpha/u,rmse phic/h,rmse h/r,spread alpha/u,spread phic/h,spread h/r
1.614100e-01,1.074571e-01,3.787353e-02,1.930867e-01,2.314043e-01,1.963864e-01
6.233023e-03,3.470706e-02,6.386392e-05,3.205208e-03,2.170529e-02,3.932652e-05
