# rmse alpha/u,rmse phic/h,rmse h/r,spread alpha/u,spread phic/h,spread h/r
1.614100e-01,1.074571e-01,3.787353e-02,1.930867e-01,2.314043e-01,1.963864e-01
5.371004e-03,3.219850e-02,7.298356e-05,2.377313e-03,1.796757e-02,3.909344e-05
