# rmse alpha/u,rmse phic/h,rmse h/r,spread alpha/u,spread phic/h,spread h/r
4.145939e-01,1.009446e-01,4.648154e-01,1.656333e-01,2.287768e-01,1.567509e-01
5.371516e-03,3.134019e-02,3.914068e-05,3.975429e-03,3.079213e-02,3.793908e-05
