# rmse alpha/u,rmse phic/h,rmse h/r,spread alpha/u,spread phic/h,spread h/r
4.145939e-01,1.009446e-01,4.648154e-01,1.656333e-01,2.287768e-01,1.567509e-01
4.679547e-03,2.686097e-02,4.222044e-05,3.495438e-03,2.639097e-02,3.773134e-05
