# rmse alpha/u,rmse phic/h,rmse h/r,spread alpha/u,spread phic/h,spread h/r
4.145939e-01,1.009446e-01,4.648154e-01,1.656333e-01,2.287768e-01,1.567509e-01
4.342666e-03,2.932392e-02,5.149669e-05,2.906903e-03,2.252996e-02,4.062676e-05
