# rmse alpha/u,rmse phic/h,rmse h/r,spread alpha/u,spread phic/h,spread h/r
4.145939e-01,1.009446e-01,4.648154e-01,1.656333e-01,2.287768e-01,1.567509e-01
2.761898e-03,1.899744e-02,2.801460e-05,2.321948e-03,1.689486e-02,2.399319e-05
