# rmse alpha/u,rmse phic/h,rmse h/r,spread alpha/u,spread phic/h,spread h/r
3.808092e-04,2.147717e-01,3.932054e-01,2.123994e-01,1.936555e-01,1.948980e-01
3.696778e-03,2.357966e-02,4.893649e-05,2.345461e-03,1.659714e-02,2.088939e-05
