# rmse alpha/u,rmse phic/h,rmse h/r,spread alpha/u,spread phic/h,spread h/r
3.808092e-04,2.147717e-01,3.932054e-01,2.123994e-01,1.936555e-01,1.948980e-01
4.692901e-03,3.179848e-02,5.542373e-05,2.880353e-03,2.185433e-02,3.106564e-05
