# rmse alpha/u,rmse phic/h,rmse h/r,spread alpha/u,spread phic/h,spread h/r
3.808092e-04,2.147717e-01,3.932054e-01,2.123994e-01,1.936555e-01,1.948980e-01
6.664380e-03,4.600148e-02,7.122410e-05,3.420016e-03,2.494754e-02,3.239855e-05
