# rmse alpha/u,rmse phic/h,rmse h/r,spread alpha/u,spread phic/h,spread h/r
3.808092e-04,2.147717e-01,3.932054e-01,2.123994e-01,1.936555e-01,1.948980e-01
5.004743e-03,4.025859e-02,8.111580e-05,2.431648e-03,2.032286e-02,3.062498e-05
