# rmse alpha/u,rmse phic/h,rmse h/r,spread alpha/u,spread phic/h,spread h/r
3.808092e-04,2.147717e-01,3.932054e-01,2.123994e-01,1.936555e-01,1.948980e-01
6.444340e-03,4.063001e-02,7.933123e-05,2.259335e-03,1.751231e-02,2.751059e-05
