# rmse alpha/u,rmse phic/h,rmse h/r,spread alpha/u,spread phic/h,spread h/r
3.808092e-04,2.147717e-01,3.932054e-01,2.123994e-01,1.936555e-01,1.948980e-01
4.137634e-03,1.618628e-02,6.004549e-05,1.616141e-03,1.110250e-02,1.816590e-05
