# rmse alpha/u,rmse phic/h,rmse h/r,spread alpha/u,spread phic/h,spread h/r
3.808092e-04,2.147717e-01,3.932054e-01,2.123994e-01,1.936555e-01,1.948980e-01
3.668310e-03,1.998045e-02,5.208817e-05,1.781857e-03,1.300713e-02,2.284831e-05
