# rmse alpha/u,rmse phic/h,rmse h/r,spread alpha/u,spread phic/h,spread h/r
3.808092e-04,2.147717e-01,3.932054e-01,2.123994e-01,1.936555e-01,1.948980e-01
4.475251e-03,2.742115e-02,4.322880e-05,1.600744e-03,1.090329e-02,1.990765e-05
