# rmse alpha/u,rmse phic/h,rmse h/r,spread alpha/u,spread phic/h,spread h/r
6.507549e-01,5.145166e-01,2.641210e-01,1.792759e-01,2.551135e-01,1.888248e-01
5.991888e-03,3.618500e-02,4.914368e-05,3.179591e-03,2.282679e-02,3.582132e-05
