# rmse alpha/u,rmse phic/h,rmse h/r,spread alpha/u,spread phic/h,spread h/r
4.591473e-01,2.214125e-01,2.075049e-01,1.840722e-01,1.863915e-01,1.689303e-01
4.829280e-03,3.001782e-02,5.043124e-05,2.619007e-03,1.985670e-02,3.079800e-05
