# rmse alpha/u,rmse phic/h,rmse h/r,spread alpha/u,spread phic/h,spread h/r
4.591473e-01,2.214125e-01,2.075049e-01,1.840722e-01,1.863915e-01,1.689303e-01
4.065036e-03,2.822820e-02,4.658444e-05,2.907893e-03,2.046580e-02,3.197698e-05
