# rmse alpha/u,rmse phic/h,rmse h/r,spread alpha/u,spread phic/h,spread h/r
4.591473e-01,2.214125e-01,2.075049e-01,1.840722e-01,1.863915e-01,1.689303e-01
3.901350e-03,3.004003e-02,6.216012e-05,3.085986e-03,2.353609e-02,4.071661e-05
