# rmse alpha/u,rmse phic/h,rmse h/r,spread alpha/u,spread phic/h,spread h/r
4.591473e-01,2.214125e-01,2.075049e-01,1.840722e-01,1.863915e-01,1.689303e-01
4.731209e-03,3.355274e-02,6.604947e-05,3.037037e-03,2.196842e-02,4.574725e-05
