# rmse alpha/u,rmse phic/h,rmse h/r,spread alpha/u,spread phic/h,spread h/r
4.591473e-01,2.214125e-01,2.075049e-01,1.840722e-01,1.863915e-01,1.689303e-01
4.159437e-03,2.114513e-02,5.083865e-05,2.490413e-03,1.798948e-02,3.334794e-05
