# rmse alpha/u,rmse phic/h,rmse h/r,spread alpha/u,spread phic/h,spread h/r
4.591473e-01,2.214125e-01,2.075049e-01,1.840722e-01,1.863915e-01,1.689303e-01
5.643608e-03,3.218682e-02,5.765010e-05,3.109189e-03,2.236256e-02,3.947908e-05
