# rmse alpha/u,rmse phic/h,rmse h/r,spread alpha/u,spread phic/h,spread h/r
1.132568e-01,1.527572e-01,9.245911e-02,2.178019e-01,1.997102e-01,1.533221e-01
1.217579e-03,7.148291e-03,1.995344e-05,1.017639e-03,7.388119e-03,3.083455e-05
