# rmse alpha/u,rmse phic/h,rmse h/r,spread alpha/u,spread phic/h,spread h/r
1.132568e-01,1.527572e-01,9.245911e-02,2.178019e-01,1.997102e-01,1.533221e-01
2.099777e-03,1.310917e-02,2.437761e-05,1.496811e-03,1.059565e-02,3.384072e-05
