# rmse alpha/u,rmse phic/h,rmse h/r,spread alpha/u,spread phic/h,spread h/r
1.132568e-01,1.527572e-01,9.245911e-02,2.178019e-01,1.997102e-01,1.533221e-01
1.780019e-03,1.106700e-02,2.715041e-05,1.020120e-03,7.624007e-03,3.311336e-05
