# rmse alpha/u,rmse phic/h,rmse h/r,spread alpha/u,spread phic/h,spread h/r
1.132568e-01,1.527572e-01,9.245911e-02,2.178019e-01,1.997102e-01,1.533221e-01
1.965146e-03,1.024014e-02,2.389813e-05,1.046823e-03,7.622998e-03,3.363784e-05
