# rmse alpha/u,rmse phic/h,rmse h/r,spread alpha/u,spread phic/h,spread h/r
6.457604e-02,4.937006e-03,3.084508e-02,1.368459e-01,9.380172e-02,8.234807e-02
4.230915e-03,2.200817e-02,6.510727e-05,2.838022e-03,1.930055e-02,4.757306e-05
