# rmse alpha/u,rmse phic/h,rmse h/r,spread alpha/u,spread phic/h,spread h/r
6.457604e-02,4.937006e-03,3.084508e-02,1.368459e-01,9.380172e-02,8.234807e-02
5.358346e-03,2.914487e-02,6.151705e-05,2.930135e-03,2.012844e-02,4.585227e-05
