# rmse alpha/u,rmse phic/h,rmse h/r,spread alpha/u,spread phic/h,spread h/r
6.457604e-02,4.937006e-03,3.084508e-02,1.368459e-01,9.380172e-02,8.234807e-02
3.911113e-03,2.269138e-02,5.610478e-05,2.718221e-03,1.979931e-02,4.407064e-05
