# rmse alpha/u,rmse phic/h,rmse h/r,spread alpha/u,spread phic/h,spread h/r
6.457604e-02,4.937006e-03,3.084508e-02,1.368459e-01,9.380172e-02,8.234807e-02
5.230187e-03,2.685592e-02,5.099885e-05,2.755164e-03,1.819460e-02,3.622087e-05
