# rmse alpha/u,rmse phic/h,rmse h/r,spread alpha/u,spread phic/h,spread h/r
6.457604e-02,4.937006e-03,3.084508e-02,1.368459e-01,9.380172e-02,8.234807e-02
3.883291e-03,2.617297e-02,4.262861e-05,2.657862e-03,1.813667e-02,3.729751e-05
