# rmse alpha/u,rmse phic/h,rmse h/r,spread alpha/u,spread phic/h,spread h/r
6.457604e-02,4.937006e-03,3.084508e-02,1.368459e-01,9.380172e-02,8.234807e-02
2.237325e-03,1.248504e-02,4.228329e-05,1.961347e-03,1.365588e-02,3.154058e-05
