# rmse alpha/u,rmse phic/h,rmse h/r,spread alpha/u,spread phic/h,spread h/r
1.950912e-01,9.470731e-02,2.585364e-01,1.437719e-01,7.696583e-02,7.772290e-02
4.843195e-03,3.430997e-02,3.997735e-05,2.966079e-03,2.315875e-02,3.951008e-05
