# rmse alpha/u,rmse phic/h,rmse h/r,spread alpha/u,spread phic/h,spread h/r
1.950912e-01,9.470731e-02,2.585364e-01,1.437719e-01,7.696583e-02,7.772290e-02
5.879476e-03,3.237674e-02,5.529531e-05,3.545701e-03,2.613735e-02,4.312059e-05
