# rmse alpha/u,rmse phic/h,rmse h/r,spread alpha/u,spread phic/h,spread h/r
1.950912e-01,9.470731e-02,2.585364e-01,1.437719e-01,7.696583e-02,7.772290e-02
4.200017e-03,2.692305e-02,5.296915e-05,2.755350e-03,1.908680e-02,3.236535e-05
