# rmse alpha/u,rmse phic/h,rmse h/r,spread alpha/u,spread phic/h,spread h/r
1.950912e-01,9.470731e-02,2.585364e-01,1.437719e-01,7.696583e-02,7.772290e-02
4.826424e-03,3.530918e-02,4.712773e-05,3.186601e-03,2.423545e-02,4.238514e-05
