# rmse alpha/u,rmse phic/h,rmse h/r,spread alpha/u,spread phic/h,spread h/r
1.621256e-02,2.470717e-02,5.983514e-02,1.257489e-01,9.345282e-02,9.818108e-02
4.160014e-03,2.713612e-02,4.207490e-05,1.997833e-03,1.331415e-02,2.322449e-05
