# rmse alpha/u,rmse phic/h,rmse h/r,spread alpha/u,spread phic/h,spread h/r
1.621256e-02,2.470717e-02,5.983514e-02,1.257489e-01,9.345282e-02,9.818108e-02
3.748199e-03,2.380592e-02,4.188263e-05,2.061549e-03,1.399811e-02,2.348356e-05
