# rmse alpha/u,rmse phic/h,rmse h/r,spread alpha/u,spread phic/h,spread h/r
1.621256e-02,2.470717e-02,5.983514e-02,1.257489e-01,9.345282e-02,9.818108e-02
3.747465e-03,2.461463e-02,3.818408e-05,2.504468e-03,1.508027e-02,2.241505e-05
