# rmse alpha/u,rmse phic/h,rmse h/r,spread alpha/u,spread phic/h,spread h/r
1.621256e-02,2.470717e-02,5.983514e-02,1.257489e-01,9.345282e-02,9.818108e-02
3.928904e-03,2.462245e-02,4.405504e-05,3.045148e-03,2.104733e-02,2.707215e-05
