# rmse alpha/u,rmse phic/h,rmse h/r,spread alpha/u,spread phic/h,spread h/r
1.621256e-02,2.470717e-02,5.983514e-02,1.257489e-01,9.345282e-02,9.818108e-02
3.591228e-03,5.074656e-02,8.989388e-05,2.300090e-03,1.790625e-02,3.681153e-05
