# rmse alpha/u,rmse phic/h,rmse h/r,spread alpha/u,spread phic/h,spread h/r
1.621256e-02,2.470717e-02,5.983514e-02,1.257489e-01,9.345282e-02,9.818108e-02
4.561270e-03,2.942556e-02,7.308298e-05,2.974512e-03,2.108360e-02,3.730460e-05
