# rmse alpha/u,rmse phic/h,rmse h/r,spread alpha/u,spread phic/h,spread h/r
1.621256e-02,2.470717e-02,5.983514e-02,1.257489e-01,9.345282e-02,9.818108e-02
4.455350e-03,3.000537e-02,6.963538e-05,2.949459e-03,2.098938e-02,3.741444e-05
