# rmse alpha/u,rmse phic/h,rmse h/r,spread alpha/u,spread phic/h,spread h/r
1.621256e-02,2.470717e-02,5.983514e-02,1.257489e-01,9.345282e-02,9.818108e-02
4.002045e-03,2.803970e-02,6.072933e-05,2.818947e-03,2.089408e-02,3.744121e-05
