# rmse alpha/u,rmse phic/h,rmse h/r,spread alpha/u,spread phic/h,spread h/r
1.621256e-02,2.470717e-02,5.983514e-02,1.257489e-01,9.345282e-02,9.818108e-02
5.338161e-03,3.115335e-02,6.068703e-05,2.757240e-03,1.883158e-02,3.485031e-05
