# rmse alpha/u,rmse phic/h,rmse h/r,spread alpha/u,spread phic/h,spread h/r
1.621256e-02,2.470717e-02,5.983514e-02,1.257489e-01,9.345282e-02,9.818108e-02
3.877703e-03,2.736067e-02,4.536109e-05,2.541146e-03,1.720568e-02,3.195621e-05
