# rmse alpha/u,rmse phic/h,rmse h/r,spread alpha/u,spread phic/h,spread h/r
1.621256e-02,2.470717e-02,5.983514e-02,1.257489e-01,9.345282e-02,9.818108e-02
4.519337e-03,2.589840e-02,5.479527e-05,2.120858e-03,1.432158e-02,3.057929e-05
