# rmse alpha/u,rmse phic/h,rmse h/r,spread alpha/u,spread phic/h,spread h/r
1.621256e-02,2.470717e-02,5.983514e-02,1.257489e-01,9.345282e-02,9.818108e-02
4.356788e-03,2.836756e-02,4.719970e-05,2.233371e-03,1.612259e-02,2.827205e-05
