# rmse alpha/u,rmse phic/h,rmse h/r,spread alpha/u,spread phic/h,spread h/r
2.979281e-02,2.831884e-02,4.317938e-03,1.334658e-01,8.150190e-02,9.444395e-02
3.316169e-03,2.396410e-02,5.851253e-05,2.283252e-03,1.674714e-02,4.925320e-05
