# rmse alpha/u,rmse phic/h,rmse h/r,spread alpha/u,spread phic/h,spread h/r
2.979281e-02,2.831884e-02,4.317938e-03,1.334658e-01,8.150190e-02,9.444395e-02
3.299805e-03,1.831049e-02,4.548624e-05,2.077770e-03,1.361669e-02,4.548396e-05
