# rmse alpha/u,rmse phic/h,rmse h/r,spread alpha/u,spread phic/h,spread h/r
2.979281e-02,2.831884e-02,4.317938e-03,1.334658e-01,8.150190e-02,9.444395e-02
3.555521e-03,2.642088e-02,6.922003e-05,1.821443e-03,1.291799e-02,4.408887e-05
