# rmse alpha/u,rmse phic/h,rmse h/r,spread alpha/u,spread phic/h,spread h/r
2.979281e-02,2.831884e-02,4.317938e-03,1.334658e-01,8.150190e-02,9.444395e-02
2.226101e-03,1.498702e-02,5.174037e-05,1.812151e-03,1.284780e-02,4.620130e-05
