# rmse alpha/u,rmse phic/h,rmse h/r,spread alpha/u,spread phic/h,spread h/r
2.979281e-02,2.831884e-02,4.317938e-03,1.334658e-01,8.150190e-02,9.444395e-02
3.173700e-03,1.909502e-02,4.681102e-05,2.123339e-03,1.437232e-02,4.473758e-05
