# rmse alpha/u,rmse phic/h,rmse h/r,spread alpha/u,spread phic/h,spread h/r
2.979281e-02,2.831884e-02,4.317938e-03,1.334658e-01,8.150190e-02,9.444395e-02
4.277205e-03,2.703612e-02,5.059751e-05,2.226511e-03,1.492105e-02,4.531302e-05
