# rmse alpha/u,rmse phic/h,rmse h/r,spread alpha/u,spread phic/h,spread h/r
1.746379e-01,3.730700e-01,3.026134e-01,1.402536e-01,2.207597e-01,2.039123e-01
8.849625e-04,7.227274e-03,2.381823e-05,8.858598e-04,7.079640e-03,5.390160e-05
