# rmse alpha/u,rmse phic/h,rmse h/r,spread alpha/u,spread phic/h,spread h/r
7.731252e-02,1.310029e-03,1.673705e-01,2.011122e-01,2.284813e-01,1.938860e-01
8.001592e-04,6.251845e-03,2.602053e-05,7.672085e-04,5.878161e-03,2.782051e-05
