# rmse alpha/u,rmse phic/h,rmse h/r,spread alpha/u,spread phic/h,spread h/r
7.731252e-02,1.310029e-03,1.673705e-01,2.011122e-01,2.284813e-01,1.938860e-01
8.122508e-04,6.456326e-03,2.428929e-05,7.765435e-04,5.961346e-03,2.798016e-05
