# rmse alpha/u,rmse phic/h,rmse h/r,spread alpha/u,spread phic/h,spread h/r
7.731252e-02,1.310029e-03,1.673705e-01,2.011122e-01,2.284813e-01,1.938860e-01
8.482038e-04,7.198406e-03,2.838874e-05,7.854785e-04,6.219818e-03,2.955518e-05
