# rmse alpha/u,rmse phic/h,rmse h/r,spread alpha/u,spread phic/h,spread h/r
7.731252e-02,1.310029e-03,1.673705e-01,2.011122e-01,2.284813e-01,1.938860e-01
8.695214e-04,6.843762e-03,3.078000e-05,7.796154e-04,6.074612e-03,2.708790e-05
