# rmse alpha/u,rmse phic/h,rmse h/r,spread alpha/u,spread phic/h,spread h/r
9.811164e-02,1.516345e-01,1.108767e-01,9.125040e-02,7.129476e-02,7.453310e-02
1.059143e-03,7.815520e-03,2.275366e-05,8.136864e-04,6.326443e-03,4.472252e-05
