# rmse alpha/u,rmse phic/h,rmse h/r,spread alpha/u,spread phic/h,spread h/r
9.811164e-02,1.516345e-01,1.108767e-01,9.125040e-02,7.129476e-02,7.453310e-02
1.028634e-03,6.380774e-03,2.607265e-05,8.127336e-04,6.296244e-03,4.508447e-05
