# rmse alpha/u,rmse phic/h,rmse h/r,spread alpha/u,spread phic/h,spread h/r
9.811164e-02,1.516345e-01,1.108767e-01,9.125040e-02,7.129476e-02,7.453310e-02
8.425743e-04,7.390714e-03,2.784944e-05,8.274219e-04,6.462723e-03,4.492863e-05
