# rmse alpha/u,rmse phic/h,rmse h/r,spread alpha/u,spread phic/h,spread h/r
9.811164e-02,1.516345e-01,1.108767e-01,9.125040e-02,7.129476e-02,7.453310e-02
8.028356e-04,6.582064e-03,2.258485e-05,7.892844e-04,6.156746e-03,4.422244e-05
