# rmse alpha/u,rmse phic/h,rmse h/r,spread alpha/u,spread phic/h,spread h/r
7.274364e-02,3.408549e-02,2.531692e-02,1.382295e-01,1.016349e-01,9.248023e-02
4.809834e-03,3.333391e-02,4.882617e-05,3.118162e-03,2.259466e-02,4.075822e-05
