# rmse alpha/u,rmse phic/h,rmse h/r,spread alpha/u,spread phic/h,spread h/r
7.274364e-02,3.408549e-02,2.531692e-02,1.382295e-01,1.016349e-01,9.248023e-02
3.335221e-03,1.633569e-02,3.910864e-05,2.907463e-03,1.921530e-02,3.324720e-05
