# rmse alpha/u,rmse phic/h,rmse h/r,spread alpha/u,spread phic/h,spread h/r
7.274364e-02,3.408549e-02,2.531692e-02,1.382295e-01,1.016349e-01,9.248023e-02
4.419020e-03,3.036149e-02,5.730430e-05,3.508673e-03,2.497847e-02,4.871757e-05
