# rmse alpha/u,rmse phic/h,rmse h/r,spread alpha/u,spread phic/h,spread h/r
7.274364e-02,3.408549e-02,2.531692e-02,1.382295e-01,1.016349e-01,9.248023e-02
4.728260e-03,3.440565e-02,6.507899e-05,2.898626e-03,2.065021e-02,4.192358e-05
