# rmse alpha/u,rmse phic/h,rmse h/r,spread alpha/u,spread phic/h,spread h/r
7.274364e-02,3.408549e-02,2.531692e-02,1.382295e-01,1.016349e-01,9.248023e-02
4.207815e-03,2.403382e-02,4.280671e-05,2.320946e-03,1.717005e-02,3.273917e-05
