# rmse alpha/u,rmse phic/h,rmse h/r,spread alpha/u,spread phic/h,spread h/r
2.142318e-01,3.990993e-01,6.235042e-01,1.792759e-01,2.551135e-01,1.888248e-01
7.805864e-04,5.784471e-03,1.813783e-05,7.743552e-04,6.066893e-03,3.813287e-05
