# rmse alpha/u,rmse phic/h,rmse h/r,spread alpha/u,spread phic/h,spread h/r
2.142318e-01,3.990993e-01,6.235042e-01,1.792759e-01,2.551135e-01,1.888248e-01
8.513509e-04,6.656767e-03,2.363392e-05,8.363800e-04,6.757134e-03,4.047177e-05
