# rmse alpha/u,rmse phic/h,rmse h/r,spread alpha/u,spread phic/h,spread h/r
4.376442e-01,2.568950e-01,2.257034e-01,2.001145e-01,1.686791e-01,1.783049e-01
5.851283e-03,4.501556e-02,7.335188e-05,2.789003e-03,2.030133e-02,4.050827e-05
