# rmse alpha/u,rmse phic/h,rmse h/r,spread alpha/u,spread phic/h,spread h/r
4.376442e-01,2.568950e-01,2.257034e-01,2.001145e-01,1.686791e-01,1.783049e-01
6.031695e-03,3.467432e-02,7.674545e-05,2.855939e-03,2.122515e-02,3.959434e-05
