# rmse alpha/u,rmse phic/h,rmse h/r,spread alpha/u,spread phic/h,spread h/r
4.376442e-01,2.568950e-01,2.257034e-01,2.001145e-01,1.686791e-01,1.783049e-01
4.642693e-03,2.903976e-02,6.042598e-05,2.785963e-03,2.014650e-02,3.777126e-05
