# rmse alpha/u,rmse phic/h,rmse h/r,spread alpha/u,spread phic/h,spread h/r
4.376442e-01,2.568950e-01,2.257034e-01,2.001145e-01,1.686791e-01,1.783049e-01
3.542925e-03,2.609985e-02,7.768802e-05,2.977076e-03,2.164552e-02,4.681443e-05
