# rmse alpha/u,rmse phic/h,rmse h/r,spread alpha/u,spread phic/h,spread h/r
4.376442e-01,2.568950e-01,2.257034e-01,2.001145e-01,1.686791e-01,1.783049e-01
5.051063e-03,2.556474e-02,6.583721e-05,2.803801e-03,1.943813e-02,3.975163e-05
