# rmse alpha/u,rmse phic/h,rmse h/r,spread alpha/u,spread phic/h,spread h/r
4.376442e-01,2.568950e-01,2.257034e-01,2.001145e-01,1.686791e-01,1.783049e-01
4.588354e-03,2.502649e-02,6.003055e-05,2.605233e-03,1.710178e-02,3.868508e-05
