# rmse alpha/u,rmse phic/h,rmse h/r,spread alpha/u,spread phic/h,spread h/r
4.376442e-01,2.568950e-01,2.257034e-01,2.001145e-01,1.686791e-01,1.783049e-01
4.397294e-03,2.298769e-02,5.602332e-05,2.949876e-03,1.915029e-02,3.614219e-05
