# rmse alpha/u,rmse phic/h,rmse h/r,spread alpha/u,spread phic/h,spread h/r
4.376442e-01,2.568950e-01,2.257034e-01,2.001145e-01,1.686791e-01,1.783049e-01
5.505221e-03,3.974752e-02,6.719913e-05,3.205776e-03,2.286027e-02,4.190682e-05
