# rmse alpha/u,rmse phic/h,rmse h/r,spread alpha/u,spread phic/h,spread h/r
4.376442e-01,2.568950e-01,2.257034e-01,2.001145e-01,1.686791e-01,1.783049e-01
4.484499e-03,4.109197e-02,8.789658e-05,2.997655e-03,2.108929e-02,4.232627e-05
