# rmse alpha/u,rmse phic/h,rmse h/r,spread alpha/u,spread phic/h,spread h/r
4.376442e-01,2.568950e-01,2.257034e-01,2.001145e-01,1.686791e-01,1.783049e-01
5.431967e-03,3.025795e-02,8.271339e-05,2.806106e-03,1.848135e-02,3.883587e-05
