# rmse alpha/u,rmse phic/h,rmse h/r,spread alpha/u,spread phic/h,spread h/r
4.376442e-01,2.568950e-01,2.257034e-01,2.001145e-01,1.686791e-01,1.783049e-01
3.962235e-03,2.874170e-02,6.637034e-05,2.731122e-03,1.865116e-02,3.703486e-05
