# rmse alpha/u,rmse phic/h,rmse h/r,spread alpha/u,spread phic/h,spread h/r
4.376442e-01,2.568950e-01,2.257034e-01,2.001145e-01,1.686791e-01,1.783049e-01
3.942074e-03,2.378956e-02,5.683356e-05,2.633884e-03,1.753735e-02,3.582349e-05
