# rmse alpha/u,rmse phic/h,rmse h/r,spread alpha/u,spread phic/h,spread h/r
3.260006e-02,1.667359e-03,6.110231e-02,1.647172e-01,2.045747e-01,1.678027e-01
8.648424e-04,6.614365e-03,2.591163e-05,8.199267e-04,6.411231e-03,3.731211e-05
