# rmse alpha/u,rmse phic/h,rmse h/r,spread alpha/u,spread phic/h,spread h/r
3.260006e-02,1.667359e-03,6.110231e-02,1.647172e-01,2.045747e-01,1.678027e-01
8.459020e-04,6.437323e-03,2.497171e-05,8.129418e-04,6.314681e-03,3.712605e-05
