# rmse alpha/u,rmse phic/h,rmse h/r,spread alpha/u,spread phic/h,spread h/r
3.260006e-02,1.667359e-03,6.110231e-02,1.647172e-01,2.045747e-01,1.678027e-01
8.196044e-04,6.324126e-03,2.240522e-05,7.965836e-04,6.219375e-03,3.762093e-05
