# rmse alpha/u,rmse phic/h,rmse h/r,spread alpha/u,spread phic/h,spread h/r
3.260006e-02,1.667359e-03,6.110231e-02,1.647172e-01,2.045747e-01,1.678027e-01
8.763975e-04,6.847356e-03,2.539556e-05,8.501079e-04,6.522845e-03,3.858662e-05
