# rmse alpha/u,rmse phic/h,rmse h/r,spread alpha/u,spread phic/h,spread h/r
3.260006e-02,1.667359e-03,6.110231e-02,1.647172e-01,2.045747e-01,1.678027e-01
8.867184e-04,6.937635e-03,2.535370e-05,8.253558e-04,6.450957e-03,3.903622e-05
