# rmse alpha/u,rmse phic/h,rmse h/r,spread alpha/u,spread phic/h,spread h/r
3.260006e-02,1.667359e-03,6.110231e-02,1.647172e-01,2.045747e-01,1.678027e-01
8.380879e-04,6.687897e-03,2.020995e-05,7.768192e-04,6.107377e-03,3.668566e-05
