# rmse alpha/u,rmse phic/h,rmse h/r,spread alpha/u,spread phic/h,spread h/r
4.455123e-02,6.157017e-03,4.997122e-02,1.733888e-01,2.278507e-01,1.488446e-01
8.252683e-04,6.745964e-03,2.546965e-05,8.491085e-04,6.781454e-03,4.821138e-05
