# rmse alpha/u,rmse phic/h,rmse h/r,spread alpha/u,spread phic/h,spread h/r
4.455123e-02,6.157017e-03,4.997122e-02,1.733888e-01,2.278507e-01,1.488446e-01
8.497242e-04,7.062809e-03,2.761871e-05,8.756868e-04,6.822630e-03,4.813589e-05
