# rmse alpha/u,rmse phic/h,rmse h/r,spread alpha/u,spread phic/h,spread h/r
4.455123e-02,6.157017e-03,4.997122e-02,1.733888e-01,2.278507e-01,1.488446e-01
8.373531e-04,6.590716e-03,3.221762e-05,8.448292e-04,6.666064e-03,4.637990e-05
