# rmse alpha/u,rmse phic/h,rmse h/r,spread alpha/u,spread phic/h,spread h/r
4.455123e-02,6.157017e-03,4.997122e-02,1.733888e-01,2.278507e-01,1.488446e-01
8.976984e-04,7.376842e-03,2.967258e-05,8.794691e-04,7.070245e-03,4.964652e-05
