# rmse alpha/u,rmse phic/h,rmse h/r,spread alpha/u,spread phic/h,spread h/r
1.999358e-01,9.554368e-03,2.381172e-01,1.982756e-01,1.909562e-01,1.621428e-01
9.154404e-04,8.830173e-03,2.141296e-04,8.465926e-04,6.558184e-03,1.945245e-05
