# rmse alpha/u,rmse phic/h,rmse h/r,spread alpha/u,spread phic/h,spread h/r
1.999358e-01,9.554368e-03,2.381172e-01,1.982756e-01,1.909562e-01,1.621428e-01
8.147827e-04,6.470052e-03,2.087327e-04,7.806668e-04,6.003935e-03,1.476605e-05
