# rmse alpha/u,rmse phic/h,rmse h/r,spread alpha/u,spread phic/h,spread h/r
1.999358e-01,9.554368e-03,2.381172e-01,1.982756e-01,1.909562e-01,1.621428e-01
8.640445e-04,8.801955e-03,2.315572e-04,7.960538e-04,6.158281e-03,1.882731e-05
