# rmse alpha/u,rmse phic/h,rmse h/r,spread alpha/u,spread phic/h,spread h/r
8.774005e-02,1.862091e-01,1.834772e-01,2.007666e-01,2.380345e-01,2.181955e-01
8.973105e-04,8.035160e-03,6.204575e-05,8.504546e-04,6.720942e-03,4.002919e-05
