# rmse alpha/u,rmse phic/h,rmse h/r,spread alpha/u,spread phic/h,spread h/r
8.774005e-02,1.862091e-01,1.834772e-01,2.007666e-01,2.380345e-01,2.181955e-01
9.106320e-04,7.147586e-03,9.681844e-05,8.293982e-04,6.518136e-03,4.007904e-05
