# rmse alpha/u,rmse phic/h,rmse h/r,spread alpha/u,spread phic/h,spread h/r
8.774005e-02,1.862091e-01,1.834772e-01,2.007666e-01,2.380345e-01,2.181955e-01
8.005555e-04,5.918860e-03,4.788264e-05,7.737554e-04,6.088250e-03,3.794256e-05
