# rmse alpha/u,rmse phic/h,rmse h/r,spread alpha/u,spread phic/h,spread h/r
8.774005e-02,1.862091e-01,1.834772e-01,2.007666e-01,2.380345e-01,2.181955e-01
8.095872e-04,6.339791e-03,4.716220e-05,8.065152e-04,6.342280e-03,3.850382e-05
