# rmse alpha/u,rmse phic/h,rmse h/r,spread alpha/u,spread phic/h,spread h/r
2.306715e-03,4.387247e-02,2.916735e-03,1.633829e-01,2.359221e-01,1.343989e-01
1.650474e-03,9.283256e-03,3.798423e-05,1.345845e-03,9.600528e-03,4.733559e-05
