# rmse alpha/u,rmse phic/h,rmse h/r,spread alpha/u,spread phic/h,spread h/r
2.306715e-03,4.387247e-02,2.916735e-03,1.633829e-01,2.359221e-01,1.343989e-01
2.640967e-03,1.862481e-02,4.360164e-05,1.933197e-03,1.406954e-02,5.466569e-05
