# rmse alpha/u,rmse phic/h,rmse h/r,spread alpha/u,spread phic/h,spread h/r
2.306715e-03,4.387247e-02,2.916735e-03,1.633829e-01,2.359221e-01,1.343989e-01
1.492588e-03,7.327808e-03,2.612592e-05,1.042194e-03,7.549922e-03,4.279816e-05
