# rmse alpha/u,rmse phic/h,rmse h/r,spread alpha/u,spread phic/h,spread h/r
2.306715e-03,4.387247e-02,2.916735e-03,1.633829e-01,2.359221e-01,1.343989e-01
9.491367e-04,8.095841e-03,3.062195e-05,1.011652e-03,7.850724e-03,4.708723e-05
