# rmse alpha/u,rmse phic/h,rmse h/r,spread alpha/u,spread phic/h,spread h/r
2.306715e-03,4.387247e-02,2.916735e-03,1.633829e-01,2.359221e-01,1.343989e-01
2.032425e-03,1.254814e-02,3.508386e-05,1.127990e-03,8.243284e-03,4.807497e-05
