# rmse alpha/u,rmse phic/h,rmse h/r,spread alpha/u,spread phic/h,spread h/r
2.599881e-01,2.633294e-01,2.186904e-01,1.910254e-01,2.103657e-01,1.707528e-01
8.610988e-04,7.267776e-03,3.711858e-05,8.514037e-04,6.730280e-03,4.266398e-05
