# rmse alpha/u,rmse phic/h,rmse h/r,spread alpha/u,spread phic/h,spread h/r
2.599881e-01,2.633294e-01,2.186904e-01,1.910254e-01,2.103657e-01,1.707528e-01
8.982403e-04,7.522317e-03,3.632810e-05,8.595783e-04,6.694275e-03,3.975909e-05
