# rmse alpha/u,rmse phic/h,rmse h/r,spread alpha/u,spread phic/h,spread h/r
2.599881e-01,2.633294e-01,2.186904e-01,1.910254e-01,2.103657e-01,1.707528e-01
8.729105e-04,7.395708e-03,4.388000e-05,8.238882e-04,6.502406e-03,3.895989e-05
