# rmse alpha/u,rmse phic/h,rmse h/r,spread alpha/u,spread phic/h,spread h/r
2.499818e-02,6.485616e-05,3.722395e-03,1.414394e-01,9.212582e-02,8.581413e-02
4.492762e-03,2.746489e-02,3.591659e-05,2.195903e-03,1.569596e-02,2.815553e-05
