# rmse alpha/u,rmse phic/h,rmse h/r,spread alpha/u,spread phic/h,spread h/r
2.499818e-02,6.485616e-05,3.722395e-03,1.414394e-01,9.212582e-02,8.581413e-02
3.597446e-03,1.783140e-02,2.991665e-05,1.954822e-03,1.354845e-02,2.466793e-05
