# rmse alpha/u,rmse phic/h,rmse h/r,spread alpha/u,spread phic/h,spread h/r
2.499818e-02,6.485616e-05,3.722395e-03,1.414394e-01,9.212582e-02,8.581413e-02
4.478018e-03,2.630212e-02,4.828657e-05,3.037073e-03,2.205720e-02,3.370692e-05
