# rmse alpha/u,rmse phic/h,rmse h/r,spread alpha/u,spread phic/h,spread h/r
2.499818e-02,6.485616e-05,3.722395e-03,1.414394e-01,9.212582e-02,8.581413e-02
3.578263e-03,2.055695e-02,5.546232e-05,2.229561e-03,1.520320e-02,3.417793e-05
