# rmse alpha/u,rmse phic/h,rmse h/r,spread alpha/u,spread phic/h,spread h/r
1.054906e-04,2.519388e-02,3.035124e-02,1.507546e-01,2.321312e-01,2.058582e-01
2.161166e-03,8.855603e-03,3.882523e-05,8.698989e-04,6.767138e-03,4.676882e-05
