# rmse alpha/u,rmse phic/h,rmse h/r,spread alpha/u,spread phic/h,spread h/r
1.054906e-04,2.519388e-02,3.035124e-02,1.507546e-01,2.321312e-01,2.058582e-01
8.651812e-04,6.696837e-03,2.555192e-05,8.783933e-04,6.982242e-03,4.690651e-05
