# rmse alpha/u,rmse phic/h,rmse h/r,spread alpha/u,spread phic/h,spread h/r
1.054906e-04,2.519388e-02,3.035124e-02,1.507546e-01,2.321312e-01,2.058582e-01
8.463273e-04,6.401916e-03,2.364323e-05,8.211552e-04,6.425123e-03,4.638954e-05
