# rmse alpha/u,rmse phic/h,rmse h/r,spread alpha/u,spread phic/h,spread h/r
1.626065e-01,2.257390e-01,1.720590e-01,1.365009e-01,2.056984e-01,1.580122e-01
8.369518e-04,6.808328e-03,2.706423e-05,8.299734e-04,6.715420e-03,4.113897e-05
