# rmse alpha/u,rmse phic/h,rmse h/r,spread alpha/u,spread phic/h,spread h/r
1.626065e-01,2.257390e-01,1.720590e-01,1.365009e-01,2.056984e-01,1.580122e-01
8.101698e-04,6.741516e-03,2.101141e-05,8.111709e-04,6.416632e-03,3.892367e-05
