# rmse alpha/u,rmse phic/h,rmse h/r,spread alpha/u,spread phic/h,spread h/r
1.626065e-01,2.257390e-01,1.720590e-01,1.365009e-01,2.056984e-01,1.580122e-01
8.320116e-04,6.819108e-03,2.224635e-05,8.190995e-04,6.459461e-03,4.048949e-05
