# rmse alpha/u,rmse phic/h,rmse h/r,spread alpha/u,spread phic/h,spread h/r
2.347272e-01,3.322448e-01,6.150757e-01,1.872850e-01,2.322742e-01,2.037886e-01
8.272478e-04,6.444790e-03,2.305024e-04,7.785798e-04,6.058100e-03,1.582228e-05
