# rmse alpha/u,rmse phic/h,rmse h/r,spread alpha/u,spread phic/h,spread h/r
2.347272e-01,3.322448e-01,6.150757e-01,1.872850e-01,2.322742e-01,2.037886e-01
8.328517e-04,5.993793e-03,2.225601e-04,7.424459e-04,5.723665e-03,1.207430e-05
