# rmse alpha/u,rmse phic/h,rmse h/r,spread alpha/u,spread phic/h,spread h/r
2.347272e-01,3.322448e-01,6.150757e-01,1.872850e-01,2.322742e-01,2.037886e-01
8.352552e-04,6.410737e-03,2.057466e-04,7.833935e-04,5.940735e-03,9.967954e-06
