# rmse alpha/u,rmse phic/h,rmse h/r,spread alpha/u,spread phic/h,spread h/r
2.347272e-01,3.322448e-01,6.150757e-01,1.872850e-01,2.322742e-01,2.037886e-01
8.323063e-04,6.647354e-03,2.272478e-04,7.724591e-04,5.972771e-03,1.521893e-05
