# rmse alpha/u,rmse phic/h,rmse h/r,spread alpha/u,spread phic/h,spread h/r
2.347272e-01,3.322448e-01,6.150757e-01,1.872850e-01,2.322742e-01,2.037886e-01
9.172653e-04,1.047438e-02,2.410448e-04,8.404018e-04,6.526067e-03,1.965868e-05
