# rmse alpha/u,rmse phic/h,rmse h/r,spread alpha/u,spread phic/h,spread h/r
2.347272e-01,3.322448e-01,6.150757e-01,1.872850e-01,2.322742e-01,2.037886e-01
9.601882e-04,9.079719e-03,2.559030e-04,8.389583e-04,6.571867e-03,2.041622e-05
