# rmse alpha/u,rmse phic/h,rmse h/r,spread alpha/u,spread phic/h,spread h/r
2.347272e-01,3.322448e-01,6.150757e-01,1.872850e-01,2.322742e-01,2.037886e-01
8.570557e-04,6.943318e-03,2.691677e-04,7.980605e-04,6.386864e-03,2.152942e-05
