# rmse alpha/u,rmse phic/h,rmse h/r,spread alpha/u,spread phic/h,spread h/r
4.664460e-02,2.879991e-01,4.851336e-01,1.593925e-01,2.113047e-01,1.635165e-01
5.123609e-03,3.859360e-02,2.516722e-05,3.484171e-03,2.792411e-02,2.552806e-05
