# rmse alpha/u,rmse phic/h,rmse h/r,spread alpha/u,spread phic/h,spread h/r
4.664460e-02,2.879991e-01,4.851336e-01,1.593925e-01,2.113047e-01,1.635165e-01
5.054190e-03,3.483453e-02,3.033664e-05,3.893220e-03,3.310377e-02,3.108624e-05
