# rmse alpha/u,rmse phic/h,rmse h/r,spread alpha/u,spread phic/h,spread h/r
4.664460e-02,2.879991e-01,4.851336e-01,1.593925e-01,2.113047e-01,1.635165e-01
4.679746e-03,3.353730e-02,2.656226e-05,4.262591e-03,3.433952e-02,2.994500e-05
