# rmse alpha/u,rmse phic/h,rmse h/r,spread alpha/u,spread phic/h,spread h/r
4.664460e-02,2.879991e-01,4.851336e-01,1.593925e-01,2.113047e-01,1.635165e-01
5.138041e-03,3.912496e-02,3.179657e-05,4.211037e-03,3.441817e-02,3.282843e-05
