# rmse alpha/u,rmse phic/h,rmse h/r,spread alpha/u,spread phic/h,spread h/r
1.525408e-01,2.991972e-01,2.331144e-03,1.969593e-01,1.699969e-01,1.470455e-01
4.735945e-03,3.689222e-02,6.773864e-05,4.672746e-03,3.806651e-02,5.497927e-05
