# rmse alpha/u,rmse phic/h,rmse h/r,spread alpha/u,spread phic/h,spread h/r
1.525408e-01,2.991972e-01,2.331144e-03,1.969593e-01,1.699969e-01,1.470455e-01
4.849725e-03,3.344407e-02,7.782370e-05,5.250207e-03,4.104412e-02,6.859856e-05
