# rmse alpha/u,rmse phic/h,rmse h/r,spread alpha/u,spread phic/h,spread h/r
4.607192e-02,2.876484e-04,1.349016e-02,1.376987e-01,4.626683e-02,7.278028e-02
4.459041e-03,2.727852e-02,7.716861e-05,3.322748e-03,2.250241e-02,4.640434e-05
