# rmse alpha/u,rmse phic/h,rmse h/r,spread alpha/u,spread phic/h,spread h/r
4.607192e-02,2.876484e-04,1.349016e-02,1.376987e-01,4.626683e-02,7.278028e-02
4.638811e-03,3.379289e-02,6.557603e-05,3.486578e-03,2.342617e-02,4.172919e-05
