# rmse alpha/u,rmse phic/h,rmse h/r,spread alpha/u,spread phic/h,spread h/r
4.607192e-02,2.876484e-04,1.349016e-02,1.376987e-01,4.626683e-02,7.278028e-02
5.420620e-03,4.894609e-02,6.699173e-05,3.915841e-03,2.805448e-02,4.691449e-05
