# rmse alpha/u,rmse phic/h,rmse h/r,spread alpha/u,spread phic/h,spread h/r
4.607192e-02,2.876484e-04,1.349016e-02,1.376987e-01,4.626683e-02,7.278028e-02
4.840017e-03,3.810101e-02,6.845541e-05,3.715025e-03,2.688192e-02,4.854864e-05
