# rmse alpha/u,rmse phic/h,rmse h/r,spread alpha/u,spread phic/h,spread h/r
4.607192e-02,2.876484e-04,1.349016e-02,1.376987e-01,4.626683e-02,7.278028e-02
4.728073e-03,3.406374e-02,6.323782e-05,2.990839e-03,2.248908e-02,4.875721e-05
