# rmse alpha/u,rmse phic/h,rmse h/r,spread alpha/u,spread phic/h,spread h/r
3.649310e-02,9.629064e-02,2.283469e-02,2.029553e-01,2.401346e-01,2.180772e-01
8.607058e-04,7.106772e-03,2.774732e-05,8.769590e-04,6.880734e-03,4.506423e-05
