# rmse alpha/u,rmse phic/h,rmse h/r,spread alpha/u,spread phic/h,spread h/r
3.649310e-02,9.629064e-02,2.283469e-02,2.029553e-01,2.401346e-01,2.180772e-01
8.150089e-04,6.428047e-03,2.260856e-05,8.376679e-04,6.545893e-03,4.515147e-05
