# rmse alpha/u,rmse phic/h,rmse h/r,spread alpha/u,spread phic/h,spread h/r
3.649310e-02,9.629064e-02,2.283469e-02,2.029553e-01,2.401346e-01,2.180772e-01
1.385731e-03,9.073543e-03,2.869361e-05,1.003946e-03,7.663893e-03,4.682674e-05
