# rmse alpha/u,rmse phic/h,rmse h/r,spread alpha/u,spread phic/h,spread h/r
6.322793e-02,3.051595e-04,9.722658e-03,2.013749e-01,1.978196e-01,2.101493e-01
2.367754e-03,1.829185e-02,5.115570e-05,1.979532e-03,1.484540e-02,5.667333e-05
