# rmse alpha/u,rmse phic/h,rmse h/r,spread alpha/u,spread phic/h,spread h/r
6.322793e-02,3.051595e-04,9.722658e-03,2.013749e-01,1.978196e-01,2.101493e-01
2.110245e-03,1.583417e-02,5.156257e-05,1.515036e-03,1.092696e-02,5.394318e-05
