# rmse alpha/u,rmse phic/h,rmse h/r,spread alpha/u,spread phic/h,spread h/r
6.322793e-02,3.051595e-04,9.722658e-03,2.013749e-01,1.978196e-01,2.101493e-01
2.347619e-03,1.223047e-02,4.661094e-05,1.580833e-03,1.194413e-02,5.078301e-05
