# rmse alpha/u,rmse phic/h,rmse h/r,spread alpha/u,spread phic/h,spread h/r
6.322793e-02,3.051595e-04,9.722658e-03,2.013749e-01,1.978196e-01,2.101493e-01
1.938330e-03,1.054054e-02,4.324724e-05,1.501955e-03,1.080860e-02,4.870141e-05
