# rmse alpha/u,rmse phic/h,rmse h/r,spread alpha/u,spread phic/h,spread h/r
6.322793e-02,3.051595e-04,9.722658e-03,2.013749e-01,1.978196e-01,2.101493e-01
1.288884e-03,1.288369e-02,3.873648e-05,1.279738e-03,9.667059e-03,5.084934e-05
