# rmse alpha/u,rmse phic/h,rmse h/r,spread alpha/u,spread phic/h,spread h/r
6.322793e-02,3.051595e-04,9.722658e-03,2.013749e-01,1.978196e-01,2.101493e-01
2.436644e-03,1.369347e-02,3.674032e-05,1.396601e-03,9.879295e-03,4.891447e-05
