# rmse alpha/u,rmse phic/h,rmse h/r,spread alpha/u,spread phic/h,spread h/r
2.338351e-01,2.122021e-01,2.051226e-01,2.040651e-01,2.045934e-01,1.851052e-01
4.608066e-03,3.293742e-02,7.571445e-05,3.285362e-03,2.292399e-02,5.704636e-05
