# rmse alpha/u,rmse phic/h,rmse h/r,spread alpha/u,spread phic/h,spread h/r
8.359527e-02,1.314456e-01,8.254487e-02,6.344885e-02,9.382301e-02,6.907837e-02
8.662659e-04,7.052894e-03,2.254190e-05,8.713125e-04,7.072682e-03,4.708089e-05
