# rmse alpha/u,rmse phic/h,rmse h/r,spread alpha/u,spread phic/h,spread h/r
8.359527e-02,1.314456e-01,8.254487e-02,6.344885e-02,9.382301e-02,6.907837e-02
8.491547e-04,6.281093e-03,1.926502e-05,8.446257e-04,6.700183e-03,4.501659e-05
