# rmse alpha/u,rmse phic/h,rmse h/r,spread alpha/u,spread phic/h,spread h/r
8.359527e-02,1.314456e-01,8.254487e-02,6.344885e-02,9.382301e-02,6.907837e-02
8.374092e-04,6.841876e-03,2.138781e-05,8.383917e-04,6.584058e-03,4.546310e-05
