# rmse alpha/u,rmse phic/h,rmse h/r,spread alpha/u,spread phic/h,spread h/r
1.221365e-01,2.439800e-03,6.366549e-03,2.011122e-01,2.284813e-01,1.938860e-01
1.322990e-03,1.435071e-02,2.376490e-04,7.877738e-04,5.999754e-03,5.676629e-06
