# rmse alpha/u,rmse phic/h,rmse h/r,spread alpha/u,spread phic/h,spread h/r
1.221365e-01,2.439800e-03,6.366549e-03,2.011122e-01,2.284813e-01,1.938860e-01
9.593387e-04,6.649801e-03,2.364192e-04,7.489839e-04,5.734793e-03,6.806296e-06
