# rmse alpha/u,rmse phic/h,rmse h/r,spread alpha/u,spread phic/h,spread h/r
7.554625e-03,1.153786e-02,4.377435e-02,1.382887e-01,1.685896e-01,1.776741e-01
7.785234e-04,6.438456e-03,2.520625e-05,7.383206e-04,5.938277e-03,4.137870e-05
