# rmse alpha/u,rmse phic/h,rmse h/r,spread alpha/u,spread phic/h,spread h/r
7.554625e-03,1.153786e-02,4.377435e-02,1.382887e-01,1.685896e-01,1.776741e-01
1.159084e-03,8.492097e-03,5.128908e-05,7.750530e-04,6.098076e-03,4.204031e-05
