# rmse alpha/u,rmse phic/h,rmse h/r,spread alpha/u,spread phic/h,spread h/r
7.554625e-03,1.153786e-02,4.377435e-02,1.382887e-01,1.685896e-01,1.776741e-01
9.082092e-04,1.149200e-02,5.660941e-05,8.244241e-04,6.623682e-03,4.277281e-05
