# rmse alpha/u,rmse phic/h,rmse h/r,spread alpha/u,spread phic/h,spread h/r
7.554625e-03,1.153786e-02,4.377435e-02,1.382887e-01,1.685896e-01,1.776741e-01
8.909094e-04,8.019991e-03,2.782568e-05,7.429643e-04,6.056442e-03,4.055389e-05
