# rmse alpha/u,rmse phic/h,rmse h/r,spread alpha/u,spread phic/h,spread h/r
7.554625e-03,1.153786e-02,4.377435e-02,1.382887e-01,1.685896e-01,1.776741e-01
9.782915e-04,9.402775e-03,2.822606e-05,7.628754e-04,5.992631e-03,4.091087e-05
