# rmse alpha/u,rmse phic/h,rmse h/r,spread alpha/u,spread phic/h,spread h/r
7.554625e-03,1.153786e-02,4.377435e-02,1.382887e-01,1.685896e-01,1.776741e-01
8.383987e-04,1.031090e-02,3.934845e-05,7.466008e-04,6.018842e-03,4.008361e-05
