# rmse alpha/u,rmse phic/h,rmse h/r,spread alpha/u,spread phic/h,spread h/r
7.554625e-03,1.153786e-02,4.377435e-02,1.382887e-01,1.685896e-01,1.776741e-01
8.015270e-04,7.288761e-03,4.262108e-05,7.794630e-04,6.335944e-03,4.135821e-05
