# rmse alpha/u,rmse phic/h,rmse h/r,spread alpha/u,spread phic/h,spread h/r
5.448571e-02,4.717115e-02,3.698076e-01,1.969593e-01,1.699969e-01,1.470455e-01
2.544566e-03,1.474570e-02,4.948830e-05,1.615755e-03,1.109145e-02,2.954859e-05
