# rmse alpha/u,rmse phic/h,rmse h/r,spread alpha/u,spread phic/h,spread h/r
5.448571e-02,4.717115e-02,3.698076e-01,1.969593e-01,1.699969e-01,1.470455e-01
3.253929e-03,2.488259e-02,5.518022e-05,1.985522e-03,1.392635e-02,3.261751e-05
