# rmse alpha/u,rmse phic/h,rmse h/r,spread alpha/u,spread phic/h,spread h/r
5.448571e-02,4.717115e-02,3.698076e-01,1.969593e-01,1.699969e-01,1.470455e-01
3.618857e-03,2.595932e-02,6.172868e-05,1.615003e-03,1.188258e-02,3.383268e-05
