# rmse alpha/u,rmse phic/h,rmse h/r,spread alpha/u,spread phic/h,spread h/r
5.448571e-02,4.717115e-02,3.698076e-01,1.969593e-01,1.699969e-01,1.470455e-01
1.581585e-03,1.523061e-02,6.146765e-05,1.898980e-03,1.360686e-02,3.327037e-05
