# rmse alpha/u,rmse phic/h,rmse h/r,spread alpha/u,spread phic/h,spread h/r
5.448571e-02,4.717115e-02,3.698076e-01,1.969593e-01,1.699969e-01,1.470455e-01
2.112118e-03,1.194861e-02,6.103290e-05,1.315789e-03,9.123172e-03,3.361646e-05
