# rmse alpha/u,rmse phic/h,rmse h/r,spread alpha/u,spread phic/h,spread h/r
3.683620e-01,2.493087e-01,2.212983e-01,1.837476e-01,2.443896e-01,2.064901e-01
4.660515e-03,2.853532e-02,3.686235e-05,2.666757e-03,1.892304e-02,3.432359e-05
