# rmse alpha/u,rmse phic/h,rmse h/r,spread alpha/u,spread phic/h,spread h/r
3.683620e-01,2.493087e-01,2.212983e-01,1.837476e-01,2.443896e-01,2.064901e-01
5.496072e-03,3.300086e-02,4.179273e-05,3.086203e-03,2.380579e-02,4.132707e-05
