# rmse alpha/u,rmse phic/h,rmse h/r,spread alpha/u,spread phic/h,spread h/r
3.683620e-01,2.493087e-01,2.212983e-01,1.837476e-01,2.443896e-01,2.064901e-01
2.636261e-03,1.975139e-02,3.737265e-05,2.562602e-03,1.890242e-02,3.928832e-05
