# rmse alpha/u,rmse phic/h,rmse h/r,spread alpha/u,spread phic/h,spread h/r
3.683620e-01,2.493087e-01,2.212983e-01,1.837476e-01,2.443896e-01,2.064901e-01
3.942502e-03,2.653472e-02,4.920598e-05,2.930102e-03,2.092301e-02,4.777251e-05
