# rmse alpha/u,rmse phic/h,rmse h/r,spread alpha/u,spread phic/h,spread h/r
3.683620e-01,2.493087e-01,2.212983e-01,1.837476e-01,2.443896e-01,2.064901e-01
2.854278e-03,1.618610e-02,3.233539e-05,1.793469e-03,1.168596e-02,3.222514e-05
