# rmse alpha/u,rmse phic/h,rmse h/r,spread alpha/u,spread phic/h,spread h/r
3.683620e-01,2.493087e-01,2.212983e-01,1.837476e-01,2.443896e-01,2.064901e-01
3.243614e-03,1.969609e-02,4.444202e-05,2.492040e-03,1.839721e-02,4.202810e-05
