# rmse alpha/u,rmse phic/h,rmse h/r,spread alpha/u,spread phic/h,spread h/r
3.329543e-05,9.106607e-03,3.233601e-02,1.555632e-01,2.032228e-01,2.123230e-01
1.458203e-03,7.637654e-03,2.073092e-05,1.123289e-03,8.154746e-03,4.858510e-05
