# rmse alpha/u,rmse phic/h,rmse h/r,spread alpha/u,spread phic/h,spread h/r
3.329543e-05,9.106607e-03,3.233601e-02,1.555632e-01,2.032228e-01,2.123230e-01
1.906234e-03,1.145215e-02,2.963449e-05,1.202279e-03,8.836473e-03,5.123587e-05
