# rmse alpha/u,rmse phic/h,rmse h/r,spread alpha/u,spread phic/h,spread h/r
3.329543e-05,9.106607e-03,3.233601e-02,1.555632e-01,2.032228e-01,2.123230e-01
8.688005e-04,7.007610e-03,2.393044e-05,8.651617e-04,7.010122e-03,5.064575e-05
