# rmse alpha/u,rmse phic/h,rmse h/r,spread alpha/u,spread phic/h,spread h/r
3.329543e-05,9.106607e-03,3.233601e-02,1.555632e-01,2.032228e-01,2.123230e-01
8.994794e-04,7.003223e-03,2.231876e-05,9.134731e-04,7.022455e-03,4.932783e-05
