# rmse alpha/u,rmse phic/h,rmse h/r,spread alpha/u,spread phic/h,spread h/r
3.329543e-05,9.106607e-03,3.233601e-02,1.555632e-01,2.032228e-01,2.123230e-01
8.157317e-04,6.480855e-03,2.018266e-05,8.337243e-04,6.547430e-03,4.872507e-05
