# rmse alpha/u,rmse phic/h,rmse h/r,spread alpha/u,spread phic/h,spread h/r
3.329543e-05,9.106607e-03,3.233601e-02,1.555632e-01,2.032228e-01,2.123230e-01
1.416041e-03,7.884041e-03,2.499888e-05,9.104101e-04,6.855615e-03,4.832434e-05
