# rmse alpha/u,rmse phic/h,rmse h/r,spread alpha/u,spread phic/h,spread h/r
8.780942e-02,1.472897e-03,8.576323e-02,2.007018e-01,2.348895e-01,2.071683e-01
8.971186e-04,6.882765e-03,2.827305e-05,8.731398e-04,6.849053e-03,4.645665e-05
