# rmse alpha/u,rmse phic/h,rmse h/r,spread alpha/u,spread phic/h,spread h/r
8.780942e-02,1.472897e-03,8.576323e-02,2.007018e-01,2.348895e-01,2.071683e-01
8.329613e-04,5.986713e-03,2.025288e-05,8.265601e-04,6.331750e-03,4.403358e-05
