# rmse alpha/u,rmse phic/h,rmse h/r,spread alpha/u,spread phic/h,spread h/r
8.780942e-02,1.472897e-03,8.576323e-02,2.007018e-01,2.348895e-01,2.071683e-01
8.708213e-04,6.773811e-03,2.339821e-05,8.553542e-04,6.761972e-03,4.718341e-05
