# rmse alpha/u,rmse phic/h,rmse h/r,spread alpha/u,spread phic/h,spread h/r
1.996387e-01,2.607051e-01,2.439150e-01,1.825095e-01,2.284653e-01,1.868735e-01
2.950480e-03,2.411458e-02,5.259952e-05,1.135817e-03,8.660820e-03,4.644255e-05
