# rmse alpha/u,rmse phic/h,rmse h/r,spread alpha/u,spread phic/h,spread h/r
1.996387e-01,2.607051e-01,2.439150e-01,1.825095e-01,2.284653e-01,1.868735e-01
1.318868e-03,7.192256e-03,2.978789e-05,1.004953e-03,7.499912e-03,4.346780e-05
