# rmse alpha/u,rmse phic/h,rmse h/r,spread alpha/u,spread phic/h,spread h/r
1.517138e-01,1.178973e-02,5.596837e-04,2.007666e-01,2.380345e-01,2.181955e-01
4.863974e-03,2.696672e-02,1.114379e-04,3.483909e-03,2.325787e-02,6.384877e-05
