# rmse alpha/u,rmse phic/h,rmse h/r,spread alpha/u,spread phic/h,spread h/r
1.517138e-01,1.178973e-02,5.596837e-04,2.007666e-01,2.380345e-01,2.181955e-01
4.323587e-03,2.966028e-02,1.141986e-04,3.286962e-03,2.353274e-02,6.293811e-05
