# rmse alpha/u,rmse phic/h,rmse h/r,spread alpha/u,spread phic/h,spread h/r
1.517138e-01,1.178973e-02,5.596837e-04,2.007666e-01,2.380345e-01,2.181955e-01
3.317874e-03,1.971773e-02,1.017877e-04,2.454010e-03,1.610430e-02,5.188790e-05
