# rmse alpha/u,rmse phic/h,rmse h/r,spread alpha/u,spread phic/h,spread h/r
1.517138e-01,1.178973e-02,5.596837e-04,2.007666e-01,2.380345e-01,2.181955e-01
2.661461e-03,1.707333e-02,9.000609e-05,2.490110e-03,1.639478e-02,5.190522e-05
