# rmse alpha/u,rmse phic/h,rmse h/r,spread alpha/u,spread phic/h,spread h/r
2.249397e-02,6.124467e-03,8.820240e-05,1.228553e-01,8.139716e-02,8.754340e-02
2.948599e-03,2.000322e-02,3.582849e-05,2.058763e-03,1.427764e-02,3.824525e-05
