# rmse alpha/u,rmse phic/h,rmse h/r,spread alpha/u,spread phic/h,spread h/r
2.249397e-02,6.124467e-03,8.820240e-05,1.228553e-01,8.139716e-02,8.754340e-02
3.890230e-03,2.118934e-02,3.890155e-05,2.955939e-03,2.031687e-02,4.149096e-05
