# rmse alpha/u,rmse phic/h,rmse h/r,spread alpha/u,spread phic/h,spread h/r
2.249397e-02,6.124467e-03,8.820240e-05,1.228553e-01,8.139716e-02,8.754340e-02
4.618127e-03,2.471661e-02,3.622446e-05,3.247230e-03,2.430677e-02,4.545795e-05
