# rmse alpha/u,rmse phic/h,rmse h/r,spread alpha/u,spread phic/h,spread h/r
2.249397e-02,6.124467e-03,8.820240e-05,1.228553e-01,8.139716e-02,8.754340e-02
3.214967e-03,1.817878e-02,2.984143e-05,2.418385e-03,1.692757e-02,3.558328e-05
