# rmse alpha/u,rmse phic/h,rmse h/r,spread alpha/u,spread phic/h,spread h/r
2.249397e-02,6.124467e-03,8.820240e-05,1.228553e-01,8.139716e-02,8.754340e-02
4.788416e-03,2.999167e-02,4.952835e-05,2.634008e-03,1.764821e-02,4.202499e-05
