# rmse alpha/u,rmse phic/h,rmse h/r,spread alpha/u,spread phic/h,spread h/r
5.110432e-01,1.918922e-01,1.900612e-01,1.691807e-01,9.912321e-02,7.311458e-02
3.202180e-03,2.102358e-02,6.656640e-05,2.673840e-03,1.964874e-02,4.693196e-05
