# rmse alpha/u,rmse phic/h,rmse h/r,spread alpha/u,spread phic/h,spread h/r
5.110432e-01,1.918922e-01,1.900612e-01,1.691807e-01,9.912321e-02,7.311458e-02
3.454169e-03,2.561959e-02,5.918523e-05,2.293226e-03,1.617727e-02,4.379603e-05
