# rmse alpha/u,rmse phic/h,rmse h/r,spread alpha/u,spread phic/h,spread h/r
1.650964e-01,1.576070e-02,7.413144e-02,2.178019e-01,1.997102e-01,1.533221e-01
4.531936e-03,3.045894e-02,5.465919e-05,2.961100e-03,2.152101e-02,3.668155e-05
