# rmse alpha/u,rmse phic/h,rmse h/r,spread alpha/u,spread phic/h,spread h/r
1.650964e-01,1.576070e-02,7.413144e-02,2.178019e-01,1.997102e-01,1.533221e-01
5.326552e-03,3.108557e-02,4.699478e-05,2.832045e-03,2.044195e-02,3.729160e-05
