# rmse alpha/u,rmse phic/h,rmse h/r,spread alpha/u,spread phic/h,spread h/r
1.650964e-01,1.576070e-02,7.413144e-02,2.178019e-01,1.997102e-01,1.533221e-01
2.811631e-03,2.359060e-02,3.868671e-05,3.108382e-03,2.184774e-02,3.129490e-05
