# rmse alpha/u,rmse phic/h,rmse h/r,spread alpha/u,spread phic/h,spread h/r
1.650964e-01,1.576070e-02,7.413144e-02,2.178019e-01,1.997102e-01,1.533221e-01
3.772574e-03,1.846450e-02,3.907202e-05,2.562275e-03,1.797269e-02,2.883368e-05
