# rmse alpha/u,rmse phic/h,rmse h/r,spread alpha/u,spread phic/h,spread h/r
3.293559e-01,5.483630e-02,1.137424e-03,2.064906e-01,1.899857e-01,1.562718e-01
9.077627e-04,6.643604e-03,1.140905e-04,8.269004e-04,6.333584e-03,2.781571e-05
