# rmse alpha/u,rmse phic/h,rmse h/r,spread alpha/u,spread phic/h,spread h/r
3.293559e-01,5.483630e-02,1.137424e-03,2.064906e-01,1.899857e-01,1.562718e-01
8.694846e-04,6.964436e-03,1.265452e-04,8.392517e-04,6.750760e-03,3.031309e-05
