# rmse alpha/u,rmse phic/h,rmse h/r,spread alpha/u,spread phic/h,spread h/r
3.293559e-01,5.483630e-02,1.137424e-03,2.064906e-01,1.899857e-01,1.562718e-01
8.745855e-04,7.218359e-03,1.322900e-04,8.562140e-04,6.601343e-03,2.904897e-05
