# rmse alpha/u,rmse phic/h,rmse h/r,spread alpha/u,spread phic/h,spread h/r
3.293559e-01,5.483630e-02,1.137424e-03,2.064906e-01,1.899857e-01,1.562718e-01
8.555815e-04,7.118482e-03,1.366622e-04,8.427998e-04,6.783488e-03,3.293141e-05
