# rmse alpha/u,rmse phic/h,rmse h/r,spread alpha/u,spread phic/h,spread h/r
3.293559e-01,5.483630e-02,1.137424e-03,2.064906e-01,1.899857e-01,1.562718e-01
7.998419e-04,6.470294e-03,1.550509e-04,7.927115e-04,6.216684e-03,2.248261e-05
