# rmse alpha/u,rmse phic/h,rmse h/r,spread alpha/u,spread phic/h,spread h/r
3.277721e-01,2.189367e-01,2.670213e-01,1.811844e-01,2.189349e-01,1.830777e-01
4.533541e-03,2.675459e-02,3.877519e-05,2.475654e-03,1.821990e-02,2.144688e-05
