# rmse alpha/u,rmse phic/h,rmse h/r,spread alpha/u,spread phic/h,spread h/r
3.277721e-01,2.189367e-01,2.670213e-01,1.811844e-01,2.189349e-01,1.830777e-01
5.462279e-03,2.391508e-02,2.723477e-05,2.493678e-03,1.678042e-02,1.629135e-05
