# rmse alpha/u,rmse phic/h,rmse h/r,spread alpha/u,spread phic/h,spread h/r
3.277721e-01,2.189367e-01,2.670213e-01,1.811844e-01,2.189349e-01,1.830777e-01
4.946258e-03,3.126401e-02,4.301390e-05,3.129011e-03,2.216417e-02,1.980837e-05
