# rmse alpha/u,rmse phic/h,rmse h/r,spread alpha/u,spread phic/h,spread h/r
3.277721e-01,2.189367e-01,2.670213e-01,1.811844e-01,2.189349e-01,1.830777e-01
4.406435e-03,3.167879e-02,3.895245e-05,3.231650e-03,2.236824e-02,2.199433e-05
