# rmse alpha/u,rmse phic/h,rmse h/r,spread alpha/u,spread phic/h,spread h/r
3.277721e-01,2.189367e-01,2.670213e-01,1.811844e-01,2.189349e-01,1.830777e-01
4.321337e-03,2.961786e-02,4.314344e-05,2.489421e-03,1.823722e-02,2.488463e-05
