# rmse alpha/u,rmse phic/h,rmse h/r,spread alpha/u,spread phic/h,spread h/r
3.277721e-01,2.189367e-01,2.670213e-01,1.811844e-01,2.189349e-01,1.830777e-01
4.542374e-03,3.493033e-02,5.794041e-05,2.284426e-03,1.765895e-02,2.582800e-05
