# rmse alpha/u,rmse phic/h,rmse h/r,spread alpha/u,spread phic/h,spread h/r
3.277721e-01,2.189367e-01,2.670213e-01,1.811844e-01,2.189349e-01,1.830777e-01
4.708349e-03,3.206762e-02,3.647215e-05,2.813398e-03,2.063694e-02,2.188659e-05
