# rmse alpha/u,rmse phic/h,rmse h/r,spread alpha/u,spread phic/h,spread h/r
1.330832e-01,2.291004e-01,2.003374e-01,2.011122e-01,2.284813e-01,1.938860e-01
4.979682e-03,3.339864e-02,1.243025e-04,3.392000e-03,2.335559e-02,4.823814e-05
