# rmse alpha/u,rmse phic/h,rmse h/r,spread alpha/u,spread phic/h,spread h/r
1.330832e-01,2.291004e-01,2.003374e-01,2.011122e-01,2.284813e-01,1.938860e-01
6.078125e-03,4.331546e-02,1.281343e-04,2.805108e-03,1.934247e-02,4.290911e-05
