# rmse alpha/u,rmse phic/h,rmse h/r,spread alpha/u,spread phic/h,spread h/r
1.330832e-01,2.291004e-01,2.003374e-01,2.011122e-01,2.284813e-01,1.938860e-01
7.160658e-03,4.916058e-02,1.139709e-04,3.129912e-03,2.178343e-02,4.403250e-05
