# rmse alpha/u,rmse phic/h,rmse h/r,spread alpha/u,spread phic/h,spread h/r
1.330832e-01,2.291004e-01,2.003374e-01,2.011122e-01,2.284813e-01,1.938860e-01
4.253976e-03,2.782442e-02,1.174073e-04,2.371413e-03,1.609192e-02,3.476133e-05
