# rmse alpha/u,rmse phic/h,rmse h/r,spread alpha/u,spread phic/h,spread h/r
1.330832e-01,2.291004e-01,2.003374e-01,2.011122e-01,2.284813e-01,1.938860e-01
5.194845e-03,3.223478e-02,9.601206e-05,2.397009e-03,1.642010e-02,3.357113e-05
