# rmse alpha/u,rmse phic/h,rmse h/r,spread alpha/u,spread phic/h,spread h/r
1.066354e-01,9.449018e-03,9.464570e-02,1.500576e-01,1.014705e-01,8.912612e-02
4.156399e-03,3.539100e-02,5.829090e-05,4.503783e-03,3.525228e-02,4.601823e-05
