# rmse alpha/u,rmse phic/h,rmse h/r,spread alpha/u,spread phic/h,spread h/r
1.066354e-01,9.449018e-03,9.464570e-02,1.500576e-01,1.014705e-01,8.912612e-02
4.842375e-03,3.422896e-02,7.101308e-05,5.007521e-03,4.016099e-02,4.774956e-05
