# rmse alpha/u,rmse phic/h,rmse h/r,spread alpha/u,spread phic/h,spread h/r
1.066354e-01,9.449018e-03,9.464570e-02,1.500576e-01,1.014705e-01,8.912612e-02
4.021705e-03,2.589396e-02,4.811845e-05,4.326213e-03,3.274705e-02,3.815859e-05
