# rmse alpha/u,rmse phic/h,rmse h/r,spread alpha/u,spread phic/h,spread h/r
1.066354e-01,9.449018e-03,9.464570e-02,1.500576e-01,1.014705e-01,8.912612e-02
5.474976e-03,3.950969e-02,5.141809e-05,3.809888e-03,2.885036e-02,3.831584e-05
