# rmse alpha/u,rmse phic/h,rmse h/r,spread alpha/u,spread phic/h,spread h/r
1.066354e-01,9.449018e-03,9.464570e-02,1.500576e-01,1.014705e-01,8.912612e-02
4.307887e-03,2.353895e-02,4.763486e-05,3.026616e-03,2.243711e-02,3.088358e-05
