# rmse alpha/u,rmse phic/h,rmse h/r,spread alpha/u,spread phic/h,spread h/r
1.066354e-01,9.449018e-03,9.464570e-02,1.500576e-01,1.014705e-01,8.912612e-02
4.540785e-03,3.128246e-02,4.132646e-05,3.743186e-03,2.573729e-02,2.971594e-05
