# rmse alpha/u,rmse phic/h,rmse h/r,spread alpha/u,spread phic/h,spread h/r
2.320658e-01,2.177431e-01,2.045601e-01,2.042022e-01,1.992226e-01,1.814630e-01
5.076347e-03,3.409863e-02,5.906788e-05,2.798875e-03,2.149603e-02,4.118071e-05
