# rmse alpha/u,rmse phic/h,rmse h/r,spread alpha/u,spread phic/h,spread h/r
2.320658e-01,2.177431e-01,2.045601e-01,2.042022e-01,1.992226e-01,1.814630e-01
2.773536e-03,1.912901e-02,4.393222e-05,2.400000e-03,1.761112e-02,3.737820e-05
