# rmse alpha/u,rmse phic/h,rmse h/r,spread alpha/u,spread phic/h,spread h/r
2.320658e-01,2.177431e-01,2.045601e-01,2.042022e-01,1.992226e-01,1.814630e-01
3.983482e-03,2.798539e-02,3.642594e-05,2.858259e-03,2.131018e-02,4.268300e-05
