# rmse alpha/u,rmse phic/h,rmse h/r,spread alpha/u,spread phic/h,spread h/r
2.320658e-01,2.177431e-01,2.045601e-01,2.042022e-01,1.992226e-01,1.814630e-01
3.019861e-03,1.438058e-02,2.921596e-05,2.246445e-03,1.608249e-02,3.388281e-05
