# rmse alpha/u,rmse phic/h,rmse h/r,spread alpha/u,spread phic/h,spread h/r
2.320658e-01,2.177431e-01,2.045601e-01,2.042022e-01,1.992226e-01,1.814630e-01
3.773491e-03,2.142449e-02,2.854184e-05,2.688693e-03,1.791102e-02,3.465247e-05
