# rmse alpha/u,rmse phic/h,rmse h/r,spread alpha/u,spread phic/h,spread h/r
2.320658e-01,2.177431e-01,2.045601e-01,2.042022e-01,1.992226e-01,1.814630e-01
4.568243e-03,2.631097e-02,3.428455e-05,2.806994e-03,1.979303e-02,3.620907e-05
