# rmse alpha/u,rmse phic/h,rmse h/r,spread alpha/u,spread phic/h,spread h/r
2.320658e-01,2.177431e-01,2.045601e-01,2.042022e-01,1.992226e-01,1.814630e-01
4.324138e-03,2.874071e-02,3.525377e-05,2.511648e-03,1.907323e-02,4.062295e-05
