# rmse alpha/u,rmse phic/h,rmse h/r,spread alpha/u,spread phic/h,spread h/r
8.383147e-02,4.266080e-02,8.336234e-03,1.927996e-01,2.373932e-01,2.334187e-01
1.032625e-03,7.408264e-03,1.957917e-05,8.994479e-04,6.810372e-03,3.523068e-05
