# rmse alpha/u,rmse phic/h,rmse h/r,spread alpha/u,spread phic/h,spread h/r
8.383147e-02,4.266080e-02,8.336234e-03,1.927996e-01,2.373932e-01,2.334187e-01
8.560287e-04,7.439365e-03,2.839260e-05,8.173437e-04,6.353810e-03,3.762431e-05
