# rmse alpha/u,rmse phic/h,rmse h/r,spread alpha/u,spread phic/h,spread h/r
8.383147e-02,4.266080e-02,8.336234e-03,1.927996e-01,2.373932e-01,2.334187e-01
9.732321e-04,7.785246e-03,2.393870e-05,9.419020e-04,6.939734e-03,3.871443e-05
