# rmse alpha/u,rmse phic/h,rmse h/r,spread alpha/u,spread phic/h,spread h/r
1.212256e-01,5.815180e-03,3.931832e-02,2.029553e-01,2.401346e-01,2.180772e-01
8.840269e-04,7.881361e-03,1.708905e-04,8.721868e-04,6.800506e-03,2.021566e-05
