# rmse alpha/u,rmse phic/h,rmse h/r,spread alpha/u,spread phic/h,spread h/r
1.212256e-01,5.815180e-03,3.931832e-02,2.029553e-01,2.401346e-01,2.180772e-01
8.496080e-04,6.938451e-03,1.704636e-04,8.174157e-04,6.432164e-03,2.370149e-05
