# rmse alpha/u,rmse phic/h,rmse h/r,spread alpha/u,spread phic/h,spread h/r
1.020530e-01,4.157829e-02,1.099631e-01,1.633829e-01,2.359221e-01,1.343989e-01
4.693034e-03,2.973985e-02,3.541063e-05,3.356624e-03,2.609455e-02,2.686276e-05
