# rmse alpha/u,rmse phic/h,rmse h/r,spread alpha/u,spread phic/h,spread h/r
1.020530e-01,4.157829e-02,1.099631e-01,1.633829e-01,2.359221e-01,1.343989e-01
3.326214e-03,2.363444e-02,3.008901e-05,3.023200e-03,2.125404e-02,2.795859e-05
