# rmse alpha/u,rmse phic/h,rmse h/r,spread alpha/u,spread phic/h,spread h/r
1.020530e-01,4.157829e-02,1.099631e-01,1.633829e-01,2.359221e-01,1.343989e-01
5.176963e-03,3.474568e-02,3.259135e-05,3.504871e-03,2.591663e-02,3.036431e-05
