# rmse alpha/u,rmse phic/h,rmse h/r,spread alpha/u,spread phic/h,spread h/r
1.020530e-01,4.157829e-02,1.099631e-01,1.633829e-01,2.359221e-01,1.343989e-01
4.225561e-03,2.715919e-02,2.770216e-05,3.117604e-03,2.170694e-02,2.887114e-05
