# rmse alpha/u,rmse phic/h,rmse h/r,spread alpha/u,spread phic/h,spread h/r
1.020530e-01,4.157829e-02,1.099631e-01,1.633829e-01,2.359221e-01,1.343989e-01
4.283811e-03,2.867764e-02,3.270829e-05,2.580762e-03,1.828969e-02,2.968445e-05
