# rmse alpha/u,rmse phic/h,rmse h/r,spread alpha/u,spread phic/h,spread h/r
4.972167e-02,4.622234e-03,5.900148e-02,2.092109e-01,2.063461e-01,2.100387e-01
4.481296e-03,2.925865e-02,5.314056e-05,3.907985e-03,2.934855e-02,5.186039e-05
