# rmse alpha/u,rmse phic/h,rmse h/r,spread alpha/u,spread phic/h,spread h/r
4.972167e-02,4.622234e-03,5.900148e-02,2.092109e-01,2.063461e-01,2.100387e-01
4.020964e-03,2.650371e-02,6.323462e-05,3.333071e-03,2.441150e-02,5.095269e-05
