# rmse alpha/u,rmse phic/h,rmse h/r,spread alpha/u,spread phic/h,spread h/r
4.972167e-02,4.622234e-03,5.900148e-02,2.092109e-01,2.063461e-01,2.100387e-01
4.901703e-03,3.913739e-02,4.860636e-05,4.136136e-03,3.147690e-02,5.340535e-05
