# rmse alpha/u,rmse phic/h,rmse h/r,spread alpha/u,spread phic/h,spread h/r
2.888941e-01,3.651451e-01,4.545506e-01,1.273473e-01,2.300883e-01,2.154004e-01
4.560892e-03,3.399844e-02,3.928360e-05,2.849758e-03,2.274710e-02,2.372903e-05
