# rmse alpha/u,rmse phic/h,rmse h/r,spread alpha/u,spread phic/h,spread h/r
2.888941e-01,3.651451e-01,4.545506e-01,1.273473e-01,2.300883e-01,2.154004e-01
4.369784e-03,2.805029e-02,3.646963e-05,2.771949e-03,1.960938e-02,2.089583e-05
