# rmse alpha/u,rmse phic/h,rmse h/r,spread alpha/u,spread phic/h,spread h/r
2.888941e-01,3.651451e-01,4.545506e-01,1.273473e-01,2.300883e-01,2.154004e-01
4.864746e-03,3.843254e-02,4.371599e-05,3.287542e-03,2.762920e-02,3.115526e-05
