# rmse alpha/u,rmse phic/h,rmse h/r,spread alpha/u,spread phic/h,spread h/r
2.888941e-01,3.651451e-01,4.545506e-01,1.273473e-01,2.300883e-01,2.154004e-01
5.187128e-03,3.843367e-02,4.785620e-05,2.919359e-03,2.271609e-02,2.638996e-05
