# rmse alpha/u,rmse phic/h,rmse h/r,spread alpha/u,spread phic/h,spread h/r
2.888941e-01,3.651451e-01,4.545506e-01,1.273473e-01,2.300883e-01,2.154004e-01
5.378286e-03,3.206385e-02,3.567403e-05,3.032846e-03,2.269881e-02,2.442903e-05
