# rmse alpha/u,rmse phic/h,rmse h/r,spread alpha/u,spread phic/h,spread h/r
2.888941e-01,3.651451e-01,4.545506e-01,1.273473e-01,2.300883e-01,2.154004e-01
4.812697e-03,2.807986e-02,4.028603e-05,3.113275e-03,2.283021e-02,2.394476e-05
