# rmse alpha/u,rmse phic/h,rmse h/r,spread alpha/u,spread phic/h,spread h/r
2.888941e-01,3.651451e-01,4.545506e-01,1.273473e-01,2.300883e-01,2.154004e-01
5.067727e-03,2.753287e-02,4.107899e-05,2.686274e-03,1.893501e-02,1.801319e-05
