# rmse alpha/u,rmse phic/h,rmse h/r,spread alpha/u,spread phic/h,spread h/r
2.888941e-01,3.651451e-01,4.545506e-01,1.273473e-01,2.300883e-01,2.154004e-01
5.246162e-03,2.813045e-02,2.583600e-05,3.279838e-03,2.355808e-02,1.843676e-05
