# rmse alpha/u,rmse phic/h,rmse h/r,spread alpha/u,spread phic/h,spread h/r
2.888941e-01,3.651451e-01,4.545506e-01,1.273473e-01,2.300883e-01,2.154004e-01
4.887456e-03,2.776339e-02,2.893588e-05,2.893229e-03,2.103007e-02,2.029057e-05
