# rmse alpha/u,rmse phic/h,rmse h/r,spread alpha/u,spread phic/h,spread h/r
1.331108e-01,2.309427e-01,1.965500e-01,1.329152e-01,1.024904e-01,8.451069e-02
4.467607e-03,2.278143e-02,5.306893e-05,2.663709e-03,1.764059e-02,4.437521e-05
