# rmse alpha/u,rmse phic/h,rmse h/r,spread alpha/u,spread phic/h,spread h/r
1.331108e-01,2.309427e-01,1.965500e-01,1.329152e-01,1.024904e-01,8.451069e-02
4.392679e-03,2.706677e-02,6.530301e-05,2.453268e-03,1.681979e-02,4.091722e-05
