# rmse alpha/u,rmse phic/h,rmse h/r,spread alpha/u,spread phic/h,spread h/r
1.331108e-01,2.309427e-01,1.965500e-01,1.329152e-01,1.024904e-01,8.451069e-02
5.344132e-03,2.378699e-02,4.596665e-05,2.814778e-03,1.842436e-02,4.067871e-05
