# rmse alpha/u,rmse phic/h,rmse h/r,spread alpha/u,spread phic/h,spread h/r
1.561429e-01,3.430904e-01,1.846576e-01,1.969593e-01,1.699969e-01,1.470455e-01
9.863584e-04,8.531389e-03,4.184197e-05,9.614467e-04,7.324340e-03,3.207319e-05
