# rmse alpha/u,rmse phic/h,rmse h/r,spread alpha/u,spread phic/h,spread h/r
1.561429e-01,3.430904e-01,1.846576e-01,1.969593e-01,1.699969e-01,1.470455e-01
1.777295e-03,1.090375e-02,3.146244e-05,1.033820e-03,7.127400e-03,2.877090e-05
