# rmse alpha/u,rmse phic/h,rmse h/r,spread alpha/u,spread phic/h,spread h/r
1.561429e-01,3.430904e-01,1.846576e-01,1.969593e-01,1.699969e-01,1.470455e-01
8.686361e-04,6.827008e-03,3.863561e-05,8.862529e-04,6.472838e-03,2.973712e-05
