# rmse alpha/u,rmse phic/h,rmse h/r,spread alpha/u,spread phic/h,spread h/r
1.561429e-01,3.430904e-01,1.846576e-01,1.969593e-01,1.699969e-01,1.470455e-01
1.054967e-03,7.563712e-03,3.303100e-05,8.131174e-04,6.116116e-03,2.780877e-05
