# rmse alpha/u,rmse phic/h,rmse h/r,spread alpha/u,spread phic/h,spread h/r
3.051215e-01,2.775192e-01,1.827651e-01,1.910254e-01,2.103657e-01,1.707528e-01
1.870112e-03,1.139630e-02,5.593334e-05,1.350518e-03,9.628210e-03,3.863351e-05
