# rmse alpha/u,rmse phic/h,rmse h/r,spread alpha/u,spread phic/h,spread h/r
3.051215e-01,2.775192e-01,1.827651e-01,1.910254e-01,2.103657e-01,1.707528e-01
1.749691e-03,1.306344e-02,5.538543e-05,9.828860e-04,7.308148e-03,3.758138e-05
