# rmse alpha/u,rmse phic/h,rmse h/r,spread alpha/u,spread phic/h,spread h/r
3.051215e-01,2.775192e-01,1.827651e-01,1.910254e-01,2.103657e-01,1.707528e-01
1.562807e-03,1.234076e-02,5.203883e-05,1.278581e-03,9.154917e-03,3.832160e-05
