# rmse alpha/u,rmse phic/h,rmse h/r,spread alpha/u,spread phic/h,spread h/r
3.051215e-01,2.775192e-01,1.827651e-01,1.910254e-01,2.103657e-01,1.707528e-01
1.971860e-03,1.249800e-02,5.004436e-05,1.763632e-03,1.200833e-02,3.881423e-05
