# rmse alpha/u,rmse phic/h,rmse h/r,spread alpha/u,spread phic/h,spread h/r
3.051215e-01,2.775192e-01,1.827651e-01,1.910254e-01,2.103657e-01,1.707528e-01
1.589561e-03,1.142473e-02,4.399829e-05,1.134393e-03,8.210281e-03,3.486568e-05
