# rmse alpha/u,rmse phic/h,rmse h/r,spread alpha/u,spread phic/h,spread h/r
3.051215e-01,2.775192e-01,1.827651e-01,1.910254e-01,2.103657e-01,1.707528e-01
2.067486e-03,1.171097e-02,4.827054e-05,1.732609e-03,1.224534e-02,3.832989e-05
