# rmse alpha/u,rmse phic/h,rmse h/r,spread alpha/u,spread phic/h,spread h/r
1.517138e-01,1.178973e-02,5.596837e-04,2.007666e-01,2.380345e-01,2.181955e-01
5.141662e-03,2.975458e-02,3.792043e-05,3.980141e-03,2.891564e-02,3.221714e-05
