# rmse alpha/u,rmse phic/h,rmse h/r,spread alpha/u,spread phic/h,spread h/r
1.517138e-01,1.178973e-02,5.596837e-04,2.007666e-01,2.380345e-01,2.181955e-01
4.560126e-03,2.861521e-02,3.292384e-05,3.001372e-03,2.149394e-02,2.765252e-05
