# rmse alpha/u,rmse phic/h,rmse h/r,spread alpha/u,spread phic/h,spread h/r
1.517138e-01,1.178973e-02,5.596837e-04,2.007666e-01,2.380345e-01,2.181955e-01
5.021573e-03,3.194255e-02,2.757733e-05,3.595766e-03,2.565777e-02,2.815038e-05
