# rmse alpha/u,rmse phic/h,rmse h/r,spread alpha/u,spread phic/h,spread h/r
5.399188e-02,8.021327e-02,2.830549e-02,2.007666e-01,2.380345e-01,2.181955e-01
3.210396e-03,1.550764e-02,7.743868e-05,1.743894e-03,1.228550e-02,4.422953e-05
