# rmse alpha/u,rmse phic/h,rmse h/r,spread alpha/u,spread phic/h,spread h/r
5.399188e-02,8.021327e-02,2.830549e-02,2.007666e-01,2.380345e-01,2.181955e-01
2.316911e-03,1.226071e-02,7.961039e-05,1.440326e-03,1.032448e-02,4.405916e-05
