# rmse alpha/u,rmse phic/h,rmse h/r,spread alpha/u,spread phic/h,spread h/r
5.399188e-02,8.021327e-02,2.830549e-02,2.007666e-01,2.380345e-01,2.181955e-01
2.022312e-03,1.513249e-02,6.116320e-05,1.425877e-03,1.038834e-02,4.377907e-05
