# rmse alpha/u,rmse phic/h,rmse h/r,spread alpha/u,spread phic/h,spread h/r
5.399188e-02,8.021327e-02,2.830549e-02,2.007666e-01,2.380345e-01,2.181955e-01
2.891445e-03,1.402680e-02,6.554127e-05,1.297335e-03,9.221132e-03,4.525983e-05
