# rmse alpha/u,rmse phic/h,rmse h/r,spread alpha/u,spread phic/h,spread h/r
5.399188e-02,8.021327e-02,2.830549e-02,2.007666e-01,2.380345e-01,2.181955e-01
2.110372e-03,1.147987e-02,6.398477e-05,1.480843e-03,9.439058e-03,4.253766e-05
