# rmse alpha/u,rmse phic/h,rmse h/r,spread alpha/u,spread phic/h,spread h/r
2.759298e-02,1.365564e-02,1.261388e-02,2.029553e-01,2.401346e-01,2.180772e-01
3.642770e-03,2.309417e-02,6.239544e-05,2.489008e-03,1.731821e-02,5.125460e-05
