# rmse alpha/u,rmse phic/h,rmse h/r,spread alpha/u,spread phic/h,spread h/r
2.759298e-02,1.365564e-02,1.261388e-02,2.029553e-01,2.401346e-01,2.180772e-01
3.462578e-03,2.575227e-02,7.791271e-05,2.593026e-03,1.899571e-02,5.913304e-05
