# rmse alpha/u,rmse phic/h,rmse h/r,spread alpha/u,spread phic/h,spread h/r
2.759298e-02,1.365564e-02,1.261388e-02,2.029553e-01,2.401346e-01,2.180772e-01
4.038630e-03,2.491989e-02,7.726928e-05,2.661828e-03,1.986747e-02,6.197191e-05
