# rmse alpha/u,rmse phic/h,rmse h/r,spread alpha/u,spread phic/h,spread h/r
2.759298e-02,1.365564e-02,1.261388e-02,2.029553e-01,2.401346e-01,2.180772e-01
4.215750e-03,2.332181e-02,7.040208e-05,2.578285e-03,1.813062e-02,5.695946e-05
