# rmse alpha/u,rmse phic/h,rmse h/r,spread alpha/u,spread phic/h,spread h/r
2.759298e-02,1.365564e-02,1.261388e-02,2.029553e-01,2.401346e-01,2.180772e-01
3.813716e-03,2.196948e-02,7.478110e-05,2.113720e-03,1.454241e-02,5.543381e-05
