# rmse alpha/u,rmse phic/h,rmse h/r,spread alpha/u,spread phic/h,spread h/r
2.136045e-01,2.253200e-01,2.101342e-01,1.641627e-01,2.176017e-01,1.764511e-01
2.358376e-03,1.446686e-02,3.148660e-05,1.268687e-03,8.586897e-03,2.069229e-05
