# rmse alpha/u,rmse phic/h,rmse h/r,spread alpha/u,spread phic/h,spread h/r
2.136045e-01,2.253200e-01,2.101342e-01,1.641627e-01,2.176017e-01,1.764511e-01
3.781440e-03,1.618170e-02,5.902149e-05,1.650238e-03,1.122613e-02,2.803007e-05
