# rmse alpha/u,rmse phic/h,rmse h/r,spread alpha/u,spread phic/h,spread h/r
2.136045e-01,2.253200e-01,2.101342e-01,1.641627e-01,2.176017e-01,1.764511e-01
2.243179e-03,1.531154e-02,4.406626e-05,1.224693e-03,8.561509e-03,2.662032e-05
