# rmse alpha/u,rmse phic/h,rmse h/r,spread alpha/u,spread phic/h,spread h/r
2.136045e-01,2.253200e-01,2.101342e-01,1.641627e-01,2.176017e-01,1.764511e-01
1.027907e-03,7.862938e-03,2.548514e-05,1.067303e-03,7.652715e-03,2.077300e-05
