# rmse alpha/u,rmse phic/h,rmse h/r,spread alpha/u,spread phic/h,spread h/r
2.733264e-01,2.052385e-01,2.722264e-01,2.042022e-01,1.992226e-01,1.814630e-01
4.647384e-03,3.040003e-02,4.744296e-05,3.063603e-03,2.236497e-02,4.120906e-05
