# rmse alpha/u,rmse phic/h,rmse h/r,spread alpha/u,spread phic/h,spread h/r
2.733264e-01,2.052385e-01,2.722264e-01,2.042022e-01,1.992226e-01,1.814630e-01
5.135435e-03,3.204444e-02,4.338990e-05,3.101654e-03,2.309145e-02,4.080611e-05
