# rmse alpha/u,rmse phic/h,rmse h/r,spread alpha/u,spread phic/h,spread h/r
2.733264e-01,2.052385e-01,2.722264e-01,2.042022e-01,1.992226e-01,1.814630e-01
3.430493e-03,2.419733e-02,2.942544e-05,3.256585e-03,2.328177e-02,3.360170e-05
