# rmse alpha/u,rmse phic/h,rmse h/r,spread alpha/u,spread phic/h,spread h/r
2.733264e-01,2.052385e-01,2.722264e-01,2.042022e-01,1.992226e-01,1.814630e-01
5.634042e-03,3.107039e-02,2.724057e-05,3.314376e-03,2.439681e-02,3.489202e-05
