# rmse alpha/u,rmse phic/h,rmse h/r,spread alpha/u,spread phic/h,spread h/r
1.021459e-01,1.678191e-01,1.614340e-01,2.029553e-01,2.401346e-01,2.180772e-01
9.274056e-04,7.044018e-03,7.012943e-05,8.348634e-04,6.722271e-03,4.310339e-05
