# rmse alpha/u,rmse phic/h,rmse h/r,spread alpha/u,spread phic/h,spread h/r
1.021459e-01,1.678191e-01,1.614340e-01,2.029553e-01,2.401346e-01,2.180772e-01
8.340393e-04,6.094192e-03,4.049293e-05,7.984009e-04,6.302917e-03,4.410858e-05
