# rmse alpha/u,rmse phic/h,rmse h/r,spread alpha/u,spread phic/h,spread h/r
1.104642e-01,3.907759e-02,4.966553e-02,2.007666e-01,2.380345e-01,2.181955e-01
4.133375e-03,2.643426e-02,3.052993e-05,3.258272e-03,2.457294e-02,2.650528e-05
