# rmse alpha/u,rmse phic/h,rmse h/r,spread alpha/u,spread phic/h,spread h/r
1.104642e-01,3.907759e-02,4.966553e-02,2.007666e-01,2.380345e-01,2.181955e-01
5.208352e-03,2.933763e-02,3.745949e-05,4.025626e-03,3.132254e-02,2.997046e-05
