# rmse alpha/u,rmse phic/h,rmse h/r,spread alpha/u,spread phic/h,spread h/r
1.104642e-01,3.907759e-02,4.966553e-02,2.007666e-01,2.380345e-01,2.181955e-01
4.442990e-03,3.359139e-02,3.019018e-05,2.963488e-03,2.244146e-02,2.760123e-05
