# rmse alpha/u,rmse phic/h,rmse h/r,spread alpha/u,spread phic/h,spread h/r
1.104642e-01,3.907759e-02,4.966553e-02,2.007666e-01,2.380345e-01,2.181955e-01
4.642216e-03,2.781111e-02,2.534686e-05,3.343727e-03,2.216095e-02,1.952306e-05
