# rmse alpha/u,rmse phic/h,rmse h/r,spread alpha/u,spread phic/h,spread h/r
1.109838e-01,2.533066e-02,2.336050e-02,2.013807e-01,2.382019e-01,2.108809e-01
5.127685e-03,3.570965e-02,6.674406e-05,2.963016e-03,2.125602e-02,5.634017e-05
