# rmse alpha/u,rmse phic/h,rmse h/r,spread alpha/u,spread phic/h,spread h/r
1.109838e-01,2.533066e-02,2.336050e-02,2.013807e-01,2.382019e-01,2.108809e-01
3.291096e-03,1.863462e-02,5.634193e-05,2.648702e-03,1.884639e-02,5.136310e-05
