# rmse alpha/u,rmse phic/h,rmse h/r,spread alpha/u,spread phic/h,spread h/r
1.109838e-01,2.533066e-02,2.336050e-02,2.013807e-01,2.382019e-01,2.108809e-01
3.612168e-03,2.784701e-02,5.552464e-05,2.814344e-03,2.112155e-02,5.278381e-05
