# rmse alpha/u,rmse phic/h,rmse h/r,spread alpha/u,spread phic/h,spread h/r
1.109838e-01,2.533066e-02,2.336050e-02,2.013807e-01,2.382019e-01,2.108809e-01
3.743956e-03,2.604439e-02,6.650639e-05,2.764447e-03,2.105330e-02,5.809916e-05
