# rmse alpha/u,rmse phic/h,rmse h/r,spread alpha/u,spread phic/h,spread h/r
1.109838e-01,2.533066e-02,2.336050e-02,2.013807e-01,2.382019e-01,2.108809e-01
4.475503e-03,2.774555e-02,6.833992e-05,2.838251e-03,1.936086e-02,5.302565e-05
