# rmse alpha/u,rmse phic/h,rmse h/r,spread alpha/u,spread phic/h,spread h/r
1.109838e-01,2.533066e-02,2.336050e-02,2.013807e-01,2.382019e-01,2.108809e-01
2.361261e-03,1.288338e-02,4.490800e-05,2.112228e-03,1.405220e-02,4.459962e-05
