# rmse alpha/u,rmse phic/h,rmse h/r,spread alpha/u,spread phic/h,spread h/r
8.484543e-02,1.165994e-02,7.979778e-04,2.040527e-01,2.322930e-01,1.688814e-01
2.767311e-03,1.408827e-02,3.896219e-05,1.965740e-03,1.332495e-02,4.575689e-05
