# rmse alpha/u,rmse phic/h,rmse h/r,spread alpha/u,spread phic/h,spread h/r
8.484543e-02,1.165994e-02,7.979778e-04,2.040527e-01,2.322930e-01,1.688814e-01
4.937419e-03,2.859102e-02,5.515807e-05,2.544651e-03,1.824719e-02,5.006859e-05
