# rmse alpha/u,rmse phic/h,rmse h/r,spread alpha/u,spread phic/h,spread h/r
8.484543e-02,1.165994e-02,7.979778e-04,2.040527e-01,2.322930e-01,1.688814e-01
3.336554e-03,1.924041e-02,5.342559e-05,2.448147e-03,1.666147e-02,4.967001e-05
