# rmse alpha/u,rmse phic/h,rmse h/r,spread alpha/u,spread phic/h,spread h/r
4.474103e-01,2.186781e-01,2.166499e-01,2.015322e-01,1.845769e-01,2.124361e-01
5.565072e-03,2.844151e-02,4.704986e-05,3.876088e-03,2.827181e-02,4.936915e-05
