# rmse alpha/u,rmse phic/h,rmse h/r,spread alpha/u,spread phic/h,spread h/r
4.474103e-01,2.186781e-01,2.166499e-01,2.015322e-01,1.845769e-01,2.124361e-01
5.025139e-03,2.814797e-02,4.591761e-05,3.735875e-03,2.619492e-02,4.829184e-05
