# rmse alpha/u,rmse phic/h,rmse h/r,spread alpha/u,spread phic/h,spread h/r
4.474103e-01,2.186781e-01,2.166499e-01,2.015322e-01,1.845769e-01,2.124361e-01
3.718956e-03,2.478878e-02,4.475243e-05,2.476004e-03,1.787170e-02,3.843373e-05
