# rmse alpha/u,rmse phic/h,rmse h/r,spread alpha/u,spread phic/h,spread h/r
4.474103e-01,2.186781e-01,2.166499e-01,2.015322e-01,1.845769e-01,2.124361e-01
5.037038e-03,2.503031e-02,4.799428e-05,3.259662e-03,2.312227e-02,4.639172e-05
