# rmse alpha/u,rmse phic/h,rmse h/r,spread alpha/u,spread phic/h,spread h/r
4.474103e-01,2.186781e-01,2.166499e-01,2.015322e-01,1.845769e-01,2.124361e-01
4.276456e-03,2.510749e-02,5.131052e-05,3.424198e-03,2.440302e-02,4.895451e-05
