# rmse alpha/u,rmse phic/h,rmse h/r,spread alpha/u,spread phic/h,spread h/r
1.773101e-01,2.094820e-03,2.056126e-02,1.906733e-01,1.720275e-01,1.565591e-01
4.057454e-03,2.542161e-02,3.141674e-05,2.547649e-03,1.649156e-02,1.398076e-05
