# rmse alpha/u,rmse phic/h,rmse h/r,spread alpha/u,spread phic/h,spread h/r
1.773101e-01,2.094820e-03,2.056126e-02,1.906733e-01,1.720275e-01,1.565591e-01
5.437055e-03,3.188789e-02,4.704028e-05,2.588352e-03,1.637143e-02,1.299517e-05
