# rmse alpha/u,rmse phic/h,rmse h/r,spread alpha/u,spread phic/h,spread h/r
1.899640e-01,1.290861e-01,9.414533e-02,1.369313e-01,9.450325e-02,6.335976e-02
1.238902e-03,8.856204e-03,4.406754e-05,1.274336e-03,8.833748e-03,3.889313e-05
