# rmse alpha/u,rmse phic/h,rmse h/r,spread alpha/u,spread phic/h,spread h/r
1.899640e-01,1.290861e-01,9.414533e-02,1.369313e-01,9.450325e-02,6.335976e-02
2.056023e-03,1.256837e-02,4.901859e-05,1.283969e-03,8.911622e-03,3.807340e-05
