# rmse alpha/u,rmse phic/h,rmse h/r,spread alpha/u,spread phic/h,spread h/r
1.899640e-01,1.290861e-01,9.414533e-02,1.369313e-01,9.450325e-02,6.335976e-02
1.726784e-03,1.099678e-02,4.821627e-05,9.996442e-04,7.408104e-03,3.651376e-05
