# rmse alpha/u,rmse phic/h,rmse h/r,spread alpha/u,spread phic/h,spread h/r
1.899640e-01,1.290861e-01,9.414533e-02,1.369313e-01,9.450325e-02,6.335976e-02
3.580268e-03,2.271233e-02,4.204782e-05,1.254927e-03,8.859847e-03,3.760894e-05
