# rmse alpha/u,rmse phic/h,rmse h/r,spread alpha/u,spread phic/h,spread h/r
1.899640e-01,1.290861e-01,9.414533e-02,1.369313e-01,9.450325e-02,6.335976e-02
2.941372e-03,1.842395e-02,5.135157e-05,1.189341e-03,8.548328e-03,3.936944e-05
