# rmse alpha/u,rmse phic/h,rmse h/r,spread alpha/u,spread phic/h,spread h/r
4.782062e-01,2.931801e-01,2.086018e-01,2.165943e-01,2.269936e-01,1.919688e-01
3.649869e-03,2.449087e-02,5.579139e-05,2.639803e-03,1.890479e-02,4.704955e-05
