# rmse alpha/u,rmse phic/h,rmse h/r,spread alpha/u,spread phic/h,spread h/r
4.782062e-01,2.931801e-01,2.086018e-01,2.165943e-01,2.269936e-01,1.919688e-01
3.828320e-03,2.067810e-02,4.888931e-05,2.961966e-03,2.111752e-02,4.962260e-05
