# rmse alpha/u,rmse phic/h,rmse h/r,spread alpha/u,spread phic/h,spread h/r
4.782062e-01,2.931801e-01,2.086018e-01,2.165943e-01,2.269936e-01,1.919688e-01
3.168472e-03,1.826312e-02,5.464686e-05,2.713222e-03,1.966414e-02,4.993560e-05
