# rmse alpha/u,rmse phic/h,rmse h/r,spread alpha/u,spread phic/h,spread h/r
4.782062e-01,2.931801e-01,2.086018e-01,2.165943e-01,2.269936e-01,1.919688e-01
3.681502e-03,2.236957e-02,6.010598e-05,2.394264e-03,1.736765e-02,5.079392e-05
