# rmse alpha/u,rmse phic/h,rmse h/r,spread alpha/u,spread phic/h,spread h/r
4.782062e-01,2.931801e-01,2.086018e-01,2.165943e-01,2.269936e-01,1.919688e-01
4.516163e-03,2.271892e-02,5.619090e-05,3.047670e-03,2.137361e-02,5.203548e-05
