# rmse alpha/u,rmse phic/h,rmse h/r,spread alpha/u,spread phic/h,spread h/r
4.782062e-01,2.931801e-01,2.086018e-01,2.165943e-01,2.269936e-01,1.919688e-01
3.661753e-03,2.305849e-02,5.729396e-05,2.942012e-03,2.102160e-02,5.311922e-05
