# rmse alpha/u,rmse phic/h,rmse h/r,spread alpha/u,spread phic/h,spread h/r
4.782062e-01,2.931801e-01,2.086018e-01,2.165943e-01,2.269936e-01,1.919688e-01
2.947730e-03,1.417136e-02,5.071951e-05,2.361369e-03,1.565297e-02,4.365243e-05
