# rmse alpha/u,rmse phic/h,rmse h/r,spread alpha/u,spread phic/h,spread h/r
3.062281e-04,2.649299e-02,8.795717e-04,1.733888e-01,2.278507e-01,1.488446e-01
1.993124e-03,1.061859e-02,2.018044e-05,1.122672e-03,7.976886e-03,3.804040e-05
