# rmse alpha/u,rmse phic/h,rmse h/r,spread alpha/u,spread phic/h,spread h/r
3.062281e-04,2.649299e-02,8.795717e-04,1.733888e-01,2.278507e-01,1.488446e-01
2.693829e-03,2.033081e-02,3.456478e-05,1.893650e-03,1.447993e-02,4.615485e-05
