# rmse alpha/u,rmse phic/h,rmse h/r,spread alpha/u,spread phic/h,spread h/r
3.062281e-04,2.649299e-02,8.795717e-04,1.733888e-01,2.278507e-01,1.488446e-01
3.432202e-03,1.768176e-02,2.727341e-05,1.499860e-03,1.027573e-02,3.717029e-05
