# rmse alpha/u,rmse phic/h,rmse h/r,spread alpha/u,spread phic/h,spread h/r
3.062281e-04,2.649299e-02,8.795717e-04,1.733888e-01,2.278507e-01,1.488446e-01
4.020573e-03,2.647613e-02,3.819378e-05,2.392625e-03,1.841917e-02,4.754676e-05
