# rmse alpha/u,rmse phic/h,rmse h/r,spread alpha/u,spread phic/h,spread h/r
3.062281e-04,2.649299e-02,8.795717e-04,1.733888e-01,2.278507e-01,1.488446e-01
1.001647e-03,6.844319e-03,2.001513e-05,1.040916e-03,7.725862e-03,3.923860e-05
