# rmse alpha/u,rmse phic/h,rmse h/r,spread alpha/u,spread phic/h,spread h/r
3.062281e-04,2.649299e-02,8.795717e-04,1.733888e-01,2.278507e-01,1.488446e-01
1.825048e-03,1.168907e-02,2.756837e-05,1.548201e-03,1.099926e-02,4.111269e-05
