# rmse alpha/u,rmse phic/h,rmse h/r,spread alpha/u,spread phic/h,spread h/r
1.220802e-04,2.440246e-04,1.014141e-02,9.258474e-02,1.003061e-01,7.715354e-02
8.565285e-04,6.351987e-03,2.579318e-05,8.276073e-04,6.626315e-03,4.751774e-05
