# rmse alpha/u,rmse phic/h,rmse h/r,spread alpha/u,spread phic/h,spread h/r
1.220802e-04,2.440246e-04,1.014141e-02,9.258474e-02,1.003061e-01,7.715354e-02
8.198362e-04,6.450940e-03,2.117799e-05,8.217373e-04,6.449629e-03,4.701356e-05
