# rmse alpha/u,rmse phic/h,rmse h/r,spread alpha/u,spread phic/h,spread h/r
2.392291e-01,3.048325e-01,6.202420e-01,1.909684e-01,2.207097e-01,2.003914e-01
8.536344e-04,7.571592e-03,2.387290e-04,8.015708e-04,5.949838e-03,9.434899e-06
