# rmse alpha/u,rmse phic/h,rmse h/r,spread alpha/u,spread phic/h,spread h/r
2.392291e-01,3.048325e-01,6.202420e-01,1.909684e-01,2.207097e-01,2.003914e-01
9.055876e-04,6.769492e-03,2.410146e-04,8.060842e-04,6.198951e-03,1.916773e-05
