# rmse alpha/u,rmse phic/h,rmse h/r,spread alpha/u,spread phic/h,spread h/r
2.392291e-01,3.048325e-01,6.202420e-01,1.909684e-01,2.207097e-01,2.003914e-01
1.011827e-03,1.019051e-02,2.501769e-04,7.890022e-04,5.903768e-03,1.533170e-05
