# rmse alpha/u,rmse phic/h,rmse h/r,spread alpha/u,spread phic/h,spread h/r
2.392291e-01,3.048325e-01,6.202420e-01,1.909684e-01,2.207097e-01,2.003914e-01
8.239744e-04,6.175503e-03,2.745222e-04,7.514575e-04,5.620598e-03,1.487294e-05
