# rmse alpha/u,rmse phic/h,rmse h/r,spread alpha/u,spread phic/h,spread h/r
8.774005e-02,3.126009e-04,1.342800e-01,2.007666e-01,2.380345e-01,2.181955e-01
8.737317e-04,6.738204e-03,4.864142e-05,8.365169e-04,6.581800e-03,3.854302e-05
