# rmse alpha/u,rmse phic/h,rmse h/r,spread alpha/u,spread phic/h,spread h/r
8.774005e-02,3.126009e-04,1.342800e-01,2.007666e-01,2.380345e-01,2.181955e-01
8.206399e-04,6.935291e-03,5.997979e-05,8.148654e-04,6.510907e-03,3.725699e-05
