# rmse alpha/u,rmse phic/h,rmse h/r,spread alpha/u,spread phic/h,spread h/r
8.774005e-02,3.126009e-04,1.342800e-01,2.007666e-01,2.380345e-01,2.181955e-01
8.814991e-04,7.169486e-03,4.476407e-05,8.468497e-04,6.646418e-03,3.773651e-05
