# rmse alpha/u,rmse phic/h,rmse h/r,spread alpha/u,spread phic/h,spread h/r
8.774005e-02,3.126009e-04,1.342800e-01,2.007666e-01,2.380345e-01,2.181955e-01
8.481936e-04,6.830353e-03,5.034745e-05,8.388228e-04,6.569600e-03,3.885515e-05
