# rmse alpha/u,rmse phic/h,rmse h/r,spread alpha/u,spread phic/h,spread h/r
3.850933e-01,2.108266e-01,2.223442e-01,1.930357e-01,1.815196e-01,2.100661e-01
4.527401e-03,2.465704e-02,4.121415e-05,3.466972e-03,2.594261e-02,4.377252e-05
