# rmse alpha/u,rmse phic/h,rmse h/r,spread alpha/u,spread phic/h,spread h/r
3.850933e-01,2.108266e-01,2.223442e-01,1.930357e-01,1.815196e-01,2.100661e-01
4.172527e-03,2.283685e-02,4.803778e-05,2.928108e-03,1.971376e-02,4.152281e-05
