# rmse alpha/u,rmse phic/h,rmse h/r,spread alpha/u,spread phic/h,spread h/r
3.850933e-01,2.108266e-01,2.223442e-01,1.930357e-01,1.815196e-01,2.100661e-01
4.106438e-03,2.464398e-02,5.093941e-05,3.103241e-03,2.151033e-02,4.646600e-05
