# rmse alpha/u,rmse phic/h,rmse h/r,spread alpha/u,spread phic/h,spread h/r
3.304662e-02,6.889868e-02,1.464230e-04,1.419040e-01,2.041784e-01,1.668753e-01
8.400794e-04,6.563347e-03,1.945650e-05,8.078925e-04,6.213679e-03,4.293548e-05
