# rmse alpha/u,rmse phic/h,rmse h/r,spread alpha/u,spread phic/h,spread h/r
3.304662e-02,6.889868e-02,1.464230e-04,1.419040e-01,2.041784e-01,1.668753e-01
2.126273e-03,9.024434e-03,2.186565e-05,1.049407e-03,7.370045e-03,4.515372e-05
