# rmse alpha/u,rmse phic/h,rmse h/r,spread alpha/u,spread phic/h,spread h/r
3.304662e-02,6.889868e-02,1.464230e-04,1.419040e-01,2.041784e-01,1.668753e-01
9.080457e-04,7.375372e-03,2.524198e-05,8.655834e-04,6.597896e-03,4.504574e-05
