# rmse alpha/u,rmse phic/h,rmse h/r,spread alpha/u,spread phic/h,spread h/r
3.304662e-02,6.889868e-02,1.464230e-04,1.419040e-01,2.041784e-01,1.668753e-01
9.451741e-04,6.489648e-03,2.725474e-05,8.181908e-04,6.307096e-03,4.505019e-05
