# rmse alpha/u,rmse phic/h,rmse h/r,spread alpha/u,spread phic/h,spread h/r
3.304662e-02,6.889868e-02,1.464230e-04,1.419040e-01,2.041784e-01,1.668753e-01
8.796201e-04,8.165965e-03,2.780359e-05,8.449103e-04,6.600384e-03,4.425368e-05
