# rmse alpha/u,rmse phic/h,rmse h/r,spread alpha/u,spread phic/h,spread h/r
3.159455e-02,2.020427e-01,5.203760e-01,2.178019e-01,1.997102e-01,1.533221e-01
2.479206e-03,1.809782e-02,5.924461e-05,1.809521e-03,1.334277e-02,4.990915e-05
