# rmse alpha/u,rmse phic/h,rmse h/r,spread alpha/u,spread phic/h,spread h/r
3.159455e-02,2.020427e-01,5.203760e-01,2.178019e-01,1.997102e-01,1.533221e-01
2.416984e-03,1.366556e-02,6.157175e-05,2.626749e-03,1.830210e-02,5.170605e-05
