# rmse alpha/u,rmse phic/h,rmse h/r,spread alpha/u,spread phic/h,spread h/r
3.159455e-02,2.020427e-01,5.203760e-01,2.178019e-01,1.997102e-01,1.533221e-01
2.453188e-03,1.345396e-02,7.297618e-05,2.001791e-03,1.379653e-02,5.401093e-05
