# rmse alpha/u,rmse phic/h,rmse h/r,spread alpha/u,spread phic/h,spread h/r
1.025319e-03,2.648380e-02,4.846081e-03,1.209197e-01,1.012116e-01,6.967944e-02
8.025763e-04,6.656201e-03,2.520356e-05,7.695685e-04,5.960395e-03,3.660184e-05
