# rmse alpha/u,rmse phic/h,rmse h/r,spread alpha/u,spread phic/h,spread h/r
1.025319e-03,2.648380e-02,4.846081e-03,1.209197e-01,1.012116e-01,6.967944e-02
7.908430e-04,6.610108e-03,2.671767e-05,7.586175e-04,5.873106e-03,3.848107e-05
