# rmse alpha/u,rmse phic/h,rmse h/r,spread alpha/u,spread phic/h,spread h/r
1.025319e-03,2.648380e-02,4.846081e-03,1.209197e-01,1.012116e-01,6.967944e-02
7.854801e-04,6.273746e-03,3.298330e-05,7.573676e-04,5.945298e-03,3.815669e-05
