# rmse alpha/u,rmse phic/h,rmse h/r,spread alpha/u,spread phic/h,spread h/r
9.141265e-03,2.298713e-02,7.854125e-05,1.070451e-01,1.104338e-01,8.163704e-02
8.763425e-04,6.817118e-03,2.460332e-05,1.036933e-03,7.556167e-03,4.522248e-05
