# rmse alpha/u,rmse phic/h,rmse h/r,spread alpha/u,spread phic/h,spread h/r
9.141265e-03,2.298713e-02,7.854125e-05,1.070451e-01,1.104338e-01,8.163704e-02
3.550392e-03,1.713701e-02,4.214786e-05,2.156788e-03,1.534617e-02,5.407339e-05
