# rmse alpha/u,rmse phic/h,rmse h/r,spread alpha/u,spread phic/h,spread h/r
9.141265e-03,2.298713e-02,7.854125e-05,1.070451e-01,1.104338e-01,8.163704e-02
2.141625e-03,1.494490e-02,3.180701e-05,1.497412e-03,1.111514e-02,5.133499e-05
