# rmse alpha/u,rmse phic/h,rmse h/r,spread alpha/u,spread phic/h,spread h/r
9.141265e-03,2.298713e-02,7.854125e-05,1.070451e-01,1.104338e-01,8.163704e-02
3.988436e-03,1.546189e-02,3.615223e-05,1.695020e-03,1.152205e-02,5.030699e-05
