# rmse alpha/u,rmse phic/h,rmse h/r,spread alpha/u,spread phic/h,spread h/r
9.141265e-03,2.298713e-02,7.854125e-05,1.070451e-01,1.104338e-01,8.163704e-02
1.142223e-03,6.917479e-03,2.406089e-05,1.082484e-03,7.921698e-03,4.905027e-05
