# rmse alpha/u,rmse phic/h,rmse h/r,spread alpha/u,spread phic/h,spread h/r
2.008876e-01,2.461896e-01,2.167568e-01,1.760635e-01,2.324772e-01,2.087759e-01
1.023960e-03,8.538777e-03,3.358924e-05,1.004566e-03,7.367980e-03,4.378575e-05
