# rmse alpha/u,rmse phic/h,rmse h/r,spread alpha/u,spread phic/h,spread h/r
2.008876e-01,2.461896e-01,2.167568e-01,1.760635e-01,2.324772e-01,2.087759e-01
1.949148e-03,1.210140e-02,3.377208e-05,1.205485e-03,8.478558e-03,4.320690e-05
