# rmse alpha/u,rmse phic/h,rmse h/r,spread alpha/u,spread phic/h,spread h/r
8.449239e-02,8.248497e-03,1.765172e-02,1.275593e-01,1.022995e-01,6.993198e-02
3.979078e-03,2.891889e-02,4.201665e-05,3.968903e-03,3.313089e-02,5.098556e-05
