# rmse alpha/u,rmse phic/h,rmse h/r,spread alpha/u,spread phic/h,spread h/r
8.449239e-02,8.248497e-03,1.765172e-02,1.275593e-01,1.022995e-01,6.993198e-02
4.644595e-03,2.932207e-02,5.615748e-05,4.003757e-03,3.181615e-02,4.241024e-05
