# rmse alpha/u,rmse phic/h,rmse h/r,spread alpha/u,spread phic/h,spread h/r
8.449239e-02,8.248497e-03,1.765172e-02,1.275593e-01,1.022995e-01,6.993198e-02
5.533714e-03,3.357551e-02,5.389162e-05,4.178095e-03,3.153207e-02,4.271490e-05
