# rmse alpha/u,rmse phic/h,rmse h/r,spread alpha/u,spread phic/h,spread h/r
8.449239e-02,8.248497e-03,1.765172e-02,1.275593e-01,1.022995e-01,6.993198e-02
4.372659e-03,3.053306e-02,5.090396e-05,3.787092e-03,2.900760e-02,4.800082e-05
