# rmse alpha/u,rmse phic/h,rmse h/r,spread alpha/u,spread phic/h,spread h/r
8.449239e-02,8.248497e-03,1.765172e-02,1.275593e-01,1.022995e-01,6.993198e-02
5.406546e-03,4.798954e-02,6.017286e-05,3.958691e-03,3.072858e-02,4.581572e-05
