# rmse alpha/u,rmse phic/h,rmse h/r,spread alpha/u,spread phic/h,spread h/r
8.449239e-02,8.248497e-03,1.765172e-02,1.275593e-01,1.022995e-01,6.993198e-02
3.811844e-03,2.523361e-02,5.710596e-05,3.518406e-03,2.582845e-02,4.344897e-05
