# rmse alpha/u,rmse phic/h,rmse h/r,spread alpha/u,spread phic/h,spread h/r
8.449239e-02,8.248497e-03,1.765172e-02,1.275593e-01,1.022995e-01,6.993198e-02
2.748227e-03,2.019756e-02,5.478224e-05,3.236504e-03,2.425213e-02,4.234454e-05
