# rmse alpha/u,rmse phic/h,rmse h/r,spread alpha/u,spread phic/h,spread h/r
2.121151e-01,1.009211e-01,1.619331e-01,1.233048e-01,8.921239e-02,8.216227e-02
4.224498e-03,2.714804e-02,4.266947e-05,3.111481e-03,2.317051e-02,3.910427e-05
