# rmse alpha/u,rmse phic/h,rmse h/r,spread alpha/u,spread phic/h,spread h/r
8.606989e-02,1.333669e-01,8.374695e-02,2.011122e-01,2.284813e-01,1.938860e-01
4.074146e-03,1.885534e-02,4.969006e-05,1.886386e-03,1.380839e-02,1.002433e-05
