# rmse alpha/u,rmse phic/h,rmse h/r,spread alpha/u,spread phic/h,spread h/r
8.606989e-02,1.333669e-01,8.374695e-02,2.011122e-01,2.284813e-01,1.938860e-01
3.104477e-03,2.265706e-02,5.952587e-05,1.647343e-03,1.222136e-02,9.427365e-06
