# rmse alpha/u,rmse phic/h,rmse h/r,spread alpha/u,spread phic/h,spread h/r
8.606989e-02,1.333669e-01,8.374695e-02,2.011122e-01,2.284813e-01,1.938860e-01
4.801295e-03,2.660919e-02,4.227402e-05,2.189862e-03,1.293651e-02,8.050069e-06
