# rmse alpha/u,rmse phic/h,rmse h/r,spread alpha/u,spread phic/h,spread h/r
8.606989e-02,1.333669e-01,8.374695e-02,2.011122e-01,2.284813e-01,1.938860e-01
4.346434e-03,2.744742e-02,6.240229e-05,2.475933e-03,1.751151e-02,1.503026e-05
