# rmse alpha/u,rmse phic/h,rmse h/r,spread alpha/u,spread phic/h,spread h/r
7.190100e-02,1.424610e-02,8.101143e-02,2.070506e-01,2.100731e-01,2.043292e-01
2.431303e-03,1.489694e-02,4.195054e-05,1.712697e-03,1.269203e-02,4.536890e-05
