# rmse alpha/u,rmse phic/h,rmse h/r,spread alpha/u,spread phic/h,spread h/r
7.190100e-02,1.424610e-02,8.101143e-02,2.070506e-01,2.100731e-01,2.043292e-01
2.867359e-03,2.056322e-02,3.580709e-05,1.700567e-03,1.215833e-02,4.103046e-05
