# rmse alpha/u,rmse phic/h,rmse h/r,spread alpha/u,spread phic/h,spread h/r
7.190100e-02,1.424610e-02,8.101143e-02,2.070506e-01,2.100731e-01,2.043292e-01
2.225056e-03,9.812616e-03,3.543398e-05,1.663026e-03,1.083570e-02,3.756108e-05
