# rmse alpha/u,rmse phic/h,rmse h/r,spread alpha/u,spread phic/h,spread h/r
7.190100e-02,1.424610e-02,8.101143e-02,2.070506e-01,2.100731e-01,2.043292e-01
1.497671e-03,1.227839e-02,3.384603e-05,1.704484e-03,1.104210e-02,3.592972e-05
