# rmse alpha/u,rmse phic/h,rmse h/r,spread alpha/u,spread phic/h,spread h/r
7.190100e-02,1.424610e-02,8.101143e-02,2.070506e-01,2.100731e-01,2.043292e-01
3.737202e-03,1.976995e-02,3.829971e-05,3.004977e-03,2.139211e-02,4.605168e-05
