# rmse alpha/u,rmse phic/h,rmse h/r,spread alpha/u,spread phic/h,spread h/r
7.190100e-02,1.424610e-02,8.101143e-02,2.070506e-01,2.100731e-01,2.043292e-01
2.563301e-03,1.396901e-02,4.698086e-05,1.562601e-03,1.133314e-02,4.370826e-05
