# rmse alpha/u,rmse phic/h,rmse h/r,spread alpha/u,spread phic/h,spread h/r
7.576347e-02,7.302573e-03,4.566896e-02,1.927996e-01,2.373932e-01,2.334187e-01
8.111530e-04,6.176934e-03,2.407998e-05,8.101096e-04,6.382281e-03,3.804331e-05
