# rmse alpha/u,rmse phic/h,rmse h/r,spread alpha/u,spread phic/h,spread h/r
7.576347e-02,7.302573e-03,4.566896e-02,1.927996e-01,2.373932e-01,2.334187e-01
9.065635e-04,6.942015e-03,2.587725e-05,8.568652e-04,6.713560e-03,3.904280e-05
