# rmse alpha/u,rmse phic/h,rmse h/r,spread alpha/u,spread phic/h,spread h/r
7.576347e-02,7.302573e-03,4.566896e-02,1.927996e-01,2.373932e-01,2.334187e-01
8.578078e-04,6.319581e-03,2.711550e-05,8.166275e-04,6.314825e-03,3.848224e-05
