# rmse alpha/u,rmse phic/h,rmse h/r,spread alpha/u,spread phic/h,spread h/r
5.789709e-02,4.012785e-03,7.567077e-04,1.479245e-01,8.670340e-02,8.377135e-02
4.530763e-03,2.416659e-02,3.873457e-05,3.021549e-03,2.063266e-02,4.028350e-05
