# rmse alpha/u,rmse phic/h,rmse h/r,spread alpha/u,spread phic/h,spread h/r
5.789709e-02,4.012785e-03,7.567077e-04,1.479245e-01,8.670340e-02,8.377135e-02
3.674277e-03,2.796955e-02,6.371477e-05,2.847574e-03,2.043913e-02,4.945215e-05
