# rmse alpha/u,rmse phic/h,rmse h/r,spread alpha/u,spread phic/h,spread h/r
5.789709e-02,4.012785e-03,7.567077e-04,1.479245e-01,8.670340e-02,8.377135e-02
3.919001e-03,2.378397e-02,6.493543e-05,2.088819e-03,1.591591e-02,4.936124e-05
