# rmse alpha/u,rmse phic/h,rmse h/r,spread alpha/u,spread phic/h,spread h/r
5.789709e-02,4.012785e-03,7.567077e-04,1.479245e-01,8.670340e-02,8.377135e-02
3.618225e-03,2.008037e-02,5.411496e-05,1.675305e-03,1.119684e-02,4.275072e-05
