# rmse alpha/u,rmse phic/h,rmse h/r,spread alpha/u,spread phic/h,spread h/r
5.789709e-02,4.012785e-03,7.567077e-04,1.479245e-01,8.670340e-02,8.377135e-02
5.020229e-03,3.123216e-02,5.617799e-05,2.865135e-03,1.919499e-02,3.933856e-05
