# rmse alpha/u,rmse phic/h,rmse h/r,spread alpha/u,spread phic/h,spread h/r
2.237191e-02,6.320881e-02,4.780640e-02,1.266456e-01,2.098953e-01,1.874066e-01
4.483925e-03,3.035664e-02,4.637736e-05,3.570235e-03,2.677919e-02,5.268309e-05
