# rmse alpha/u,rmse phic/h,rmse h/r,spread alpha/u,spread phic/h,spread h/r
2.237191e-02,6.320881e-02,4.780640e-02,1.266456e-01,2.098953e-01,1.874066e-01
2.907228e-03,2.329086e-02,4.322609e-05,3.159515e-03,2.366704e-02,5.491321e-05
