# rmse alpha/u,rmse phic/h,rmse h/r,spread alpha/u,spread phic/h,spread h/r
5.303283e-02,3.563294e-02,1.907264e-02,2.069895e-01,2.490604e-01,2.087302e-01
2.528612e-03,3.031076e-02,6.762931e-05,2.509429e-03,1.979451e-02,5.704787e-05
