# rmse alpha/u,rmse phic/h,rmse h/r,spread alpha/u,spread phic/h,spread h/r
5.303283e-02,3.563294e-02,1.907264e-02,2.069895e-01,2.490604e-01,2.087302e-01
3.521262e-03,2.602657e-02,5.482887e-05,2.901016e-03,2.246857e-02,5.783013e-05
