# rmse alpha/u,rmse phic/h,rmse h/r,spread alpha/u,spread phic/h,spread h/r
5.303283e-02,3.563294e-02,1.907264e-02,2.069895e-01,2.490604e-01,2.087302e-01
3.544586e-03,2.466160e-02,5.146901e-05,2.893122e-03,2.173928e-02,5.661286e-05
