# rmse alpha/u,rmse phic/h,rmse h/r,spread alpha/u,spread phic/h,spread h/r
5.303283e-02,3.563294e-02,1.907264e-02,2.069895e-01,2.490604e-01,2.087302e-01
4.671727e-03,2.757493e-02,5.922474e-05,2.430688e-03,1.635348e-02,5.095414e-05
