# rmse alpha/u,rmse phic/h,rmse h/r,spread alpha/u,spread phic/h,spread h/r
5.303283e-02,3.563294e-02,1.907264e-02,2.069895e-01,2.490604e-01,2.087302e-01
3.664347e-03,1.961860e-02,4.998687e-05,2.246501e-03,1.524670e-02,4.804147e-05
