# rmse alpha/u,rmse phic/h,rmse h/r,spread alpha/u,spread phic/h,spread h/r
1.653987e-01,1.124706e-01,2.955443e-01,1.100186e-01,1.112154e-01,7.725777e-02
3.334453e-03,2.199708e-02,5.250961e-05,2.819020e-03,1.952144e-02,5.248957e-05
