# rmse alpha/u,rmse phic/h,rmse h/r,spread alpha/u,spread phic/h,spread h/r
1.653987e-01,1.124706e-01,2.955443e-01,1.100186e-01,1.112154e-01,7.725777e-02
3.777624e-03,1.969505e-02,5.352078e-05,2.017703e-03,1.400142e-02,5.181809e-05
