# rmse alpha/u,rmse phic/h,rmse h/r,spread alpha/u,spread phic/h,spread h/r
1.653987e-01,1.124706e-01,2.955443e-01,1.100186e-01,1.112154e-01,7.725777e-02
5.188729e-03,3.808195e-02,7.963161e-05,3.562475e-03,2.675413e-02,6.257715e-05
