# rmse alpha/u,rmse phic/h,rmse h/r,spread alpha/u,spread phic/h,spread h/r
1.653987e-01,1.124706e-01,2.955443e-01,1.100186e-01,1.112154e-01,7.725777e-02
2.652633e-03,1.245904e-02,5.157617e-05,1.106245e-03,7.884947e-03,4.729375e-05
