# rmse alpha/u,rmse phic/h,rmse h/r,spread alpha/u,spread phic/h,spread h/r
4.865075e-02,1.214225e-02,4.921284e-02,1.327228e-01,8.740665e-02,8.471605e-02
1.870264e-03,9.918719e-03,2.845799e-05,1.761591e-03,1.170295e-02,2.756803e-05
