# rmse alpha/u,rmse phic/h,rmse h/r,spread alpha/u,spread phic/h,spread h/r
4.865075e-02,1.214225e-02,4.921284e-02,1.327228e-01,8.740665e-02,8.471605e-02
2.187651e-03,1.609590e-02,3.908049e-05,1.851117e-03,1.364482e-02,3.699530e-05
