# rmse alpha/u,rmse phic/h,rmse h/r,spread alpha/u,spread phic/h,spread h/r
4.865075e-02,1.214225e-02,4.921284e-02,1.327228e-01,8.740665e-02,8.471605e-02
3.720181e-03,1.640821e-02,3.566332e-05,2.734411e-03,1.845435e-02,3.526997e-05
