# rmse alpha/u,rmse phic/h,rmse h/r,spread alpha/u,spread phic/h,spread h/r
4.865075e-02,1.214225e-02,4.921284e-02,1.327228e-01,8.740665e-02,8.471605e-02
3.005129e-03,1.619336e-02,4.928960e-05,1.823330e-03,1.237464e-02,3.791865e-05
