# rmse alpha/u,rmse phic/h,rmse h/r,spread alpha/u,spread phic/h,spread h/r
1.642824e-01,1.626853e-01,1.909791e-01,2.029553e-01,2.401346e-01,2.180772e-01
4.530853e-03,2.886966e-02,3.641321e-05,2.907864e-03,2.318024e-02,4.445341e-05
