# rmse alpha/u,rmse phic/h,rmse h/r,spread alpha/u,spread phic/h,spread h/r
1.642824e-01,1.626853e-01,1.909791e-01,2.029553e-01,2.401346e-01,2.180772e-01
4.120841e-03,3.095456e-02,3.708341e-05,2.996870e-03,2.480322e-02,4.344247e-05
