# rmse alpha/u,rmse phic/h,rmse h/r,spread alpha/u,spread phic/h,spread h/r
1.642824e-01,1.626853e-01,1.909791e-01,2.029553e-01,2.401346e-01,2.180772e-01
3.890846e-03,2.455330e-02,2.764484e-05,3.024379e-03,2.296770e-02,4.054803e-05
