# rmse alpha/u,rmse phic/h,rmse h/r,spread alpha/u,spread phic/h,spread h/r
1.642824e-01,1.626853e-01,1.909791e-01,2.029553e-01,2.401346e-01,2.180772e-01
3.591805e-03,2.205092e-02,3.396889e-05,2.624416e-03,1.899501e-02,3.961321e-05
