# rmse alpha/u,rmse phic/h,rmse h/r,spread alpha/u,spread phic/h,spread h/r
1.642824e-01,1.626853e-01,1.909791e-01,2.029553e-01,2.401346e-01,2.180772e-01
3.376497e-03,2.656898e-02,3.625341e-05,2.222973e-03,1.742706e-02,4.088903e-05
