# rmse alpha/u,rmse phic/h,rmse h/r,spread alpha/u,spread phic/h,spread h/r
2.758478e-01,2.053631e-01,2.702339e-01,2.040651e-01,2.045934e-01,1.851052e-01
3.993542e-03,2.208424e-02,4.182448e-05,3.083154e-03,2.147887e-02,3.198254e-05
