# rmse alpha/u,rmse phic/h,rmse h/r,spread alpha/u,spread phic/h,spread h/r
2.758478e-01,2.053631e-01,2.702339e-01,2.040651e-01,2.045934e-01,1.851052e-01
3.873885e-03,2.298978e-02,4.126276e-05,2.859682e-03,2.068875e-02,3.432472e-05
