# rmse alpha/u,rmse phic/h,rmse h/r,spread alpha/u,spread phic/h,spread h/r
2.758478e-01,2.053631e-01,2.702339e-01,2.040651e-01,2.045934e-01,1.851052e-01
4.264291e-03,2.111811e-02,4.450695e-05,2.776979e-03,2.106011e-02,3.296841e-05
