# rmse alpha/u,rmse phic/h,rmse h/r,spread alpha/u,spread phic/h,spread h/r
2.766124e-06,2.716670e-02,7.298681e-03,1.412007e-01,2.480902e-01,2.166698e-01
1.756346e-03,1.031046e-02,3.077062e-05,9.994396e-04,7.264523e-03,3.313871e-05
