# rmse alpha/u,rmse phic/h,rmse h/r,spread alpha/u,spread phic/h,spread h/r
2.766124e-06,2.716670e-02,7.298681e-03,1.412007e-01,2.480902e-01,2.166698e-01
2.201744e-03,1.215084e-02,3.115745e-05,1.027868e-03,7.622051e-03,3.444789e-05
