# rmse alpha/u,rmse phic/h,rmse h/r,spread alpha/u,spread phic/h,spread h/r
2.903312e-01,3.852592e-01,2.319246e-01,1.811844e-01,2.189349e-01,1.830777e-01
9.598130e-04,1.028743e-02,1.766536e-04,7.702197e-04,5.916972e-03,9.641750e-06
