# rmse alpha/u,rmse phic/h,rmse h/r,spread alpha/u,spread phic/h,spread h/r
1.423802e-01,2.727575e-01,2.560715e-01,1.402536e-01,2.207597e-01,2.039123e-01
7.970677e-04,5.741803e-03,2.710082e-05,7.974788e-04,6.260463e-03,4.190597e-05
