# rmse alpha/u,rmse phic/h,rmse h/r,spread alpha/u,spread phic/h,spread h/r
1.423802e-01,2.727575e-01,2.560715e-01,1.402536e-01,2.207597e-01,2.039123e-01
8.415921e-04,6.579300e-03,3.616360e-05,8.602520e-04,6.688143e-03,4.363402e-05
