# rmse alpha/u,rmse phic/h,rmse h/r,spread alpha/u,spread phic/h,spread h/r
1.423802e-01,2.727575e-01,2.560715e-01,1.402536e-01,2.207597e-01,2.039123e-01
1.106825e-03,7.308819e-03,3.958861e-05,9.310500e-04,7.127340e-03,4.401355e-05
