# rmse alpha/u,rmse phic/h,rmse h/r,spread alpha/u,spread phic/h,spread h/r
1.423802e-01,2.727575e-01,2.560715e-01,1.402536e-01,2.207597e-01,2.039123e-01
8.800279e-04,6.593785e-03,4.058314e-05,8.447033e-04,6.648560e-03,4.199969e-05
