# rmse alpha/u,rmse phic/h,rmse h/r,spread alpha/u,spread phic/h,spread h/r
1.423802e-01,2.727575e-01,2.560715e-01,1.402536e-01,2.207597e-01,2.039123e-01
8.733368e-04,6.456148e-03,3.381093e-05,8.228151e-04,6.364341e-03,4.126547e-05
