# rmse alpha/u,rmse phic/h,rmse h/r,spread alpha/u,spread phic/h,spread h/r
1.423802e-01,2.727575e-01,2.560715e-01,1.402536e-01,2.207597e-01,2.039123e-01
8.611276e-04,7.112741e-03,4.127451e-05,8.625067e-04,6.606590e-03,4.253853e-05
