# rmse alpha/u,rmse phic/h,rmse h/r,spread alpha/u,spread phic/h,spread h/r
1.423802e-01,2.727575e-01,2.560715e-01,1.402536e-01,2.207597e-01,2.039123e-01
1.024665e-03,7.124403e-03,4.145199e-05,9.091692e-04,7.095389e-03,4.185155e-05
