alpha,phi,h
0.428571,0.004150,0.343800
