# rmse alpha/u,rmse phic/h,rmse h/r,spread alpha/u,spread phic/h,spread h/r
7.568081e-02,8.446095e-02,1.645490e-01,2.007018e-01,2.348895e-01,2.071683e-01
4.658283e-03,2.481200e-02,5.046488e-05,2.859238e-03,2.052398e-02,1.838179e-05
