# rmse alpha/u,rmse phic/h,rmse h/r,spread alpha/u,spread phic/h,spread h/r
7.568081e-02,8.446095e-02,1.645490e-01,2.007018e-01,2.348895e-01,2.071683e-01
4.216411e-03,3.165550e-02,5.086081e-05,2.601421e-03,2.020422e-02,2.578849e-05
