# rmse alpha/u,rmse phic/h,rmse h/r,spread alpha/u,spread phic/h,spread h/r
7.568081e-02,8.446095e-02,1.645490e-01,2.007018e-01,2.348895e-01,2.071683e-01
3.664343e-03,3.203636e-02,3.060254e-05,2.447979e-03,1.862368e-02,2.230216e-05
