# rmse alpha/u,rmse phic/h,rmse h/r,spread alpha/u,spread phic/h,spread h/r
7.568081e-02,8.446095e-02,1.645490e-01,2.007018e-01,2.348895e-01,2.071683e-01
4.500264e-03,3.179722e-02,4.144955e-05,2.593800e-03,1.931336e-02,1.995873e-05
