# rmse alpha/u,rmse phic/h,rmse h/r,spread alpha/u,spread phic/h,spread h/r
7.568081e-02,8.446095e-02,1.645490e-01,2.007018e-01,2.348895e-01,2.071683e-01
3.905105e-03,2.606313e-02,4.738833e-05,2.289887e-03,1.543895e-02,1.901650e-05
