# rmse alpha/u,rmse phic/h,rmse h/r,spread alpha/u,spread phic/h,spread h/r
3.196112e-03,5.727899e-03,1.658605e-02,1.207798e-01,1.758921e-01,1.832146e-01
8.505945e-04,6.665821e-03,2.561355e-05,7.586359e-04,5.945220e-03,3.935780e-05
