# rmse alpha/u,rmse phic/h,rmse h/r,spread alpha/u,spread phic/h,spread h/r
3.196112e-03,5.727899e-03,1.658605e-02,1.207798e-01,1.758921e-01,1.832146e-01
8.404215e-04,8.342260e-03,3.153883e-05,7.870744e-04,6.277521e-03,4.118034e-05
