# rmse alpha/u,rmse phic/h,rmse h/r,spread alpha/u,spread phic/h,spread h/r
3.196112e-03,5.727899e-03,1.658605e-02,1.207798e-01,1.758921e-01,1.832146e-01
8.828051e-04,9.370076e-03,3.953193e-05,8.055770e-04,6.378573e-03,4.080533e-05
