# rmse alpha/u,rmse phic/h,rmse h/r,spread alpha/u,spread phic/h,spread h/r
3.196112e-03,5.727899e-03,1.658605e-02,1.207798e-01,1.758921e-01,1.832146e-01
8.468236e-04,7.667796e-03,2.976649e-05,8.041213e-04,6.521687e-03,4.083656e-05
