# rmse alpha/u,rmse phic/h,rmse h/r,spread alpha/u,spread phic/h,spread h/r
3.196112e-03,5.727899e-03,1.658605e-02,1.207798e-01,1.758921e-01,1.832146e-01
8.227337e-04,6.289713e-03,2.490064e-05,7.777529e-04,6.226216e-03,3.958504e-05
