# rmse alpha/u,rmse phic/h,rmse h/r,spread alpha/u,spread phic/h,spread h/r
3.196112e-03,5.727899e-03,1.658605e-02,1.207798e-01,1.758921e-01,1.832146e-01
8.262819e-04,6.123732e-03,2.733291e-05,7.654945e-04,6.139920e-03,4.130076e-05
