# rmse alpha/u,rmse phic/h,rmse h/r,spread alpha/u,spread phic/h,spread h/r
1.808253e-01,1.114355e-01,8.390464e-02,1.244090e-01,8.701699e-02,8.231149e-02
8.605936e-04,6.853299e-03,2.345355e-05,8.657217e-04,6.781145e-03,4.579797e-05
