# rmse alpha/u,rmse phic/h,rmse h/r,spread alpha/u,spread phic/h,spread h/r
1.808253e-01,1.114355e-01,8.390464e-02,1.244090e-01,8.701699e-02,8.231149e-02
1.052817e-03,7.380226e-03,2.313802e-05,8.912722e-04,7.058846e-03,4.545178e-05
