# rmse alpha/u,rmse phic/h,rmse h/r,spread alpha/u,spread phic/h,spread h/r
1.808253e-01,1.114355e-01,8.390464e-02,1.244090e-01,8.701699e-02,8.231149e-02
8.755020e-04,7.139573e-03,2.274411e-05,8.487469e-04,6.704316e-03,4.613202e-05
