# rmse alpha/u,rmse phic/h,rmse h/r,spread alpha/u,spread phic/h,spread h/r
1.117689e-02,4.327707e-02,4.625874e-03,1.293691e-01,1.068144e-01,8.696001e-02
1.018578e-03,7.163384e-03,2.534819e-05,8.283874e-04,6.425339e-03,4.462255e-05
