# rmse alpha/u,rmse phic/h,rmse h/r,spread alpha/u,spread phic/h,spread h/r
1.117689e-02,4.327707e-02,4.625874e-03,1.293691e-01,1.068144e-01,8.696001e-02
8.719385e-04,6.521331e-03,2.870119e-05,8.746593e-04,6.933049e-03,4.590179e-05
