# rmse alpha/u,rmse phic/h,rmse h/r,spread alpha/u,spread phic/h,spread h/r
1.117689e-02,4.327707e-02,4.625874e-03,1.293691e-01,1.068144e-01,8.696001e-02
8.569398e-04,6.924145e-03,3.202300e-05,8.546159e-04,6.782807e-03,4.642173e-05
