# rmse alpha/u,rmse phic/h,rmse h/r,spread alpha/u,spread phic/h,spread h/r
1.117689e-02,4.327707e-02,4.625874e-03,1.293691e-01,1.068144e-01,8.696001e-02
8.480381e-04,6.618262e-03,3.343251e-05,8.686758e-04,6.847279e-03,4.802652e-05
