# rmse alpha/u,rmse phic/h,rmse h/r,spread alpha/u,spread phic/h,spread h/r
1.117689e-02,4.327707e-02,4.625874e-03,1.293691e-01,1.068144e-01,8.696001e-02
8.463656e-04,6.502784e-03,2.536521e-05,8.367594e-04,6.510338e-03,4.577256e-05
