# rmse alpha/u,rmse phic/h,rmse h/r,spread alpha/u,spread phic/h,spread h/r
5.849685e-02,7.995647e-03,5.815302e-02,1.738920e-01,2.448466e-01,1.681315e-01
1.172026e-03,1.120120e-02,6.482739e-05,8.224244e-04,6.382297e-03,2.915656e-05
