# rmse alpha/u,rmse phic/h,rmse h/r,spread alpha/u,spread phic/h,spread h/r
5.849685e-02,7.995647e-03,5.815302e-02,1.738920e-01,2.448466e-01,1.681315e-01
9.173182e-04,1.114322e-02,4.567766e-05,7.749076e-04,5.999756e-03,2.750531e-05
