# rmse alpha/u,rmse phic/h,rmse h/r,spread alpha/u,spread phic/h,spread h/r
5.849685e-02,7.995647e-03,5.815302e-02,1.738920e-01,2.448466e-01,1.681315e-01
9.026568e-04,1.216423e-02,5.571224e-05,7.819157e-04,6.168204e-03,2.903730e-05
