# rmse alpha/u,rmse phic/h,rmse h/r,spread alpha/u,spread phic/h,spread h/r
5.849685e-02,7.995647e-03,5.815302e-02,1.738920e-01,2.448466e-01,1.681315e-01
1.031161e-03,1.160411e-02,6.159905e-05,7.649523e-04,6.058295e-03,2.842944e-05
