# rmse alpha/u,rmse phic/h,rmse h/r,spread alpha/u,spread phic/h,spread h/r
5.849685e-02,7.995647e-03,5.815302e-02,1.738920e-01,2.448466e-01,1.681315e-01
9.807105e-04,8.497938e-03,5.289692e-05,7.455393e-04,5.874427e-03,2.793391e-05
