# rmse alpha/u,rmse phic/h,rmse h/r,spread alpha/u,spread phic/h,spread h/r
2.972932e-02,2.739079e-03,1.891964e-02,1.315468e-01,9.079773e-02,5.871438e-02
5.699773e-03,2.779692e-02,3.714998e-05,3.336762e-03,2.200634e-02,4.218977e-05
