# rmse alpha/u,rmse phic/h,rmse h/r,spread alpha/u,spread phic/h,spread h/r
2.972932e-02,2.739079e-03,1.891964e-02,1.315468e-01,9.079773e-02,5.871438e-02
4.105810e-03,2.857671e-02,2.832311e-05,2.611869e-03,1.829487e-02,3.883310e-05
