# rmse alpha/u,rmse phic/h,rmse h/r,spread alpha/u,spread phic/h,spread h/r
2.972932e-02,2.739079e-03,1.891964e-02,1.315468e-01,9.079773e-02,5.871438e-02
6.251761e-03,3.910818e-02,8.633054e-05,2.753715e-03,2.221411e-02,5.479292e-05
