# rmse alpha/u,rmse phic/h,rmse h/r,spread alpha/u,spread phic/h,spread h/r
2.972932e-02,2.739079e-03,1.891964e-02,1.315468e-01,9.079773e-02,5.871438e-02
4.421657e-03,2.532133e-02,6.977893e-05,2.056173e-03,1.454335e-02,4.706073e-05
