# rmse alpha/u,rmse phic/h,rmse h/r,spread alpha/u,spread phic/h,spread h/r
2.972932e-02,2.739079e-03,1.891964e-02,1.315468e-01,9.079773e-02,5.871438e-02
3.269146e-03,1.788841e-02,6.153687e-05,1.875275e-03,1.315650e-02,4.315874e-05
