# rmse alpha/u,rmse phic/h,rmse h/r,spread alpha/u,spread phic/h,spread h/r
2.972932e-02,2.739079e-03,1.891964e-02,1.315468e-01,9.079773e-02,5.871438e-02
3.184947e-03,1.903789e-02,5.508184e-05,2.523465e-03,1.784193e-02,4.275446e-05
