# rmse alpha/u,rmse phic/h,rmse h/r,spread alpha/u,spread phic/h,spread h/r
2.972932e-02,2.739079e-03,1.891964e-02,1.315468e-01,9.079773e-02,5.871438e-02
4.959411e-03,3.163869e-02,6.729937e-05,3.521579e-03,2.564206e-02,5.159440e-05
