# rmse alpha/u,rmse phic/h,rmse h/r,spread alpha/u,spread phic/h,spread h/r
1.330832e-01,2.291004e-01,2.003374e-01,2.011122e-01,2.284813e-01,1.938860e-01
4.497684e-03,4.082912e-02,6.160649e-05,2.832774e-03,1.863833e-02,2.476698e-05
