# rmse alpha/u,rmse phic/h,rmse h/r,spread alpha/u,spread phic/h,spread h/r
1.330832e-01,2.291004e-01,2.003374e-01,2.011122e-01,2.284813e-01,1.938860e-01
4.684197e-03,3.112634e-02,5.463693e-05,3.352340e-03,2.363215e-02,2.666270e-05
