# rmse alpha/u,rmse phic/h,rmse h/r,spread alpha/u,spread phic/h,spread h/r
1.330832e-01,2.291004e-01,2.003374e-01,2.011122e-01,2.284813e-01,1.938860e-01
3.769053e-03,2.374711e-02,3.463825e-05,3.336075e-03,2.376744e-02,2.789679e-05
