# rmse alpha/u,rmse phic/h,rmse h/r,spread alpha/u,spread phic/h,spread h/r
1.330832e-01,2.291004e-01,2.003374e-01,2.011122e-01,2.284813e-01,1.938860e-01
4.361318e-03,2.601145e-02,3.809048e-05,3.405037e-03,2.598917e-02,2.529660e-05
