# rmse alpha/u,rmse phic/h,rmse h/r,spread alpha/u,spread phic/h,spread h/r
1.330832e-01,2.291004e-01,2.003374e-01,2.011122e-01,2.284813e-01,1.938860e-01
5.318129e-03,3.127040e-02,4.118434e-05,3.974838e-03,2.682189e-02,2.585857e-05
