# rmse alpha/u,rmse phic/h,rmse h/r,spread alpha/u,spread phic/h,spread h/r
1.330832e-01,2.291004e-01,2.003374e-01,2.011122e-01,2.284813e-01,1.938860e-01
5.286185e-03,3.720138e-02,5.709671e-05,2.951413e-03,2.011449e-02,2.280949e-05
