# rmse alpha/u,rmse phic/h,rmse h/r,spread alpha/u,spread phic/h,spread h/r
1.330832e-01,2.291004e-01,2.003374e-01,2.011122e-01,2.284813e-01,1.938860e-01
4.546060e-03,3.795036e-02,4.148859e-05,2.908211e-03,2.072596e-02,2.269663e-05
