# rmse alpha/u,rmse phic/h,rmse h/r,spread alpha/u,spread phic/h,spread h/r
2.383924e-01,2.263456e-01,2.107377e-01,1.692022e-01,2.256880e-01,1.806710e-01
3.332386e-03,3.046705e-02,4.619153e-05,1.793118e-03,1.209194e-02,3.623880e-05
