# rmse alpha/u,rmse phic/h,rmse h/r,spread alpha/u,spread phic/h,spread h/r
2.383924e-01,2.263456e-01,2.107377e-01,1.692022e-01,2.256880e-01,1.806710e-01
2.329950e-03,1.942073e-02,5.300723e-05,1.705094e-03,1.203367e-02,3.510832e-05
