# rmse alpha/u,rmse phic/h,rmse h/r,spread alpha/u,spread phic/h,spread h/r
2.383924e-01,2.263456e-01,2.107377e-01,1.692022e-01,2.256880e-01,1.806710e-01
4.297450e-03,3.114828e-02,6.324025e-05,1.610481e-03,1.244939e-02,3.633659e-05
