# rmse alpha/u,rmse phic/h,rmse h/r,spread alpha/u,spread phic/h,spread h/r
2.383924e-01,2.263456e-01,2.107377e-01,1.692022e-01,2.256880e-01,1.806710e-01
2.185926e-03,1.164072e-02,4.265455e-05,1.343963e-03,9.572064e-03,3.088293e-05
