# rmse alpha/u,rmse phic/h,rmse h/r,spread alpha/u,spread phic/h,spread h/r
2.383924e-01,2.263456e-01,2.107377e-01,1.692022e-01,2.256880e-01,1.806710e-01
4.288055e-03,2.633039e-02,3.232382e-05,2.397394e-03,1.664465e-02,2.813528e-05
