# rmse alpha/u,rmse phic/h,rmse h/r,spread alpha/u,spread phic/h,spread h/r
2.383924e-01,2.263456e-01,2.107377e-01,1.692022e-01,2.256880e-01,1.806710e-01
4.149524e-03,2.813249e-02,6.678124e-05,3.061301e-03,2.174919e-02,3.764079e-05
