# rmse alpha/u,rmse phic/h,rmse h/r,spread alpha/u,spread phic/h,spread h/r
2.383924e-01,2.263456e-01,2.107377e-01,1.692022e-01,2.256880e-01,1.806710e-01
1.644993e-03,9.899627e-03,3.145690e-05,1.309798e-03,9.306687e-03,2.958018e-05
