# rmse alpha/u,rmse phic/h,rmse h/r,spread alpha/u,spread phic/h,spread h/r
2.383924e-01,2.263456e-01,2.107377e-01,1.692022e-01,2.256880e-01,1.806710e-01
2.652394e-03,2.239493e-02,4.291454e-05,1.724089e-03,1.237707e-02,3.567811e-05
