# rmse alpha/u,rmse phic/h,rmse h/r,spread alpha/u,spread phic/h,spread h/r
2.383924e-01,2.263456e-01,2.107377e-01,1.692022e-01,2.256880e-01,1.806710e-01
2.671526e-03,2.462979e-02,5.117399e-05,2.482140e-03,1.732141e-02,3.276745e-05
