# rmse alpha/u,rmse phic/h,rmse h/r,spread alpha/u,spread phic/h,spread h/r
7.016622e-02,7.636578e-04,2.246411e-02,1.286057e-01,4.404506e-02,8.418610e-02
4.895440e-03,3.173573e-02,4.893333e-05,3.357245e-03,2.644381e-02,4.441389e-05
