# rmse alpha/u,rmse phic/h,rmse h/r,spread alpha/u,spread phic/h,spread h/r
7.016622e-02,7.636578e-04,2.246411e-02,1.286057e-01,4.404506e-02,8.418610e-02
3.313977e-03,2.210737e-02,4.519150e-05,3.329686e-03,2.520526e-02,4.343054e-05
