# rmse alpha/u,rmse phic/h,rmse h/r,spread alpha/u,spread phic/h,spread h/r
7.016622e-02,7.636578e-04,2.246411e-02,1.286057e-01,4.404506e-02,8.418610e-02
3.244687e-03,1.858221e-02,3.852379e-05,3.449186e-03,2.501377e-02,3.934456e-05
