# rmse alpha/u,rmse phic/h,rmse h/r,spread alpha/u,spread phic/h,spread h/r
7.016622e-02,7.636578e-04,2.246411e-02,1.286057e-01,4.404506e-02,8.418610e-02
3.079833e-03,1.938210e-02,3.358847e-05,2.610893e-03,1.950996e-02,3.737950e-05
