# rmse alpha/u,rmse phic/h,rmse h/r,spread alpha/u,spread phic/h,spread h/r
2.547048e-01,9.511830e-02,1.143998e-01,1.245462e-01,9.397127e-02,7.153818e-02
5.299091e-03,3.229884e-02,5.323987e-05,2.624496e-03,1.844023e-02,3.680753e-05
