# rmse alpha/u,rmse phic/h,rmse h/r,spread alpha/u,spread phic/h,spread h/r
2.547048e-01,9.511830e-02,1.143998e-01,1.245462e-01,9.397127e-02,7.153818e-02
5.679913e-03,3.781414e-02,5.277965e-05,2.464288e-03,1.825986e-02,3.757011e-05
