# rmse alpha/u,rmse phic/h,rmse h/r,spread alpha/u,spread phic/h,spread h/r
2.547048e-01,9.511830e-02,1.143998e-01,1.245462e-01,9.397127e-02,7.153818e-02
3.351959e-03,1.994828e-02,4.753057e-05,2.337143e-03,1.568877e-02,3.456112e-05
