# rmse alpha/u,rmse phic/h,rmse h/r,spread alpha/u,spread phic/h,spread h/r
2.547048e-01,9.511830e-02,1.143998e-01,1.245462e-01,9.397127e-02,7.153818e-02
4.284608e-03,2.859488e-02,4.309827e-05,2.527707e-03,1.739498e-02,3.546640e-05
