# rmse alpha/u,rmse phic/h,rmse h/r,spread alpha/u,spread phic/h,spread h/r
2.547048e-01,9.511830e-02,1.143998e-01,1.245462e-01,9.397127e-02,7.153818e-02
4.327844e-03,2.291266e-02,4.488335e-05,2.267206e-03,1.490765e-02,3.037383e-05
