# rmse alpha/u,rmse phic/h,rmse h/r,spread alpha/u,spread phic/h,spread h/r
2.412756e-02,6.348130e-03,8.048061e-02,1.334361e-01,2.169869e-01,1.909050e-01
9.003334e-04,6.582715e-03,1.998154e-05,8.717563e-04,7.053381e-03,5.333222e-05
