# rmse alpha/u,rmse phic/h,rmse h/r,spread alpha/u,spread phic/h,spread h/r
2.412756e-02,6.348130e-03,8.048061e-02,1.334361e-01,2.169869e-01,1.909050e-01
8.711250e-04,6.700615e-03,2.304668e-05,8.635293e-04,6.849845e-03,5.158157e-05
