# rmse alpha/u,rmse phic/h,rmse h/r,spread alpha/u,spread phic/h,spread h/r
2.412756e-02,6.348130e-03,8.048061e-02,1.334361e-01,2.169869e-01,1.909050e-01
8.705947e-04,6.809912e-03,2.007683e-05,8.797545e-04,6.956567e-03,5.119306e-05
