# rmse alpha/u,rmse phic/h,rmse h/r,spread alpha/u,spread phic/h,spread h/r
2.412756e-02,6.348130e-03,8.048061e-02,1.334361e-01,2.169869e-01,1.909050e-01
8.542304e-04,6.971859e-03,2.219654e-05,8.548465e-04,6.849643e-03,5.179095e-05
