# rmse alpha/u,rmse phic/h,rmse h/r,spread alpha/u,spread phic/h,spread h/r
2.412756e-02,6.348130e-03,8.048061e-02,1.334361e-01,2.169869e-01,1.909050e-01
8.523597e-04,6.749451e-03,1.862580e-05,8.622145e-04,6.833662e-03,5.030975e-05
