# rmse alpha/u,rmse phic/h,rmse h/r,spread alpha/u,spread phic/h,spread h/r
2.412756e-02,6.348130e-03,8.048061e-02,1.334361e-01,2.169869e-01,1.909050e-01
8.663035e-04,7.040376e-03,1.926385e-05,8.691080e-04,7.039542e-03,5.188780e-05
