# rmse alpha/u,rmse phic/h,rmse h/r,spread alpha/u,spread phic/h,spread h/r
1.315229e-02,9.292851e-03,3.250567e-02,1.959860e-01,2.236415e-01,1.729254e-01
2.862065e-03,1.342505e-02,4.584739e-05,1.721304e-03,1.209507e-02,4.847245e-05
