# rmse alpha/u,rmse phic/h,rmse h/r,spread alpha/u,spread phic/h,spread h/r
1.315229e-02,9.292851e-03,3.250567e-02,1.959860e-01,2.236415e-01,1.729254e-01
4.685946e-03,4.519586e-02,7.156709e-05,3.295525e-03,2.617707e-02,6.214860e-05
