# rmse alpha/u,rmse phic/h,rmse h/r,spread alpha/u,spread phic/h,spread h/r
1.315229e-02,9.292851e-03,3.250567e-02,1.959860e-01,2.236415e-01,1.729254e-01
3.997630e-03,2.617834e-02,6.079339e-05,2.902880e-03,2.002453e-02,5.136982e-05
