# rmse alpha/u,rmse phic/h,rmse h/r,spread alpha/u,spread phic/h,spread h/r
1.939637e-01,3.129454e-01,2.431075e-01,1.837476e-01,2.443896e-01,2.064901e-01
3.033759e-03,1.619969e-02,6.080721e-05,1.578241e-03,1.170215e-02,2.395177e-05
