# rmse alpha/u,rmse phic/h,rmse h/r,spread alpha/u,spread phic/h,spread h/r
1.939637e-01,3.129454e-01,2.431075e-01,1.837476e-01,2.443896e-01,2.064901e-01
3.791010e-03,2.134068e-02,6.128192e-05,1.735155e-03,1.272629e-02,2.367982e-05
