# rmse alpha/u,rmse phic/h,rmse h/r,spread alpha/u,spread phic/h,spread h/r
1.939637e-01,3.129454e-01,2.431075e-01,1.837476e-01,2.443896e-01,2.064901e-01
3.173276e-03,2.250936e-02,6.664629e-05,1.995198e-03,1.433354e-02,2.300310e-05
