# rmse alpha/u,rmse phic/h,rmse h/r,spread alpha/u,spread phic/h,spread h/r
1.939637e-01,3.129454e-01,2.431075e-01,1.837476e-01,2.443896e-01,2.064901e-01
3.077910e-03,1.827372e-02,6.225225e-05,1.788346e-03,1.299998e-02,2.378795e-05
