# rmse alpha/u,rmse phic/h,rmse h/r,spread alpha/u,spread phic/h,spread h/r
2.846150e-03,7.925851e-03,3.315235e-03,1.713903e-01,2.358871e-01,1.883878e-01
9.437170e-04,7.200918e-03,3.044595e-05,9.567406e-04,7.165193e-03,4.481924e-05
