# rmse alpha/u,rmse phic/h,rmse h/r,spread alpha/u,spread phic/h,spread h/r
2.846150e-03,7.925851e-03,3.315235e-03,1.713903e-01,2.358871e-01,1.883878e-01
2.051645e-03,1.441303e-02,3.219254e-05,9.365855e-04,7.186328e-03,4.466060e-05
