# rmse alpha/u,rmse phic/h,rmse h/r,spread alpha/u,spread phic/h,spread h/r
2.846150e-03,7.925851e-03,3.315235e-03,1.713903e-01,2.358871e-01,1.883878e-01
8.453954e-04,6.856825e-03,2.259551e-05,8.495400e-04,6.562537e-03,4.344804e-05
