# rmse alpha/u,rmse phic/h,rmse h/r,spread alpha/u,spread phic/h,spread h/r
2.846150e-03,7.925851e-03,3.315235e-03,1.713903e-01,2.358871e-01,1.883878e-01
1.257581e-03,7.185052e-03,3.162115e-05,1.100454e-03,8.094671e-03,4.590420e-05
