# rmse alpha/u,rmse phic/h,rmse h/r,spread alpha/u,spread phic/h,spread h/r
2.846150e-03,7.925851e-03,3.315235e-03,1.713903e-01,2.358871e-01,1.883878e-01
1.616767e-03,8.519654e-03,2.709336e-05,1.049964e-03,7.868054e-03,4.701626e-05
