# rmse alpha/u,rmse phic/h,rmse h/r,spread alpha/u,spread phic/h,spread h/r
2.846150e-03,7.925851e-03,3.315235e-03,1.713903e-01,2.358871e-01,1.883878e-01
9.148700e-04,7.107076e-03,2.656815e-05,8.908884e-04,6.722811e-03,4.222413e-05
