# rmse alpha/u,rmse phic/h,rmse h/r,spread alpha/u,spread phic/h,spread h/r
2.846150e-03,7.925851e-03,3.315235e-03,1.713903e-01,2.358871e-01,1.883878e-01
1.311358e-03,8.246569e-03,2.486416e-05,1.044298e-03,7.089091e-03,4.078577e-05
