# rmse alpha/u,rmse phic/h,rmse h/r,spread alpha/u,spread phic/h,spread h/r
2.846150e-03,7.925851e-03,3.315235e-03,1.713903e-01,2.358871e-01,1.883878e-01
2.801781e-03,1.404081e-02,2.680028e-05,1.317732e-03,8.960257e-03,4.294358e-05
