# rmse alpha/u,rmse phic/h,rmse h/r,spread alpha/u,spread phic/h,spread h/r
1.609629e-01,1.946785e-01,3.443612e-01,1.609274e-01,1.719483e-01,1.864905e-01
4.219011e-03,2.824733e-02,4.113784e-05,2.743683e-03,1.814255e-02,3.287245e-05
