# rmse alpha/u,rmse phic/h,rmse h/r,spread alpha/u,spread phic/h,spread h/r
1.609629e-01,1.946785e-01,3.443612e-01,1.609274e-01,1.719483e-01,1.864905e-01
4.748859e-03,2.969065e-02,3.872756e-05,2.030099e-03,1.472475e-02,3.559661e-05
