# rmse alpha/u,rmse phic/h,rmse h/r,spread alpha/u,spread phic/h,spread h/r
1.609629e-01,1.946785e-01,3.443612e-01,1.609274e-01,1.719483e-01,1.864905e-01
3.323790e-03,2.258480e-02,4.019786e-05,2.106483e-03,1.453917e-02,3.567956e-05
