# rmse alpha/u,rmse phic/h,rmse h/r,spread alpha/u,spread phic/h,spread h/r
1.609629e-01,1.946785e-01,3.443612e-01,1.609274e-01,1.719483e-01,1.864905e-01
3.615932e-03,1.990532e-02,4.238850e-05,1.899396e-03,1.221439e-02,3.482200e-05
