# rmse alpha/u,rmse phic/h,rmse h/r,spread alpha/u,spread phic/h,spread h/r
2.283438e-01,4.272910e-01,5.766004e-01,1.847168e-01,2.479040e-01,2.153381e-01
2.168831e-03,2.590988e-02,5.356465e-05,1.319889e-03,9.974878e-03,2.753055e-05
