# rmse alpha/u,rmse phic/h,rmse h/r,spread alpha/u,spread phic/h,spread h/r
2.283438e-01,4.272910e-01,5.766004e-01,1.847168e-01,2.479040e-01,2.153381e-01
1.327881e-03,1.112001e-02,3.357150e-05,1.283962e-03,9.797462e-03,2.286350e-05
