# rmse alpha/u,rmse phic/h,rmse h/r,spread alpha/u,spread phic/h,spread h/r
2.283438e-01,4.272910e-01,5.766004e-01,1.847168e-01,2.479040e-01,2.153381e-01
2.788275e-03,1.698235e-02,3.520085e-05,1.645636e-03,1.130652e-02,2.608974e-05
