# rmse alpha/u,rmse phic/h,rmse h/r,spread alpha/u,spread phic/h,spread h/r
2.283438e-01,4.272910e-01,5.766004e-01,1.847168e-01,2.479040e-01,2.153381e-01
1.830139e-03,1.790809e-02,3.736700e-05,1.432130e-03,1.099674e-02,2.680688e-05
