# rmse alpha/u,rmse phic/h,rmse h/r,spread alpha/u,spread phic/h,spread h/r
2.283438e-01,4.272910e-01,5.766004e-01,1.847168e-01,2.479040e-01,2.153381e-01
1.666003e-03,1.345393e-02,4.473974e-05,1.313377e-03,9.551398e-03,2.384738e-05
