# rmse alpha/u,rmse phic/h,rmse h/r,spread alpha/u,spread phic/h,spread h/r
2.283438e-01,4.272910e-01,5.766004e-01,1.847168e-01,2.479040e-01,2.153381e-01
2.747278e-03,1.613696e-02,3.915696e-05,1.085537e-03,8.327294e-03,2.311010e-05
