# rmse alpha/u,rmse phic/h,rmse h/r,spread alpha/u,spread phic/h,spread h/r
3.412638e-01,3.106740e-01,2.327611e-01,1.674265e-01,2.226131e-01,1.935605e-01
2.472651e-03,2.249565e-02,4.017862e-05,1.326982e-03,9.781387e-03,3.331940e-05
