# rmse alpha/u,rmse phic/h,rmse h/r,spread alpha/u,spread phic/h,spread h/r
3.412638e-01,3.106740e-01,2.327611e-01,1.674265e-01,2.226131e-01,1.935605e-01
9.764035e-04,7.880326e-03,2.405535e-05,1.127474e-03,7.797179e-03,3.038171e-05
