# rmse alpha/u,rmse phic/h,rmse h/r,spread alpha/u,spread phic/h,spread h/r
3.412638e-01,3.106740e-01,2.327611e-01,1.674265e-01,2.226131e-01,1.935605e-01
1.369920e-03,7.337471e-03,1.958691e-05,9.514928e-04,7.097414e-03,2.897582e-05
