# rmse alpha/u,rmse phic/h,rmse h/r,spread alpha/u,spread phic/h,spread h/r
3.412638e-01,3.106740e-01,2.327611e-01,1.674265e-01,2.226131e-01,1.935605e-01
1.922254e-03,1.278231e-02,1.870111e-05,1.148927e-03,8.228751e-03,2.784610e-05
