# rmse alpha/u,rmse phic/h,rmse h/r,spread alpha/u,spread phic/h,spread h/r
6.341600e-02,8.378555e-02,1.286022e-01,2.029553e-01,2.401346e-01,2.180772e-01
4.730959e-03,3.331614e-02,4.282540e-05,2.791885e-03,2.064568e-02,3.952306e-05
