# rmse alpha/u,rmse phic/h,rmse h/r,spread alpha/u,spread phic/h,spread h/r
6.341600e-02,8.378555e-02,1.286022e-01,2.029553e-01,2.401346e-01,2.180772e-01
3.664301e-03,2.705485e-02,5.100753e-05,2.854266e-03,2.172325e-02,4.081989e-05
