# rmse alpha/u,rmse phic/h,rmse h/r,spread alpha/u,spread phic/h,spread h/r
6.332645e-02,8.039456e-03,2.141583e-03,1.347241e-01,1.090749e-01,6.808239e-02
2.349172e-03,1.041040e-02,3.672324e-05,1.446416e-03,9.636869e-03,3.996340e-05
