# rmse alpha/u,rmse phic/h,rmse h/r,spread alpha/u,spread phic/h,spread h/r
6.332645e-02,8.039456e-03,2.141583e-03,1.347241e-01,1.090749e-01,6.808239e-02
2.324207e-03,1.873252e-02,3.224342e-05,1.855871e-03,1.226198e-02,3.953980e-05
