# rmse alpha/u,rmse phic/h,rmse h/r,spread alpha/u,spread phic/h,spread h/r
6.332645e-02,8.039456e-03,2.141583e-03,1.347241e-01,1.090749e-01,6.808239e-02
2.935707e-03,1.264608e-02,3.266660e-05,2.155334e-03,1.417109e-02,3.975233e-05
