# rmse alpha/u,rmse phic/h,rmse h/r,spread alpha/u,spread phic/h,spread h/r
6.332645e-02,8.039456e-03,2.141583e-03,1.347241e-01,1.090749e-01,6.808239e-02
2.549799e-03,1.526067e-02,4.672810e-05,1.895260e-03,1.246551e-02,4.716678e-05
