# rmse alpha/u,rmse phic/h,rmse h/r,spread alpha/u,spread phic/h,spread h/r
6.332645e-02,8.039456e-03,2.141583e-03,1.347241e-01,1.090749e-01,6.808239e-02
2.229561e-03,1.599608e-02,5.411470e-05,2.211313e-03,1.481881e-02,4.907573e-05
