# rmse alpha/u,rmse phic/h,rmse h/r,spread alpha/u,spread phic/h,spread h/r
6.332645e-02,8.039456e-03,2.141583e-03,1.347241e-01,1.090749e-01,6.808239e-02
3.050792e-03,2.690151e-02,5.902038e-05,1.578443e-03,1.192215e-02,4.653403e-05
