# rmse alpha/u,rmse phic/h,rmse h/r,spread alpha/u,spread phic/h,spread h/r
7.337395e-03,4.029385e-02,4.265134e-03,1.429305e-01,2.217643e-01,1.777932e-01
1.043075e-03,8.087018e-03,2.524397e-05,8.755033e-04,6.645025e-03,4.943713e-05
