# rmse alpha/u,rmse phic/h,rmse h/r,spread alpha/u,spread phic/h,spread h/r
7.337395e-03,4.029385e-02,4.265134e-03,1.429305e-01,2.217643e-01,1.777932e-01
1.347419e-03,9.463008e-03,2.230729e-05,9.717050e-04,7.529434e-03,5.163775e-05
