# rmse alpha/u,rmse phic/h,rmse h/r,spread alpha/u,spread phic/h,spread h/r
5.315824e-02,5.839034e-02,3.610511e-02,2.004119e-01,2.167927e-01,1.908257e-01
3.932546e-03,2.238806e-02,3.806301e-05,2.093177e-03,1.445971e-02,2.154883e-05
