# rmse alpha/u,rmse phic/h,rmse h/r,spread alpha/u,spread phic/h,spread h/r
5.315824e-02,5.839034e-02,3.610511e-02,2.004119e-01,2.167927e-01,1.908257e-01
1.992456e-03,1.226255e-02,1.983980e-05,1.757332e-03,1.147341e-02,1.554910e-05
