# rmse alpha/u,rmse phic/h,rmse h/r,spread alpha/u,spread phic/h,spread h/r
5.315824e-02,5.839034e-02,3.610511e-02,2.004119e-01,2.167927e-01,1.908257e-01
3.013495e-03,2.205230e-02,3.263866e-05,1.770827e-03,1.265255e-02,1.763917e-05
