# rmse alpha/u,rmse phic/h,rmse h/r,spread alpha/u,spread phic/h,spread h/r
2.306715e-03,4.387247e-02,2.916735e-03,1.633829e-01,2.359221e-01,1.343989e-01
1.001483e-03,6.318255e-03,1.908486e-05,8.493530e-04,6.781686e-03,3.391134e-05
