# rmse alpha/u,rmse phic/h,rmse h/r,spread alpha/u,spread phic/h,spread h/r
2.306715e-03,4.387247e-02,2.916735e-03,1.633829e-01,2.359221e-01,1.343989e-01
1.725421e-03,1.068174e-02,2.493196e-05,1.057948e-03,7.797672e-03,3.389657e-05
