# rmse alpha/u,rmse phic/h,rmse h/r,spread alpha/u,spread phic/h,spread h/r
2.306715e-03,4.387247e-02,2.916735e-03,1.633829e-01,2.359221e-01,1.343989e-01
2.264569e-03,1.389141e-02,2.477266e-05,1.629569e-03,1.146864e-02,3.400734e-05
