# rmse alpha/u,rmse phic/h,rmse h/r,spread alpha/u,spread phic/h,spread h/r
2.306715e-03,4.387247e-02,2.916735e-03,1.633829e-01,2.359221e-01,1.343989e-01
2.723245e-03,1.339231e-02,2.686064e-05,1.355707e-03,9.814702e-03,3.358656e-05
