# rmse alpha/u,rmse phic/h,rmse h/r,spread alpha/u,spread phic/h,spread h/r
1.494542e-02,8.110626e-02,2.619094e-01,2.178019e-01,1.997102e-01,1.533221e-01
1.337888e-03,1.392397e-02,5.638069e-05,9.790263e-04,7.607055e-03,3.243282e-05
