# rmse alpha/u,rmse phic/h,rmse h/r,spread alpha/u,spread phic/h,spread h/r
1.494542e-02,8.110626e-02,2.619094e-01,2.178019e-01,1.997102e-01,1.533221e-01
9.832266e-04,6.923656e-03,2.109578e-05,9.969969e-04,7.257996e-03,2.812215e-05
