# rmse alpha/u,rmse phic/h,rmse h/r,spread alpha/u,spread phic/h,spread h/r
1.494542e-02,8.110626e-02,2.619094e-01,2.178019e-01,1.997102e-01,1.533221e-01
2.265182e-03,1.288267e-02,3.816644e-05,1.664363e-03,1.154931e-02,4.191173e-05
