# rmse alpha/u,rmse phic/h,rmse h/r,spread alpha/u,spread phic/h,spread h/r
1.494542e-02,8.110626e-02,2.619094e-01,2.178019e-01,1.997102e-01,1.533221e-01
2.535655e-03,1.738567e-02,5.753640e-05,2.078410e-03,1.463593e-02,5.354547e-05
