# rmse alpha/u,rmse phic/h,rmse h/r,spread alpha/u,spread phic/h,spread h/r
1.494542e-02,8.110626e-02,2.619094e-01,2.178019e-01,1.997102e-01,1.533221e-01
1.146346e-03,8.590393e-03,3.427091e-05,9.371339e-04,7.088875e-03,3.312243e-05
