# rmse alpha/u,rmse phic/h,rmse h/r,spread alpha/u,spread phic/h,spread h/r
1.494542e-02,8.110626e-02,2.619094e-01,2.178019e-01,1.997102e-01,1.533221e-01
1.267971e-03,7.212252e-03,3.190278e-05,8.973536e-04,6.814234e-03,3.188134e-05
