alpha,phi,h
0.742857,0.926550,0.444000
