# rmse alpha/u,rmse phic/h,rmse h/r,spread alpha/u,spread phic/h,spread h/r
1.525408e-01,2.991972e-01,2.331144e-03,1.969593e-01,1.699969e-01,1.470455e-01
5.279304e-03,3.273801e-02,1.653154e-05,4.031416e-03,3.127191e-02,1.642206e-05
