# rmse alpha/u,rmse phic/h,rmse h/r,spread alpha/u,spread phic/h,spread h/r
1.525408e-01,2.991972e-01,2.331144e-03,1.969593e-01,1.699969e-01,1.470455e-01
4.984850e-03,3.366904e-02,2.967428e-05,3.723150e-03,2.757138e-02,1.601166e-05
