# rmse alpha/u,rmse phic/h,rmse h/r,spread alpha/u,spread phic/h,spread h/r
1.525408e-01,2.991972e-01,2.331144e-03,1.969593e-01,1.699969e-01,1.470455e-01
5.160656e-03,3.158373e-02,1.635375e-05,3.834835e-03,2.834759e-02,1.252319e-05
