# rmse alpha/u,rmse phic/h,rmse h/r,spread alpha/u,spread phic/h,spread h/r
1.525408e-01,2.991972e-01,2.331144e-03,1.969593e-01,1.699969e-01,1.470455e-01
4.573978e-03,2.522315e-02,3.568230e-05,3.041953e-03,2.233019e-02,1.322951e-05
