# rmse alpha/u,rmse phic/h,rmse h/r,spread alpha/u,spread phic/h,spread h/r
1.525408e-01,2.991972e-01,2.331144e-03,1.969593e-01,1.699969e-01,1.470455e-01
4.019106e-03,2.452722e-02,1.975251e-05,2.950682e-03,2.034835e-02,1.171709e-05
