# rmse alpha/u,rmse phic/h,rmse h/r,spread alpha/u,spread phic/h,spread h/r
7.568081e-02,8.446095e-02,1.645490e-01,2.007018e-01,2.348895e-01,2.071683e-01
4.488537e-03,3.363776e-02,5.616289e-05,2.993251e-03,2.313806e-02,4.451903e-05
