# rmse alpha/u,rmse phic/h,rmse h/r,spread alpha/u,spread phic/h,spread h/r
7.568081e-02,8.446095e-02,1.645490e-01,2.007018e-01,2.348895e-01,2.071683e-01
4.062668e-03,3.314037e-02,3.765145e-05,3.029172e-03,2.231496e-02,4.114014e-05
