# rmse alpha/u,rmse phic/h,rmse h/r,spread alpha/u,spread phic/h,spread h/r
7.568081e-02,8.446095e-02,1.645490e-01,2.007018e-01,2.348895e-01,2.071683e-01
4.335931e-03,2.969101e-02,3.722222e-05,3.244748e-03,2.253324e-02,4.020644e-05
