# rmse alpha/u,rmse phic/h,rmse h/r,spread alpha/u,spread phic/h,spread h/r
7.568081e-02,8.446095e-02,1.645490e-01,2.007018e-01,2.348895e-01,2.071683e-01
4.823075e-03,3.447870e-02,5.460454e-05,3.089861e-03,2.302076e-02,4.458692e-05
