# rmse alpha/u,rmse phic/h,rmse h/r,spread alpha/u,spread phic/h,spread h/r
7.568081e-02,8.446095e-02,1.645490e-01,2.007018e-01,2.348895e-01,2.071683e-01
4.077247e-03,2.172812e-02,4.092155e-05,2.440735e-03,1.700459e-02,3.885132e-05
