# rmse alpha/u,rmse phic/h,rmse h/r,spread alpha/u,spread phic/h,spread h/r
7.568081e-02,8.446095e-02,1.645490e-01,2.007018e-01,2.348895e-01,2.071683e-01
3.242261e-03,2.659580e-02,3.652004e-05,3.553369e-03,2.469511e-02,3.940700e-05
