# rmse alpha/u,rmse phic/h,rmse h/r,spread alpha/u,spread phic/h,spread h/r
7.668050e-02,7.605205e-03,7.275440e-02,1.328479e-01,8.918858e-02,6.998472e-02
3.294751e-03,2.575311e-02,5.450375e-05,3.066963e-03,2.119663e-02,4.715738e-05
