# rmse alpha/u,rmse phic/h,rmse h/r,spread alpha/u,spread phic/h,spread h/r
7.668050e-02,7.605205e-03,7.275440e-02,1.328479e-01,8.918858e-02,6.998472e-02
4.376656e-03,2.267467e-02,5.018354e-05,3.253180e-03,2.241344e-02,4.776249e-05
