# rmse alpha/u,rmse phic/h,rmse h/r,spread alpha/u,spread phic/h,spread h/r
7.668050e-02,7.605205e-03,7.275440e-02,1.328479e-01,8.918858e-02,6.998472e-02
3.805096e-03,2.087678e-02,5.899288e-05,3.171049e-03,2.202213e-02,5.536329e-05
