# rmse alpha/u,rmse phic/h,rmse h/r,spread alpha/u,spread phic/h,spread h/r
2.357069e-01,2.413980e-01,2.263453e-01,1.983161e-01,2.290840e-01,1.822880e-01
3.151873e-03,1.612746e-02,3.741625e-05,2.007516e-03,1.339631e-02,4.809173e-05
