# rmse alpha/u,rmse phic/h,rmse h/r,spread alpha/u,spread phic/h,spread h/r
2.357069e-01,2.413980e-01,2.263453e-01,1.983161e-01,2.290840e-01,1.822880e-01
2.776918e-03,1.703841e-02,3.435083e-05,1.849905e-03,1.304733e-02,4.366699e-05
