# rmse alpha/u,rmse phic/h,rmse h/r,spread alpha/u,spread phic/h,spread h/r
2.357069e-01,2.413980e-01,2.263453e-01,1.983161e-01,2.290840e-01,1.822880e-01
1.713687e-03,1.039930e-02,2.673434e-05,1.295849e-03,8.958041e-03,4.191287e-05
