# rmse alpha/u,rmse phic/h,rmse h/r,spread alpha/u,spread phic/h,spread h/r
2.357069e-01,2.413980e-01,2.263453e-01,1.983161e-01,2.290840e-01,1.822880e-01
2.482054e-03,1.607617e-02,2.835858e-05,2.151639e-03,1.442943e-02,4.476537e-05
