# rmse alpha/u,rmse phic/h,rmse h/r,spread alpha/u,spread phic/h,spread h/r
2.357069e-01,2.413980e-01,2.263453e-01,1.983161e-01,2.290840e-01,1.822880e-01
3.070290e-03,1.484366e-02,3.815225e-05,2.175852e-03,1.530272e-02,5.238811e-05
