# rmse alpha/u,rmse phic/h,rmse h/r,spread alpha/u,spread phic/h,spread h/r
2.357069e-01,2.413980e-01,2.263453e-01,1.983161e-01,2.290840e-01,1.822880e-01
3.196758e-03,2.515776e-02,4.716118e-05,2.810189e-03,1.986529e-02,4.758594e-05
