# rmse alpha/u,rmse phic/h,rmse h/r,spread alpha/u,spread phic/h,spread h/r
2.357069e-01,2.413980e-01,2.263453e-01,1.983161e-01,2.290840e-01,1.822880e-01
3.635070e-03,2.512179e-02,5.200827e-05,3.074408e-03,2.332958e-02,5.815282e-05
