# rmse alpha/u,rmse phic/h,rmse h/r,spread alpha/u,spread phic/h,spread h/r
7.839329e-02,1.417634e-02,5.667674e-03,1.268204e-01,9.860750e-02,6.955565e-02
2.732607e-03,1.647022e-02,5.179799e-05,2.120038e-03,1.530355e-02,3.878800e-05
