# rmse alpha/u,rmse phic/h,rmse h/r,spread alpha/u,spread phic/h,spread h/r
7.839329e-02,1.417634e-02,5.667674e-03,1.268204e-01,9.860750e-02,6.955565e-02
2.359448e-03,1.351464e-02,4.362761e-05,2.258959e-03,1.513809e-02,3.390766e-05
