# rmse alpha/u,rmse phic/h,rmse h/r,spread alpha/u,spread phic/h,spread h/r
7.839329e-02,1.417634e-02,5.667674e-03,1.268204e-01,9.860750e-02,6.955565e-02
3.913938e-03,2.437328e-02,4.509030e-05,2.658423e-03,1.917886e-02,4.399513e-05
