# rmse alpha/u,rmse phic/h,rmse h/r,spread alpha/u,spread phic/h,spread h/r
7.839329e-02,1.417634e-02,5.667674e-03,1.268204e-01,9.860750e-02,6.955565e-02
3.692110e-03,2.243896e-02,4.519429e-05,2.220804e-03,1.619245e-02,3.790349e-05
