# rmse alpha/u,rmse phic/h,rmse h/r,spread alpha/u,spread phic/h,spread h/r
6.814498e-04,1.090531e-02,9.969356e-04,2.064906e-01,1.899857e-01,1.562718e-01
4.893763e-03,2.731563e-02,5.631729e-05,3.133701e-03,2.335548e-02,5.230941e-05
