# rmse alpha/u,rmse phic/h,rmse h/r,spread alpha/u,spread phic/h,spread h/r
6.814498e-04,1.090531e-02,9.969356e-04,2.064906e-01,1.899857e-01,1.562718e-01
3.711894e-03,2.244181e-02,7.558656e-05,3.339724e-03,2.489607e-02,5.832002e-05
