# rmse alpha/u,rmse phic/h,rmse h/r,spread alpha/u,spread phic/h,spread h/r
6.814498e-04,1.090531e-02,9.969356e-04,2.064906e-01,1.899857e-01,1.562718e-01
2.542823e-03,1.994519e-02,4.792789e-05,2.575060e-03,1.802236e-02,5.015015e-05
