# rmse alpha/u,rmse phic/h,rmse h/r,spread alpha/u,spread phic/h,spread h/r
6.814498e-04,1.090531e-02,9.969356e-04,2.064906e-01,1.899857e-01,1.562718e-01
5.518623e-03,3.185337e-02,6.711924e-05,3.201340e-03,2.355984e-02,5.453588e-05
