# rmse alpha/u,rmse phic/h,rmse h/r,spread alpha/u,spread phic/h,spread h/r
6.814498e-04,1.090531e-02,9.969356e-04,2.064906e-01,1.899857e-01,1.562718e-01
5.359156e-03,3.050375e-02,5.238204e-05,2.518764e-03,1.709665e-02,4.827501e-05
