# rmse alpha/u,rmse phic/h,rmse h/r,spread alpha/u,spread phic/h,spread h/r
5.717572e-02,2.909285e-02,8.965462e-03,1.154743e-01,9.074106e-02,8.678528e-02
2.939601e-03,1.740396e-02,6.087632e-05,1.989636e-03,1.386457e-02,5.053163e-05
