# rmse alpha/u,rmse phic/h,rmse h/r,spread alpha/u,spread phic/h,spread h/r
5.717572e-02,2.909285e-02,8.965462e-03,1.154743e-01,9.074106e-02,8.678528e-02
3.221896e-03,2.172523e-02,4.786333e-05,2.309033e-03,1.568770e-02,5.002327e-05
