# rmse alpha/u,rmse phic/h,rmse h/r,spread alpha/u,spread phic/h,spread h/r
5.717572e-02,2.909285e-02,8.965462e-03,1.154743e-01,9.074106e-02,8.678528e-02
3.505511e-03,2.637145e-02,6.546036e-05,2.346132e-03,1.639962e-02,5.685682e-05
