# rmse alpha/u,rmse phic/h,rmse h/r,spread alpha/u,spread phic/h,spread h/r
5.717572e-02,2.909285e-02,8.965462e-03,1.154743e-01,9.074106e-02,8.678528e-02
3.596212e-03,1.854964e-02,6.615290e-05,1.891408e-03,1.292161e-02,5.399224e-05
