# rmse alpha/u,rmse phic/h,rmse h/r,spread alpha/u,spread phic/h,spread h/r
3.723119e-02,5.730818e-03,1.009607e-02,1.236596e-01,1.050686e-01,7.898909e-02
2.715520e-03,1.897997e-02,4.200112e-05,1.973831e-03,1.309299e-02,4.462834e-05
