# rmse alpha/u,rmse phic/h,rmse h/r,spread alpha/u,spread phic/h,spread h/r
3.723119e-02,5.730818e-03,1.009607e-02,1.236596e-01,1.050686e-01,7.898909e-02
3.348987e-03,1.589750e-02,4.135389e-05,2.606610e-03,1.793670e-02,4.622855e-05
