# rmse alpha/u,rmse phic/h,rmse h/r,spread alpha/u,spread phic/h,spread h/r
7.847318e-02,5.914171e-03,2.989345e-02,1.413942e-01,1.072585e-01,9.734511e-02
4.187597e-03,2.422122e-02,5.987770e-05,2.279722e-03,1.558654e-02,3.922712e-05
