# rmse alpha/u,rmse phic/h,rmse h/r,spread alpha/u,spread phic/h,spread h/r
7.847318e-02,5.914171e-03,2.989345e-02,1.413942e-01,1.072585e-01,9.734511e-02
3.627781e-03,2.630953e-02,4.719664e-05,3.376905e-03,2.325717e-02,4.283250e-05
