# rmse alpha/u,rmse phic/h,rmse h/r,spread alpha/u,spread phic/h,spread h/r
7.847318e-02,5.914171e-03,2.989345e-02,1.413942e-01,1.072585e-01,9.734511e-02
4.761495e-03,3.028315e-02,5.920166e-05,3.222278e-03,2.201206e-02,5.111561e-05
