# rmse alpha/u,rmse phic/h,rmse h/r,spread alpha/u,spread phic/h,spread h/r
7.847318e-02,5.914171e-03,2.989345e-02,1.413942e-01,1.072585e-01,9.734511e-02
5.367501e-03,3.021584e-02,5.922978e-05,2.606144e-03,1.781394e-02,4.398000e-05
