# rmse alpha/u,rmse phic/h,rmse h/r,spread alpha/u,spread phic/h,spread h/r
1.189193e-01,1.564920e-03,3.218140e-01,2.004119e-01,2.167927e-01,1.908257e-01
5.871385e-03,3.338129e-02,3.384647e-05,2.907268e-03,1.991193e-02,1.078344e-05
