# rmse alpha/u,rmse phic/h,rmse h/r,spread alpha/u,spread phic/h,spread h/r
1.189193e-01,1.564920e-03,3.218140e-01,2.004119e-01,2.167927e-01,1.908257e-01
4.359246e-03,2.996362e-02,3.366066e-05,2.840142e-03,2.016272e-02,1.348404e-05
