# rmse alpha/u,rmse phic/h,rmse h/r,spread alpha/u,spread phic/h,spread h/r
1.189193e-01,1.564920e-03,3.218140e-01,2.004119e-01,2.167927e-01,1.908257e-01
4.047192e-03,3.528227e-02,2.406497e-05,3.340439e-03,2.223206e-02,1.220835e-05
