# rmse alpha/u,rmse phic/h,rmse h/r,spread alpha/u,spread phic/h,spread h/r
1.189193e-01,1.564920e-03,3.218140e-01,2.004119e-01,2.167927e-01,1.908257e-01
4.970448e-03,3.980954e-02,2.520501e-05,3.608519e-03,2.491417e-02,1.460702e-05
