# rmse alpha/u,rmse phic/h,rmse h/r,spread alpha/u,spread phic/h,spread h/r
1.189193e-01,1.564920e-03,3.218140e-01,2.004119e-01,2.167927e-01,1.908257e-01
3.632612e-03,2.430675e-02,3.579351e-05,3.036064e-03,2.173407e-02,1.630791e-05
