# rmse alpha/u,rmse phic/h,rmse h/r,spread alpha/u,spread phic/h,spread h/r
1.189193e-01,1.564920e-03,3.218140e-01,2.004119e-01,2.167927e-01,1.908257e-01
4.578920e-03,3.121312e-02,3.944561e-05,2.350112e-03,1.538258e-02,1.123111e-05
