# rmse alpha/u,rmse phic/h,rmse h/r,spread alpha/u,spread phic/h,spread h/r
1.189193e-01,1.564920e-03,3.218140e-01,2.004119e-01,2.167927e-01,1.908257e-01
3.716830e-03,2.528204e-02,2.399559e-05,2.406349e-03,1.455269e-02,1.051371e-05
