# rmse alpha/u,rmse phic/h,rmse h/r,spread alpha/u,spread phic/h,spread h/r
1.189193e-01,1.564920e-03,3.218140e-01,2.004119e-01,2.167927e-01,1.908257e-01
4.879686e-03,2.743180e-02,3.369878e-05,2.834811e-03,2.020078e-02,1.110444e-05
