# rmse alpha/u,rmse phic/h,rmse h/r,spread alpha/u,spread phic/h,spread h/r
1.189193e-01,1.564920e-03,3.218140e-01,2.004119e-01,2.167927e-01,1.908257e-01
4.119423e-03,2.298871e-02,1.868081e-05,3.060584e-03,2.043055e-02,1.296775e-05
