# rmse alpha/u,rmse phic/h,rmse h/r,spread alpha/u,spread phic/h,spread h/r
2.011342e-01,1.814486e-01,1.412394e-01,1.372517e-01,9.255095e-02,7.238871e-02
1.194337e-03,6.429411e-03,2.726145e-05,1.022931e-03,7.092533e-03,3.778124e-05
