# rmse alpha/u,rmse phic/h,rmse h/r,spread alpha/u,spread phic/h,spread h/r
2.011342e-01,1.814486e-01,1.412394e-01,1.372517e-01,9.255095e-02,7.238871e-02
2.674974e-03,1.255905e-02,3.235809e-05,1.389731e-03,9.877341e-03,4.412467e-05
