# rmse alpha/u,rmse phic/h,rmse h/r,spread alpha/u,spread phic/h,spread h/r
2.011342e-01,1.814486e-01,1.412394e-01,1.372517e-01,9.255095e-02,7.238871e-02
2.411645e-03,1.175608e-02,3.918302e-05,1.181885e-03,8.383302e-03,4.177925e-05
