# rmse alpha/u,rmse phic/h,rmse h/r,spread alpha/u,spread phic/h,spread h/r
2.011342e-01,1.814486e-01,1.412394e-01,1.372517e-01,9.255095e-02,7.238871e-02
2.067206e-03,1.550296e-02,3.702760e-05,1.501689e-03,1.103314e-02,4.083693e-05
