# rmse alpha/u,rmse phic/h,rmse h/r,spread alpha/u,spread phic/h,spread h/r
2.011342e-01,1.814486e-01,1.412394e-01,1.372517e-01,9.255095e-02,7.238871e-02
1.956994e-03,1.134205e-02,3.356308e-05,1.201159e-03,8.711453e-03,4.329642e-05
