# rmse alpha/u,rmse phic/h,rmse h/r,spread alpha/u,spread phic/h,spread h/r
1.854272e-01,5.758770e-01,3.754922e-01,1.845160e-01,1.999864e-01,1.808796e-01
2.621647e-03,1.760842e-02,2.523941e-05,2.400803e-03,1.832108e-02,3.484147e-05
