# rmse alpha/u,rmse phic/h,rmse h/r,spread alpha/u,spread phic/h,spread h/r
1.854272e-01,5.758770e-01,3.754922e-01,1.845160e-01,1.999864e-01,1.808796e-01
4.579513e-03,2.667714e-02,3.439569e-05,2.872463e-03,2.197778e-02,3.964032e-05
