# rmse alpha/u,rmse phic/h,rmse h/r,spread alpha/u,spread phic/h,spread h/r
1.854272e-01,5.758770e-01,3.754922e-01,1.845160e-01,1.999864e-01,1.808796e-01
4.375484e-03,2.972456e-02,2.893925e-05,2.927773e-03,2.169105e-02,3.937176e-05
