# rmse alpha/u,rmse phic/h,rmse h/r,spread alpha/u,spread phic/h,spread h/r
1.854272e-01,5.758770e-01,3.754922e-01,1.845160e-01,1.999864e-01,1.808796e-01
4.033081e-03,2.283668e-02,2.809946e-05,2.527464e-03,1.823910e-02,3.645734e-05
