# rmse alpha/u,rmse phic/h,rmse h/r,spread alpha/u,spread phic/h,spread h/r
1.854272e-01,5.758770e-01,3.754922e-01,1.845160e-01,1.999864e-01,1.808796e-01
3.330486e-03,2.437070e-02,2.769111e-05,2.764309e-03,1.992484e-02,3.574932e-05
