# rmse alpha/u,rmse phic/h,rmse h/r,spread alpha/u,spread phic/h,spread h/r
1.854272e-01,5.758770e-01,3.754922e-01,1.845160e-01,1.999864e-01,1.808796e-01
3.127803e-03,2.073785e-02,2.503084e-05,2.676657e-03,2.017624e-02,3.829144e-05
