# rmse alpha/u,rmse phic/h,rmse h/r,spread alpha/u,spread phic/h,spread h/r
1.854272e-01,5.758770e-01,3.754922e-01,1.845160e-01,1.999864e-01,1.808796e-01
3.384228e-03,1.954170e-02,2.732273e-05,2.529301e-03,1.793223e-02,3.740033e-05
