# rmse alpha/u,rmse phic/h,rmse h/r,spread alpha/u,spread phic/h,spread h/r
3.207384e-02,6.525126e-04,1.232307e-02,2.011122e-01,2.284813e-01,1.938860e-01
2.784154e-03,1.356457e-02,3.182352e-05,1.768001e-03,1.096531e-02,1.818116e-05
