# rmse alpha/u,rmse phic/h,rmse h/r,spread alpha/u,spread phic/h,spread h/r
2.019044e-01,2.341983e-01,2.905864e-01,1.953571e-01,2.202368e-01,2.075278e-01
1.525832e-03,1.611431e-02,3.627760e-05,1.247740e-03,9.356457e-03,5.156367e-05
