# rmse alpha/u,rmse phic/h,rmse h/r,spread alpha/u,spread phic/h,spread h/r
2.019044e-01,2.341983e-01,2.905864e-01,1.953571e-01,2.202368e-01,2.075278e-01
1.908557e-03,1.713993e-02,4.131964e-05,1.185422e-03,9.047366e-03,5.044946e-05
