# rmse alpha/u,rmse phic/h,rmse h/r,spread alpha/u,spread phic/h,spread h/r
2.019044e-01,2.341983e-01,2.905864e-01,1.953571e-01,2.202368e-01,2.075278e-01
1.540128e-03,8.270232e-03,2.179892e-05,1.407086e-03,1.001628e-02,4.866308e-05
