# rmse alpha/u,rmse phic/h,rmse h/r,spread alpha/u,spread phic/h,spread h/r
2.019044e-01,2.341983e-01,2.905864e-01,1.953571e-01,2.202368e-01,2.075278e-01
2.555686e-03,1.502796e-02,3.019188e-05,1.257620e-03,8.995007e-03,4.862151e-05
