# rmse alpha/u,rmse phic/h,rmse h/r,spread alpha/u,spread phic/h,spread h/r
2.328184e-01,2.650764e-01,2.044258e-01,1.795250e-01,2.190449e-01,1.813643e-01
8.095055e-04,6.027943e-03,3.250121e-05,8.137766e-04,6.224241e-03,4.594129e-05
