# rmse alpha/u,rmse phic/h,rmse h/r,spread alpha/u,spread phic/h,spread h/r
2.328184e-01,2.650764e-01,2.044258e-01,1.795250e-01,2.190449e-01,1.813643e-01
9.026070e-04,7.752606e-03,3.481002e-05,8.830846e-04,7.209819e-03,5.098742e-05
