# rmse alpha/u,rmse phic/h,rmse h/r,spread alpha/u,spread phic/h,spread h/r
2.328184e-01,2.650764e-01,2.044258e-01,1.795250e-01,2.190449e-01,1.813643e-01
8.525475e-04,6.877886e-03,3.255033e-05,8.668550e-04,7.019774e-03,4.847306e-05
