# rmse alpha/u,rmse phic/h,rmse h/r,spread alpha/u,spread phic/h,spread h/r
2.328184e-01,2.650764e-01,2.044258e-01,1.795250e-01,2.190449e-01,1.813643e-01
8.564651e-04,7.050409e-03,3.274014e-05,8.580363e-04,6.896654e-03,4.811054e-05
