# rmse alpha/u,rmse phic/h,rmse h/r,spread alpha/u,spread phic/h,spread h/r
1.642824e-01,1.713485e-01,3.282927e-02,2.029553e-01,2.401346e-01,2.180772e-01
8.904410e-04,7.045167e-03,9.733380e-05,8.452184e-04,6.562508e-03,2.634795e-05
