# rmse alpha/u,rmse phic/h,rmse h/r,spread alpha/u,spread phic/h,spread h/r
1.642824e-01,1.713485e-01,3.282927e-02,2.029553e-01,2.401346e-01,2.180772e-01
9.417786e-04,8.372010e-03,1.011998e-04,8.620792e-04,6.567710e-03,2.637065e-05
