# rmse alpha/u,rmse phic/h,rmse h/r,spread alpha/u,spread phic/h,spread h/r
1.642824e-01,1.713485e-01,3.282927e-02,2.029553e-01,2.401346e-01,2.180772e-01
8.579131e-04,6.681351e-03,9.595563e-05,8.418666e-04,6.521477e-03,2.825497e-05
