# rmse alpha/u,rmse phic/h,rmse h/r,spread alpha/u,spread phic/h,spread h/r
1.323259e-01,1.143831e-01,6.270484e-02,2.011122e-01,2.284813e-01,1.938860e-01
9.102082e-04,7.323331e-03,2.775863e-05,8.335869e-04,6.408981e-03,2.635164e-05
