# rmse alpha/u,rmse phic/h,rmse h/r,spread alpha/u,spread phic/h,spread h/r
1.323259e-01,1.143831e-01,6.270484e-02,2.011122e-01,2.284813e-01,1.938860e-01
8.398406e-04,7.202069e-03,2.669663e-05,7.793853e-04,5.983666e-03,2.505238e-05
