# rmse alpha/u,rmse phic/h,rmse h/r,spread alpha/u,spread phic/h,spread h/r
1.323259e-01,1.143831e-01,6.270484e-02,2.011122e-01,2.284813e-01,1.938860e-01
8.541012e-04,6.656288e-03,2.633699e-05,7.832190e-04,6.200106e-03,2.520333e-05
