# rmse alpha/u,rmse phic/h,rmse h/r,spread alpha/u,spread phic/h,spread h/r
1.323259e-01,1.143831e-01,6.270484e-02,2.011122e-01,2.284813e-01,1.938860e-01
8.489067e-04,6.937146e-03,2.598058e-05,7.862634e-04,6.005301e-03,2.585405e-05
