# rmse alpha/u,rmse phic/h,rmse h/r,spread alpha/u,spread phic/h,spread h/r
1.323259e-01,1.143831e-01,6.270484e-02,2.011122e-01,2.284813e-01,1.938860e-01
8.605316e-04,6.627155e-03,3.111324e-05,7.802505e-04,5.994928e-03,2.727648e-05
