# rmse alpha/u,rmse phic/h,rmse h/r,spread alpha/u,spread phic/h,spread h/r
1.323259e-01,1.143831e-01,6.270484e-02,2.011122e-01,2.284813e-01,1.938860e-01
9.310640e-04,6.476733e-03,2.688184e-05,7.604372e-04,5.969132e-03,2.824114e-05
