# rmse alpha/u,rmse phic/h,rmse h/r,spread alpha/u,spread phic/h,spread h/r
2.439553e-01,2.330846e-01,9.749129e-02,1.363181e-01,1.090654e-01,7.403038e-02
4.622382e-03,3.350240e-02,5.358544e-05,3.469598e-03,2.627688e-02,4.257352e-05
