# rmse alpha/u,rmse phic/h,rmse h/r,spread alpha/u,spread phic/h,spread h/r
2.439553e-01,2.330846e-01,9.749129e-02,1.363181e-01,1.090654e-01,7.403038e-02
4.435723e-03,2.720155e-02,4.045546e-05,3.226491e-03,2.349147e-02,3.816700e-05
