# rmse alpha/u,rmse phic/h,rmse h/r,spread alpha/u,spread phic/h,spread h/r
2.439553e-01,2.330846e-01,9.749129e-02,1.363181e-01,1.090654e-01,7.403038e-02
3.999636e-03,2.782642e-02,4.260126e-05,3.574929e-03,2.623965e-02,4.391019e-05
