# rmse alpha/u,rmse phic/h,rmse h/r,spread alpha/u,spread phic/h,spread h/r
2.439553e-01,2.330846e-01,9.749129e-02,1.363181e-01,1.090654e-01,7.403038e-02
4.287603e-03,2.486675e-02,3.993736e-05,2.881074e-03,2.153196e-02,4.228202e-05
