# rmse alpha/u,rmse phic/h,rmse h/r,spread alpha/u,spread phic/h,spread h/r
2.439553e-01,2.330846e-01,9.749129e-02,1.363181e-01,1.090654e-01,7.403038e-02
3.903645e-03,2.834889e-02,3.367763e-05,2.975170e-03,2.093338e-02,3.307796e-05
