# rmse alpha/u,rmse phic/h,rmse h/r,spread alpha/u,spread phic/h,spread h/r
1.268440e-01,2.136780e-02,6.302634e-02,2.025309e-01,2.182334e-01,2.145834e-01
5.048951e-03,3.348776e-02,4.099616e-05,4.814322e-03,3.619617e-02,5.156400e-05
