# rmse alpha/u,rmse phic/h,rmse h/r,spread alpha/u,spread phic/h,spread h/r
1.268440e-01,2.136780e-02,6.302634e-02,2.025309e-01,2.182334e-01,2.145834e-01
4.811504e-03,3.499964e-02,4.199206e-05,4.814363e-03,3.797463e-02,5.366620e-05
