# rmse alpha/u,rmse phic/h,rmse h/r,spread alpha/u,spread phic/h,spread h/r
1.268440e-01,2.136780e-02,6.302634e-02,2.025309e-01,2.182334e-01,2.145834e-01
4.583094e-03,3.797679e-02,5.279914e-05,4.213824e-03,3.376288e-02,5.196437e-05
