# rmse alpha/u,rmse phic/h,rmse h/r,spread alpha/u,spread phic/h,spread h/r
1.268440e-01,2.136780e-02,6.302634e-02,2.025309e-01,2.182334e-01,2.145834e-01
5.028489e-03,3.718550e-02,5.672241e-05,4.213517e-03,3.282485e-02,4.985100e-05
