# rmse alpha/u,rmse phic/h,rmse h/r,spread alpha/u,spread phic/h,spread h/r
1.268440e-01,2.136780e-02,6.302634e-02,2.025309e-01,2.182334e-01,2.145834e-01
3.780050e-03,2.931708e-02,5.324515e-05,4.624483e-03,3.505065e-02,4.966522e-05
