# rmse alpha/u,rmse phic/h,rmse h/r,spread alpha/u,spread phic/h,spread h/r
1.268440e-01,2.136780e-02,6.302634e-02,2.025309e-01,2.182334e-01,2.145834e-01
4.703373e-03,2.930487e-02,5.409721e-05,3.664897e-03,2.659211e-02,4.331404e-05
