# rmse alpha/u,rmse phic/h,rmse h/r,spread alpha/u,spread phic/h,spread h/r
1.859028e-02,4.121851e-04,1.193710e-03,1.748300e-01,2.275832e-01,2.488497e-01
3.794075e-03,2.166850e-02,4.450288e-05,1.919159e-03,1.258003e-02,3.931498e-05
