# rmse alpha/u,rmse phic/h,rmse h/r,spread alpha/u,spread phic/h,spread h/r
1.859028e-02,4.121851e-04,1.193710e-03,1.748300e-01,2.275832e-01,2.488497e-01
3.457529e-03,2.630365e-02,5.581293e-05,1.759277e-03,1.219075e-02,3.943036e-05
