# rmse alpha/u,rmse phic/h,rmse h/r,spread alpha/u,spread phic/h,spread h/r
1.859028e-02,4.121851e-04,1.193710e-03,1.748300e-01,2.275832e-01,2.488497e-01
5.009194e-03,2.599185e-02,4.712603e-05,2.020486e-03,1.373732e-02,4.200624e-05
