# rmse alpha/u,rmse phic/h,rmse h/r,spread alpha/u,spread phic/h,spread h/r
3.311366e-02,1.078154e-02,7.758385e-04,1.781700e-01,1.937261e-01,1.988985e-01
4.572744e-03,2.024750e-02,4.287966e-05,2.800286e-03,1.935856e-02,3.679811e-05
