# rmse alpha/u,rmse phic/h,rmse h/r,spread alpha/u,spread phic/h,spread h/r
3.311366e-02,1.078154e-02,7.758385e-04,1.781700e-01,1.937261e-01,1.988985e-01
5.021020e-03,3.134459e-02,3.885192e-05,3.349808e-03,2.451577e-02,3.697617e-05
