# rmse alpha/u,rmse phic/h,rmse h/r,spread alpha/u,spread phic/h,spread h/r
3.311366e-02,1.078154e-02,7.758385e-04,1.781700e-01,1.937261e-01,1.988985e-01
4.806313e-03,2.672570e-02,4.809030e-05,3.495461e-03,2.626636e-02,4.238574e-05
