# rmse alpha/u,rmse phic/h,rmse h/r,spread alpha/u,spread phic/h,spread h/r
3.311366e-02,1.078154e-02,7.758385e-04,1.781700e-01,1.937261e-01,1.988985e-01
4.199782e-03,2.473522e-02,3.683197e-05,2.876406e-03,2.075354e-02,3.726889e-05
