# rmse alpha/u,rmse phic/h,rmse h/r,spread alpha/u,spread phic/h,spread h/r
3.311366e-02,1.078154e-02,7.758385e-04,1.781700e-01,1.937261e-01,1.988985e-01
4.930258e-03,3.112867e-02,4.228366e-05,3.413398e-03,2.409622e-02,3.934998e-05
