# rmse alpha/u,rmse phic/h,rmse h/r,spread alpha/u,spread phic/h,spread h/r
3.311366e-02,1.078154e-02,7.758385e-04,1.781700e-01,1.937261e-01,1.988985e-01
4.200298e-03,2.908946e-02,4.550796e-05,3.065648e-03,2.231085e-02,4.054896e-05
