# rmse alpha/u,rmse phic/h,rmse h/r,spread alpha/u,spread phic/h,spread h/r
3.311366e-02,1.078154e-02,7.758385e-04,1.781700e-01,1.937261e-01,1.988985e-01
4.375259e-03,2.790495e-02,4.353621e-05,2.869271e-03,2.093761e-02,4.040986e-05
