# rmse alpha/u,rmse phic/h,rmse h/r,spread alpha/u,spread phic/h,spread h/r
3.311366e-02,1.078154e-02,7.758385e-04,1.781700e-01,1.937261e-01,1.988985e-01
3.635421e-03,1.865154e-02,3.888600e-05,2.916554e-03,2.096294e-02,3.048973e-05
