# rmse alpha/u,rmse phic/h,rmse h/r,spread alpha/u,spread phic/h,spread h/r
3.311366e-02,1.078154e-02,7.758385e-04,1.781700e-01,1.937261e-01,1.988985e-01
4.781644e-03,3.210089e-02,3.300866e-05,3.344454e-03,2.345438e-02,3.565302e-05
