# rmse alpha/u,rmse phic/h,rmse h/r,spread alpha/u,spread phic/h,spread h/r
5.315824e-02,5.839034e-02,3.610511e-02,2.004119e-01,2.167927e-01,1.908257e-01
4.075518e-03,2.420054e-02,6.007497e-05,2.297556e-03,1.616278e-02,3.417212e-05
