# rmse alpha/u,rmse phic/h,rmse h/r,spread alpha/u,spread phic/h,spread h/r
5.315824e-02,5.839034e-02,3.610511e-02,2.004119e-01,2.167927e-01,1.908257e-01
3.105435e-03,1.946730e-02,5.785779e-05,2.547980e-03,1.731643e-02,3.015872e-05
