# rmse alpha/u,rmse phic/h,rmse h/r,spread alpha/u,spread phic/h,spread h/r
8.201972e-03,5.477599e-03,6.859015e-05,1.969593e-01,1.699969e-01,1.470455e-01
4.883522e-03,3.058346e-02,6.373538e-05,2.752399e-03,1.937037e-02,3.850833e-05
