# rmse alpha/u,rmse phic/h,rmse h/r,spread alpha/u,spread phic/h,spread h/r
8.201972e-03,5.477599e-03,6.859015e-05,1.969593e-01,1.699969e-01,1.470455e-01
3.465744e-03,2.727199e-02,8.245073e-05,2.862364e-03,2.070991e-02,4.618564e-05
