# rmse alpha/u,rmse phic/h,rmse h/r,spread alpha/u,spread phic/h,spread h/r
8.201972e-03,5.477599e-03,6.859015e-05,1.969593e-01,1.699969e-01,1.470455e-01
4.898689e-03,3.088864e-02,6.526450e-05,2.888918e-03,2.111444e-02,4.421022e-05
