# rmse alpha/u,rmse phic/h,rmse h/r,spread alpha/u,spread phic/h,spread h/r
1.650964e-01,4.120248e-01,5.423894e-01,2.178019e-01,1.997102e-01,1.533221e-01
2.576028e-03,1.396459e-02,3.252061e-05,1.918674e-03,1.265006e-02,1.765972e-05
