# rmse alpha/u,rmse phic/h,rmse h/r,spread alpha/u,spread phic/h,spread h/r
1.650964e-01,4.120248e-01,5.423894e-01,2.178019e-01,1.997102e-01,1.533221e-01
4.372950e-03,2.063379e-02,2.549477e-05,2.995016e-03,2.125115e-02,1.854978e-05
