# rmse alpha/u,rmse phic/h,rmse h/r,spread alpha/u,spread phic/h,spread h/r
1.650964e-01,4.120248e-01,5.423894e-01,2.178019e-01,1.997102e-01,1.533221e-01
3.198952e-03,1.956091e-02,4.607371e-05,2.624516e-03,1.689457e-02,2.176304e-05
