# rmse alpha/u,rmse phic/h,rmse h/r,spread alpha/u,spread phic/h,spread h/r
1.650964e-01,4.120248e-01,5.423894e-01,2.178019e-01,1.997102e-01,1.533221e-01
4.351688e-03,2.633978e-02,5.579973e-05,2.423591e-03,1.637514e-02,2.611885e-05
