# rmse alpha/u,rmse phic/h,rmse h/r,spread alpha/u,spread phic/h,spread h/r
1.650964e-01,4.120248e-01,5.423894e-01,2.178019e-01,1.997102e-01,1.533221e-01
3.755155e-03,1.978502e-02,3.129779e-05,3.147989e-03,2.205157e-02,2.635953e-05
