# rmse alpha/u,rmse phic/h,rmse h/r,spread alpha/u,spread phic/h,spread h/r
1.650964e-01,4.120248e-01,5.423894e-01,2.178019e-01,1.997102e-01,1.533221e-01
2.792874e-03,2.039942e-02,4.203938e-05,2.014465e-03,1.475123e-02,2.797641e-05
