# rmse alpha/u,rmse phic/h,rmse h/r,spread alpha/u,spread phic/h,spread h/r
7.715992e-01,2.965305e-01,2.065636e-01,1.242292e-01,2.019602e-01,1.801946e-01
4.355225e-03,2.999568e-02,2.565944e-05,2.673672e-03,2.048284e-02,1.819911e-05
