# rmse alpha/u,rmse phic/h,rmse h/r,spread alpha/u,spread phic/h,spread h/r
7.715992e-01,2.965305e-01,2.065636e-01,1.242292e-01,2.019602e-01,1.801946e-01
4.120098e-03,2.531670e-02,3.188314e-05,3.212115e-03,2.405081e-02,2.743293e-05
