# rmse alpha/u,rmse phic/h,rmse h/r,spread alpha/u,spread phic/h,spread h/r
7.715992e-01,2.965305e-01,2.065636e-01,1.242292e-01,2.019602e-01,1.801946e-01
4.930293e-03,3.001754e-02,2.795307e-05,2.639977e-03,1.789546e-02,2.571817e-05
