# rmse alpha/u,rmse phic/h,rmse h/r,spread alpha/u,spread phic/h,spread h/r
7.715992e-01,2.965305e-01,2.065636e-01,1.242292e-01,2.019602e-01,1.801946e-01
4.320869e-03,2.809014e-02,2.662758e-05,3.264281e-03,2.300909e-02,2.234425e-05
