# rmse alpha/u,rmse phic/h,rmse h/r,spread alpha/u,spread phic/h,spread h/r
7.715992e-01,2.965305e-01,2.065636e-01,1.242292e-01,2.019602e-01,1.801946e-01
4.173669e-03,2.311901e-02,2.992239e-05,2.732536e-03,1.881405e-02,2.379909e-05
