# rmse alpha/u,rmse phic/h,rmse h/r,spread alpha/u,spread phic/h,spread h/r
1.990031e-03,6.988120e-03,1.424472e-02,1.446135e-01,1.034000e-01,8.483395e-02
1.002456e-03,7.727705e-03,3.006882e-05,9.787888e-04,7.301329e-03,5.154688e-05
