# rmse alpha/u,rmse phic/h,rmse h/r,spread alpha/u,spread phic/h,spread h/r
1.990031e-03,6.988120e-03,1.424472e-02,1.446135e-01,1.034000e-01,8.483395e-02
1.133440e-03,8.605372e-03,3.149179e-05,1.153466e-03,8.483939e-03,5.260642e-05
