# rmse alpha/u,rmse phic/h,rmse h/r,spread alpha/u,spread phic/h,spread h/r
4.137165e-02,1.363792e-02,4.171506e-02,1.699231e-01,2.371684e-01,1.419867e-01
8.420859e-04,7.190822e-03,2.830205e-05,8.670311e-04,6.707126e-03,4.659328e-05
