# rmse alpha/u,rmse phic/h,rmse h/r,spread alpha/u,spread phic/h,spread h/r
4.137165e-02,1.363792e-02,4.171506e-02,1.699231e-01,2.371684e-01,1.419867e-01
8.535417e-04,6.951109e-03,2.503617e-05,8.473215e-04,6.701828e-03,4.605052e-05
