# rmse alpha/u,rmse phic/h,rmse h/r,spread alpha/u,spread phic/h,spread h/r
4.137165e-02,1.363792e-02,4.171506e-02,1.699231e-01,2.371684e-01,1.419867e-01
8.507815e-04,7.646862e-03,3.475136e-05,8.632846e-04,7.000279e-03,4.798141e-05
