# rmse alpha/u,rmse phic/h,rmse h/r,spread alpha/u,spread phic/h,spread h/r
4.137165e-02,1.363792e-02,4.171506e-02,1.699231e-01,2.371684e-01,1.419867e-01
9.459684e-04,7.539316e-03,3.308836e-05,8.108822e-04,6.351848e-03,4.414862e-05
