# rmse alpha/u,rmse phic/h,rmse h/r,spread alpha/u,spread phic/h,spread h/r
1.458663e-01,1.455274e-01,1.684755e-01,2.007666e-01,2.380345e-01,2.181955e-01
3.443425e-03,2.246256e-02,2.985178e-05,2.316459e-03,1.726706e-02,3.779011e-05
