# rmse alpha/u,rmse phic/h,rmse h/r,spread alpha/u,spread phic/h,spread h/r
1.458663e-01,1.455274e-01,1.684755e-01,2.007666e-01,2.380345e-01,2.181955e-01
5.255287e-03,3.276133e-02,3.886154e-05,3.371457e-03,2.662124e-02,3.478102e-05
