# rmse alpha/u,rmse phic/h,rmse h/r,spread alpha/u,spread phic/h,spread h/r
1.458663e-01,1.455274e-01,1.684755e-01,2.007666e-01,2.380345e-01,2.181955e-01
3.085909e-03,2.214790e-02,2.619099e-05,2.694665e-03,1.980054e-02,3.364923e-05
