# rmse alpha/u,rmse phic/h,rmse h/r,spread alpha/u,spread phic/h,spread h/r
1.458663e-01,1.455274e-01,1.684755e-01,2.007666e-01,2.380345e-01,2.181955e-01
3.208907e-03,1.831751e-02,3.024493e-05,2.396235e-03,1.793837e-02,3.530406e-05
