# rmse alpha/u,rmse phic/h,rmse h/r,spread alpha/u,spread phic/h,spread h/r
1.458663e-01,1.455274e-01,1.684755e-01,2.007666e-01,2.380345e-01,2.181955e-01
4.370258e-03,2.314013e-02,2.921112e-05,2.269293e-03,1.614645e-02,3.590077e-05
