# rmse alpha/u,rmse phic/h,rmse h/r,spread alpha/u,spread phic/h,spread h/r
3.190055e-01,1.568115e-01,2.886284e-02,2.011122e-01,2.284813e-01,1.938860e-01
3.452061e-03,1.676730e-02,2.441986e-05,2.556843e-03,1.613009e-02,1.593237e-05
