# rmse alpha/u,rmse phic/h,rmse h/r,spread alpha/u,spread phic/h,spread h/r
3.190055e-01,1.568115e-01,2.886284e-02,2.011122e-01,2.284813e-01,1.938860e-01
5.601645e-03,3.299716e-02,6.786494e-05,3.173153e-03,2.265510e-02,2.866838e-05
