# rmse alpha/u,rmse phic/h,rmse h/r,spread alpha/u,spread phic/h,spread h/r
3.190055e-01,1.568115e-01,2.886284e-02,2.011122e-01,2.284813e-01,1.938860e-01
5.478349e-03,3.294968e-02,6.177191e-05,2.884141e-03,2.152442e-02,2.868674e-05
