# rmse alpha/u,rmse phic/h,rmse h/r,spread alpha/u,spread phic/h,spread h/r
3.190055e-01,1.568115e-01,2.886284e-02,2.011122e-01,2.284813e-01,1.938860e-01
4.665045e-03,3.435866e-02,5.546597e-05,3.002051e-03,2.013088e-02,3.342389e-05
