# rmse alpha/u,rmse phic/h,rmse h/r,spread alpha/u,spread phic/h,spread h/r
3.190055e-01,1.568115e-01,2.886284e-02,2.011122e-01,2.284813e-01,1.938860e-01
4.869408e-03,2.883091e-02,5.867167e-05,2.895285e-03,2.083201e-02,2.806470e-05
