# rmse alpha/u,rmse phic/h,rmse h/r,spread alpha/u,spread phic/h,spread h/r
3.190055e-01,1.568115e-01,2.886284e-02,2.011122e-01,2.284813e-01,1.938860e-01
4.006116e-03,2.310315e-02,3.018561e-05,2.210887e-03,1.556198e-02,1.774803e-05
