# rmse alpha/u,rmse phic/h,rmse h/r,spread alpha/u,spread phic/h,spread h/r
3.190055e-01,1.568115e-01,2.886284e-02,2.011122e-01,2.284813e-01,1.938860e-01
4.851365e-03,2.859964e-02,3.859431e-05,2.243122e-03,1.489069e-02,1.638377e-05
