# rmse alpha/u,rmse phic/h,rmse h/r,spread alpha/u,spread phic/h,spread h/r
6.316489e-03,6.471784e-04,1.346205e-04,1.314497e-01,1.072450e-01,7.806280e-02
2.020235e-03,1.907163e-02,4.242917e-05,2.112319e-03,1.671284e-02,4.674071e-05
