# rmse alpha/u,rmse phic/h,rmse h/r,spread alpha/u,spread phic/h,spread h/r
6.316489e-03,6.471784e-04,1.346205e-04,1.314497e-01,1.072450e-01,7.806280e-02
3.392229e-03,1.814242e-02,2.859568e-05,2.567784e-03,1.815625e-02,4.207462e-05
