# rmse alpha/u,rmse phic/h,rmse h/r,spread alpha/u,spread phic/h,spread h/r
6.316489e-03,6.471784e-04,1.346205e-04,1.314497e-01,1.072450e-01,7.806280e-02
2.157106e-03,2.033060e-02,4.211228e-05,1.615846e-03,1.195836e-02,4.683411e-05
