# rmse alpha/u,rmse phic/h,rmse h/r,spread alpha/u,spread phic/h,spread h/r
2.481623e-02,1.840065e-03,7.575828e-03,1.418528e-01,7.438638e-02,6.184279e-02
5.158181e-03,2.974975e-02,6.229178e-05,3.387049e-03,2.608676e-02,4.816068e-05
