# rmse alpha/u,rmse phic/h,rmse h/r,spread alpha/u,spread phic/h,spread h/r
2.481623e-02,1.840065e-03,7.575828e-03,1.418528e-01,7.438638e-02,6.184279e-02
4.711798e-03,3.921487e-02,6.184184e-05,3.085820e-03,2.482912e-02,5.025568e-05
