# rmse alpha/u,rmse phic/h,rmse h/r,spread alpha/u,spread phic/h,spread h/r
2.481623e-02,1.840065e-03,7.575828e-03,1.418528e-01,7.438638e-02,6.184279e-02
4.274277e-03,2.641210e-02,7.339294e-05,2.021663e-03,1.487014e-02,4.309572e-05
