# rmse alpha/u,rmse phic/h,rmse h/r,spread alpha/u,spread phic/h,spread h/r
2.481623e-02,1.840065e-03,7.575828e-03,1.418528e-01,7.438638e-02,6.184279e-02
8.010107e-03,4.158856e-02,6.952617e-05,3.504138e-03,2.616070e-02,4.497760e-05
