# rmse alpha/u,rmse phic/h,rmse h/r,spread alpha/u,spread phic/h,spread h/r
2.481623e-02,1.840065e-03,7.575828e-03,1.418528e-01,7.438638e-02,6.184279e-02
6.379560e-03,4.059279e-02,9.680181e-05,2.322935e-03,1.645181e-02,4.091563e-05
