# rmse alpha/u,rmse phic/h,rmse h/r,spread alpha/u,spread phic/h,spread h/r
2.481623e-02,1.840065e-03,7.575828e-03,1.418528e-01,7.438638e-02,6.184279e-02
2.982093e-03,1.964832e-02,7.296756e-05,1.620653e-03,1.150686e-02,3.395075e-05
