# rmse alpha/u,rmse phic/h,rmse h/r,spread alpha/u,spread phic/h,spread h/r
1.501601e-01,2.052229e-01,1.940792e-01,1.197890e-01,8.808357e-02,6.996502e-02
2.174156e-03,1.372235e-02,4.501651e-05,2.478862e-03,1.789140e-02,4.548850e-05
