# rmse alpha/u,rmse phic/h,rmse h/r,spread alpha/u,spread phic/h,spread h/r
1.501601e-01,2.052229e-01,1.940792e-01,1.197890e-01,8.808357e-02,6.996502e-02
4.042182e-03,2.167953e-02,5.762815e-05,3.084143e-03,2.254183e-02,5.197755e-05
