# rmse alpha/u,rmse phic/h,rmse h/r,spread alpha/u,spread phic/h,spread h/r
1.501601e-01,2.052229e-01,1.940792e-01,1.197890e-01,8.808357e-02,6.996502e-02
4.137873e-03,2.851911e-02,6.155830e-05,2.581093e-03,1.895816e-02,5.046646e-05
