# rmse alpha/u,rmse phic/h,rmse h/r,spread alpha/u,spread phic/h,spread h/r
1.501601e-01,2.052229e-01,1.940792e-01,1.197890e-01,8.808357e-02,6.996502e-02
4.053328e-03,2.123166e-02,4.258636e-05,2.383237e-03,1.679087e-02,4.637153e-05
