# rmse alpha/u,rmse phic/h,rmse h/r,spread alpha/u,spread phic/h,spread h/r
1.501601e-01,2.052229e-01,1.940792e-01,1.197890e-01,8.808357e-02,6.996502e-02
3.448115e-03,2.143520e-02,5.166211e-05,2.735704e-03,1.963517e-02,5.279151e-05
