# rmse alpha/u,rmse phic/h,rmse h/r,spread alpha/u,spread phic/h,spread h/r
1.832451e-02,3.100352e-03,8.756857e-04,1.906733e-01,1.720275e-01,1.565591e-01
4.390662e-03,2.878786e-02,5.968744e-05,2.720968e-03,1.986500e-02,3.559928e-05
