# rmse alpha/u,rmse phic/h,rmse h/r,spread alpha/u,spread phic/h,spread h/r
1.832451e-02,3.100352e-03,8.756857e-04,1.906733e-01,1.720275e-01,1.565591e-01
3.852702e-03,2.921208e-02,5.905551e-05,2.389652e-03,1.665895e-02,3.132486e-05
