# rmse alpha/u,rmse phic/h,rmse h/r,spread alpha/u,spread phic/h,spread h/r
1.832451e-02,3.100352e-03,8.756857e-04,1.906733e-01,1.720275e-01,1.565591e-01
5.081231e-03,4.245092e-02,8.863829e-05,3.344209e-03,2.516583e-02,4.172322e-05
