# rmse alpha/u,rmse phic/h,rmse h/r,spread alpha/u,spread phic/h,spread h/r
1.832451e-02,3.100352e-03,8.756857e-04,1.906733e-01,1.720275e-01,1.565591e-01
2.798787e-03,2.034283e-02,4.587356e-05,2.094289e-03,1.307871e-02,2.991997e-05
