# rmse alpha/u,rmse phic/h,rmse h/r,spread alpha/u,spread phic/h,spread h/r
1.832451e-02,3.100352e-03,8.756857e-04,1.906733e-01,1.720275e-01,1.565591e-01
3.780472e-03,2.134223e-02,5.550175e-05,2.328117e-03,1.430962e-02,2.900760e-05
