# rmse alpha/u,rmse phic/h,rmse h/r,spread alpha/u,spread phic/h,spread h/r
1.522121e-01,1.018104e-01,2.428976e-01,1.235904e-01,9.159221e-02,8.206320e-02
5.237103e-03,3.248773e-02,6.396121e-05,3.240332e-03,2.529700e-02,4.761997e-05
