# rmse alpha/u,rmse phic/h,rmse h/r,spread alpha/u,spread phic/h,spread h/r
1.522121e-01,1.018104e-01,2.428976e-01,1.235904e-01,9.159221e-02,8.206320e-02
4.011780e-03,2.576293e-02,5.184826e-05,3.196090e-03,2.304690e-02,4.303477e-05
