# rmse alpha/u,rmse phic/h,rmse h/r,spread alpha/u,spread phic/h,spread h/r
1.522121e-01,1.018104e-01,2.428976e-01,1.235904e-01,9.159221e-02,8.206320e-02
3.112422e-03,2.291599e-02,6.152145e-05,3.232901e-03,2.324723e-02,4.759675e-05
