# rmse alpha/u,rmse phic/h,rmse h/r,spread alpha/u,spread phic/h,spread h/r
1.803168e-02,2.378152e-03,1.570941e-02,1.322088e-01,9.872791e-02,8.579891e-02
4.313056e-03,2.507727e-02,4.761381e-05,2.298469e-03,1.713744e-02,5.164603e-05
