# rmse alpha/u,rmse phic/h,rmse h/r,spread alpha/u,spread phic/h,spread h/r
1.803168e-02,2.378152e-03,1.570941e-02,1.322088e-01,9.872791e-02,8.579891e-02
3.759988e-03,2.257767e-02,5.261939e-05,2.086562e-03,1.479960e-02,4.918557e-05
