# rmse alpha/u,rmse phic/h,rmse h/r,spread alpha/u,spread phic/h,spread h/r
1.803168e-02,2.378152e-03,1.570941e-02,1.322088e-01,9.872791e-02,8.579891e-02
3.256054e-03,1.844446e-02,4.912335e-05,1.954084e-03,1.384150e-02,4.756866e-05
