# rmse alpha/u,rmse phic/h,rmse h/r,spread alpha/u,spread phic/h,spread h/r
1.803168e-02,2.378152e-03,1.570941e-02,1.322088e-01,9.872791e-02,8.579891e-02
2.674851e-03,1.620003e-02,4.595062e-05,1.848820e-03,1.271396e-02,4.239237e-05
