# rmse alpha/u,rmse phic/h,rmse h/r,spread alpha/u,spread phic/h,spread h/r
1.803168e-02,2.378152e-03,1.570941e-02,1.322088e-01,9.872791e-02,8.579891e-02
2.448546e-03,1.660301e-02,3.277630e-05,1.792716e-03,1.248319e-02,4.173884e-05
