# rmse alpha/u,rmse phic/h,rmse h/r,spread alpha/u,spread phic/h,spread h/r
1.803168e-02,2.378152e-03,1.570941e-02,1.322088e-01,9.872791e-02,8.579891e-02
2.848980e-03,1.686534e-02,3.532689e-05,1.989304e-03,1.352148e-02,3.927346e-05
