# rmse alpha/u,rmse phic/h,rmse h/r,spread alpha/u,spread phic/h,spread h/r
6.941925e-02,1.756478e-02,4.641775e-02,9.830057e-02,8.543693e-02,7.895262e-02
5.309087e-03,3.651876e-02,4.930779e-05,3.463446e-03,2.584841e-02,3.046786e-05
