# rmse alpha/u,rmse phic/h,rmse h/r,spread alpha/u,spread phic/h,spread h/r
6.941925e-02,1.756478e-02,4.641775e-02,9.830057e-02,8.543693e-02,7.895262e-02
3.762748e-03,2.959198e-02,4.996124e-05,3.387738e-03,2.519326e-02,3.038274e-05
