# rmse alpha/u,rmse phic/h,rmse h/r,spread alpha/u,spread phic/h,spread h/r
6.941925e-02,1.756478e-02,4.641775e-02,9.830057e-02,8.543693e-02,7.895262e-02
6.011029e-03,3.652585e-02,3.945240e-05,2.846544e-03,2.063347e-02,2.261004e-05
