# rmse alpha/u,rmse phic/h,rmse h/r,spread alpha/u,spread phic/h,spread h/r
6.941925e-02,1.756478e-02,4.641775e-02,9.830057e-02,8.543693e-02,7.895262e-02
5.537718e-03,3.377705e-02,5.031639e-05,3.029097e-03,1.998085e-02,2.593305e-05
