# rmse alpha/u,rmse phic/h,rmse h/r,spread alpha/u,spread phic/h,spread h/r
2.903312e-01,3.852592e-01,2.319246e-01,1.811844e-01,2.189349e-01,1.830777e-01
8.174188e-04,6.295283e-03,2.102730e-05,7.439308e-04,5.882170e-03,2.522321e-05
