# rmse alpha/u,rmse phic/h,rmse h/r,spread alpha/u,spread phic/h,spread h/r
2.903312e-01,3.852592e-01,2.319246e-01,1.811844e-01,2.189349e-01,1.830777e-01
1.297448e-03,9.792557e-03,2.404786e-05,9.757623e-04,7.276761e-03,2.842816e-05
