# rmse alpha/u,rmse phic/h,rmse h/r,spread alpha/u,spread phic/h,spread h/r
2.903312e-01,3.852592e-01,2.319246e-01,1.811844e-01,2.189349e-01,1.830777e-01
8.540390e-04,6.507848e-03,2.551067e-05,8.103770e-04,6.430000e-03,2.599291e-05
