# rmse alpha/u,rmse phic/h,rmse h/r,spread alpha/u,spread phic/h,spread h/r
2.612736e-01,3.282976e-01,2.293242e-01,2.009355e-01,2.307714e-01,2.176824e-01
3.608255e-03,2.977509e-02,5.816056e-05,3.136974e-03,2.329881e-02,6.102306e-05
