# rmse alpha/u,rmse phic/h,rmse h/r,spread alpha/u,spread phic/h,spread h/r
2.612736e-01,3.282976e-01,2.293242e-01,2.009355e-01,2.307714e-01,2.176824e-01
4.696052e-03,3.068297e-02,5.325426e-05,3.472925e-03,2.494619e-02,5.713877e-05
