# rmse alpha/u,rmse phic/h,rmse h/r,spread alpha/u,spread phic/h,spread h/r
2.612736e-01,3.282976e-01,2.293242e-01,2.009355e-01,2.307714e-01,2.176824e-01
4.430047e-03,2.930583e-02,6.729378e-05,3.731754e-03,2.910105e-02,5.828463e-05
