# rmse alpha/u,rmse phic/h,rmse h/r,spread alpha/u,spread phic/h,spread h/r
2.612736e-01,3.282976e-01,2.293242e-01,2.009355e-01,2.307714e-01,2.176824e-01
4.140278e-03,3.003057e-02,4.676947e-05,2.943119e-03,2.132074e-02,4.667539e-05
