# rmse alpha/u,rmse phic/h,rmse h/r,spread alpha/u,spread phic/h,spread h/r
2.612736e-01,3.282976e-01,2.293242e-01,2.009355e-01,2.307714e-01,2.176824e-01
3.854862e-03,2.335173e-02,4.179365e-05,3.363675e-03,2.362768e-02,4.718118e-05
