# rmse alpha/u,rmse phic/h,rmse h/r,spread alpha/u,spread phic/h,spread h/r
2.605893e-02,6.132876e-02,2.022865e-02,1.982756e-01,1.909562e-01,1.621428e-01
4.396928e-03,2.361128e-02,4.587700e-05,2.254522e-03,1.595462e-02,4.578020e-05
