# rmse alpha/u,rmse phic/h,rmse h/r,spread alpha/u,spread phic/h,spread h/r
2.605893e-02,6.132876e-02,2.022865e-02,1.982756e-01,1.909562e-01,1.621428e-01
3.019010e-03,1.943758e-02,5.371862e-05,1.953976e-03,1.394206e-02,4.467302e-05
