# rmse alpha/u,rmse phic/h,rmse h/r,spread alpha/u,spread phic/h,spread h/r
2.605893e-02,6.132876e-02,2.022865e-02,1.982756e-01,1.909562e-01,1.621428e-01
3.857992e-03,3.208135e-02,5.618008e-05,2.072392e-03,1.470948e-02,4.557220e-05
