# rmse alpha/u,rmse phic/h,rmse h/r,spread alpha/u,spread phic/h,spread h/r
2.605893e-02,6.132876e-02,2.022865e-02,1.982756e-01,1.909562e-01,1.621428e-01
4.195011e-03,2.859886e-02,4.707867e-05,2.092419e-03,1.595323e-02,4.687760e-05
