# rmse alpha/u,rmse phic/h,rmse h/r,spread alpha/u,spread phic/h,spread h/r
2.605893e-02,6.132876e-02,2.022865e-02,1.982756e-01,1.909562e-01,1.621428e-01
3.041488e-03,2.479320e-02,4.464679e-05,1.854145e-03,1.394249e-02,4.474891e-05
