# rmse alpha/u,rmse phic/h,rmse h/r,spread alpha/u,spread phic/h,spread h/r
2.605893e-02,6.132876e-02,2.022865e-02,1.982756e-01,1.909562e-01,1.621428e-01
3.983239e-03,3.163322e-02,5.573250e-05,1.947835e-03,1.439770e-02,4.499438e-05
