# rmse alpha/u,rmse phic/h,rmse h/r,spread alpha/u,spread phic/h,spread h/r
2.605893e-02,6.132876e-02,2.022865e-02,1.982756e-01,1.909562e-01,1.621428e-01
3.789551e-03,2.300912e-02,3.505504e-05,1.934711e-03,1.379642e-02,4.582675e-05
