# rmse alpha/u,rmse phic/h,rmse h/r,spread alpha/u,spread phic/h,spread h/r
2.605893e-02,6.132876e-02,2.022865e-02,1.982756e-01,1.909562e-01,1.621428e-01
2.520557e-03,2.063518e-02,4.280262e-05,1.572916e-03,1.174173e-02,4.671931e-05
