# rmse alpha/u,rmse phic/h,rmse h/r,spread alpha/u,spread phic/h,spread h/r
2.605893e-02,6.132876e-02,2.022865e-02,1.982756e-01,1.909562e-01,1.621428e-01
2.923816e-03,1.483632e-02,3.064280e-05,1.582610e-03,1.118167e-02,4.082193e-05
