# rmse alpha/u,rmse phic/h,rmse h/r,spread alpha/u,spread phic/h,spread h/r
1.484806e-01,2.311425e-01,2.189717e-01,1.242292e-01,2.019602e-01,1.801946e-01
7.809392e-04,5.770572e-03,2.024150e-05,7.745707e-04,5.992303e-03,4.368513e-05
