# rmse alpha/u,rmse phic/h,rmse h/r,spread alpha/u,spread phic/h,spread h/r
1.484806e-01,2.311425e-01,2.189717e-01,1.242292e-01,2.019602e-01,1.801946e-01
8.894743e-04,7.376207e-03,3.023721e-05,8.841433e-04,7.131708e-03,4.702207e-05
