# rmse alpha/u,rmse phic/h,rmse h/r,spread alpha/u,spread phic/h,spread h/r
1.484806e-01,2.311425e-01,2.189717e-01,1.242292e-01,2.019602e-01,1.801946e-01
8.614357e-04,7.050637e-03,2.434898e-05,8.286565e-04,6.592916e-03,4.504602e-05
