# rmse alpha/u,rmse phic/h,rmse h/r,spread alpha/u,spread phic/h,spread h/r
1.484806e-01,2.311425e-01,2.189717e-01,1.242292e-01,2.019602e-01,1.801946e-01
8.456824e-04,6.712893e-03,2.528383e-05,8.151345e-04,6.361590e-03,4.544003e-05
