# rmse alpha/u,rmse phic/h,rmse h/r,spread alpha/u,spread phic/h,spread h/r
1.021379e-01,1.059295e-01,8.963277e-02,9.585072e-02,9.836444e-02,5.980467e-02
8.992853e-04,7.056914e-03,2.903365e-05,8.837420e-04,7.157386e-03,5.437511e-05
