# rmse alpha/u,rmse phic/h,rmse h/r,spread alpha/u,spread phic/h,spread h/r
1.021379e-01,1.059295e-01,8.963277e-02,9.585072e-02,9.836444e-02,5.980467e-02
8.687835e-04,6.617173e-03,3.020961e-05,8.518417e-04,6.919152e-03,5.153225e-05
