# rmse alpha/u,rmse phic/h,rmse h/r,spread alpha/u,spread phic/h,spread h/r
1.021379e-01,1.059295e-01,8.963277e-02,9.585072e-02,9.836444e-02,5.980467e-02
8.157991e-04,6.396108e-03,2.502431e-05,8.197133e-04,6.502904e-03,5.003416e-05
