# rmse alpha/u,rmse phic/h,rmse h/r,spread alpha/u,spread phic/h,spread h/r
1.021379e-01,1.059295e-01,8.963277e-02,9.585072e-02,9.836444e-02,5.980467e-02
8.769455e-04,6.861794e-03,2.755270e-05,8.726550e-04,7.105105e-03,5.221544e-05
