# rmse alpha/u,rmse phic/h,rmse h/r,spread alpha/u,spread phic/h,spread h/r
1.021379e-01,1.059295e-01,8.963277e-02,9.585072e-02,9.836444e-02,5.980467e-02
8.239257e-04,6.316708e-03,2.528079e-05,8.298745e-04,6.510352e-03,4.835057e-05
