# rmse alpha/u,rmse phic/h,rmse h/r,spread alpha/u,spread phic/h,spread h/r
1.021379e-01,1.059295e-01,8.963277e-02,9.585072e-02,9.836444e-02,5.980467e-02
8.768266e-04,6.699482e-03,2.307842e-05,8.587811e-04,6.794431e-03,5.235809e-05
