# rmse alpha/u,rmse phic/h,rmse h/r,spread alpha/u,spread phic/h,spread h/r
3.965796e-02,3.582551e-02,3.164411e-05,1.308611e-01,1.068557e-01,7.509501e-02
2.785727e-03,1.383498e-02,3.592367e-05,1.615777e-03,1.079552e-02,3.541026e-05
