# rmse alpha/u,rmse phic/h,rmse h/r,spread alpha/u,spread phic/h,spread h/r
3.965796e-02,3.582551e-02,3.164411e-05,1.308611e-01,1.068557e-01,7.509501e-02
2.012595e-03,1.419189e-02,3.558972e-05,1.391965e-03,9.587171e-03,4.020614e-05
