# rmse alpha/u,rmse phic/h,rmse h/r,spread alpha/u,spread phic/h,spread h/r
3.965796e-02,3.582551e-02,3.164411e-05,1.308611e-01,1.068557e-01,7.509501e-02
1.977418e-03,1.367134e-02,3.809075e-05,1.659482e-03,1.209809e-02,4.242141e-05
