# rmse alpha/u,rmse phic/h,rmse h/r,spread alpha/u,spread phic/h,spread h/r
3.965796e-02,3.582551e-02,3.164411e-05,1.308611e-01,1.068557e-01,7.509501e-02
1.883530e-03,1.051662e-02,3.350870e-05,1.226869e-03,8.479233e-03,3.807949e-05
