# rmse alpha/u,rmse phic/h,rmse h/r,spread alpha/u,spread phic/h,spread h/r
3.965796e-02,3.582551e-02,3.164411e-05,1.308611e-01,1.068557e-01,7.509501e-02
2.436407e-03,1.745443e-02,3.637879e-05,1.358654e-03,1.019082e-02,4.165337e-05
