# rmse alpha/u,rmse phic/h,rmse h/r,spread alpha/u,spread phic/h,spread h/r
3.965796e-02,3.582551e-02,3.164411e-05,1.308611e-01,1.068557e-01,7.509501e-02
1.811068e-03,7.934220e-03,3.161356e-05,1.331182e-03,9.431074e-03,4.083764e-05
