# rmse alpha/u,rmse phic/h,rmse h/r,spread alpha/u,spread phic/h,spread h/r
3.965796e-02,3.582551e-02,3.164411e-05,1.308611e-01,1.068557e-01,7.509501e-02
1.676360e-03,1.207829e-02,3.939354e-05,1.527417e-03,1.122753e-02,4.185972e-05
