# rmse alpha/u,rmse phic/h,rmse h/r,spread alpha/u,spread phic/h,spread h/r
3.965796e-02,3.582551e-02,3.164411e-05,1.308611e-01,1.068557e-01,7.509501e-02
2.033216e-03,1.093654e-02,3.084452e-05,1.427658e-03,9.799566e-03,3.786401e-05
