# rmse alpha/u,rmse phic/h,rmse h/r,spread alpha/u,spread phic/h,spread h/r
3.965796e-02,3.582551e-02,3.164411e-05,1.308611e-01,1.068557e-01,7.509501e-02
4.003511e-03,1.719689e-02,3.426477e-05,1.779351e-03,1.263499e-02,3.769727e-05
