# rmse alpha/u,rmse phic/h,rmse h/r,spread alpha/u,spread phic/h,spread h/r
3.965796e-02,3.582551e-02,3.164411e-05,1.308611e-01,1.068557e-01,7.509501e-02
1.623580e-03,1.601952e-02,4.051017e-05,1.731157e-03,1.249930e-02,3.998959e-05
