# rmse alpha/u,rmse phic/h,rmse h/r,spread alpha/u,spread phic/h,spread h/r
1.149443e-01,7.952687e-02,2.213674e-01,1.927996e-01,2.373932e-01,2.334187e-01
3.579314e-03,2.707108e-02,3.297452e-05,2.736804e-03,2.005438e-02,2.717070e-05
