# rmse alpha/u,rmse phic/h,rmse h/r,spread alpha/u,spread phic/h,spread h/r
1.149443e-01,7.952687e-02,2.213674e-01,1.927996e-01,2.373932e-01,2.334187e-01
5.572840e-03,3.165885e-02,3.748442e-05,3.529655e-03,2.522498e-02,3.080003e-05
