# rmse alpha/u,rmse phic/h,rmse h/r,spread alpha/u,spread phic/h,spread h/r
1.149443e-01,7.952687e-02,2.213674e-01,1.927996e-01,2.373932e-01,2.334187e-01
6.027959e-03,2.701519e-02,3.244202e-05,2.826268e-03,1.963607e-02,2.814364e-05
