# rmse alpha/u,rmse phic/h,rmse h/r,spread alpha/u,spread phic/h,spread h/r
1.149443e-01,7.952687e-02,2.213674e-01,1.927996e-01,2.373932e-01,2.334187e-01
4.631216e-03,2.944436e-02,3.812428e-05,2.942502e-03,2.149583e-02,3.238436e-05
