# rmse alpha/u,rmse phic/h,rmse h/r,spread alpha/u,spread phic/h,spread h/r
4.041413e-02,2.673223e-01,5.162045e-01,1.656333e-01,2.287768e-01,1.567509e-01
4.399783e-03,2.642431e-02,1.921652e-05,3.933845e-03,3.267495e-02,2.211885e-05
