# rmse alpha/u,rmse phic/h,rmse h/r,spread alpha/u,spread phic/h,spread h/r
4.041413e-02,2.673223e-01,5.162045e-01,1.656333e-01,2.287768e-01,1.567509e-01
6.206080e-03,3.756864e-02,2.998238e-05,3.729590e-03,3.025635e-02,1.913457e-05
