# rmse alpha/u,rmse phic/h,rmse h/r,spread alpha/u,spread phic/h,spread h/r
4.041413e-02,2.673223e-01,5.162045e-01,1.656333e-01,2.287768e-01,1.567509e-01
4.687544e-03,2.828564e-02,2.073862e-05,3.632642e-03,2.827546e-02,1.983022e-05
