# rmse alpha/u,rmse phic/h,rmse h/r,spread alpha/u,spread phic/h,spread h/r
1.213170e-01,1.309772e-01,1.043107e-01,1.206915e-01,8.338292e-02,7.906777e-02
7.920567e-04,5.797588e-03,2.381174e-05,7.896857e-04,6.171118e-03,4.833834e-05
