# rmse alpha/u,rmse phic/h,rmse h/r,spread alpha/u,spread phic/h,spread h/r
1.213170e-01,1.309772e-01,1.043107e-01,1.206915e-01,8.338292e-02,7.906777e-02
9.151906e-04,7.509388e-03,2.817024e-05,8.838810e-04,7.057171e-03,5.307081e-05
