# rmse alpha/u,rmse phic/h,rmse h/r,spread alpha/u,spread phic/h,spread h/r
1.213170e-01,1.309772e-01,1.043107e-01,1.206915e-01,8.338292e-02,7.906777e-02
8.627338e-04,6.717874e-03,2.413942e-05,8.383806e-04,6.655403e-03,5.105613e-05
