# rmse alpha/u,rmse phic/h,rmse h/r,spread alpha/u,spread phic/h,spread h/r
1.213170e-01,1.309772e-01,1.043107e-01,1.206915e-01,8.338292e-02,7.906777e-02
8.538223e-04,6.619156e-03,2.864076e-05,8.458158e-04,6.885496e-03,4.987203e-05
