# rmse alpha/u,rmse phic/h,rmse h/r,spread alpha/u,spread phic/h,spread h/r
1.213170e-01,1.309772e-01,1.043107e-01,1.206915e-01,8.338292e-02,7.906777e-02
8.348753e-04,6.462174e-03,2.551117e-05,8.282184e-04,6.769205e-03,4.819174e-05
