# rmse alpha/u,rmse phic/h,rmse h/r,spread alpha/u,spread phic/h,spread h/r
1.657413e-01,2.031311e-01,3.190217e-01,1.656039e-01,1.745412e-01,2.067510e-01
3.485749e-03,2.379080e-02,5.700020e-05,2.951915e-03,2.280189e-02,5.435007e-05
