# rmse alpha/u,rmse phic/h,rmse h/r,spread alpha/u,spread phic/h,spread h/r
1.657413e-01,2.031311e-01,3.190217e-01,1.656039e-01,1.745412e-01,2.067510e-01
3.500740e-03,1.988323e-02,4.859027e-05,2.347674e-03,1.701872e-02,5.147815e-05
