# rmse alpha/u,rmse phic/h,rmse h/r,spread alpha/u,spread phic/h,spread h/r
1.657413e-01,2.031311e-01,3.190217e-01,1.656039e-01,1.745412e-01,2.067510e-01
3.343797e-03,2.310084e-02,4.408846e-05,2.222808e-03,1.655624e-02,4.992269e-05
