# rmse alpha/u,rmse phic/h,rmse h/r,spread alpha/u,spread phic/h,spread h/r
2.682735e-02,1.319990e-02,1.865823e-02,1.866327e-01,1.832537e-01,1.977411e-01
3.094309e-03,2.026340e-02,5.116103e-05,2.078778e-03,1.472849e-02,4.588133e-05
