# rmse alpha/u,rmse phic/h,rmse h/r,spread alpha/u,spread phic/h,spread h/r
2.682735e-02,1.319990e-02,1.865823e-02,1.866327e-01,1.832537e-01,1.977411e-01
3.071994e-03,2.905907e-02,6.708671e-05,2.387581e-03,1.795593e-02,5.393781e-05
