# rmse alpha/u,rmse phic/h,rmse h/r,spread alpha/u,spread phic/h,spread h/r
2.682735e-02,1.319990e-02,1.865823e-02,1.866327e-01,1.832537e-01,1.977411e-01
3.660539e-03,2.287912e-02,6.144612e-05,3.084061e-03,2.263777e-02,4.766066e-05
