# rmse alpha/u,rmse phic/h,rmse h/r,spread alpha/u,spread phic/h,spread h/r
2.682735e-02,1.319990e-02,1.865823e-02,1.866327e-01,1.832537e-01,1.977411e-01
3.637611e-03,2.920413e-02,6.973804e-05,2.546627e-03,2.109219e-02,5.932306e-05
