# rmse alpha/u,rmse phic/h,rmse h/r,spread alpha/u,spread phic/h,spread h/r
4.199779e-03,1.685568e-03,5.507026e-03,2.011122e-01,2.284813e-01,1.938860e-01
3.428069e-03,2.666212e-02,3.788286e-05,1.783051e-03,1.230343e-02,2.149446e-05
