# rmse alpha/u,rmse phic/h,rmse h/r,spread alpha/u,spread phic/h,spread h/r
4.199779e-03,1.685568e-03,5.507026e-03,2.011122e-01,2.284813e-01,1.938860e-01
4.891895e-03,2.899179e-02,4.962255e-05,1.878225e-03,1.182831e-02,2.013713e-05
