# rmse alpha/u,rmse phic/h,rmse h/r,spread alpha/u,spread phic/h,spread h/r
4.199779e-03,1.685568e-03,5.507026e-03,2.011122e-01,2.284813e-01,1.938860e-01
3.373422e-03,2.091568e-02,3.063578e-05,2.077647e-03,1.395727e-02,2.061306e-05
