# rmse alpha/u,rmse phic/h,rmse h/r,spread alpha/u,spread phic/h,spread h/r
1.315267e-01,1.010892e-01,2.632707e-01,1.097895e-01,7.835761e-02,7.676292e-02
4.927542e-03,3.272028e-02,4.210683e-05,1.746374e-03,1.270096e-02,2.644955e-05
