# rmse alpha/u,rmse phic/h,rmse h/r,spread alpha/u,spread phic/h,spread h/r
2.938453e-01,1.184140e-01,1.430794e-01,1.262414e-01,6.539181e-02,5.909383e-02
2.737512e-03,2.590954e-02,7.492194e-05,2.737246e-03,2.053885e-02,4.189196e-05
