# rmse alpha/u,rmse phic/h,rmse h/r,spread alpha/u,spread phic/h,spread h/r
2.938453e-01,1.184140e-01,1.430794e-01,1.262414e-01,6.539181e-02,5.909383e-02
5.825690e-03,3.010665e-02,5.922554e-05,2.620245e-03,1.768560e-02,3.526057e-05
