# rmse alpha/u,rmse phic/h,rmse h/r,spread alpha/u,spread phic/h,spread h/r
2.938453e-01,1.184140e-01,1.430794e-01,1.262414e-01,6.539181e-02,5.909383e-02
4.096992e-03,2.833229e-02,7.257381e-05,2.904557e-03,2.013868e-02,3.623053e-05
