# rmse alpha/u,rmse phic/h,rmse h/r,spread alpha/u,spread phic/h,spread h/r
1.905641e-01,3.067959e-01,1.731150e-01,2.178019e-01,1.997102e-01,1.533221e-01
1.018100e-03,7.272857e-03,1.903219e-05,9.675437e-04,7.007166e-03,4.062577e-05
