# rmse alpha/u,rmse phic/h,rmse h/r,spread alpha/u,spread phic/h,spread h/r
1.905641e-01,3.067959e-01,1.731150e-01,2.178019e-01,1.997102e-01,1.533221e-01
1.752348e-03,9.839040e-03,2.456636e-05,8.977462e-04,6.825967e-03,4.105928e-05
