# rmse alpha/u,rmse phic/h,rmse h/r,spread alpha/u,spread phic/h,spread h/r
1.905641e-01,3.067959e-01,1.731150e-01,2.178019e-01,1.997102e-01,1.533221e-01
1.675117e-03,1.132118e-02,2.194175e-05,1.059042e-03,7.753584e-03,4.126090e-05
