# rmse alpha/u,rmse phic/h,rmse h/r,spread alpha/u,spread phic/h,spread h/r
1.905641e-01,3.067959e-01,1.731150e-01,2.178019e-01,1.997102e-01,1.533221e-01
2.157425e-03,8.442417e-03,1.959998e-05,9.567329e-04,7.173754e-03,4.027660e-05
