# rmse alpha/u,rmse phic/h,rmse h/r,spread alpha/u,spread phic/h,spread h/r
6.057705e-03,5.669422e-02,9.840719e-02,1.883010e-01,1.926604e-01,2.079815e-01
5.571453e-03,3.358763e-02,6.054325e-05,2.773087e-03,1.948538e-02,5.760136e-05
