# rmse alpha/u,rmse phic/h,rmse h/r,spread alpha/u,spread phic/h,spread h/r
6.057705e-03,5.669422e-02,9.840719e-02,1.883010e-01,1.926604e-01,2.079815e-01
3.663063e-03,1.942424e-02,4.634561e-05,1.947398e-03,1.283953e-02,5.208565e-05
