# rmse alpha/u,rmse phic/h,rmse h/r,spread alpha/u,spread phic/h,spread h/r
6.057705e-03,5.669422e-02,9.840719e-02,1.883010e-01,1.926604e-01,2.079815e-01
3.509633e-03,3.076971e-02,6.620248e-05,2.075537e-03,1.508283e-02,5.630855e-05
