# rmse alpha/u,rmse phic/h,rmse h/r,spread alpha/u,spread phic/h,spread h/r
6.057705e-03,5.669422e-02,9.840719e-02,1.883010e-01,1.926604e-01,2.079815e-01
2.771696e-03,2.685056e-02,6.615235e-05,2.029621e-03,1.369072e-02,5.306900e-05
