# rmse alpha/u,rmse phic/h,rmse h/r,spread alpha/u,spread phic/h,spread h/r
4.291813e-01,6.125694e-02,4.430338e-01,1.498822e-01,1.993221e-01,1.602325e-01
4.501915e-03,3.114549e-02,4.238389e-05,2.997281e-03,2.057123e-02,2.855228e-05
