# rmse alpha/u,rmse phic/h,rmse h/r,spread alpha/u,spread phic/h,spread h/r
4.291813e-01,6.125694e-02,4.430338e-01,1.498822e-01,1.993221e-01,1.602325e-01
5.384483e-03,4.290290e-02,4.551255e-05,3.239899e-03,2.307882e-02,3.002189e-05
