# rmse alpha/u,rmse phic/h,rmse h/r,spread alpha/u,spread phic/h,spread h/r
4.291813e-01,6.125694e-02,4.430338e-01,1.498822e-01,1.993221e-01,1.602325e-01
3.040513e-03,1.763224e-02,3.876784e-05,2.989897e-03,2.060815e-02,2.518813e-05
