# rmse alpha/u,rmse phic/h,rmse h/r,spread alpha/u,spread phic/h,spread h/r
4.291813e-01,6.125694e-02,4.430338e-01,1.498822e-01,1.993221e-01,1.602325e-01
3.858844e-03,2.289622e-02,3.141936e-05,3.308349e-03,2.379140e-02,2.935030e-05
