# rmse alpha/u,rmse phic/h,rmse h/r,spread alpha/u,spread phic/h,spread h/r
4.291813e-01,6.125694e-02,4.430338e-01,1.498822e-01,1.993221e-01,1.602325e-01
6.139743e-03,3.092849e-02,4.726832e-05,4.133780e-03,2.987926e-02,3.471504e-05
