# rmse alpha/u,rmse phic/h,rmse h/r,spread alpha/u,spread phic/h,spread h/r
4.291813e-01,6.125694e-02,4.430338e-01,1.498822e-01,1.993221e-01,1.602325e-01
4.174871e-03,3.171251e-02,3.634796e-05,3.282320e-03,2.334929e-02,3.330207e-05
