# rmse alpha/u,rmse phic/h,rmse h/r,spread alpha/u,spread phic/h,spread h/r
4.291813e-01,6.125694e-02,4.430338e-01,1.498822e-01,1.993221e-01,1.602325e-01
6.418302e-03,3.708154e-02,3.802692e-05,3.210750e-03,2.138191e-02,2.502986e-05
