# rmse alpha/u,rmse phic/h,rmse h/r,spread alpha/u,spread phic/h,spread h/r
4.291813e-01,6.125694e-02,4.430338e-01,1.498822e-01,1.993221e-01,1.602325e-01
5.767719e-03,3.781304e-02,6.071705e-05,3.149522e-03,2.254254e-02,3.329456e-05
