# rmse alpha/u,rmse phic/h,rmse h/r,spread alpha/u,spread phic/h,spread h/r
4.291813e-01,6.125694e-02,4.430338e-01,1.498822e-01,1.993221e-01,1.602325e-01
4.103098e-03,2.289355e-02,3.089048e-05,2.693188e-03,1.723461e-02,1.792168e-05
