# rmse alpha/u,rmse phic/h,rmse h/r,spread alpha/u,spread phic/h,spread h/r
6.711619e-03,5.314099e-08,4.822242e-03,2.007666e-01,2.380345e-01,2.181955e-01
1.120453e-03,7.706493e-03,4.287381e-05,1.210804e-03,8.404907e-03,4.447322e-05
