# rmse alpha/u,rmse phic/h,rmse h/r,spread alpha/u,spread phic/h,spread h/r
6.711619e-03,5.314099e-08,4.822242e-03,2.007666e-01,2.380345e-01,2.181955e-01
1.999927e-03,9.844504e-03,4.670625e-05,1.219111e-03,8.827214e-03,4.376388e-05
