# rmse alpha/u,rmse phic/h,rmse h/r,spread alpha/u,spread phic/h,spread h/r
6.711619e-03,5.314099e-08,4.822242e-03,2.007666e-01,2.380345e-01,2.181955e-01
2.093709e-03,1.416965e-02,4.767026e-05,1.388189e-03,1.017321e-02,4.580068e-05
