# rmse alpha/u,rmse phic/h,rmse h/r,spread alpha/u,spread phic/h,spread h/r
6.711619e-03,5.314099e-08,4.822242e-03,2.007666e-01,2.380345e-01,2.181955e-01
1.630359e-03,9.181843e-03,4.192595e-05,1.061720e-03,7.772814e-03,4.373695e-05
