# rmse alpha/u,rmse phic/h,rmse h/r,spread alpha/u,spread phic/h,spread h/r
6.711619e-03,5.314099e-08,4.822242e-03,2.007666e-01,2.380345e-01,2.181955e-01
8.840901e-04,6.702434e-03,4.070265e-05,1.005015e-03,7.644866e-03,4.420982e-05
