# rmse alpha/u,rmse phic/h,rmse h/r,spread alpha/u,spread phic/h,spread h/r
6.711619e-03,5.314099e-08,4.822242e-03,2.007666e-01,2.380345e-01,2.181955e-01
1.095337e-03,7.151739e-03,3.987980e-05,1.042033e-03,7.283507e-03,4.081017e-05
