# rmse alpha/u,rmse phic/h,rmse h/r,spread alpha/u,spread phic/h,spread h/r
2.046749e-02,4.133915e-03,1.494886e-01,1.380135e-01,1.734635e-01,2.270469e-01
2.089572e-03,1.227667e-02,3.943944e-05,1.567034e-03,1.098739e-02,3.895383e-05
