# rmse alpha/u,rmse phic/h,rmse h/r,spread alpha/u,spread phic/h,spread h/r
2.046749e-02,4.133915e-03,1.494886e-01,1.380135e-01,1.734635e-01,2.270469e-01
3.136478e-03,1.951083e-02,3.776954e-05,1.550422e-03,1.034051e-02,4.158734e-05
