# rmse alpha/u,rmse phic/h,rmse h/r,spread alpha/u,spread phic/h,spread h/r
2.046749e-02,4.133915e-03,1.494886e-01,1.380135e-01,1.734635e-01,2.270469e-01
3.043878e-03,2.109787e-02,3.439227e-05,1.948769e-03,1.425817e-02,4.253306e-05
