# rmse alpha/u,rmse phic/h,rmse h/r,spread alpha/u,spread phic/h,spread h/r
6.162928e-03,8.294840e-03,4.144553e-02,1.587647e-01,2.346922e-01,2.375286e-01
3.146749e-03,2.014215e-02,5.823157e-05,2.133593e-03,1.572670e-02,5.110282e-05
