# rmse alpha/u,rmse phic/h,rmse h/r,spread alpha/u,spread phic/h,spread h/r
6.162928e-03,8.294840e-03,4.144553e-02,1.587647e-01,2.346922e-01,2.375286e-01
4.477835e-03,3.112738e-02,4.616039e-05,2.116960e-03,1.461109e-02,4.793535e-05
