# rmse alpha/u,rmse phic/h,rmse h/r,spread alpha/u,spread phic/h,spread h/r
6.162928e-03,8.294840e-03,4.144553e-02,1.587647e-01,2.346922e-01,2.375286e-01
4.316044e-03,2.899198e-02,5.116319e-05,2.187915e-03,1.619432e-02,4.721406e-05
