# rmse alpha/u,rmse phic/h,rmse h/r,spread alpha/u,spread phic/h,spread h/r
6.162928e-03,8.294840e-03,4.144553e-02,1.587647e-01,2.346922e-01,2.375286e-01
3.637160e-03,1.985354e-02,3.504643e-05,1.977823e-03,1.412876e-02,4.068235e-05
