# rmse alpha/u,rmse phic/h,rmse h/r,spread alpha/u,spread phic/h,spread h/r
6.162928e-03,8.294840e-03,4.144553e-02,1.587647e-01,2.346922e-01,2.375286e-01
3.497891e-03,1.849373e-02,3.903157e-05,1.960235e-03,1.388756e-02,4.030833e-05
