# rmse alpha/u,rmse phic/h,rmse h/r,spread alpha/u,spread phic/h,spread h/r
1.386805e-01,1.974744e-01,2.476576e-01,1.353720e-01,1.830592e-01,1.706489e-01
8.982669e-04,7.461876e-03,3.553501e-05,8.053369e-04,6.474473e-03,4.168668e-05
