# rmse alpha/u,rmse phic/h,rmse h/r,spread alpha/u,spread phic/h,spread h/r
1.386805e-01,1.974744e-01,2.476576e-01,1.353720e-01,1.830592e-01,1.706489e-01
8.196052e-04,6.788314e-03,3.399787e-05,7.764098e-04,6.262407e-03,4.116199e-05
