# rmse alpha/u,rmse phic/h,rmse h/r,spread alpha/u,spread phic/h,spread h/r
1.386805e-01,1.974744e-01,2.476576e-01,1.353720e-01,1.830592e-01,1.706489e-01
8.422950e-04,6.379711e-03,3.021649e-05,8.055119e-04,6.234992e-03,4.111107e-05
