# rmse alpha/u,rmse phic/h,rmse h/r,spread alpha/u,spread phic/h,spread h/r
1.386805e-01,1.974744e-01,2.476576e-01,1.353720e-01,1.830592e-01,1.706489e-01
8.875568e-04,7.547491e-03,3.430325e-05,8.079140e-04,6.569292e-03,4.103215e-05
