# rmse alpha/u,rmse phic/h,rmse h/r,spread alpha/u,spread phic/h,spread h/r
1.386805e-01,1.974744e-01,2.476576e-01,1.353720e-01,1.830592e-01,1.706489e-01
7.629444e-04,6.403697e-03,3.060460e-05,7.277960e-04,5.722522e-03,3.843108e-05
