# rmse alpha/u,rmse phic/h,rmse h/r,spread alpha/u,spread phic/h,spread h/r
1.386805e-01,1.974744e-01,2.476576e-01,1.353720e-01,1.830592e-01,1.706489e-01
7.995182e-04,6.754352e-03,2.710556e-05,7.450546e-04,5.929199e-03,4.010860e-05
