# rmse alpha/u,rmse phic/h,rmse h/r,spread alpha/u,spread phic/h,spread h/r
1.386805e-01,1.974744e-01,2.476576e-01,1.353720e-01,1.830592e-01,1.706489e-01
8.691564e-04,6.191891e-03,3.363140e-05,7.965848e-04,6.381252e-03,4.329565e-05
