# rmse alpha/u,rmse phic/h,rmse h/r,spread alpha/u,spread phic/h,spread h/r
1.386805e-01,1.974744e-01,2.476576e-01,1.353720e-01,1.830592e-01,1.706489e-01
8.399527e-04,6.355506e-03,3.677111e-05,7.852903e-04,6.205874e-03,4.007257e-05
