# rmse alpha/u,rmse phic/h,rmse h/r,spread alpha/u,spread phic/h,spread h/r
1.386805e-01,1.974744e-01,2.476576e-01,1.353720e-01,1.830592e-01,1.706489e-01
8.557636e-04,8.013517e-03,3.762945e-05,7.921307e-04,6.268140e-03,4.004812e-05
