# rmse alpha/u,rmse phic/h,rmse h/r,spread alpha/u,spread phic/h,spread h/r
1.386805e-01,1.974744e-01,2.476576e-01,1.353720e-01,1.830592e-01,1.706489e-01
7.702001e-04,6.254587e-03,2.794086e-05,7.378685e-04,5.839888e-03,4.150772e-05
