# rmse alpha/u,rmse phic/h,rmse h/r,spread alpha/u,spread phic/h,spread h/r
1.386805e-01,1.974744e-01,2.476576e-01,1.353720e-01,1.830592e-01,1.706489e-01
8.725488e-04,7.044257e-03,3.238641e-05,8.218657e-04,6.477221e-03,4.196757e-05
