# rmse alpha/u,rmse phic/h,rmse h/r,spread alpha/u,spread phic/h,spread h/r
3.254320e-02,4.148304e-03,1.865277e-01,2.029553e-01,2.401346e-01,2.180772e-01
2.094216e-03,1.410059e-02,4.888772e-05,1.573003e-03,1.081548e-02,4.201185e-05
