# rmse alpha/u,rmse phic/h,rmse h/r,spread alpha/u,spread phic/h,spread h/r
3.254320e-02,4.148304e-03,1.865277e-01,2.029553e-01,2.401346e-01,2.180772e-01
2.986347e-03,2.427321e-02,7.055962e-05,2.475530e-03,1.919112e-02,5.874432e-05
