# rmse alpha/u,rmse phic/h,rmse h/r,spread alpha/u,spread phic/h,spread h/r
4.153058e-02,7.442423e-03,2.101694e-01,2.007666e-01,2.380345e-01,2.181955e-01
1.019306e-03,8.642944e-03,3.148771e-05,1.053606e-03,7.675063e-03,3.463878e-05
