# rmse alpha/u,rmse phic/h,rmse h/r,spread alpha/u,spread phic/h,spread h/r
4.153058e-02,7.442423e-03,2.101694e-01,2.007666e-01,2.380345e-01,2.181955e-01
1.039512e-03,9.029129e-03,1.465872e-05,9.500036e-04,6.925180e-03,2.288921e-05
