# rmse alpha/u,rmse phic/h,rmse h/r,spread alpha/u,spread phic/h,spread h/r
4.153058e-02,7.442423e-03,2.101694e-01,2.007666e-01,2.380345e-01,2.181955e-01
2.293789e-03,1.223827e-02,1.206452e-05,1.397717e-03,9.232111e-03,2.361701e-05
