# rmse alpha/u,rmse phic/h,rmse h/r,spread alpha/u,spread phic/h,spread h/r
4.153058e-02,7.442423e-03,2.101694e-01,2.007666e-01,2.380345e-01,2.181955e-01
1.984657e-03,1.828724e-02,6.280620e-05,1.308971e-03,9.816823e-03,3.435882e-05
