# rmse alpha/u,rmse phic/h,rmse h/r,spread alpha/u,spread phic/h,spread h/r
4.153058e-02,7.442423e-03,2.101694e-01,2.007666e-01,2.380345e-01,2.181955e-01
2.301002e-03,1.295319e-02,4.648732e-05,1.219138e-03,8.804668e-03,3.141013e-05
