# rmse alpha/u,rmse phic/h,rmse h/r,spread alpha/u,spread phic/h,spread h/r
4.153058e-02,7.442423e-03,2.101694e-01,2.007666e-01,2.380345e-01,2.181955e-01
2.361436e-03,2.023033e-02,4.073149e-05,1.612711e-03,1.179695e-02,3.908550e-05
