# rmse alpha/u,rmse phic/h,rmse h/r,spread alpha/u,spread phic/h,spread h/r
1.743633e-01,3.259244e-01,2.861148e-01,1.740716e-01,2.216561e-01,2.053918e-01
2.219003e-03,1.409850e-02,4.695966e-05,2.653105e-03,1.884418e-02,5.258338e-05
