# rmse alpha/u,rmse phic/h,rmse h/r,spread alpha/u,spread phic/h,spread h/r
1.743633e-01,3.259244e-01,2.861148e-01,1.740716e-01,2.216561e-01,2.053918e-01
3.401856e-03,2.360721e-02,6.854420e-05,2.889171e-03,2.006397e-02,5.220490e-05
