# rmse alpha/u,rmse phic/h,rmse h/r,spread alpha/u,spread phic/h,spread h/r
1.743633e-01,3.259244e-01,2.861148e-01,1.740716e-01,2.216561e-01,2.053918e-01
3.864688e-03,2.449051e-02,4.117806e-05,2.301312e-03,1.610688e-02,5.181974e-05
