# rmse alpha/u,rmse phic/h,rmse h/r,spread alpha/u,spread phic/h,spread h/r
1.743633e-01,3.259244e-01,2.861148e-01,1.740716e-01,2.216561e-01,2.053918e-01
3.551453e-03,2.040939e-02,4.109215e-05,2.375841e-03,1.674010e-02,5.221295e-05
