# rmse alpha/u,rmse phic/h,rmse h/r,spread alpha/u,spread phic/h,spread h/r
1.743633e-01,3.259244e-01,2.861148e-01,1.740716e-01,2.216561e-01,2.053918e-01
4.126979e-03,2.469564e-02,5.086587e-05,3.068748e-03,2.196595e-02,5.637719e-05
