# rmse alpha/u,rmse phic/h,rmse h/r,spread alpha/u,spread phic/h,spread h/r
1.387223e-01,9.289494e-02,1.094708e-01,1.260253e-01,9.250443e-02,8.220325e-02
2.668008e-03,1.461864e-02,3.100425e-05,1.366117e-03,1.001289e-02,4.856393e-05
