# rmse alpha/u,rmse phic/h,rmse h/r,spread alpha/u,spread phic/h,spread h/r
1.387223e-01,9.289494e-02,1.094708e-01,1.260253e-01,9.250443e-02,8.220325e-02
2.311382e-03,1.287450e-02,2.828175e-05,1.502924e-03,1.045871e-02,4.368607e-05
