# rmse alpha/u,rmse phic/h,rmse h/r,spread alpha/u,spread phic/h,spread h/r
1.387223e-01,9.289494e-02,1.094708e-01,1.260253e-01,9.250443e-02,8.220325e-02
3.382010e-03,2.276340e-02,3.715282e-05,2.030768e-03,1.585593e-02,5.152712e-05
