# rmse alpha/u,rmse phic/h,rmse h/r,spread alpha/u,spread phic/h,spread h/r
1.387223e-01,9.289494e-02,1.094708e-01,1.260253e-01,9.250443e-02,8.220325e-02
2.069744e-03,1.313495e-02,1.860806e-05,1.367939e-03,9.806151e-03,4.327955e-05
