# rmse alpha/u,rmse phic/h,rmse h/r,spread alpha/u,spread phic/h,spread h/r
1.387223e-01,9.289494e-02,1.094708e-01,1.260253e-01,9.250443e-02,8.220325e-02
2.496049e-03,2.016398e-02,4.519164e-05,1.505169e-03,1.166666e-02,5.124704e-05
