# rmse alpha/u,rmse phic/h,rmse h/r,spread alpha/u,spread phic/h,spread h/r
1.387223e-01,9.289494e-02,1.094708e-01,1.260253e-01,9.250443e-02,8.220325e-02
1.136767e-03,9.753922e-03,2.064595e-05,1.016865e-03,7.644393e-03,4.325513e-05
