# rmse alpha/u,rmse phic/h,rmse h/r,spread alpha/u,spread phic/h,spread h/r
1.387223e-01,9.289494e-02,1.094708e-01,1.260253e-01,9.250443e-02,8.220325e-02
1.159153e-03,7.037324e-03,2.686058e-05,1.161835e-03,8.495384e-03,4.502186e-05
