# rmse alpha/u,rmse phic/h,rmse h/r,spread alpha/u,spread phic/h,spread h/r
1.387223e-01,9.289494e-02,1.094708e-01,1.260253e-01,9.250443e-02,8.220325e-02
6.008797e-03,3.025582e-02,2.614271e-05,1.485664e-03,1.003322e-02,4.276473e-05
