# rmse alpha/u,rmse phic/h,rmse h/r,spread alpha/u,spread phic/h,spread h/r
1.387223e-01,9.289494e-02,1.094708e-01,1.260253e-01,9.250443e-02,8.220325e-02
1.592721e-03,1.022692e-02,3.937453e-05,1.301774e-03,8.965779e-03,4.206287e-05
