# rmse alpha/u,rmse phic/h,rmse h/r,spread alpha/u,spread phic/h,spread h/r
1.387223e-01,9.289494e-02,1.094708e-01,1.260253e-01,9.250443e-02,8.220325e-02
2.446350e-03,1.309372e-02,3.247457e-05,1.832692e-03,1.235972e-02,4.449390e-05
