# rmse alpha/u,rmse phic/h,rmse h/r,spread alpha/u,spread phic/h,spread h/r
1.797995e-05,1.528412e-02,1.239140e-02,9.194533e-02,1.002422e-01,7.891604e-02
8.345017e-04,6.594632e-03,2.079376e-05,8.306099e-04,6.530959e-03,4.808613e-05
