# rmse alpha/u,rmse phic/h,rmse h/r,spread alpha/u,spread phic/h,spread h/r
1.797995e-05,1.528412e-02,1.239140e-02,9.194533e-02,1.002422e-01,7.891604e-02
9.318725e-04,7.160954e-03,3.052673e-05,8.978905e-04,7.378444e-03,5.176376e-05
