# rmse alpha/u,rmse phic/h,rmse h/r,spread alpha/u,spread phic/h,spread h/r
2.978765e-02,8.655380e-04,2.339312e-02,1.340079e-01,1.181404e-01,9.330735e-02
1.951298e-03,8.633563e-03,2.713651e-05,9.880973e-04,6.821197e-03,3.410065e-05
