# rmse alpha/u,rmse phic/h,rmse h/r,spread alpha/u,spread phic/h,spread h/r
2.978765e-02,8.655380e-04,2.339312e-02,1.340079e-01,1.181404e-01,9.330735e-02
1.698466e-03,9.140775e-03,2.759709e-05,1.179138e-03,8.046760e-03,3.418753e-05
