# rmse alpha/u,rmse phic/h,rmse h/r,spread alpha/u,spread phic/h,spread h/r
2.978765e-02,8.655380e-04,2.339312e-02,1.340079e-01,1.181404e-01,9.330735e-02
1.848690e-03,1.224803e-02,4.107650e-05,1.197305e-03,8.798449e-03,4.011946e-05
