# rmse alpha/u,rmse phic/h,rmse h/r,spread alpha/u,spread phic/h,spread h/r
2.978765e-02,8.655380e-04,2.339312e-02,1.340079e-01,1.181404e-01,9.330735e-02
1.746161e-03,1.450997e-02,3.630864e-05,1.422757e-03,1.001062e-02,3.952459e-05
