# rmse alpha/u,rmse phic/h,rmse h/r,spread alpha/u,spread phic/h,spread h/r
2.978765e-02,8.655380e-04,2.339312e-02,1.340079e-01,1.181404e-01,9.330735e-02
3.893395e-03,2.654948e-02,6.385716e-05,2.877426e-03,2.047572e-02,5.559967e-05
