# rmse alpha/u,rmse phic/h,rmse h/r,spread alpha/u,spread phic/h,spread h/r
2.270965e-01,3.326112e-01,3.460965e-01,1.242292e-01,2.019602e-01,1.801946e-01
2.059598e-03,2.063430e-02,3.713071e-05,1.123723e-03,8.411436e-03,3.108294e-05
