# rmse alpha/u,rmse phic/h,rmse h/r,spread alpha/u,spread phic/h,spread h/r
2.270965e-01,3.326112e-01,3.460965e-01,1.242292e-01,2.019602e-01,1.801946e-01
1.011615e-03,7.336468e-03,3.179085e-05,8.593153e-04,6.448039e-03,2.817963e-05
