# rmse alpha/u,rmse phic/h,rmse h/r,spread alpha/u,spread phic/h,spread h/r
2.270965e-01,3.326112e-01,3.460965e-01,1.242292e-01,2.019602e-01,1.801946e-01
1.137992e-03,8.580549e-03,2.029422e-05,9.415347e-04,6.981685e-03,2.695991e-05
