# rmse alpha/u,rmse phic/h,rmse h/r,spread alpha/u,spread phic/h,spread h/r
2.270965e-01,3.326112e-01,3.460965e-01,1.242292e-01,2.019602e-01,1.801946e-01
2.403970e-03,1.150553e-02,2.145122e-05,1.116131e-03,7.766264e-03,2.781453e-05
