# rmse alpha/u,rmse phic/h,rmse h/r,spread alpha/u,spread phic/h,spread h/r
2.270965e-01,3.326112e-01,3.460965e-01,1.242292e-01,2.019602e-01,1.801946e-01
2.485385e-03,1.380534e-02,2.190107e-05,1.141014e-03,7.943779e-03,2.708075e-05
