# rmse alpha/u,rmse phic/h,rmse h/r,spread alpha/u,spread phic/h,spread h/r
2.270965e-01,3.326112e-01,3.460965e-01,1.242292e-01,2.019602e-01,1.801946e-01
3.219267e-03,1.965949e-02,2.134824e-05,1.569163e-03,1.076683e-02,2.763270e-05
