# rmse alpha/u,rmse phic/h,rmse h/r,spread alpha/u,spread phic/h,spread h/r
4.751253e-02,1.175666e-02,5.763793e-04,1.345801e-01,9.398944e-02,7.999570e-02
3.102498e-03,2.682025e-02,4.422098e-05,1.993184e-03,1.551226e-02,3.984809e-05
