# rmse alpha/u,rmse phic/h,rmse h/r,spread alpha/u,spread phic/h,spread h/r
4.751253e-02,1.175666e-02,5.763793e-04,1.345801e-01,9.398944e-02,7.999570e-02
5.494826e-03,3.003908e-02,3.594226e-05,3.195989e-03,2.182514e-02,4.192691e-05
