# rmse alpha/u,rmse phic/h,rmse h/r,spread alpha/u,spread phic/h,spread h/r
4.751253e-02,1.175666e-02,5.763793e-04,1.345801e-01,9.398944e-02,7.999570e-02
2.965977e-03,1.515702e-02,3.170961e-05,1.757905e-03,1.206142e-02,3.917485e-05
