# rmse alpha/u,rmse phic/h,rmse h/r,spread alpha/u,spread phic/h,spread h/r
3.131927e-01,3.062881e-01,2.184269e-01,1.845160e-01,1.999864e-01,1.808796e-01
3.093137e-03,1.317862e-02,3.997897e-05,1.543266e-03,1.017112e-02,4.147329e-05
