# rmse alpha/u,rmse phic/h,rmse h/r,spread alpha/u,spread phic/h,spread h/r
3.131927e-01,3.062881e-01,2.184269e-01,1.845160e-01,1.999864e-01,1.808796e-01
2.514249e-03,1.839743e-02,4.577858e-05,1.779505e-03,1.274959e-02,4.722496e-05
