# rmse alpha/u,rmse phic/h,rmse h/r,spread alpha/u,spread phic/h,spread h/r
3.131927e-01,3.062881e-01,2.184269e-01,1.845160e-01,1.999864e-01,1.808796e-01
1.407609e-03,1.007277e-02,4.938044e-05,1.055862e-03,7.773747e-03,4.662612e-05
