# rmse alpha/u,rmse phic/h,rmse h/r,spread alpha/u,spread phic/h,spread h/r
3.131927e-01,3.062881e-01,2.184269e-01,1.845160e-01,1.999864e-01,1.808796e-01
2.051601e-03,1.469213e-02,4.968158e-05,1.419741e-03,1.016189e-02,4.895652e-05
