# rmse alpha/u,rmse phic/h,rmse h/r,spread alpha/u,spread phic/h,spread h/r
3.131927e-01,3.062881e-01,2.184269e-01,1.845160e-01,1.999864e-01,1.808796e-01
1.767723e-03,1.394494e-02,5.760934e-05,1.482917e-03,1.075097e-02,5.087284e-05
