# rmse alpha/u,rmse phic/h,rmse h/r,spread alpha/u,spread phic/h,spread h/r
3.131927e-01,3.062881e-01,2.184269e-01,1.845160e-01,1.999864e-01,1.808796e-01
1.233356e-03,1.332642e-02,4.046708e-05,1.212383e-03,9.417796e-03,4.477243e-05
