# rmse alpha/u,rmse phic/h,rmse h/r,spread alpha/u,spread phic/h,spread h/r
4.066140e-03,3.620361e-01,8.392271e-03,2.011122e-01,2.284813e-01,1.938860e-01
8.740872e-04,7.084694e-03,9.521473e-05,7.443358e-04,5.762746e-03,1.612375e-05
