# rmse alpha/u,rmse phic/h,rmse h/r,spread alpha/u,spread phic/h,spread h/r
4.066140e-03,3.620361e-01,8.392271e-03,2.011122e-01,2.284813e-01,1.938860e-01
1.550662e-03,1.086127e-02,1.067325e-04,8.322739e-04,6.279149e-03,1.674071e-05
