# rmse alpha/u,rmse phic/h,rmse h/r,spread alpha/u,spread phic/h,spread h/r
4.066140e-03,3.620361e-01,8.392271e-03,2.011122e-01,2.284813e-01,1.938860e-01
1.685167e-03,9.166976e-03,8.367883e-05,8.172946e-04,6.208705e-03,1.704030e-05
