# rmse alpha/u,rmse phic/h,rmse h/r,spread alpha/u,spread phic/h,spread h/r
4.066140e-03,3.620361e-01,8.392271e-03,2.011122e-01,2.284813e-01,1.938860e-01
2.031464e-03,1.352250e-02,9.423336e-05,9.292578e-04,7.251181e-03,1.657461e-05
