# rmse alpha/u,rmse phic/h,rmse h/r,spread alpha/u,spread phic/h,spread h/r
4.066140e-03,3.620361e-01,8.392271e-03,2.011122e-01,2.284813e-01,1.938860e-01
7.638569e-04,6.267549e-03,8.701078e-05,7.225738e-04,5.564967e-03,1.518444e-05
