# rmse alpha/u,rmse phic/h,rmse h/r,spread alpha/u,spread phic/h,spread h/r
1.927512e-01,1.470033e-02,1.210833e-03,1.927996e-01,2.373932e-01,2.334187e-01
2.295030e-03,1.702665e-02,1.290676e-04,2.364013e-03,1.588949e-02,5.571271e-05
