# rmse alpha/u,rmse phic/h,rmse h/r,spread alpha/u,spread phic/h,spread h/r
1.927512e-01,1.470033e-02,1.210833e-03,1.927996e-01,2.373932e-01,2.334187e-01
3.132310e-03,2.463674e-02,1.100430e-04,2.412522e-03,1.690726e-02,4.673453e-05
