# rmse alpha/u,rmse phic/h,rmse h/r,spread alpha/u,spread phic/h,spread h/r
1.927512e-01,1.470033e-02,1.210833e-03,1.927996e-01,2.373932e-01,2.334187e-01
3.487684e-03,2.000365e-02,1.244105e-04,2.387859e-03,1.641489e-02,5.258159e-05
