# rmse alpha/u,rmse phic/h,rmse h/r,spread alpha/u,spread phic/h,spread h/r
1.927512e-01,1.470033e-02,1.210833e-03,1.927996e-01,2.373932e-01,2.334187e-01
4.909866e-03,2.717990e-02,9.969685e-05,2.662820e-03,1.672781e-02,4.821838e-05
