# rmse alpha/u,rmse phic/h,rmse h/r,spread alpha/u,spread phic/h,spread h/r
1.927512e-01,1.470033e-02,1.210833e-03,1.927996e-01,2.373932e-01,2.334187e-01
4.630344e-03,2.770704e-02,1.006060e-04,2.401931e-03,1.642438e-02,5.030880e-05
