# rmse alpha/u,rmse phic/h,rmse h/r,spread alpha/u,spread phic/h,spread h/r
3.602047e-01,2.171455e-01,9.665584e-02,1.271477e-01,9.796481e-02,8.046714e-02
3.140870e-03,1.700348e-02,4.366002e-05,2.665772e-03,1.838630e-02,4.103051e-05
