# rmse alpha/u,rmse phic/h,rmse h/r,spread alpha/u,spread phic/h,spread h/r
3.602047e-01,2.171455e-01,9.665584e-02,1.271477e-01,9.796481e-02,8.046714e-02
3.352478e-03,1.862327e-02,4.436322e-05,2.825533e-03,1.920751e-02,4.478612e-05
