# rmse alpha/u,rmse phic/h,rmse h/r,spread alpha/u,spread phic/h,spread h/r
3.602047e-01,2.171455e-01,9.665584e-02,1.271477e-01,9.796481e-02,8.046714e-02
3.227778e-03,2.022815e-02,4.716396e-05,2.782269e-03,2.034809e-02,4.747318e-05
