# rmse alpha/u,rmse phic/h,rmse h/r,spread alpha/u,spread phic/h,spread h/r
3.602047e-01,2.171455e-01,9.665584e-02,1.271477e-01,9.796481e-02,8.046714e-02
3.099180e-03,1.640807e-02,5.103203e-05,2.635981e-03,1.905835e-02,4.949290e-05
