# rmse alpha/u,rmse phic/h,rmse h/r,spread alpha/u,spread phic/h,spread h/r
3.602047e-01,2.171455e-01,9.665584e-02,1.271477e-01,9.796481e-02,8.046714e-02
2.593149e-03,1.578081e-02,5.204575e-05,2.667822e-03,1.812089e-02,4.701554e-05
