# rmse alpha/u,rmse phic/h,rmse h/r,spread alpha/u,spread phic/h,spread h/r
3.602047e-01,2.171455e-01,9.665584e-02,1.271477e-01,9.796481e-02,8.046714e-02
3.063380e-03,2.717590e-02,6.004311e-05,2.871553e-03,2.159824e-02,4.755981e-05
