# rmse alpha/u,rmse phic/h,rmse h/r,spread alpha/u,spread phic/h,spread h/r
3.602047e-01,2.171455e-01,9.665584e-02,1.271477e-01,9.796481e-02,8.046714e-02
2.319404e-03,1.505917e-02,4.377205e-05,2.137599e-03,1.525979e-02,4.413806e-05
