# rmse alpha/u,rmse phic/h,rmse h/r,spread alpha/u,spread phic/h,spread h/r
3.602047e-01,2.171455e-01,9.665584e-02,1.271477e-01,9.796481e-02,8.046714e-02
2.634059e-03,1.571018e-02,4.122755e-05,2.489510e-03,1.672202e-02,4.187359e-05
