# rmse alpha/u,rmse phic/h,rmse h/r,spread alpha/u,spread phic/h,spread h/r
4.145939e-01,1.009446e-01,4.648154e-01,1.656333e-01,2.287768e-01,1.567509e-01
5.291945e-03,2.984048e-02,4.780948e-05,3.830640e-03,2.854980e-02,4.411886e-05
