# rmse alpha/u,rmse phic/h,rmse h/r,spread alpha/u,spread phic/h,spread h/r
4.145939e-01,1.009446e-01,4.648154e-01,1.656333e-01,2.287768e-01,1.567509e-01
4.156595e-03,2.609077e-02,4.140895e-05,3.402561e-03,2.542651e-02,4.001957e-05
