# rmse alpha/u,rmse phic/h,rmse h/r,spread alpha/u,spread phic/h,spread h/r
4.145939e-01,1.009446e-01,4.648154e-01,1.656333e-01,2.287768e-01,1.567509e-01
3.649819e-03,2.090727e-02,4.037266e-05,2.438817e-03,1.775333e-02,2.926877e-05
