# rmse alpha/u,rmse phic/h,rmse h/r,spread alpha/u,spread phic/h,spread h/r
2.274741e-02,6.403855e-02,1.780333e-02,2.178019e-01,1.997102e-01,1.533221e-01
3.693822e-03,1.953718e-02,4.576333e-05,1.677749e-03,1.122742e-02,3.822679e-05
