# rmse alpha/u,rmse phic/h,rmse h/r,spread alpha/u,spread phic/h,spread h/r
2.274741e-02,6.403855e-02,1.780333e-02,2.178019e-01,1.997102e-01,1.533221e-01
4.090534e-03,3.084514e-02,4.601560e-05,2.116069e-03,1.528084e-02,4.307711e-05
