# rmse alpha/u,rmse phic/h,rmse h/r,spread alpha/u,spread phic/h,spread h/r
2.274741e-02,6.403855e-02,1.780333e-02,2.178019e-01,1.997102e-01,1.533221e-01
2.869592e-03,2.510462e-02,4.293300e-05,1.919290e-03,1.462692e-02,4.267179e-05
