# rmse alpha/u,rmse phic/h,rmse h/r,spread alpha/u,spread phic/h,spread h/r
2.274741e-02,6.403855e-02,1.780333e-02,2.178019e-01,1.997102e-01,1.533221e-01
3.048378e-03,2.044470e-02,4.855750e-05,2.053422e-03,1.509016e-02,4.333106e-05
