# rmse alpha/u,rmse phic/h,rmse h/r,spread alpha/u,spread phic/h,spread h/r
2.274741e-02,6.403855e-02,1.780333e-02,2.178019e-01,1.997102e-01,1.533221e-01
2.926550e-03,1.463301e-02,2.859364e-05,1.561277e-03,1.065308e-02,3.642093e-05
