# rmse alpha/u,rmse phic/h,rmse h/r,spread alpha/u,spread phic/h,spread h/r
2.200287e-04,1.194396e-02,1.581208e-03,1.002793e-01,7.120102e-02,7.133535e-02
8.719544e-04,6.574888e-03,2.271371e-05,8.630817e-04,6.833371e-03,5.124167e-05
