# rmse alpha/u,rmse phic/h,rmse h/r,spread alpha/u,spread phic/h,spread h/r
2.200287e-04,1.194396e-02,1.581208e-03,1.002793e-01,7.120102e-02,7.133535e-02
8.995800e-04,7.229526e-03,2.187305e-05,8.942036e-04,6.999436e-03,5.215171e-05
