# rmse alpha/u,rmse phic/h,rmse h/r,spread alpha/u,spread phic/h,spread h/r
2.200287e-04,1.194396e-02,1.581208e-03,1.002793e-01,7.120102e-02,7.133535e-02
8.962583e-04,7.325968e-03,2.201863e-05,9.193556e-04,7.124385e-03,5.377033e-05
