# rmse alpha/u,rmse phic/h,rmse h/r,spread alpha/u,spread phic/h,spread h/r
2.200287e-04,1.194396e-02,1.581208e-03,1.002793e-01,7.120102e-02,7.133535e-02
1.199651e-03,7.189030e-03,2.310074e-05,9.464709e-04,7.284134e-03,5.292228e-05
