# rmse alpha/u,rmse phic/h,rmse h/r,spread alpha/u,spread phic/h,spread h/r
2.200287e-04,1.194396e-02,1.581208e-03,1.002793e-01,7.120102e-02,7.133535e-02
8.821391e-04,6.485305e-03,2.307482e-05,8.832566e-04,6.662766e-03,5.060270e-05
