# rmse alpha/u,rmse phic/h,rmse h/r,spread alpha/u,spread phic/h,spread h/r
1.248580e-01,1.169431e-01,2.823824e-02,2.007666e-01,2.380345e-01,2.181955e-01
8.280522e-04,6.138391e-03,2.350517e-05,8.253536e-04,6.435153e-03,4.132460e-05
