# rmse alpha/u,rmse phic/h,rmse h/r,spread alpha/u,spread phic/h,spread h/r
1.248580e-01,1.169431e-01,2.823824e-02,2.007666e-01,2.380345e-01,2.181955e-01
7.803098e-04,5.987570e-03,2.545263e-05,7.672583e-04,5.992251e-03,3.889807e-05
