# rmse alpha/u,rmse phic/h,rmse h/r,spread alpha/u,spread phic/h,spread h/r
1.248580e-01,1.169431e-01,2.823824e-02,2.007666e-01,2.380345e-01,2.181955e-01
9.073681e-04,7.463369e-03,3.833718e-05,8.624420e-04,6.871887e-03,4.520123e-05
