# rmse alpha/u,rmse phic/h,rmse h/r,spread alpha/u,spread phic/h,spread h/r
1.248580e-01,1.169431e-01,2.823824e-02,2.007666e-01,2.380345e-01,2.181955e-01
8.491327e-04,6.425280e-03,2.782544e-05,8.468064e-04,6.688429e-03,4.174055e-05
