# rmse alpha/u,rmse phic/h,rmse h/r,spread alpha/u,spread phic/h,spread h/r
3.959270e-02,7.069941e-03,4.757285e-02,1.959093e-01,2.399371e-01,1.628594e-01
8.310979e-04,6.149548e-03,2.947070e-05,8.204148e-04,6.445068e-03,4.287297e-05
