# rmse alpha/u,rmse phic/h,rmse h/r,spread alpha/u,spread phic/h,spread h/r
3.959270e-02,7.069941e-03,4.757285e-02,1.959093e-01,2.399371e-01,1.628594e-01
1.462082e-03,8.304880e-03,2.433839e-05,1.006833e-03,7.188873e-03,3.897638e-05
