# rmse alpha/u,rmse phic/h,rmse h/r,spread alpha/u,spread phic/h,spread h/r
3.959270e-02,7.069941e-03,4.757285e-02,1.959093e-01,2.399371e-01,1.628594e-01
3.464980e-03,1.965579e-02,5.155919e-05,2.337102e-03,1.699422e-02,5.611424e-05
