# rmse alpha/u,rmse phic/h,rmse h/r,spread alpha/u,spread phic/h,spread h/r
3.959270e-02,7.069941e-03,4.757285e-02,1.959093e-01,2.399371e-01,1.628594e-01
3.489870e-03,2.521052e-02,7.217627e-05,1.802705e-03,1.381714e-02,5.659738e-05
