# rmse alpha/u,rmse phic/h,rmse h/r,spread alpha/u,spread phic/h,spread h/r
3.959270e-02,7.069941e-03,4.757285e-02,1.959093e-01,2.399371e-01,1.628594e-01
1.307263e-03,8.353716e-03,2.547190e-05,1.316616e-03,9.086376e-03,4.340816e-05
