# rmse alpha/u,rmse phic/h,rmse h/r,spread alpha/u,spread phic/h,spread h/r
2.889809e-03,5.169393e-02,2.689096e-02,8.201161e-02,8.871136e-02,8.370989e-02
8.043176e-04,6.418169e-03,2.402244e-05,7.697347e-04,5.907666e-03,3.305650e-05
