# rmse alpha/u,rmse phic/h,rmse h/r,spread alpha/u,spread phic/h,spread h/r
2.889809e-03,5.169393e-02,2.689096e-02,8.201161e-02,8.871136e-02,8.370989e-02
8.931766e-04,7.697993e-03,2.812126e-05,8.061484e-04,6.411592e-03,3.319961e-05
