# rmse alpha/u,rmse phic/h,rmse h/r,spread alpha/u,spread phic/h,spread h/r
2.889809e-03,5.169393e-02,2.689096e-02,8.201161e-02,8.871136e-02,8.370989e-02
8.371138e-04,6.903443e-03,2.655004e-05,7.831249e-04,6.269076e-03,3.437623e-05
