# rmse alpha/u,rmse phic/h,rmse h/r,spread alpha/u,spread phic/h,spread h/r
2.889809e-03,5.169393e-02,2.689096e-02,8.201161e-02,8.871136e-02,8.370989e-02
8.343648e-04,6.748750e-03,3.346200e-05,7.848070e-04,6.258121e-03,3.404801e-05
