# rmse alpha/u,rmse phic/h,rmse h/r,spread alpha/u,spread phic/h,spread h/r
2.889809e-03,5.169393e-02,2.689096e-02,8.201161e-02,8.871136e-02,8.370989e-02
8.431224e-04,6.508134e-03,2.875142e-05,7.767209e-04,6.239719e-03,3.344553e-05
