# rmse alpha/u,rmse phic/h,rmse h/r,spread alpha/u,spread phic/h,spread h/r
2.889809e-03,5.169393e-02,2.689096e-02,8.201161e-02,8.871136e-02,8.370989e-02
8.215754e-04,8.731729e-03,2.264433e-05,7.704133e-04,6.016634e-03,3.354934e-05
