# rmse alpha/u,rmse phic/h,rmse h/r,spread alpha/u,spread phic/h,spread h/r
3.083484e-02,9.159076e-02,8.196868e-02,1.388963e-01,2.270457e-01,2.292863e-01
4.063465e-03,2.862885e-02,4.229523e-05,2.566992e-03,1.957637e-02,4.779512e-05
