# rmse alpha/u,rmse phic/h,rmse h/r,spread alpha/u,spread phic/h,spread h/r
3.083484e-02,9.159076e-02,8.196868e-02,1.388963e-01,2.270457e-01,2.292863e-01
4.139877e-03,2.701035e-02,5.203253e-05,2.998988e-03,2.236268e-02,5.441987e-05
