# rmse alpha/u,rmse phic/h,rmse h/r,spread alpha/u,spread phic/h,spread h/r
3.083484e-02,9.159076e-02,8.196868e-02,1.388963e-01,2.270457e-01,2.292863e-01
4.445489e-03,3.140989e-02,6.070442e-05,2.875877e-03,2.341855e-02,5.422769e-05
