# rmse alpha/u,rmse phic/h,rmse h/r,spread alpha/u,spread phic/h,spread h/r
3.083484e-02,9.159076e-02,8.196868e-02,1.388963e-01,2.270457e-01,2.292863e-01
3.287739e-03,1.932449e-02,5.049170e-05,2.369911e-03,1.651273e-02,4.530475e-05
