# rmse alpha/u,rmse phic/h,rmse h/r,spread alpha/u,spread phic/h,spread h/r
3.083484e-02,9.159076e-02,8.196868e-02,1.388963e-01,2.270457e-01,2.292863e-01
4.500596e-03,3.171761e-02,4.547542e-05,3.334861e-03,2.347375e-02,4.796902e-05
