# rmse alpha/u,rmse phic/h,rmse h/r,spread alpha/u,spread phic/h,spread h/r
3.083484e-02,9.159076e-02,8.196868e-02,1.388963e-01,2.270457e-01,2.292863e-01
4.451431e-03,3.255235e-02,4.729145e-05,3.558862e-03,2.619672e-02,5.215365e-05
