# rmse alpha/u,rmse phic/h,rmse h/r,spread alpha/u,spread phic/h,spread h/r
3.083484e-02,9.159076e-02,8.196868e-02,1.388963e-01,2.270457e-01,2.292863e-01
3.348359e-03,2.222225e-02,5.380072e-05,3.291223e-03,2.350893e-02,5.273964e-05
