# rmse alpha/u,rmse phic/h,rmse h/r,spread alpha/u,spread phic/h,spread h/r
3.083484e-02,9.159076e-02,8.196868e-02,1.388963e-01,2.270457e-01,2.292863e-01
3.415281e-03,2.520556e-02,5.135489e-05,2.720277e-03,2.004017e-02,4.763445e-05
