# rmse alpha/u,rmse phic/h,rmse h/r,spread alpha/u,spread phic/h,spread h/r
3.083484e-02,9.159076e-02,8.196868e-02,1.388963e-01,2.270457e-01,2.292863e-01
3.487098e-03,3.036380e-02,6.333481e-05,2.963754e-03,2.209756e-02,5.325107e-05
