alpha,phi,h
0.600000,0.414750,0.562500
