# rmse alpha/u,rmse phic/h,rmse h/r,spread alpha/u,spread phic/h,spread h/r
3.420865e-01,2.028458e-01,2.589241e-01,1.247299e-01,2.016558e-01,1.417906e-01
2.554124e-03,1.917367e-02,3.288827e-05,1.758916e-03,1.222779e-02,2.150033e-05
