# rmse alpha/u,rmse phic/h,rmse h/r,spread alpha/u,spread phic/h,spread h/r
3.420865e-01,2.028458e-01,2.589241e-01,1.247299e-01,2.016558e-01,1.417906e-01
2.123607e-03,2.018613e-02,3.539918e-05,1.494987e-03,1.060947e-02,1.533350e-05
