# rmse alpha/u,rmse phic/h,rmse h/r,spread alpha/u,spread phic/h,spread h/r
3.420865e-01,2.028458e-01,2.589241e-01,1.247299e-01,2.016558e-01,1.417906e-01
3.597817e-03,1.882406e-02,3.740335e-05,1.942869e-03,1.401046e-02,2.792290e-05
