# rmse alpha/u,rmse phic/h,rmse h/r,spread alpha/u,spread phic/h,spread h/r
3.420865e-01,2.028458e-01,2.589241e-01,1.247299e-01,2.016558e-01,1.417906e-01
4.682528e-03,2.764252e-02,4.125339e-05,2.584028e-03,1.901745e-02,2.529368e-05
