# rmse alpha/u,rmse phic/h,rmse h/r,spread alpha/u,spread phic/h,spread h/r
1.360746e-02,8.203579e-02,5.925280e-04,1.667507e-01,2.098305e-01,2.093770e-01
2.729297e-03,1.646745e-02,5.353988e-05,1.217217e-03,8.654112e-03,3.747497e-05
