# rmse alpha/u,rmse phic/h,rmse h/r,spread alpha/u,spread phic/h,spread h/r
1.360746e-02,8.203579e-02,5.925280e-04,1.667507e-01,2.098305e-01,2.093770e-01
2.287978e-03,1.721564e-02,5.543958e-05,1.183233e-03,9.044693e-03,4.279117e-05
