# rmse alpha/u,rmse phic/h,rmse h/r,spread alpha/u,spread phic/h,spread h/r
1.360746e-02,8.203579e-02,5.925280e-04,1.667507e-01,2.098305e-01,2.093770e-01
8.920222e-04,7.012633e-03,4.207472e-05,8.335271e-04,6.627507e-03,4.076054e-05
