# rmse alpha/u,rmse phic/h,rmse h/r,spread alpha/u,spread phic/h,spread h/r
6.730816e-03,4.379954e-04,1.719263e-05,2.007018e-01,2.348895e-01,2.071683e-01
1.498925e-03,7.401447e-03,4.567739e-05,1.213297e-03,8.519111e-03,4.700927e-05
