# rmse alpha/u,rmse phic/h,rmse h/r,spread alpha/u,spread phic/h,spread h/r
6.730816e-03,4.379954e-04,1.719263e-05,2.007018e-01,2.348895e-01,2.071683e-01
2.178533e-03,1.014959e-02,3.889309e-05,1.704211e-03,1.185784e-02,4.408044e-05
