# rmse alpha/u,rmse phic/h,rmse h/r,spread alpha/u,spread phic/h,spread h/r
4.716210e-01,2.230977e-01,4.293836e-01,1.656333e-01,2.287768e-01,1.567509e-01
4.439149e-03,3.748079e-02,1.807005e-05,3.891947e-03,3.080753e-02,1.737240e-05
