# rmse alpha/u,rmse phic/h,rmse h/r,spread alpha/u,spread phic/h,spread h/r
4.716210e-01,2.230977e-01,4.293836e-01,1.656333e-01,2.287768e-01,1.567509e-01
5.973686e-03,3.627770e-02,1.873074e-05,4.186669e-03,3.464481e-02,2.047133e-05
