# rmse alpha/u,rmse phic/h,rmse h/r,spread alpha/u,spread phic/h,spread h/r
4.716210e-01,2.230977e-01,4.293836e-01,1.656333e-01,2.287768e-01,1.567509e-01
5.182338e-03,3.048460e-02,2.026630e-05,4.035894e-03,3.419827e-02,2.025548e-05
