# rmse alpha/u,rmse phic/h,rmse h/r,spread alpha/u,spread phic/h,spread h/r
4.716210e-01,2.230977e-01,4.293836e-01,1.656333e-01,2.287768e-01,1.567509e-01
6.077176e-03,4.097376e-02,1.888126e-05,4.204136e-03,3.429520e-02,1.585589e-05
