# rmse alpha/u,rmse phic/h,rmse h/r,spread alpha/u,spread phic/h,spread h/r
4.716210e-01,2.230977e-01,4.293836e-01,1.656333e-01,2.287768e-01,1.567509e-01
6.274165e-03,3.494918e-02,2.376224e-05,3.901795e-03,3.199706e-02,1.968435e-05
