# rmse alpha/u,rmse phic/h,rmse h/r,spread alpha/u,spread phic/h,spread h/r
4.716210e-01,2.230977e-01,4.293836e-01,1.656333e-01,2.287768e-01,1.567509e-01
4.252076e-03,3.347381e-02,2.148038e-05,3.630778e-03,2.770607e-02,1.853350e-05
