# rmse alpha/u,rmse phic/h,rmse h/r,spread alpha/u,spread phic/h,spread h/r
7.520896e-03,1.090770e-03,5.982000e-02,1.441459e-01,2.388479e-01,1.964571e-01
2.540115e-03,1.605366e-02,2.688504e-05,1.245562e-03,9.230395e-03,5.102477e-05
