# rmse alpha/u,rmse phic/h,rmse h/r,spread alpha/u,spread phic/h,spread h/r
7.520896e-03,1.090770e-03,5.982000e-02,1.441459e-01,2.388479e-01,1.964571e-01
3.862029e-03,2.942265e-02,4.397055e-05,1.480444e-03,1.067368e-02,5.366059e-05
