# rmse alpha/u,rmse phic/h,rmse h/r,spread alpha/u,spread phic/h,spread h/r
7.520896e-03,1.090770e-03,5.982000e-02,1.441459e-01,2.388479e-01,1.964571e-01
2.265838e-03,1.880866e-02,3.660114e-05,1.446846e-03,1.071943e-02,5.443251e-05
