# rmse alpha/u,rmse phic/h,rmse h/r,spread alpha/u,spread phic/h,spread h/r
7.520896e-03,1.090770e-03,5.982000e-02,1.441459e-01,2.388479e-01,1.964571e-01
1.479778e-03,9.530259e-03,2.896148e-05,1.135796e-03,7.911450e-03,4.944308e-05
