# rmse alpha/u,rmse phic/h,rmse h/r,spread alpha/u,spread phic/h,spread h/r
7.520896e-03,1.090770e-03,5.982000e-02,1.441459e-01,2.388479e-01,1.964571e-01
1.544602e-03,8.923987e-03,2.309932e-05,1.306605e-03,9.434898e-03,4.948834e-05
