# rmse alpha/u,rmse phic/h,rmse h/r,spread alpha/u,spread phic/h,spread h/r
7.520896e-03,1.090770e-03,5.982000e-02,1.441459e-01,2.388479e-01,1.964571e-01
2.060195e-03,1.305932e-02,2.872751e-05,1.614188e-03,1.189434e-02,5.231812e-05
