# rmse alpha/u,rmse phic/h,rmse h/r,spread alpha/u,spread phic/h,spread h/r
3.289852e-01,6.430976e-01,5.708487e-01,1.973023e-01,1.840877e-01,1.996707e-01
3.102485e-03,2.219187e-02,4.350607e-05,1.791777e-03,1.216713e-02,2.774480e-05
