# rmse alpha/u,rmse phic/h,rmse h/r,spread alpha/u,spread phic/h,spread h/r
1.931763e-01,2.714520e-01,2.774811e-01,1.707815e-01,2.474082e-01,2.099927e-01
2.729408e-03,1.754885e-02,3.242130e-05,1.479925e-03,9.867876e-03,4.286998e-05
