# rmse alpha/u,rmse phic/h,rmse h/r,spread alpha/u,spread phic/h,spread h/r
1.931763e-01,2.714520e-01,2.774811e-01,1.707815e-01,2.474082e-01,2.099927e-01
1.914586e-03,1.664522e-02,4.227530e-05,1.430554e-03,1.010340e-02,4.720629e-05
