# rmse alpha/u,rmse phic/h,rmse h/r,spread alpha/u,spread phic/h,spread h/r
1.520537e-01,1.043948e-01,7.817359e-02,2.218491e-01,2.339336e-01,2.315158e-01
4.189502e-03,2.808688e-02,6.241718e-05,2.955284e-03,2.207297e-02,5.144365e-05
