# rmse alpha/u,rmse phic/h,rmse h/r,spread alpha/u,spread phic/h,spread h/r
1.520537e-01,1.043948e-01,7.817359e-02,2.218491e-01,2.339336e-01,2.315158e-01
4.033190e-03,3.026429e-02,7.040501e-05,2.223729e-03,1.587881e-02,4.542244e-05
