# rmse alpha/u,rmse phic/h,rmse h/r,spread alpha/u,spread phic/h,spread h/r
2.847416e-02,2.883019e-03,1.136463e-02,2.090712e-01,2.223222e-01,1.998923e-01
3.996206e-03,2.875603e-02,6.469707e-05,2.519871e-03,1.927361e-02,5.901230e-05
