# rmse alpha/u,rmse phic/h,rmse h/r,spread alpha/u,spread phic/h,spread h/r
2.847416e-02,2.883019e-03,1.136463e-02,2.090712e-01,2.223222e-01,1.998923e-01
3.326378e-03,2.308769e-02,5.546541e-05,2.870038e-03,2.165463e-02,6.328104e-05
