# rmse alpha/u,rmse phic/h,rmse h/r,spread alpha/u,spread phic/h,spread h/r
2.847416e-02,2.883019e-03,1.136463e-02,2.090712e-01,2.223222e-01,1.998923e-01
2.924881e-03,2.232742e-02,6.712243e-05,3.050729e-03,2.197402e-02,5.815952e-05
