# rmse alpha/u,rmse phic/h,rmse h/r,spread alpha/u,spread phic/h,spread h/r
2.847416e-02,2.883019e-03,1.136463e-02,2.090712e-01,2.223222e-01,1.998923e-01
3.039101e-03,2.321687e-02,5.642924e-05,2.416254e-03,1.641883e-02,5.341361e-05
