# rmse alpha/u,rmse phic/h,rmse h/r,spread alpha/u,spread phic/h,spread h/r
2.847416e-02,2.883019e-03,1.136463e-02,2.090712e-01,2.223222e-01,1.998923e-01
2.924333e-03,1.162072e-02,5.218525e-05,2.018308e-03,1.348421e-02,5.092297e-05
