# rmse alpha/u,rmse phic/h,rmse h/r,spread alpha/u,spread phic/h,spread h/r
2.847416e-02,2.883019e-03,1.136463e-02,2.090712e-01,2.223222e-01,1.998923e-01
4.881494e-03,2.286727e-02,4.607655e-05,2.706012e-03,1.836048e-02,5.389100e-05
