# rmse alpha/u,rmse phic/h,rmse h/r,spread alpha/u,spread phic/h,spread h/r
2.847416e-02,2.883019e-03,1.136463e-02,2.090712e-01,2.223222e-01,1.998923e-01
3.391868e-03,2.156604e-02,4.020093e-05,1.862862e-03,1.232183e-02,4.702769e-05
