# rmse alpha/u,rmse phic/h,rmse h/r,spread alpha/u,spread phic/h,spread h/r
3.667030e-01,2.460422e-01,2.276787e-01,1.909684e-01,2.207097e-01,2.003914e-01
4.676184e-03,2.906539e-02,4.335150e-05,2.438798e-03,1.724448e-02,3.723175e-05
