# rmse alpha/u,rmse phic/h,rmse h/r,spread alpha/u,spread phic/h,spread h/r
3.667030e-01,2.460422e-01,2.276787e-01,1.909684e-01,2.207097e-01,2.003914e-01
4.600611e-03,2.482179e-02,4.213835e-05,2.834589e-03,2.030165e-02,3.764948e-05
