# rmse alpha/u,rmse phic/h,rmse h/r,spread alpha/u,spread phic/h,spread h/r
3.667030e-01,2.460422e-01,2.276787e-01,1.909684e-01,2.207097e-01,2.003914e-01
4.651999e-03,2.889610e-02,6.648038e-05,2.336062e-03,1.584205e-02,4.325683e-05
