# rmse alpha/u,rmse phic/h,rmse h/r,spread alpha/u,spread phic/h,spread h/r
3.667030e-01,2.460422e-01,2.276787e-01,1.909684e-01,2.207097e-01,2.003914e-01
4.721510e-03,2.461788e-02,5.136987e-05,1.949066e-03,1.344942e-02,3.772421e-05
