# rmse alpha/u,rmse phic/h,rmse h/r,spread alpha/u,spread phic/h,spread h/r
3.667030e-01,2.460422e-01,2.276787e-01,1.909684e-01,2.207097e-01,2.003914e-01
4.433382e-03,2.155419e-02,5.349359e-05,2.884769e-03,1.996001e-02,3.910606e-05
