# rmse alpha/u,rmse phic/h,rmse h/r,spread alpha/u,spread phic/h,spread h/r
1.523074e-02,1.261079e-01,4.556401e-01,1.647172e-01,2.045747e-01,1.678027e-01
2.081814e-03,1.756112e-02,5.120045e-05,1.280585e-03,9.184313e-03,2.924786e-05
