# rmse alpha/u,rmse phic/h,rmse h/r,spread alpha/u,spread phic/h,spread h/r
1.523074e-02,1.261079e-01,4.556401e-01,1.647172e-01,2.045747e-01,1.678027e-01
1.635479e-03,9.585582e-03,4.749211e-05,1.007168e-03,7.345830e-03,2.594835e-05
