# rmse alpha/u,rmse phic/h,rmse h/r,spread alpha/u,spread phic/h,spread h/r
1.523074e-02,1.261079e-01,4.556401e-01,1.647172e-01,2.045747e-01,1.678027e-01
1.577451e-03,8.873673e-03,4.852115e-05,1.099279e-03,7.719441e-03,2.633064e-05
