# rmse alpha/u,rmse phic/h,rmse h/r,spread alpha/u,spread phic/h,spread h/r
1.523074e-02,1.261079e-01,4.556401e-01,1.647172e-01,2.045747e-01,1.678027e-01
4.307467e-03,2.912755e-02,5.237492e-05,1.387395e-03,9.774169e-03,2.673018e-05
