# rmse alpha/u,rmse phic/h,rmse h/r,spread alpha/u,spread phic/h,spread h/r
1.523074e-02,1.261079e-01,4.556401e-01,1.647172e-01,2.045747e-01,1.678027e-01
2.551761e-03,1.438534e-02,4.525858e-05,1.226734e-03,8.261103e-03,2.625040e-05
