# rmse alpha/u,rmse phic/h,rmse h/r,spread alpha/u,spread phic/h,spread h/r
1.523074e-02,1.261079e-01,4.556401e-01,1.647172e-01,2.045747e-01,1.678027e-01
2.972816e-03,1.486191e-02,4.568000e-05,1.192436e-03,8.509896e-03,2.783363e-05
