# rmse alpha/u,rmse phic/h,rmse h/r,spread alpha/u,spread phic/h,spread h/r
1.523074e-02,1.261079e-01,4.556401e-01,1.647172e-01,2.045747e-01,1.678027e-01
2.210914e-03,1.392450e-02,4.533444e-05,1.041525e-03,7.689772e-03,2.373632e-05
