# rmse alpha/u,rmse phic/h,rmse h/r,spread alpha/u,spread phic/h,spread h/r
2.967815e-02,2.652711e-01,5.081828e-01,1.724500e-01,2.357833e-01,1.626367e-01
4.142755e-03,2.932573e-02,2.878186e-05,3.386520e-03,2.542361e-02,1.421310e-05
