# rmse alpha/u,rmse phic/h,rmse h/r,spread alpha/u,spread phic/h,spread h/r
2.967815e-02,2.652711e-01,5.081828e-01,1.724500e-01,2.357833e-01,1.626367e-01
5.146785e-03,3.588170e-02,3.073013e-05,3.424771e-03,2.698483e-02,1.375391e-05
