# rmse alpha/u,rmse phic/h,rmse h/r,spread alpha/u,spread phic/h,spread h/r
2.967815e-02,2.652711e-01,5.081828e-01,1.724500e-01,2.357833e-01,1.626367e-01
5.334284e-03,3.563576e-02,3.527993e-05,3.267735e-03,2.376128e-02,1.791362e-05
