# rmse alpha/u,rmse phic/h,rmse h/r,spread alpha/u,spread phic/h,spread h/r
1.649503e-01,3.193793e-01,3.264697e-01,1.644124e-01,2.249974e-01,2.310334e-01
4.226378e-03,3.274281e-02,6.618083e-05,2.685216e-03,2.106673e-02,5.285134e-05
