# rmse alpha/u,rmse phic/h,rmse h/r,spread alpha/u,spread phic/h,spread h/r
1.649503e-01,3.193793e-01,3.264697e-01,1.644124e-01,2.249974e-01,2.310334e-01
4.368804e-03,3.405269e-02,6.780207e-05,2.419677e-03,1.986208e-02,5.168140e-05
