# rmse alpha/u,rmse phic/h,rmse h/r,spread alpha/u,spread phic/h,spread h/r
1.649503e-01,3.193793e-01,3.264697e-01,1.644124e-01,2.249974e-01,2.310334e-01
2.511397e-03,1.555329e-02,4.860507e-05,2.352108e-03,1.685327e-02,4.486807e-05
