# rmse alpha/u,rmse phic/h,rmse h/r,spread alpha/u,spread phic/h,spread h/r
1.649503e-01,3.193793e-01,3.264697e-01,1.644124e-01,2.249974e-01,2.310334e-01
2.352569e-03,1.826862e-02,4.628457e-05,2.533771e-03,1.775345e-02,4.572855e-05
