# rmse alpha/u,rmse phic/h,rmse h/r,spread alpha/u,spread phic/h,spread h/r
1.649503e-01,3.193793e-01,3.264697e-01,1.644124e-01,2.249974e-01,2.310334e-01
3.511017e-03,2.298214e-02,5.526801e-05,2.941030e-03,2.107672e-02,5.198062e-05
