# rmse alpha/u,rmse phic/h,rmse h/r,spread alpha/u,spread phic/h,spread h/r
1.649503e-01,3.193793e-01,3.264697e-01,1.644124e-01,2.249974e-01,2.310334e-01
4.841651e-03,2.648498e-02,6.353067e-05,2.891841e-03,2.195606e-02,5.173045e-05
