# rmse alpha/u,rmse phic/h,rmse h/r,spread alpha/u,spread phic/h,spread h/r
1.649503e-01,3.193793e-01,3.264697e-01,1.644124e-01,2.249974e-01,2.310334e-01
3.008782e-03,1.603267e-02,5.420149e-05,1.853267e-03,1.288343e-02,4.391446e-05
