# rmse alpha/u,rmse phic/h,rmse h/r,spread alpha/u,spread phic/h,spread h/r
3.152012e-01,5.671711e-02,1.195261e-03,1.982756e-01,1.909562e-01,1.621428e-01
9.775396e-04,7.247572e-03,1.166754e-04,9.374976e-04,7.062425e-03,2.966033e-05
