# rmse alpha/u,rmse phic/h,rmse h/r,spread alpha/u,spread phic/h,spread h/r
3.152012e-01,5.671711e-02,1.195261e-03,1.982756e-01,1.909562e-01,1.621428e-01
9.052281e-04,7.040534e-03,1.173349e-04,8.313603e-04,6.415077e-03,2.707117e-05
