# rmse alpha/u,rmse phic/h,rmse h/r,spread alpha/u,spread phic/h,spread h/r
3.152012e-01,5.671711e-02,1.195261e-03,1.982756e-01,1.909562e-01,1.621428e-01
9.964006e-04,7.544611e-03,1.237410e-04,8.161709e-04,6.270343e-03,2.540038e-05
