# rmse alpha/u,rmse phic/h,rmse h/r,spread alpha/u,spread phic/h,spread h/r
3.152012e-01,5.671711e-02,1.195261e-03,1.982756e-01,1.909562e-01,1.621428e-01
8.408993e-04,6.418015e-03,1.248149e-04,8.330495e-04,6.444484e-03,2.611292e-05
