# rmse alpha/u,rmse phic/h,rmse h/r,spread alpha/u,spread phic/h,spread h/r
3.152012e-01,5.671711e-02,1.195261e-03,1.982756e-01,1.909562e-01,1.621428e-01
9.363435e-04,7.957800e-03,1.218788e-04,8.468486e-04,6.578934e-03,2.771292e-05
