# rmse alpha/u,rmse phic/h,rmse h/r,spread alpha/u,spread phic/h,spread h/r
3.152012e-01,5.671711e-02,1.195261e-03,1.982756e-01,1.909562e-01,1.621428e-01
9.449498e-04,7.264364e-03,1.315344e-04,8.376983e-04,6.732672e-03,2.886325e-05
