# rmse alpha/u,rmse phic/h,rmse h/r,spread alpha/u,spread phic/h,spread h/r
3.152012e-01,5.671711e-02,1.195261e-03,1.982756e-01,1.909562e-01,1.621428e-01
8.658434e-04,6.650970e-03,1.421214e-04,8.317890e-04,6.241757e-03,2.417022e-05
