# rmse alpha/u,rmse phic/h,rmse h/r,spread alpha/u,spread phic/h,spread h/r
3.225060e-04,2.794409e-01,3.522850e-03,2.007018e-01,2.348895e-01,2.071683e-01
2.012316e-03,1.346525e-02,4.420886e-05,1.417813e-03,1.018459e-02,3.864418e-05
