# rmse alpha/u,rmse phic/h,rmse h/r,spread alpha/u,spread phic/h,spread h/r
3.225060e-04,2.794409e-01,3.522850e-03,2.007018e-01,2.348895e-01,2.071683e-01
1.813292e-03,1.344692e-02,5.130900e-05,1.299610e-03,9.691962e-03,4.006842e-05
