# rmse alpha/u,rmse phic/h,rmse h/r,spread alpha/u,spread phic/h,spread h/r
3.225060e-04,2.794409e-01,3.522850e-03,2.007018e-01,2.348895e-01,2.071683e-01
8.567323e-04,6.682686e-03,4.783630e-05,8.507953e-04,6.626604e-03,3.541693e-05
