# rmse alpha/u,rmse phic/h,rmse h/r,spread alpha/u,spread phic/h,spread h/r
3.225060e-04,2.794409e-01,3.522850e-03,2.007018e-01,2.348895e-01,2.071683e-01
8.726926e-04,6.737436e-03,3.232085e-05,8.494649e-04,6.548149e-03,3.374579e-05
