# rmse alpha/u,rmse phic/h,rmse h/r,spread alpha/u,spread phic/h,spread h/r
3.225060e-04,2.794409e-01,3.522850e-03,2.007018e-01,2.348895e-01,2.071683e-01
1.359986e-03,8.251908e-03,2.949860e-05,9.102812e-04,6.883748e-03,3.536310e-05
