# rmse alpha/u,rmse phic/h,rmse h/r,spread alpha/u,spread phic/h,spread h/r
3.225060e-04,2.794409e-01,3.522850e-03,2.007018e-01,2.348895e-01,2.071683e-01
9.058557e-04,7.093011e-03,3.570646e-05,9.142322e-04,6.947535e-03,3.725780e-05
