# rmse alpha/u,rmse phic/h,rmse h/r,spread alpha/u,spread phic/h,spread h/r
1.316320e-01,2.498871e-01,2.383848e-01,1.299348e-01,2.150264e-01,2.163768e-01
8.284538e-04,6.844179e-03,2.784320e-05,7.678439e-04,6.097849e-03,3.939780e-05
