# rmse alpha/u,rmse phic/h,rmse h/r,spread alpha/u,spread phic/h,spread h/r
1.316320e-01,2.498871e-01,2.383848e-01,1.299348e-01,2.150264e-01,2.163768e-01
9.109883e-04,7.963777e-03,4.329571e-05,8.342883e-04,6.565753e-03,4.095985e-05
