# rmse alpha/u,rmse phic/h,rmse h/r,spread alpha/u,spread phic/h,spread h/r
1.316320e-01,2.498871e-01,2.383848e-01,1.299348e-01,2.150264e-01,2.163768e-01
8.501257e-04,7.419472e-03,4.310259e-05,8.107365e-04,6.443562e-03,4.004510e-05
