# rmse alpha/u,rmse phic/h,rmse h/r,spread alpha/u,spread phic/h,spread h/r
1.316320e-01,2.498871e-01,2.383848e-01,1.299348e-01,2.150264e-01,2.163768e-01
8.292228e-04,6.164842e-03,2.907115e-05,7.606554e-04,6.024418e-03,4.003302e-05
