# rmse alpha/u,rmse phic/h,rmse h/r,spread alpha/u,spread phic/h,spread h/r
1.316320e-01,2.498871e-01,2.383848e-01,1.299348e-01,2.150264e-01,2.163768e-01
7.757903e-04,6.147767e-03,2.927442e-05,7.461462e-04,5.878091e-03,4.083454e-05
