# rmse alpha/u,rmse phic/h,rmse h/r,spread alpha/u,spread phic/h,spread h/r
1.316320e-01,2.498871e-01,2.383848e-01,1.299348e-01,2.150264e-01,2.163768e-01
8.529316e-04,6.622442e-03,3.679198e-05,7.829514e-04,6.234719e-03,4.123813e-05
