# rmse alpha/u,rmse phic/h,rmse h/r,spread alpha/u,spread phic/h,spread h/r
1.316320e-01,2.498871e-01,2.383848e-01,1.299348e-01,2.150264e-01,2.163768e-01
8.957451e-04,7.620437e-03,3.351501e-05,8.628094e-04,6.714299e-03,4.017297e-05
