# rmse alpha/u,rmse phic/h,rmse h/r,spread alpha/u,spread phic/h,spread h/r
3.687727e-02,2.206102e-01,3.034587e-01,2.178019e-01,1.997102e-01,1.533221e-01
4.351175e-03,2.366214e-02,3.868360e-05,2.422334e-03,1.831013e-02,3.276679e-05
