# rmse alpha/u,rmse phic/h,rmse h/r,spread alpha/u,spread phic/h,spread h/r
3.687727e-02,2.206102e-01,3.034587e-01,2.178019e-01,1.997102e-01,1.533221e-01
4.423969e-03,2.957599e-02,4.498683e-05,2.734425e-03,2.040175e-02,3.804708e-05
