# rmse alpha/u,rmse phic/h,rmse h/r,spread alpha/u,spread phic/h,spread h/r
3.687727e-02,2.206102e-01,3.034587e-01,2.178019e-01,1.997102e-01,1.533221e-01
3.229587e-03,1.948296e-02,3.634592e-05,2.478473e-03,1.729594e-02,3.372414e-05
