# rmse alpha/u,rmse phic/h,rmse h/r,spread alpha/u,spread phic/h,spread h/r
3.687727e-02,2.206102e-01,3.034587e-01,2.178019e-01,1.997102e-01,1.533221e-01
3.414410e-03,2.394214e-02,4.645017e-05,2.643948e-03,1.957295e-02,4.081382e-05
