# rmse alpha/u,rmse phic/h,rmse h/r,spread alpha/u,spread phic/h,spread h/r
3.687727e-02,2.206102e-01,3.034587e-01,2.178019e-01,1.997102e-01,1.533221e-01
3.777343e-03,2.302932e-02,4.804366e-05,2.188564e-03,1.578665e-02,3.606559e-05
