# rmse alpha/u,rmse phic/h,rmse h/r,spread alpha/u,spread phic/h,spread h/r
3.687727e-02,2.206102e-01,3.034587e-01,2.178019e-01,1.997102e-01,1.533221e-01
3.931972e-03,2.121648e-02,3.825230e-05,2.136137e-03,1.514200e-02,3.551481e-05
