# rmse alpha/u,rmse phic/h,rmse h/r,spread alpha/u,spread phic/h,spread h/r
3.687727e-02,2.206102e-01,3.034587e-01,2.178019e-01,1.997102e-01,1.533221e-01
2.570448e-03,1.482315e-02,3.605753e-05,2.293263e-03,1.681106e-02,3.687798e-05
