# rmse alpha/u,rmse phic/h,rmse h/r,spread alpha/u,spread phic/h,spread h/r
3.687727e-02,2.206102e-01,3.034587e-01,2.178019e-01,1.997102e-01,1.533221e-01
2.710924e-03,1.271279e-02,2.690895e-05,1.815417e-03,1.134104e-02,2.739521e-05
