# rmse alpha/u,rmse phic/h,rmse h/r,spread alpha/u,spread phic/h,spread h/r
6.369198e-02,4.939031e-02,1.264724e-01,2.086783e-01,2.454548e-01,2.107585e-01
3.982685e-03,3.864277e-02,1.027506e-04,2.717200e-03,2.254610e-02,6.569484e-05
