# rmse alpha/u,rmse phic/h,rmse h/r,spread alpha/u,spread phic/h,spread h/r
6.369198e-02,4.939031e-02,1.264724e-01,2.086783e-01,2.454548e-01,2.107585e-01
3.957564e-03,2.991483e-02,5.824205e-05,3.060014e-03,2.144187e-02,5.225101e-05
