# rmse alpha/u,rmse phic/h,rmse h/r,spread alpha/u,spread phic/h,spread h/r
6.369198e-02,4.939031e-02,1.264724e-01,2.086783e-01,2.454548e-01,2.107585e-01
3.729667e-03,2.652779e-02,7.404858e-05,3.067274e-03,2.275423e-02,6.066144e-05
