# rmse alpha/u,rmse phic/h,rmse h/r,spread alpha/u,spread phic/h,spread h/r
6.369198e-02,4.939031e-02,1.264724e-01,2.086783e-01,2.454548e-01,2.107585e-01
4.843623e-03,2.846052e-02,6.131868e-05,2.892700e-03,1.900507e-02,5.283107e-05
