# rmse alpha/u,rmse phic/h,rmse h/r,spread alpha/u,spread phic/h,spread h/r
6.369198e-02,4.939031e-02,1.264724e-01,2.086783e-01,2.454548e-01,2.107585e-01
4.392810e-03,2.835644e-02,7.374737e-05,2.689433e-03,1.901088e-02,6.034460e-05
