# rmse alpha/u,rmse phic/h,rmse h/r,spread alpha/u,spread phic/h,spread h/r
6.369198e-02,4.939031e-02,1.264724e-01,2.086783e-01,2.454548e-01,2.107585e-01
3.381318e-03,2.553162e-02,5.611163e-05,2.414827e-03,1.754611e-02,5.190916e-05
