# rmse alpha/u,rmse phic/h,rmse h/r,spread alpha/u,spread phic/h,spread h/r
7.656450e-02,2.355352e-05,1.639451e-02,2.064415e-01,2.367376e-01,2.016676e-01
2.877405e-03,2.185766e-02,5.430035e-05,2.621228e-03,1.976758e-02,6.328203e-05
