# rmse alpha/u,rmse phic/h,rmse h/r,spread alpha/u,spread phic/h,spread h/r
7.656450e-02,2.355352e-05,1.639451e-02,2.064415e-01,2.367376e-01,2.016676e-01
2.455233e-03,2.033711e-02,5.887028e-05,2.160760e-03,1.619368e-02,6.082810e-05
