# rmse alpha/u,rmse phic/h,rmse h/r,spread alpha/u,spread phic/h,spread h/r
7.656450e-02,2.355352e-05,1.639451e-02,2.064415e-01,2.367376e-01,2.016676e-01
1.592860e-03,1.303003e-02,5.784530e-05,1.734627e-03,1.221312e-02,5.484711e-05
