# rmse alpha/u,rmse phic/h,rmse h/r,spread alpha/u,spread phic/h,spread h/r
7.656450e-02,2.355352e-05,1.639451e-02,2.064415e-01,2.367376e-01,2.016676e-01
1.943293e-03,1.006964e-02,3.951493e-05,1.274825e-03,9.089479e-03,5.112437e-05
