# rmse alpha/u,rmse phic/h,rmse h/r,spread alpha/u,spread phic/h,spread h/r
7.656450e-02,2.355352e-05,1.639451e-02,2.064415e-01,2.367376e-01,2.016676e-01
1.721578e-03,1.032145e-02,4.015428e-05,1.738710e-03,1.217739e-02,4.893601e-05
