# rmse alpha/u,rmse phic/h,rmse h/r,spread alpha/u,spread phic/h,spread h/r
2.672033e-02,2.383677e-02,2.998339e-01,2.178019e-01,1.997102e-01,1.533221e-01
3.335063e-03,1.928351e-02,5.863036e-05,2.084959e-03,1.398910e-02,4.217795e-05
