# rmse alpha/u,rmse phic/h,rmse h/r,spread alpha/u,spread phic/h,spread h/r
2.672033e-02,2.383677e-02,2.998339e-01,2.178019e-01,1.997102e-01,1.533221e-01
2.396435e-03,1.580713e-02,5.678759e-05,1.722610e-03,1.150838e-02,3.896188e-05
