# rmse alpha/u,rmse phic/h,rmse h/r,spread alpha/u,spread phic/h,spread h/r
2.672033e-02,2.383677e-02,2.998339e-01,2.178019e-01,1.997102e-01,1.533221e-01
1.359791e-03,8.798839e-03,3.556701e-05,1.300905e-03,8.932235e-03,3.657345e-05
