# rmse alpha/u,rmse phic/h,rmse h/r,spread alpha/u,spread phic/h,spread h/r
2.672033e-02,2.383677e-02,2.998339e-01,2.178019e-01,1.997102e-01,1.533221e-01
1.642743e-03,8.584260e-03,3.306704e-05,1.402255e-03,9.578571e-03,3.936117e-05
