# rmse alpha/u,rmse phic/h,rmse h/r,spread alpha/u,spread phic/h,spread h/r
2.672033e-02,2.383677e-02,2.998339e-01,2.178019e-01,1.997102e-01,1.533221e-01
2.041090e-03,1.290035e-02,4.073912e-05,1.874185e-03,1.225240e-02,4.144423e-05
