# rmse alpha/u,rmse phic/h,rmse h/r,spread alpha/u,spread phic/h,spread h/r
2.672033e-02,2.383677e-02,2.998339e-01,2.178019e-01,1.997102e-01,1.533221e-01
1.570296e-03,9.616014e-03,3.776380e-05,1.569543e-03,1.085453e-02,3.942309e-05
