# rmse alpha/u,rmse phic/h,rmse h/r,spread alpha/u,spread phic/h,spread h/r
2.672033e-02,2.383677e-02,2.998339e-01,2.178019e-01,1.997102e-01,1.533221e-01
2.071756e-03,1.333272e-02,3.475706e-05,1.548515e-03,1.085986e-02,3.609848e-05
