# rmse alpha/u,rmse phic/h,rmse h/r,spread alpha/u,spread phic/h,spread h/r
2.672033e-02,2.383677e-02,2.998339e-01,2.178019e-01,1.997102e-01,1.533221e-01
2.276029e-03,1.058070e-02,3.664778e-05,1.415463e-03,9.697927e-03,3.367870e-05
