# rmse alpha/u,rmse phic/h,rmse h/r,spread alpha/u,spread phic/h,spread h/r
2.672033e-02,2.383677e-02,2.998339e-01,2.178019e-01,1.997102e-01,1.533221e-01
1.794851e-03,1.302057e-02,3.312396e-05,1.439876e-03,1.001461e-02,3.416468e-05
