# rmse alpha/u,rmse phic/h,rmse h/r,spread alpha/u,spread phic/h,spread h/r
1.901844e-01,1.743135e-01,5.130386e-02,1.286005e-01,1.285432e-01,5.110691e-02
8.882536e-04,7.244995e-03,2.758331e-05,8.612434e-04,6.870880e-03,4.462540e-05
