# rmse alpha/u,rmse phic/h,rmse h/r,spread alpha/u,spread phic/h,spread h/r
1.901844e-01,1.743135e-01,5.130386e-02,1.286005e-01,1.285432e-01,5.110691e-02
1.023826e-03,7.293580e-03,2.239115e-05,8.860726e-04,6.820803e-03,4.402216e-05
