# rmse alpha/u,rmse phic/h,rmse h/r,spread alpha/u,spread phic/h,spread h/r
1.901844e-01,1.743135e-01,5.130386e-02,1.286005e-01,1.285432e-01,5.110691e-02
7.858303e-04,6.074923e-03,1.723757e-05,7.719854e-04,5.943264e-03,4.160228e-05
