# rmse alpha/u,rmse phic/h,rmse h/r,spread alpha/u,spread phic/h,spread h/r
1.146635e-01,7.471950e-02,4.229327e-02,2.023553e-01,2.179419e-01,1.846760e-01
3.766173e-03,2.838710e-02,6.695132e-05,2.534139e-03,1.787597e-02,4.995204e-05
