# rmse alpha/u,rmse phic/h,rmse h/r,spread alpha/u,spread phic/h,spread h/r
1.146635e-01,7.471950e-02,4.229327e-02,2.023553e-01,2.179419e-01,1.846760e-01
4.330680e-03,3.066373e-02,5.658004e-05,3.166008e-03,2.261984e-02,5.244274e-05
