# rmse alpha/u,rmse phic/h,rmse h/r,spread alpha/u,spread phic/h,spread h/r
1.146635e-01,7.471950e-02,4.229327e-02,2.023553e-01,2.179419e-01,1.846760e-01
4.710098e-03,4.278424e-02,7.953425e-05,3.814718e-03,2.961598e-02,5.851562e-05
