# rmse alpha/u,rmse phic/h,rmse h/r,spread alpha/u,spread phic/h,spread h/r
1.146635e-01,7.471950e-02,4.229327e-02,2.023553e-01,2.179419e-01,1.846760e-01
4.240846e-03,4.384780e-02,9.145159e-05,3.531079e-03,2.650134e-02,5.535734e-05
