# rmse alpha/u,rmse phic/h,rmse h/r,spread alpha/u,spread phic/h,spread h/r
1.146635e-01,7.471950e-02,4.229327e-02,2.023553e-01,2.179419e-01,1.846760e-01
5.430836e-03,3.480126e-02,6.935598e-05,3.911118e-03,2.982372e-02,5.803755e-05
