# rmse alpha/u,rmse phic/h,rmse h/r,spread alpha/u,spread phic/h,spread h/r
1.146635e-01,7.471950e-02,4.229327e-02,2.023553e-01,2.179419e-01,1.846760e-01
4.112641e-03,2.885033e-02,6.460605e-05,3.524113e-03,2.625908e-02,5.505021e-05
