# rmse alpha/u,rmse phic/h,rmse h/r,spread alpha/u,spread phic/h,spread h/r
1.146635e-01,7.471950e-02,4.229327e-02,2.023553e-01,2.179419e-01,1.846760e-01
4.012927e-03,3.073995e-02,6.710555e-05,3.075419e-03,2.184553e-02,4.338109e-05
