# rmse alpha/u,rmse phic/h,rmse h/r,spread alpha/u,spread phic/h,spread h/r
1.146635e-01,7.471950e-02,4.229327e-02,2.023553e-01,2.179419e-01,1.846760e-01
3.603251e-03,2.777862e-02,7.536439e-05,2.371187e-03,1.844212e-02,4.465657e-05
