# rmse alpha/u,rmse phic/h,rmse h/r,spread alpha/u,spread phic/h,spread h/r
1.146635e-01,7.471950e-02,4.229327e-02,2.023553e-01,2.179419e-01,1.846760e-01
2.645132e-03,2.229050e-02,7.049707e-05,2.357385e-03,1.752373e-02,4.263537e-05
