# rmse alpha/u,rmse phic/h,rmse h/r,spread alpha/u,spread phic/h,spread h/r
4.935745e-02,1.478335e-02,2.669454e-02,2.016125e-01,2.380695e-01,1.556617e-01
4.358421e-03,2.799340e-02,5.030777e-05,2.917111e-03,2.212763e-02,5.060281e-05
