# rmse alpha/u,rmse phic/h,rmse h/r,spread alpha/u,spread phic/h,spread h/r
4.935745e-02,1.478335e-02,2.669454e-02,2.016125e-01,2.380695e-01,1.556617e-01
3.791677e-03,2.427868e-02,5.140378e-05,2.898053e-03,2.159966e-02,4.936018e-05
