# rmse alpha/u,rmse phic/h,rmse h/r,spread alpha/u,spread phic/h,spread h/r
4.935745e-02,1.478335e-02,2.669454e-02,2.016125e-01,2.380695e-01,1.556617e-01
4.407823e-03,2.496202e-02,4.744058e-05,2.693980e-03,2.062800e-02,4.714121e-05
