# rmse alpha/u,rmse phic/h,rmse h/r,spread alpha/u,spread phic/h,spread h/r
1.400077e-01,3.529672e-01,4.683149e-01,2.003257e-01,1.978003e-01,1.815101e-01
4.901858e-03,2.966717e-02,4.054190e-05,3.588643e-03,2.677908e-02,3.177576e-05
