# rmse alpha/u,rmse phic/h,rmse h/r,spread alpha/u,spread phic/h,spread h/r
1.400077e-01,3.529672e-01,4.683149e-01,2.003257e-01,1.978003e-01,1.815101e-01
4.770688e-03,2.337763e-02,4.775078e-05,3.307041e-03,2.391460e-02,3.693950e-05
