# rmse alpha/u,rmse phic/h,rmse h/r,spread alpha/u,spread phic/h,spread h/r
1.400077e-01,3.529672e-01,4.683149e-01,2.003257e-01,1.978003e-01,1.815101e-01
6.102973e-03,4.306533e-02,6.208055e-05,3.230338e-03,2.358543e-02,3.466815e-05
