# rmse alpha/u,rmse phic/h,rmse h/r,spread alpha/u,spread phic/h,spread h/r
1.400077e-01,3.529672e-01,4.683149e-01,2.003257e-01,1.978003e-01,1.815101e-01
3.940404e-03,2.422468e-02,3.383055e-05,2.591869e-03,1.862382e-02,2.380831e-05
