# rmse alpha/u,rmse phic/h,rmse h/r,spread alpha/u,spread phic/h,spread h/r
1.400077e-01,3.529672e-01,4.683149e-01,2.003257e-01,1.978003e-01,1.815101e-01
3.097413e-03,2.374943e-02,3.993662e-05,3.630408e-03,2.617196e-02,2.798934e-05
