# rmse alpha/u,rmse phic/h,rmse h/r,spread alpha/u,spread phic/h,spread h/r
1.339023e-01,2.960150e-01,2.376933e-01,1.252033e-01,2.157036e-01,2.323844e-01
8.232496e-04,6.553295e-03,3.062741e-05,7.677477e-04,6.026645e-03,2.348767e-05
