# rmse alpha/u,rmse phic/h,rmse h/r,spread alpha/u,spread phic/h,spread h/r
5.475948e-02,5.284509e-02,1.003511e-01,2.028585e-01,2.508332e-01,2.247311e-01
4.311958e-03,2.336074e-02,4.596837e-05,3.328676e-03,2.336060e-02,5.364535e-05
