# rmse alpha/u,rmse phic/h,rmse h/r,spread alpha/u,spread phic/h,spread h/r
5.475948e-02,5.284509e-02,1.003511e-01,2.028585e-01,2.508332e-01,2.247311e-01
4.986452e-03,3.181074e-02,7.832990e-05,3.133654e-03,2.451227e-02,6.313601e-05
