# rmse alpha/u,rmse phic/h,rmse h/r,spread alpha/u,spread phic/h,spread h/r
5.475948e-02,5.284509e-02,1.003511e-01,2.028585e-01,2.508332e-01,2.247311e-01
4.293217e-03,2.132491e-02,5.546810e-05,2.809417e-03,1.956617e-02,5.475491e-05
