# rmse alpha/u,rmse phic/h,rmse h/r,spread alpha/u,spread phic/h,spread h/r
6.417120e-02,5.417709e-03,2.000800e-01,1.927996e-01,2.373932e-01,2.334187e-01
1.236363e-03,8.391072e-03,3.216488e-05,8.686700e-04,6.469305e-03,2.672324e-05
