# rmse alpha/u,rmse phic/h,rmse h/r,spread alpha/u,spread phic/h,spread h/r
6.417120e-02,5.417709e-03,2.000800e-01,1.927996e-01,2.373932e-01,2.334187e-01
8.172411e-04,6.042113e-03,2.231509e-05,7.867708e-04,6.036682e-03,2.422290e-05
