# rmse alpha/u,rmse phic/h,rmse h/r,spread alpha/u,spread phic/h,spread h/r
6.417120e-02,5.417709e-03,2.000800e-01,1.927996e-01,2.373932e-01,2.334187e-01
3.515954e-03,2.737781e-02,5.061703e-05,2.251853e-03,1.631219e-02,4.055233e-05
