# rmse alpha/u,rmse phic/h,rmse h/r,spread alpha/u,spread phic/h,spread h/r
6.417120e-02,5.417709e-03,2.000800e-01,1.927996e-01,2.373932e-01,2.334187e-01
1.662867e-03,1.143346e-02,3.412196e-05,1.186769e-03,8.153876e-03,2.553361e-05
