# rmse alpha/u,rmse phic/h,rmse h/r,spread alpha/u,spread phic/h,spread h/r
6.417120e-02,5.417709e-03,2.000800e-01,1.927996e-01,2.373932e-01,2.334187e-01
1.829728e-03,1.135097e-02,2.608442e-05,1.351574e-03,9.044374e-03,2.577015e-05
