# rmse alpha/u,rmse phic/h,rmse h/r,spread alpha/u,spread phic/h,spread h/r
6.417120e-02,5.417709e-03,2.000800e-01,1.927996e-01,2.373932e-01,2.334187e-01
3.447153e-03,2.373518e-02,6.245198e-05,2.626508e-03,1.934793e-02,4.420919e-05
