# rmse alpha/u,rmse phic/h,rmse h/r,spread alpha/u,spread phic/h,spread h/r
6.417120e-02,5.417709e-03,2.000800e-01,1.927996e-01,2.373932e-01,2.334187e-01
2.439415e-03,2.185205e-02,6.400817e-05,2.413308e-03,1.815196e-02,4.778709e-05
