# rmse alpha/u,rmse phic/h,rmse h/r,spread alpha/u,spread phic/h,spread h/r
6.417120e-02,5.417709e-03,2.000800e-01,1.927996e-01,2.373932e-01,2.334187e-01
1.366218e-03,8.364723e-03,1.833248e-05,1.220644e-03,8.508501e-03,2.654168e-05
