# rmse alpha/u,rmse phic/h,rmse h/r,spread alpha/u,spread phic/h,spread h/r
2.183696e-01,2.208176e-01,4.605919e-01,1.402536e-01,2.207597e-01,2.039123e-01
3.565727e-03,2.693478e-02,6.902212e-05,1.721537e-03,1.267751e-02,5.614169e-05
