# rmse alpha/u,rmse phic/h,rmse h/r,spread alpha/u,spread phic/h,spread h/r
2.183696e-01,2.208176e-01,4.605919e-01,1.402536e-01,2.207597e-01,2.039123e-01
3.587193e-03,2.277051e-02,5.545209e-05,1.720631e-03,1.224797e-02,5.418225e-05
