# rmse alpha/u,rmse phic/h,rmse h/r,spread alpha/u,spread phic/h,spread h/r
2.183696e-01,2.208176e-01,4.605919e-01,1.402536e-01,2.207597e-01,2.039123e-01
1.558953e-03,8.560640e-03,5.160944e-05,1.211172e-03,9.122698e-03,5.135780e-05
