# rmse alpha/u,rmse phic/h,rmse h/r,spread alpha/u,spread phic/h,spread h/r
2.183696e-01,2.208176e-01,4.605919e-01,1.402536e-01,2.207597e-01,2.039123e-01
3.848998e-03,2.258963e-02,6.337377e-05,2.033334e-03,1.458439e-02,5.308562e-05
