# rmse alpha/u,rmse phic/h,rmse h/r,spread alpha/u,spread phic/h,spread h/r
2.183696e-01,2.208176e-01,4.605919e-01,1.402536e-01,2.207597e-01,2.039123e-01
3.168854e-03,1.770832e-02,5.149222e-05,1.721462e-03,1.173219e-02,4.953116e-05
