# rmse alpha/u,rmse phic/h,rmse h/r,spread alpha/u,spread phic/h,spread h/r
2.270965e-01,3.326112e-01,3.460965e-01,1.242292e-01,2.019602e-01,1.801946e-01
2.001476e-03,8.812426e-03,7.061490e-05,1.327138e-03,8.994000e-03,1.724815e-05
