# rmse alpha/u,rmse phic/h,rmse h/r,spread alpha/u,spread phic/h,spread h/r
2.270965e-01,3.326112e-01,3.460965e-01,1.242292e-01,2.019602e-01,1.801946e-01
9.308338e-04,7.436247e-03,7.052451e-05,9.350190e-04,6.644491e-03,1.674399e-05
