# rmse alpha/u,rmse phic/h,rmse h/r,spread alpha/u,spread phic/h,spread h/r
2.270965e-01,3.326112e-01,3.460965e-01,1.242292e-01,2.019602e-01,1.801946e-01
2.957295e-03,1.843979e-02,9.939178e-05,1.561026e-03,1.078366e-02,1.921025e-05
