# rmse alpha/u,rmse phic/h,rmse h/r,spread alpha/u,spread phic/h,spread h/r
2.270965e-01,3.326112e-01,3.460965e-01,1.242292e-01,2.019602e-01,1.801946e-01
3.918632e-03,2.116612e-02,8.994638e-05,1.394203e-03,1.004307e-02,1.861343e-05
