# rmse alpha/u,rmse phic/h,rmse h/r,spread alpha/u,spread phic/h,spread h/r
2.270965e-01,3.326112e-01,3.460965e-01,1.242292e-01,2.019602e-01,1.801946e-01
2.419261e-03,2.240339e-02,6.118331e-05,1.705595e-03,1.221979e-02,1.782321e-05
