# rmse alpha/u,rmse phic/h,rmse h/r,spread alpha/u,spread phic/h,spread h/r
3.051215e-01,2.775192e-01,1.827651e-01,1.910254e-01,2.103657e-01,1.707528e-01
3.778040e-03,1.860729e-02,3.831317e-05,2.008098e-03,1.496141e-02,3.962558e-05
