# rmse alpha/u,rmse phic/h,rmse h/r,spread alpha/u,spread phic/h,spread h/r
3.051215e-01,2.775192e-01,1.827651e-01,1.910254e-01,2.103657e-01,1.707528e-01
2.376451e-03,1.365072e-02,4.307508e-05,1.839902e-03,1.289526e-02,3.851925e-05
