# rmse alpha/u,rmse phic/h,rmse h/r,spread alpha/u,spread phic/h,spread h/r
3.051215e-01,2.775192e-01,1.827651e-01,1.910254e-01,2.103657e-01,1.707528e-01
1.105154e-03,7.880786e-03,2.120800e-05,9.598162e-04,7.042906e-03,2.595102e-05
