# rmse alpha/u,rmse phic/h,rmse h/r,spread alpha/u,spread phic/h,spread h/r
8.096078e-03,3.973665e-02,1.193911e-01,1.899268e-01,2.101818e-01,2.188778e-01
5.046615e-03,3.012740e-02,5.180777e-05,4.106833e-03,3.235471e-02,5.270601e-05
