# rmse alpha/u,rmse phic/h,rmse h/r,spread alpha/u,spread phic/h,spread h/r
8.096078e-03,3.973665e-02,1.193911e-01,1.899268e-01,2.101818e-01,2.188778e-01
5.325804e-03,3.612477e-02,5.788970e-05,4.538358e-03,3.694860e-02,6.047242e-05
