# rmse alpha/u,rmse phic/h,rmse h/r,spread alpha/u,spread phic/h,spread h/r
8.096078e-03,3.973665e-02,1.193911e-01,1.899268e-01,2.101818e-01,2.188778e-01
5.502104e-03,4.056346e-02,5.517607e-05,4.730655e-03,3.847831e-02,5.726030e-05
