# rmse alpha/u,rmse phic/h,rmse h/r,spread alpha/u,spread phic/h,spread h/r
8.096078e-03,3.973665e-02,1.193911e-01,1.899268e-01,2.101818e-01,2.188778e-01
5.426558e-03,3.186622e-02,5.012657e-05,4.566480e-03,3.621936e-02,5.459263e-05
