# rmse alpha/u,rmse phic/h,rmse h/r,spread alpha/u,spread phic/h,spread h/r
1.415857e-01,7.529095e-04,1.490399e-02,1.969593e-01,1.699969e-01,1.470455e-01
4.992043e-03,3.867888e-02,4.511788e-05,3.144527e-03,2.339213e-02,3.142430e-05
