# rmse alpha/u,rmse phic/h,rmse h/r,spread alpha/u,spread phic/h,spread h/r
1.415857e-01,7.529095e-04,1.490399e-02,1.969593e-01,1.699969e-01,1.470455e-01
5.097996e-03,4.509763e-02,5.897619e-05,3.244394e-03,2.636314e-02,2.950042e-05
