# rmse alpha/u,rmse phic/h,rmse h/r,spread alpha/u,spread phic/h,spread h/r
1.415857e-01,7.529095e-04,1.490399e-02,1.969593e-01,1.699969e-01,1.470455e-01
4.797225e-03,4.032210e-02,5.227735e-05,2.712728e-03,1.900401e-02,2.488660e-05
