# rmse alpha/u,rmse phic/h,rmse h/r,spread alpha/u,spread phic/h,spread h/r
1.415857e-01,7.529095e-04,1.490399e-02,1.969593e-01,1.699969e-01,1.470455e-01
5.143744e-03,3.458186e-02,4.877500e-05,2.487323e-03,1.841437e-02,2.039309e-05
