# rmse alpha/u,rmse phic/h,rmse h/r,spread alpha/u,spread phic/h,spread h/r
4.312380e-02,3.709257e-02,1.856805e-03,2.011122e-01,2.284813e-01,1.938860e-01
4.057231e-03,3.165094e-02,9.467129e-05,2.367279e-03,1.662570e-02,3.934108e-05
