# rmse alpha/u,rmse phic/h,rmse h/r,spread alpha/u,spread phic/h,spread h/r
4.312380e-02,3.709257e-02,1.856805e-03,2.011122e-01,2.284813e-01,1.938860e-01
4.325841e-03,2.290913e-02,8.565894e-05,2.297580e-03,1.462336e-02,3.615295e-05
