# rmse alpha/u,rmse phic/h,rmse h/r,spread alpha/u,spread phic/h,spread h/r
4.312380e-02,3.709257e-02,1.856805e-03,2.011122e-01,2.284813e-01,1.938860e-01
4.749653e-03,3.591096e-02,1.074248e-04,2.074807e-03,1.448876e-02,3.908010e-05
