# rmse alpha/u,rmse phic/h,rmse h/r,spread alpha/u,spread phic/h,spread h/r
4.312380e-02,3.709257e-02,1.856805e-03,2.011122e-01,2.284813e-01,1.938860e-01
3.781727e-03,2.359758e-02,9.702272e-05,2.086755e-03,1.324122e-02,3.678939e-05
