# rmse alpha/u,rmse phic/h,rmse h/r,spread alpha/u,spread phic/h,spread h/r
4.312380e-02,3.709257e-02,1.856805e-03,2.011122e-01,2.284813e-01,1.938860e-01
3.721999e-03,2.131482e-02,1.023298e-04,1.914287e-03,1.314033e-02,3.835491e-05
