# rmse alpha/u,rmse phic/h,rmse h/r,spread alpha/u,spread phic/h,spread h/r
4.312380e-02,3.709257e-02,1.856805e-03,2.011122e-01,2.284813e-01,1.938860e-01
4.024939e-03,3.144013e-02,1.020374e-04,2.100206e-03,1.433930e-02,3.448565e-05
