# rmse alpha/u,rmse phic/h,rmse h/r,spread alpha/u,spread phic/h,spread h/r
2.827751e-05,2.782112e-01,1.131851e-02,2.029553e-01,2.401346e-01,2.180772e-01
1.379235e-03,8.784234e-03,2.986379e-05,9.779752e-04,7.664674e-03,4.482441e-05
