# rmse alpha/u,rmse phic/h,rmse h/r,spread alpha/u,spread phic/h,spread h/r
2.827751e-05,2.782112e-01,1.131851e-02,2.029553e-01,2.401346e-01,2.180772e-01
1.870337e-03,1.266074e-02,4.640210e-05,1.389589e-03,1.035707e-02,4.787648e-05
