# rmse alpha/u,rmse phic/h,rmse h/r,spread alpha/u,spread phic/h,spread h/r
2.827751e-05,2.782112e-01,1.131851e-02,2.029553e-01,2.401346e-01,2.180772e-01
9.330019e-04,7.434848e-03,2.257168e-05,8.623436e-04,6.672534e-03,4.006990e-05
