# rmse alpha/u,rmse phic/h,rmse h/r,spread alpha/u,spread phic/h,spread h/r
2.827751e-05,2.782112e-01,1.131851e-02,2.029553e-01,2.401346e-01,2.180772e-01
8.368499e-04,6.719769e-03,2.378753e-05,9.275186e-04,7.206002e-03,4.526700e-05
