# rmse alpha/u,rmse phic/h,rmse h/r,spread alpha/u,spread phic/h,spread h/r
2.827751e-05,2.782112e-01,1.131851e-02,2.029553e-01,2.401346e-01,2.180772e-01
1.594259e-03,1.062093e-02,2.479561e-05,1.021976e-03,7.588977e-03,4.152911e-05
