# rmse alpha/u,rmse phic/h,rmse h/r,spread alpha/u,spread phic/h,spread h/r
2.827751e-05,2.782112e-01,1.131851e-02,2.029553e-01,2.401346e-01,2.180772e-01
9.081044e-04,8.597736e-03,2.819324e-05,9.345546e-04,7.107418e-03,4.146852e-05
