# rmse alpha/u,rmse phic/h,rmse h/r,spread alpha/u,spread phic/h,spread h/r
1.487149e-02,8.599889e-02,8.415419e-04,2.011122e-01,2.284813e-01,1.938860e-01
3.239988e-03,1.965148e-02,2.897218e-05,2.447765e-03,1.651152e-02,1.587392e-05
