# rmse alpha/u,rmse phic/h,rmse h/r,spread alpha/u,spread phic/h,spread h/r
2.269748e-01,2.381962e-01,4.306182e-01,1.273473e-01,2.300883e-01,2.154004e-01
1.816572e-03,1.196986e-02,5.416253e-05,1.578168e-03,1.110510e-02,4.561869e-05
