# rmse alpha/u,rmse phic/h,rmse h/r,spread alpha/u,spread phic/h,spread h/r
2.269748e-01,2.381962e-01,4.306182e-01,1.273473e-01,2.300883e-01,2.154004e-01
2.437529e-03,1.492712e-02,4.855414e-05,1.658220e-03,1.230467e-02,4.937647e-05
