# rmse alpha/u,rmse phic/h,rmse h/r,spread alpha/u,spread phic/h,spread h/r
2.269748e-01,2.381962e-01,4.306182e-01,1.273473e-01,2.300883e-01,2.154004e-01
2.945322e-03,1.642232e-02,4.862492e-05,1.358544e-03,9.180713e-03,4.630810e-05
