# rmse alpha/u,rmse phic/h,rmse h/r,spread alpha/u,spread phic/h,spread h/r
2.269748e-01,2.381962e-01,4.306182e-01,1.273473e-01,2.300883e-01,2.154004e-01
3.602125e-03,2.053116e-02,5.384566e-05,1.693049e-03,1.156374e-02,4.509318e-05
