# rmse alpha/u,rmse phic/h,rmse h/r,spread alpha/u,spread phic/h,spread h/r
2.269748e-01,2.381962e-01,4.306182e-01,1.273473e-01,2.300883e-01,2.154004e-01
2.082136e-03,1.384533e-02,4.707618e-05,1.322818e-03,9.191348e-03,4.443607e-05
