# rmse alpha/u,rmse phic/h,rmse h/r,spread alpha/u,spread phic/h,spread h/r
3.147291e-02,6.652612e-03,3.816847e-02,1.813166e-01,2.345729e-01,1.552832e-01
1.092797e-03,6.666652e-03,3.146633e-05,9.212906e-04,7.092442e-03,4.680354e-05
