# rmse alpha/u,rmse phic/h,rmse h/r,spread alpha/u,spread phic/h,spread h/r
3.147291e-02,6.652612e-03,3.816847e-02,1.813166e-01,2.345729e-01,1.552832e-01
8.783584e-04,7.679352e-03,2.991564e-05,9.442711e-04,7.509446e-03,4.416959e-05
