# rmse alpha/u,rmse phic/h,rmse h/r,spread alpha/u,spread phic/h,spread h/r
3.147291e-02,6.652612e-03,3.816847e-02,1.813166e-01,2.345729e-01,1.552832e-01
1.377430e-03,7.255899e-03,3.119433e-05,9.614866e-04,7.301874e-03,4.784415e-05
