# rmse alpha/u,rmse phic/h,rmse h/r,spread alpha/u,spread phic/h,spread h/r
3.147291e-02,6.652612e-03,3.816847e-02,1.813166e-01,2.345729e-01,1.552832e-01
8.357168e-04,6.329277e-03,3.040317e-05,8.311433e-04,6.684336e-03,4.702133e-05
