# rmse alpha/u,rmse phic/h,rmse h/r,spread alpha/u,spread phic/h,spread h/r
3.147291e-02,6.652612e-03,3.816847e-02,1.813166e-01,2.345729e-01,1.552832e-01
1.878308e-03,1.340876e-02,3.030560e-05,1.067850e-03,7.740705e-03,4.558627e-05
