# rmse alpha/u,rmse phic/h,rmse h/r,spread alpha/u,spread phic/h,spread h/r
1.959353e-02,3.831700e-04,3.042921e-03,1.784700e-01,2.330111e-01,2.193849e-01
3.373571e-03,1.741523e-02,4.055502e-05,1.945007e-03,1.333193e-02,4.119092e-05
