# rmse alpha/u,rmse phic/h,rmse h/r,spread alpha/u,spread phic/h,spread h/r
1.959353e-02,3.831700e-04,3.042921e-03,1.784700e-01,2.330111e-01,2.193849e-01
3.238781e-03,1.653711e-02,3.488387e-05,1.940801e-03,1.307834e-02,4.184125e-05
