# rmse alpha/u,rmse phic/h,rmse h/r,spread alpha/u,spread phic/h,spread h/r
1.959353e-02,3.831700e-04,3.042921e-03,1.784700e-01,2.330111e-01,2.193849e-01
3.649576e-03,2.311840e-02,4.336822e-05,1.885434e-03,1.277696e-02,4.291827e-05
