# rmse alpha/u,rmse phic/h,rmse h/r,spread alpha/u,spread phic/h,spread h/r
2.363776e-01,4.780155e-01,5.833860e-01,1.872850e-01,2.322742e-01,2.037886e-01
1.480654e-03,1.459380e-02,4.005047e-05,1.544691e-03,1.114612e-02,3.897560e-05
