# rmse alpha/u,rmse phic/h,rmse h/r,spread alpha/u,spread phic/h,spread h/r
2.363776e-01,4.780155e-01,5.833860e-01,1.872850e-01,2.322742e-01,2.037886e-01
1.215069e-03,1.221041e-02,2.852924e-05,1.246036e-03,9.018323e-03,3.150471e-05
