# rmse alpha/u,rmse phic/h,rmse h/r,spread alpha/u,spread phic/h,spread h/r
2.363776e-01,4.780155e-01,5.833860e-01,1.872850e-01,2.322742e-01,2.037886e-01
1.846562e-03,1.382886e-02,4.332975e-05,1.690672e-03,1.216045e-02,3.662776e-05
