# rmse alpha/u,rmse phic/h,rmse h/r,spread alpha/u,spread phic/h,spread h/r
2.363776e-01,4.780155e-01,5.833860e-01,1.872850e-01,2.322742e-01,2.037886e-01
2.996571e-03,1.745644e-02,4.518539e-05,2.007708e-03,1.409356e-02,4.137496e-05
