# rmse alpha/u,rmse phic/h,rmse h/r,spread alpha/u,spread phic/h,spread h/r
2.363776e-01,4.780155e-01,5.833860e-01,1.872850e-01,2.322742e-01,2.037886e-01
2.054800e-03,1.604400e-02,4.203064e-05,1.686058e-03,1.258396e-02,4.134486e-05
