# rmse alpha/u,rmse phic/h,rmse h/r,spread alpha/u,spread phic/h,spread h/r
2.363776e-01,4.780155e-01,5.833860e-01,1.872850e-01,2.322742e-01,2.037886e-01
2.872849e-03,2.136519e-02,4.512407e-05,1.641547e-03,1.192313e-02,3.970560e-05
