# rmse alpha/u,rmse phic/h,rmse h/r,spread alpha/u,spread phic/h,spread h/r
2.363776e-01,4.780155e-01,5.833860e-01,1.872850e-01,2.322742e-01,2.037886e-01
2.905195e-03,1.482242e-02,4.950116e-05,1.366248e-03,9.569031e-03,3.685432e-05
