# rmse alpha/u,rmse phic/h,rmse h/r,spread alpha/u,spread phic/h,spread h/r
2.363776e-01,4.780155e-01,5.833860e-01,1.872850e-01,2.322742e-01,2.037886e-01
2.984206e-03,1.448633e-02,4.525713e-05,1.248193e-03,9.022489e-03,3.506978e-05
