# rmse alpha/u,rmse phic/h,rmse h/r,spread alpha/u,spread phic/h,spread h/r
2.363776e-01,4.780155e-01,5.833860e-01,1.872850e-01,2.322742e-01,2.037886e-01
2.004281e-03,1.220927e-02,3.523807e-05,1.577603e-03,1.083248e-02,3.825509e-05
