# rmse alpha/u,rmse phic/h,rmse h/r,spread alpha/u,spread phic/h,spread h/r
2.363776e-01,4.780155e-01,5.833860e-01,1.872850e-01,2.322742e-01,2.037886e-01
1.399911e-03,1.091655e-02,3.015073e-05,1.267569e-03,8.924802e-03,3.308593e-05
