# rmse alpha/u,rmse phic/h,rmse h/r,spread alpha/u,spread phic/h,spread h/r
2.363776e-01,4.780155e-01,5.833860e-01,1.872850e-01,2.322742e-01,2.037886e-01
2.681756e-03,1.452330e-02,4.521604e-05,1.634980e-03,1.189337e-02,4.019635e-05
