# rmse alpha/u,rmse phic/h,rmse h/r,spread alpha/u,spread phic/h,spread h/r
4.109227e-02,5.753868e-02,3.127183e-02,1.968278e-01,2.529094e-01,2.162288e-01
4.804354e-03,2.605467e-02,3.987912e-05,3.273933e-03,2.332286e-02,5.247471e-05
