# rmse alpha/u,rmse phic/h,rmse h/r,spread alpha/u,spread phic/h,spread h/r
4.109227e-02,5.753868e-02,3.127183e-02,1.968278e-01,2.529094e-01,2.162288e-01
2.857615e-03,2.916763e-02,7.001627e-05,3.111114e-03,2.425940e-02,5.955748e-05
