# rmse alpha/u,rmse phic/h,rmse h/r,spread alpha/u,spread phic/h,spread h/r
4.109227e-02,5.753868e-02,3.127183e-02,1.968278e-01,2.529094e-01,2.162288e-01
3.839853e-03,3.032991e-02,7.716926e-05,2.953681e-03,2.075448e-02,5.878123e-05
