# rmse alpha/u,rmse phic/h,rmse h/r,spread alpha/u,spread phic/h,spread h/r
4.109227e-02,5.753868e-02,3.127183e-02,1.968278e-01,2.529094e-01,2.162288e-01
3.767425e-03,2.501220e-02,5.313786e-05,2.490360e-03,1.682525e-02,5.003563e-05
