# rmse alpha/u,rmse phic/h,rmse h/r,spread alpha/u,spread phic/h,spread h/r
3.279233e-04,5.951337e-03,6.980006e-02,1.927996e-01,2.373932e-01,2.334187e-01
3.582428e-03,1.948056e-02,3.074910e-05,2.348908e-03,1.767505e-02,3.225061e-05
