# rmse alpha/u,rmse phic/h,rmse h/r,spread alpha/u,spread phic/h,spread h/r
3.279233e-04,5.951337e-03,6.980006e-02,1.927996e-01,2.373932e-01,2.334187e-01
5.001675e-03,2.729578e-02,4.198302e-05,2.381888e-03,1.683417e-02,3.181530e-05
