# rmse alpha/u,rmse phic/h,rmse h/r,spread alpha/u,spread phic/h,spread h/r
3.279233e-04,5.951337e-03,6.980006e-02,1.927996e-01,2.373932e-01,2.334187e-01
4.439166e-03,2.358575e-02,2.994227e-05,2.047849e-03,1.522436e-02,2.648603e-05
