# rmse alpha/u,rmse phic/h,rmse h/r,spread alpha/u,spread phic/h,spread h/r
1.198547e-01,6.520833e-02,8.336457e-02,1.998441e-01,2.334104e-01,2.039385e-01
3.634929e-03,2.255983e-02,4.717917e-05,3.032925e-03,2.075304e-02,4.742504e-05
