# rmse alpha/u,rmse phic/h,rmse h/r,spread alpha/u,spread phic/h,spread h/r
1.198547e-01,6.520833e-02,8.336457e-02,1.998441e-01,2.334104e-01,2.039385e-01
4.948501e-03,2.921014e-02,6.744313e-05,3.551144e-03,2.599686e-02,5.995627e-05
