# rmse alpha/u,rmse phic/h,rmse h/r,spread alpha/u,spread phic/h,spread h/r
1.198547e-01,6.520833e-02,8.336457e-02,1.998441e-01,2.334104e-01,2.039385e-01
3.391040e-03,2.651611e-02,4.995983e-05,2.094652e-03,1.516507e-02,4.415424e-05
