# rmse alpha/u,rmse phic/h,rmse h/r,spread alpha/u,spread phic/h,spread h/r
2.701798e-01,4.464860e-01,4.438502e-01,1.463073e-01,1.947400e-01,1.931064e-01
4.915306e-03,2.720477e-02,2.889858e-05,3.229592e-03,2.343859e-02,1.745395e-05
