# rmse alpha/u,rmse phic/h,rmse h/r,spread alpha/u,spread phic/h,spread h/r
2.701798e-01,4.464860e-01,4.438502e-01,1.463073e-01,1.947400e-01,1.931064e-01
6.491029e-03,4.185561e-02,3.197985e-05,3.694449e-03,2.732046e-02,2.150443e-05
