# rmse alpha/u,rmse phic/h,rmse h/r,spread alpha/u,spread phic/h,spread h/r
2.701798e-01,4.464860e-01,4.438502e-01,1.463073e-01,1.947400e-01,1.931064e-01
3.675797e-03,3.458238e-02,5.714224e-05,2.623760e-03,1.971298e-02,2.554424e-05
