# rmse alpha/u,rmse phic/h,rmse h/r,spread alpha/u,spread phic/h,spread h/r
1.468920e-01,6.316623e-02,4.703835e-02,1.945769e-01,2.435635e-01,2.460925e-01
3.357475e-03,2.466618e-02,5.286485e-05,3.078503e-03,2.236079e-02,4.646533e-05
