# rmse alpha/u,rmse phic/h,rmse h/r,spread alpha/u,spread phic/h,spread h/r
1.468920e-01,6.316623e-02,4.703835e-02,1.945769e-01,2.435635e-01,2.460925e-01
6.290949e-03,4.216322e-02,6.948662e-05,3.918262e-03,2.849052e-02,5.457123e-05
