# rmse alpha/u,rmse phic/h,rmse h/r,spread alpha/u,spread phic/h,spread h/r
1.468920e-01,6.316623e-02,4.703835e-02,1.945769e-01,2.435635e-01,2.460925e-01
3.813922e-03,2.710009e-02,5.369138e-05,2.363178e-03,1.708204e-02,4.273174e-05
