# rmse alpha/u,rmse phic/h,rmse h/r,spread alpha/u,spread phic/h,spread h/r
1.468920e-01,6.316623e-02,4.703835e-02,1.945769e-01,2.435635e-01,2.460925e-01
4.729894e-03,3.138811e-02,5.934020e-05,3.417591e-03,2.405830e-02,4.974986e-05
