# rmse alpha/u,rmse phic/h,rmse h/r,spread alpha/u,spread phic/h,spread h/r
1.468920e-01,6.316623e-02,4.703835e-02,1.945769e-01,2.435635e-01,2.460925e-01
4.593329e-03,3.091159e-02,5.072245e-05,3.045520e-03,2.102601e-02,4.570143e-05
