# rmse alpha/u,rmse phic/h,rmse h/r,spread alpha/u,spread phic/h,spread h/r
1.468920e-01,6.316623e-02,4.703835e-02,1.945769e-01,2.435635e-01,2.460925e-01
4.205026e-03,2.265281e-02,4.897479e-05,2.306822e-03,1.717394e-02,4.155041e-05
