# rmse alpha/u,rmse phic/h,rmse h/r,spread alpha/u,spread phic/h,spread h/r
1.468920e-01,6.316623e-02,4.703835e-02,1.945769e-01,2.435635e-01,2.460925e-01
2.340176e-03,1.972886e-02,5.858049e-05,2.410964e-03,1.696743e-02,4.102943e-05
