# rmse alpha/u,rmse phic/h,rmse h/r,spread alpha/u,spread phic/h,spread h/r
2.364062e-01,2.432760e-01,2.212153e-01,1.986142e-01,2.307833e-01,1.643984e-01
3.086597e-03,1.656948e-02,4.298751e-05,1.756084e-03,1.315714e-02,5.231141e-05
