# rmse alpha/u,rmse phic/h,rmse h/r,spread alpha/u,spread phic/h,spread h/r
2.364062e-01,2.432760e-01,2.212153e-01,1.986142e-01,2.307833e-01,1.643984e-01
2.229070e-03,1.350059e-02,3.666406e-05,1.439084e-03,1.057168e-02,4.875067e-05
