# rmse alpha/u,rmse phic/h,rmse h/r,spread alpha/u,spread phic/h,spread h/r
2.364062e-01,2.432760e-01,2.212153e-01,1.986142e-01,2.307833e-01,1.643984e-01
1.894556e-03,1.011978e-02,3.386096e-05,1.374457e-03,8.758973e-03,4.206139e-05
