# rmse alpha/u,rmse phic/h,rmse h/r,spread alpha/u,spread phic/h,spread h/r
2.364062e-01,2.432760e-01,2.212153e-01,1.986142e-01,2.307833e-01,1.643984e-01
1.744693e-03,1.066979e-02,3.196827e-05,1.399182e-03,9.682731e-03,4.226258e-05
