# rmse alpha/u,rmse phic/h,rmse h/r,spread alpha/u,spread phic/h,spread h/r
1.529058e-01,6.939363e-04,2.220443e-02,2.029553e-01,2.401346e-01,2.180772e-01
8.487582e-04,6.660141e-03,2.162207e-05,8.463781e-04,6.706324e-03,4.703793e-05
