# rmse alpha/u,rmse phic/h,rmse h/r,spread alpha/u,spread phic/h,spread h/r
1.529058e-01,6.939363e-04,2.220443e-02,2.029553e-01,2.401346e-01,2.180772e-01
8.021925e-04,6.303706e-03,2.021367e-05,8.516388e-04,6.587600e-03,4.505067e-05
