# rmse alpha/u,rmse phic/h,rmse h/r,spread alpha/u,spread phic/h,spread h/r
1.529058e-01,6.939363e-04,2.220443e-02,2.029553e-01,2.401346e-01,2.180772e-01
8.645581e-04,6.678265e-03,2.129205e-05,8.782233e-04,6.882494e-03,4.657202e-05
