# rmse alpha/u,rmse phic/h,rmse h/r,spread alpha/u,spread phic/h,spread h/r
1.529058e-01,6.939363e-04,2.220443e-02,2.029553e-01,2.401346e-01,2.180772e-01
8.310632e-04,6.411540e-03,2.129660e-05,8.323789e-04,6.375139e-03,4.587226e-05
