# rmse alpha/u,rmse phic/h,rmse h/r,spread alpha/u,spread phic/h,spread h/r
1.529058e-01,6.939363e-04,2.220443e-02,2.029553e-01,2.401346e-01,2.180772e-01
8.372551e-04,7.145164e-03,1.986008e-05,8.401512e-04,6.598441e-03,4.468824e-05
