# rmse alpha/u,rmse phic/h,rmse h/r,spread alpha/u,spread phic/h,spread h/r
1.905641e-01,1.064165e-02,2.467813e-01,2.178019e-01,1.997102e-01,1.533221e-01
8.644473e-04,7.360300e-03,2.227379e-04,8.208309e-04,6.314315e-03,1.666707e-05
