# rmse alpha/u,rmse phic/h,rmse h/r,spread alpha/u,spread phic/h,spread h/r
1.905641e-01,1.064165e-02,2.467813e-01,2.178019e-01,1.997102e-01,1.533221e-01
8.515063e-04,6.190896e-03,2.259850e-04,7.499426e-04,5.927190e-03,1.383554e-05
