# rmse alpha/u,rmse phic/h,rmse h/r,spread alpha/u,spread phic/h,spread h/r
1.905641e-01,1.064165e-02,2.467813e-01,2.178019e-01,1.997102e-01,1.533221e-01
9.722861e-04,8.108211e-03,2.303124e-04,8.419695e-04,6.640728e-03,1.633476e-05
