# rmse alpha/u,rmse phic/h,rmse h/r,spread alpha/u,spread phic/h,spread h/r
1.905641e-01,1.064165e-02,2.467813e-01,2.178019e-01,1.997102e-01,1.533221e-01
8.858714e-04,1.119492e-02,2.331496e-04,8.019735e-04,6.329573e-03,1.991870e-05
