# rmse alpha/u,rmse phic/h,rmse h/r,spread alpha/u,spread phic/h,spread h/r
1.905641e-01,1.064165e-02,2.467813e-01,2.178019e-01,1.997102e-01,1.533221e-01
8.748860e-04,6.948550e-03,2.410616e-04,7.847349e-04,6.136903e-03,1.526782e-05
