# rmse alpha/u,rmse phic/h,rmse h/r,spread alpha/u,spread phic/h,spread h/r
1.905641e-01,1.064165e-02,2.467813e-01,2.178019e-01,1.997102e-01,1.533221e-01
8.467736e-04,6.596043e-03,2.403993e-04,7.908079e-04,6.193605e-03,1.885111e-05
