# rmse alpha/u,rmse phic/h,rmse h/r,spread alpha/u,spread phic/h,spread h/r
1.426116e-01,7.372809e-03,5.686232e-03,1.177700e-01,1.231602e-01,6.693998e-02
2.984497e-03,1.498262e-02,5.104147e-05,1.660886e-03,1.034617e-02,3.286892e-05
