# rmse alpha/u,rmse phic/h,rmse h/r,spread alpha/u,spread phic/h,spread h/r
1.426116e-01,7.372809e-03,5.686232e-03,1.177700e-01,1.231602e-01,6.693998e-02
3.228580e-03,1.772109e-02,5.680793e-05,1.593293e-03,1.111279e-02,3.306876e-05
