# rmse alpha/u,rmse phic/h,rmse h/r,spread alpha/u,spread phic/h,spread h/r
1.426116e-01,7.372809e-03,5.686232e-03,1.177700e-01,1.231602e-01,6.693998e-02
3.423612e-03,1.946957e-02,6.884204e-05,1.887500e-03,1.236308e-02,3.884599e-05
