# rmse alpha/u,rmse phic/h,rmse h/r,spread alpha/u,spread phic/h,spread h/r
1.426116e-01,7.372809e-03,5.686232e-03,1.177700e-01,1.231602e-01,6.693998e-02
2.917518e-03,1.589290e-02,6.285165e-05,1.555905e-03,1.073841e-02,3.540765e-05
