# rmse alpha/u,rmse phic/h,rmse h/r,spread alpha/u,spread phic/h,spread h/r
1.426116e-01,7.372809e-03,5.686232e-03,1.177700e-01,1.231602e-01,6.693998e-02
2.329486e-03,1.182187e-02,6.649028e-05,1.401828e-03,9.926929e-03,3.844376e-05
