# rmse alpha/u,rmse phic/h,rmse h/r,spread alpha/u,spread phic/h,spread h/r
1.426116e-01,7.372809e-03,5.686232e-03,1.177700e-01,1.231602e-01,6.693998e-02
3.229851e-03,1.906145e-02,6.354427e-05,1.649930e-03,1.157122e-02,3.901797e-05
