# rmse alpha/u,rmse phic/h,rmse h/r,spread alpha/u,spread phic/h,spread h/r
1.426116e-01,7.372809e-03,5.686232e-03,1.177700e-01,1.231602e-01,6.693998e-02
2.261421e-03,1.583618e-02,6.381521e-05,1.438373e-03,9.789741e-03,3.777771e-05
