# rmse alpha/u,rmse phic/h,rmse h/r,spread alpha/u,spread phic/h,spread h/r
1.741564e-02,2.944608e-02,1.890632e-06,1.454901e-01,7.780494e-02,7.727355e-02
3.160510e-03,1.668079e-02,3.578813e-05,1.613020e-03,1.098185e-02,3.167169e-05
