# rmse alpha/u,rmse phic/h,rmse h/r,spread alpha/u,spread phic/h,spread h/r
1.741564e-02,2.944608e-02,1.890632e-06,1.454901e-01,7.780494e-02,7.727355e-02
2.853346e-03,2.243639e-02,5.129833e-05,2.383164e-03,1.805879e-02,4.541681e-05
