# rmse alpha/u,rmse phic/h,rmse h/r,spread alpha/u,spread phic/h,spread h/r
1.741564e-02,2.944608e-02,1.890632e-06,1.454901e-01,7.780494e-02,7.727355e-02
2.997239e-03,2.445020e-02,5.463459e-05,1.792975e-03,1.257629e-02,4.141391e-05
