# rmse alpha/u,rmse phic/h,rmse h/r,spread alpha/u,spread phic/h,spread h/r
1.741564e-02,2.944608e-02,1.890632e-06,1.454901e-01,7.780494e-02,7.727355e-02
2.459628e-03,1.550985e-02,4.686144e-05,1.401382e-03,1.019134e-02,3.909840e-05
