# rmse alpha/u,rmse phic/h,rmse h/r,spread alpha/u,spread phic/h,spread h/r
1.741564e-02,2.944608e-02,1.890632e-06,1.454901e-01,7.780494e-02,7.727355e-02
1.330441e-03,8.783809e-03,3.978248e-05,1.113905e-03,7.740254e-03,3.508783e-05
