# rmse alpha/u,rmse phic/h,rmse h/r,spread alpha/u,spread phic/h,spread h/r
1.741564e-02,2.944608e-02,1.890632e-06,1.454901e-01,7.780494e-02,7.727355e-02
1.899569e-03,9.391250e-03,2.765723e-05,1.251061e-03,8.189187e-03,3.384186e-05
