# rmse alpha/u,rmse phic/h,rmse h/r,spread alpha/u,spread phic/h,spread h/r
1.741564e-02,2.944608e-02,1.890632e-06,1.454901e-01,7.780494e-02,7.727355e-02
4.050342e-03,1.910182e-02,3.748926e-05,1.828119e-03,1.203689e-02,3.689390e-05
