# rmse alpha/u,rmse phic/h,rmse h/r,spread alpha/u,spread phic/h,spread h/r
1.741564e-02,2.944608e-02,1.890632e-06,1.454901e-01,7.780494e-02,7.727355e-02
2.360517e-03,1.842165e-02,4.681125e-05,1.772392e-03,1.124315e-02,3.895796e-05
