# rmse alpha/u,rmse phic/h,rmse h/r,spread alpha/u,spread phic/h,spread h/r
1.741564e-02,2.944608e-02,1.890632e-06,1.454901e-01,7.780494e-02,7.727355e-02
2.428931e-03,9.976289e-03,3.553045e-05,1.275329e-03,8.689263e-03,3.401612e-05
