# rmse alpha/u,rmse phic/h,rmse h/r,spread alpha/u,spread phic/h,spread h/r
1.643855e-01,1.874527e-01,2.788502e-01,1.633685e-01,1.795350e-01,1.809795e-01
8.081805e-04,6.037891e-03,1.869631e-05,7.988029e-04,6.103404e-03,4.598817e-05
