# rmse alpha/u,rmse phic/h,rmse h/r,spread alpha/u,spread phic/h,spread h/r
1.643855e-01,1.874527e-01,2.788502e-01,1.633685e-01,1.795350e-01,1.809795e-01
9.539999e-04,7.399046e-03,2.600511e-05,8.252224e-04,6.529221e-03,4.752280e-05
