# rmse alpha/u,rmse phic/h,rmse h/r,spread alpha/u,spread phic/h,spread h/r
1.326599e-01,4.099514e-04,3.242754e-01,2.014417e-01,2.219743e-01,1.900285e-01
4.640393e-03,3.560218e-02,2.952010e-05,3.691373e-03,3.026375e-02,2.534213e-05
