# rmse alpha/u,rmse phic/h,rmse h/r,spread alpha/u,spread phic/h,spread h/r
1.326599e-01,4.099514e-04,3.242754e-01,2.014417e-01,2.219743e-01,1.900285e-01
4.823174e-03,3.184358e-02,2.624362e-05,3.315765e-03,2.621719e-02,2.374244e-05
