# rmse alpha/u,rmse phic/h,rmse h/r,spread alpha/u,spread phic/h,spread h/r
1.326599e-01,4.099514e-04,3.242754e-01,2.014417e-01,2.219743e-01,1.900285e-01
4.333511e-03,2.436401e-02,3.515129e-05,3.302774e-03,2.493803e-02,2.633356e-05
