# rmse alpha/u,rmse phic/h,rmse h/r,spread alpha/u,spread phic/h,spread h/r
9.575892e-04,2.829730e-02,3.747226e-03,1.611741e-01,2.447349e-01,2.099895e-01
2.168019e-03,1.649002e-02,2.365984e-05,9.397605e-04,7.192608e-03,4.831869e-05
