# rmse alpha/u,rmse phic/h,rmse h/r,spread alpha/u,spread phic/h,spread h/r
9.575892e-04,2.829730e-02,3.747226e-03,1.611741e-01,2.447349e-01,2.099895e-01
1.529658e-03,1.232472e-02,3.147103e-05,1.270661e-03,9.059918e-03,4.984301e-05
