# rmse alpha/u,rmse phic/h,rmse h/r,spread alpha/u,spread phic/h,spread h/r
9.575892e-04,2.829730e-02,3.747226e-03,1.611741e-01,2.447349e-01,2.099895e-01
3.207880e-03,1.582344e-02,4.060671e-05,1.484048e-03,1.123467e-02,5.504775e-05
