# rmse alpha/u,rmse phic/h,rmse h/r,spread alpha/u,spread phic/h,spread h/r
9.575892e-04,2.829730e-02,3.747226e-03,1.611741e-01,2.447349e-01,2.099895e-01
2.169449e-03,8.462624e-03,4.074124e-05,9.787850e-04,7.526089e-03,5.024362e-05
