# rmse alpha/u,rmse phic/h,rmse h/r,spread alpha/u,spread phic/h,spread h/r
9.575892e-04,2.829730e-02,3.747226e-03,1.611741e-01,2.447349e-01,2.099895e-01
8.387532e-04,6.749574e-03,1.898718e-05,8.707971e-04,6.792654e-03,4.910760e-05
