# rmse alpha/u,rmse phic/h,rmse h/r,spread alpha/u,spread phic/h,spread h/r
9.575892e-04,2.829730e-02,3.747226e-03,1.611741e-01,2.447349e-01,2.099895e-01
8.290619e-04,6.736973e-03,1.918961e-05,8.659798e-04,6.621960e-03,4.933682e-05
