# rmse alpha/u,rmse phic/h,rmse h/r,spread alpha/u,spread phic/h,spread h/r
9.575892e-04,2.829730e-02,3.747226e-03,1.611741e-01,2.447349e-01,2.099895e-01
1.235052e-03,9.748073e-03,2.464345e-05,1.154218e-03,8.503883e-03,5.124045e-05
