# rmse alpha/u,rmse phic/h,rmse h/r,spread alpha/u,spread phic/h,spread h/r
9.575892e-04,2.829730e-02,3.747226e-03,1.611741e-01,2.447349e-01,2.099895e-01
2.317366e-03,1.100821e-02,3.001456e-05,1.416692e-03,1.043513e-02,5.303403e-05
