# rmse alpha/u,rmse phic/h,rmse h/r,spread alpha/u,spread phic/h,spread h/r
5.797662e-02,5.007756e-03,5.597861e-02,2.092189e-01,2.119667e-01,2.095286e-01
4.120746e-03,3.153259e-02,7.064588e-05,3.782582e-03,2.745725e-02,5.317437e-05
