# rmse alpha/u,rmse phic/h,rmse h/r,spread alpha/u,spread phic/h,spread h/r
5.797662e-02,5.007756e-03,5.597861e-02,2.092189e-01,2.119667e-01,2.095286e-01
5.484688e-03,2.508375e-02,5.442573e-05,3.217887e-03,2.191867e-02,4.346682e-05
