# rmse alpha/u,rmse phic/h,rmse h/r,spread alpha/u,spread phic/h,spread h/r
5.797662e-02,5.007756e-03,5.597861e-02,2.092189e-01,2.119667e-01,2.095286e-01
4.656196e-03,3.174154e-02,4.914298e-05,3.387280e-03,2.487370e-02,4.429241e-05
