# rmse alpha/u,rmse phic/h,rmse h/r,spread alpha/u,spread phic/h,spread h/r
5.797662e-02,5.007756e-03,5.597861e-02,2.092189e-01,2.119667e-01,2.095286e-01
4.614985e-03,3.277116e-02,5.052749e-05,3.324374e-03,2.427096e-02,4.600263e-05
