alpha,phi,h
0.200000,0.975500,0.106000
