# rmse alpha/u,rmse phic/h,rmse h/r,spread alpha/u,spread phic/h,spread h/r
6.914121e-02,1.927269e-02,1.653304e-02,1.428738e-01,1.038610e-01,6.655832e-02
3.699292e-03,2.760295e-02,5.743245e-05,2.605396e-03,1.925080e-02,4.937142e-05
