# rmse alpha/u,rmse phic/h,rmse h/r,spread alpha/u,spread phic/h,spread h/r
6.914121e-02,1.927269e-02,1.653304e-02,1.428738e-01,1.038610e-01,6.655832e-02
3.955693e-03,3.565153e-02,7.608137e-05,2.874587e-03,2.189176e-02,4.712301e-05
