# rmse alpha/u,rmse phic/h,rmse h/r,spread alpha/u,spread phic/h,spread h/r
6.914121e-02,1.927269e-02,1.653304e-02,1.428738e-01,1.038610e-01,6.655832e-02
3.701064e-03,2.204582e-02,5.328048e-05,3.581499e-03,2.409063e-02,4.007879e-05
