# rmse alpha/u,rmse phic/h,rmse h/r,spread alpha/u,spread phic/h,spread h/r
6.914121e-02,1.927269e-02,1.653304e-02,1.428738e-01,1.038610e-01,6.655832e-02
4.190273e-03,2.599622e-02,5.024519e-05,3.648636e-03,2.771585e-02,4.619703e-05
