# rmse alpha/u,rmse phic/h,rmse h/r,spread alpha/u,spread phic/h,spread h/r
6.914121e-02,1.927269e-02,1.653304e-02,1.428738e-01,1.038610e-01,6.655832e-02
4.668781e-03,2.614047e-02,6.008149e-05,3.069688e-03,2.257154e-02,3.902148e-05
