# rmse alpha/u,rmse phic/h,rmse h/r,spread alpha/u,spread phic/h,spread h/r
2.111918e-02,8.192276e-02,2.521302e-01,2.064906e-01,1.899857e-01,1.562718e-01
1.459635e-03,1.021751e-02,2.957829e-05,1.264798e-03,9.330569e-03,3.921658e-05
