# rmse alpha/u,rmse phic/h,rmse h/r,spread alpha/u,spread phic/h,spread h/r
2.111918e-02,8.192276e-02,2.521302e-01,2.064906e-01,1.899857e-01,1.562718e-01
3.751692e-03,1.880694e-02,6.755308e-05,1.655640e-03,1.269196e-02,5.110635e-05
