# rmse alpha/u,rmse phic/h,rmse h/r,spread alpha/u,spread phic/h,spread h/r
2.111918e-02,8.192276e-02,2.521302e-01,2.064906e-01,1.899857e-01,1.562718e-01
1.979316e-03,1.605135e-02,7.852711e-05,1.278369e-03,1.011168e-02,4.164864e-05
