# rmse alpha/u,rmse phic/h,rmse h/r,spread alpha/u,spread phic/h,spread h/r
2.111918e-02,8.192276e-02,2.521302e-01,2.064906e-01,1.899857e-01,1.562718e-01
3.089571e-03,2.033259e-02,7.621753e-05,2.079994e-03,1.454680e-02,5.566899e-05
