# rmse alpha/u,rmse phic/h,rmse h/r,spread alpha/u,spread phic/h,spread h/r
2.111918e-02,8.192276e-02,2.521302e-01,2.064906e-01,1.899857e-01,1.562718e-01
1.005001e-03,7.488876e-03,3.240450e-05,1.130662e-03,8.148171e-03,3.458178e-05
