# rmse alpha/u,rmse phic/h,rmse h/r,spread alpha/u,spread phic/h,spread h/r
1.200834e-01,1.632739e-01,3.179228e-01,2.007018e-01,2.348895e-01,2.071683e-01
5.616958e-03,3.210667e-02,4.628204e-05,3.807668e-03,2.882760e-02,4.713517e-05
