# rmse alpha/u,rmse phic/h,rmse h/r,spread alpha/u,spread phic/h,spread h/r
1.200834e-01,1.632739e-01,3.179228e-01,2.007018e-01,2.348895e-01,2.071683e-01
5.145650e-03,3.428909e-02,4.867630e-05,4.343591e-03,3.509797e-02,4.747676e-05
