# rmse alpha/u,rmse phic/h,rmse h/r,spread alpha/u,spread phic/h,spread h/r
1.200834e-01,1.632739e-01,3.179228e-01,2.007018e-01,2.348895e-01,2.071683e-01
6.384569e-03,4.409115e-02,5.262625e-05,3.970832e-03,3.144811e-02,5.048669e-05
