# rmse alpha/u,rmse phic/h,rmse h/r,spread alpha/u,spread phic/h,spread h/r
1.200834e-01,1.632739e-01,3.179228e-01,2.007018e-01,2.348895e-01,2.071683e-01
5.503333e-03,3.143168e-02,4.762081e-05,3.176359e-03,2.328635e-02,4.073511e-05
