# rmse alpha/u,rmse phic/h,rmse h/r,spread alpha/u,spread phic/h,spread h/r
1.200834e-01,1.632739e-01,3.179228e-01,2.007018e-01,2.348895e-01,2.071683e-01
6.263040e-03,3.558290e-02,4.488297e-05,3.706437e-03,2.705829e-02,4.169869e-05
