# rmse alpha/u,rmse phic/h,rmse h/r,spread alpha/u,spread phic/h,spread h/r
1.187927e-01,1.984864e-03,2.173165e-03,1.490409e-01,9.942207e-02,8.067959e-02
2.752876e-03,1.713552e-02,4.607746e-05,2.511961e-03,1.785167e-02,5.136643e-05
