# rmse alpha/u,rmse phic/h,rmse h/r,spread alpha/u,spread phic/h,spread h/r
1.187927e-01,1.984864e-03,2.173165e-03,1.490409e-01,9.942207e-02,8.067959e-02
2.515693e-03,1.419810e-02,4.283755e-05,1.670585e-03,1.182972e-02,4.183451e-05
