# rmse alpha/u,rmse phic/h,rmse h/r,spread alpha/u,spread phic/h,spread h/r
1.187927e-01,1.984864e-03,2.173165e-03,1.490409e-01,9.942207e-02,8.067959e-02
2.299398e-03,1.269956e-02,3.424281e-05,2.013107e-03,1.349168e-02,3.769127e-05
