# rmse alpha/u,rmse phic/h,rmse h/r,spread alpha/u,spread phic/h,spread h/r
1.187927e-01,1.984864e-03,2.173165e-03,1.490409e-01,9.942207e-02,8.067959e-02
4.062455e-03,1.902657e-02,4.402184e-05,3.009684e-03,2.065669e-02,4.971078e-05
