# rmse alpha/u,rmse phic/h,rmse h/r,spread alpha/u,spread phic/h,spread h/r
1.187927e-01,1.984864e-03,2.173165e-03,1.490409e-01,9.942207e-02,8.067959e-02
2.543215e-03,1.529200e-02,3.677593e-05,1.356053e-03,1.014883e-02,4.187832e-05
