# rmse alpha/u,rmse phic/h,rmse h/r,spread alpha/u,spread phic/h,spread h/r
1.187927e-01,1.984864e-03,2.173165e-03,1.490409e-01,9.942207e-02,8.067959e-02
4.009914e-03,1.921525e-02,3.877935e-05,2.457445e-03,1.723874e-02,4.749775e-05
