# rmse alpha/u,rmse phic/h,rmse h/r,spread alpha/u,spread phic/h,spread h/r
1.187927e-01,1.984864e-03,2.173165e-03,1.490409e-01,9.942207e-02,8.067959e-02
3.560515e-03,2.168901e-02,5.720979e-05,2.544081e-03,1.825550e-02,4.935822e-05
