# rmse alpha/u,rmse phic/h,rmse h/r,spread alpha/u,spread phic/h,spread h/r
2.814036e-01,2.453346e-01,2.897655e-01,1.997378e-01,2.250955e-01,1.929270e-01
4.196658e-03,2.981400e-02,6.363864e-05,2.922108e-03,2.231168e-02,5.149524e-05
