# rmse alpha/u,rmse phic/h,rmse h/r,spread alpha/u,spread phic/h,spread h/r
2.814036e-01,2.453346e-01,2.897655e-01,1.997378e-01,2.250955e-01,1.929270e-01
3.849357e-03,1.967954e-02,6.825447e-05,3.029245e-03,2.192308e-02,6.046575e-05
