# rmse alpha/u,rmse phic/h,rmse h/r,spread alpha/u,spread phic/h,spread h/r
2.814036e-01,2.453346e-01,2.897655e-01,1.997378e-01,2.250955e-01,1.929270e-01
2.806839e-03,2.241548e-02,6.033263e-05,2.459159e-03,1.891884e-02,5.569669e-05
