# rmse alpha/u,rmse phic/h,rmse h/r,spread alpha/u,spread phic/h,spread h/r
2.814036e-01,2.453346e-01,2.897655e-01,1.997378e-01,2.250955e-01,1.929270e-01
3.252184e-03,2.199536e-02,5.769137e-05,2.462594e-03,1.759836e-02,5.348510e-05
