# rmse alpha/u,rmse phic/h,rmse h/r,spread alpha/u,spread phic/h,spread h/r
2.814036e-01,2.453346e-01,2.897655e-01,1.997378e-01,2.250955e-01,1.929270e-01
2.876699e-03,1.570806e-02,4.997000e-05,1.867270e-03,1.190825e-02,4.460635e-05
