# rmse alpha/u,rmse phic/h,rmse h/r,spread alpha/u,spread phic/h,spread h/r
2.814036e-01,2.453346e-01,2.897655e-01,1.997378e-01,2.250955e-01,1.929270e-01
3.283978e-03,1.555882e-02,4.291067e-05,2.033709e-03,1.343522e-02,4.305710e-05
