# rmse alpha/u,rmse phic/h,rmse h/r,spread alpha/u,spread phic/h,spread h/r
2.814036e-01,2.453346e-01,2.897655e-01,1.997378e-01,2.250955e-01,1.929270e-01
4.773361e-03,2.791281e-02,4.855382e-05,3.034563e-03,2.234750e-02,5.019094e-05
