# rmse alpha/u,rmse phic/h,rmse h/r,spread alpha/u,spread phic/h,spread h/r
2.814036e-01,2.453346e-01,2.897655e-01,1.997378e-01,2.250955e-01,1.929270e-01
6.485091e-03,3.535995e-02,7.223582e-05,3.108878e-03,2.313320e-02,5.824998e-05
