# rmse alpha/u,rmse phic/h,rmse h/r,spread alpha/u,spread phic/h,spread h/r
1.349791e-02,4.305058e-03,1.278907e-01,1.261303e-01,1.780787e-01,2.178609e-01
3.633162e-03,3.603290e-02,6.305223e-05,2.058930e-03,1.582017e-02,4.740526e-05
