# rmse alpha/u,rmse phic/h,rmse h/r,spread alpha/u,spread phic/h,spread h/r
1.349791e-02,4.305058e-03,1.278907e-01,1.261303e-01,1.780787e-01,2.178609e-01
2.827435e-03,2.298110e-02,4.362246e-05,1.742824e-03,1.347369e-02,4.806690e-05
