# rmse alpha/u,rmse phic/h,rmse h/r,spread alpha/u,spread phic/h,spread h/r
1.349791e-02,4.305058e-03,1.278907e-01,1.261303e-01,1.780787e-01,2.178609e-01
3.922599e-03,2.278925e-02,3.693185e-05,2.259653e-03,1.573516e-02,4.576127e-05
