# rmse alpha/u,rmse phic/h,rmse h/r,spread alpha/u,spread phic/h,spread h/r
2.313011e-02,7.489462e-02,1.019246e-01,1.468409e-01,2.224845e-01,1.929855e-01
3.871881e-03,2.798709e-02,7.567150e-05,1.934827e-03,1.379434e-02,3.908759e-05
