# rmse alpha/u,rmse phic/h,rmse h/r,spread alpha/u,spread phic/h,spread h/r
2.313011e-02,7.489462e-02,1.019246e-01,1.468409e-01,2.224845e-01,1.929855e-01
3.935266e-03,2.118649e-02,6.704213e-05,2.114925e-03,1.442331e-02,3.874384e-05
