# rmse alpha/u,rmse phic/h,rmse h/r,spread alpha/u,spread phic/h,spread h/r
2.313011e-02,7.489462e-02,1.019246e-01,1.468409e-01,2.224845e-01,1.929855e-01
3.001573e-03,2.097576e-02,5.965734e-05,1.541731e-03,1.160267e-02,3.686481e-05
