# rmse alpha/u,rmse phic/h,rmse h/r,spread alpha/u,spread phic/h,spread h/r
2.313011e-02,7.489462e-02,1.019246e-01,1.468409e-01,2.224845e-01,1.929855e-01
6.322643e-03,2.436997e-02,5.938978e-05,2.107629e-03,1.481141e-02,3.997837e-05
