# rmse alpha/u,rmse phic/h,rmse h/r,spread alpha/u,spread phic/h,spread h/r
2.313011e-02,7.489462e-02,1.019246e-01,1.468409e-01,2.224845e-01,1.929855e-01
1.805394e-03,2.230298e-02,6.614769e-05,1.406490e-03,9.433118e-03,3.557913e-05
