# rmse alpha/u,rmse phic/h,rmse h/r,spread alpha/u,spread phic/h,spread h/r
2.313011e-02,7.489462e-02,1.019246e-01,1.468409e-01,2.224845e-01,1.929855e-01
2.464250e-03,1.955022e-02,5.589430e-05,1.363042e-03,9.742517e-03,3.697520e-05
