# rmse alpha/u,rmse phic/h,rmse h/r,spread alpha/u,spread phic/h,spread h/r
8.286763e-03,7.455057e-03,7.818260e-02,2.029553e-01,2.401346e-01,2.180772e-01
4.158739e-03,3.985948e-02,5.051508e-05,2.875200e-03,2.373436e-02,4.828304e-05
