# rmse alpha/u,rmse phic/h,rmse h/r,spread alpha/u,spread phic/h,spread h/r
8.286763e-03,7.455057e-03,7.818260e-02,2.029553e-01,2.401346e-01,2.180772e-01
4.428147e-03,4.353886e-02,5.790451e-05,2.545943e-03,2.123599e-02,4.765992e-05
