# rmse alpha/u,rmse phic/h,rmse h/r,spread alpha/u,spread phic/h,spread h/r
8.286763e-03,7.455057e-03,7.818260e-02,2.029553e-01,2.401346e-01,2.180772e-01
3.447466e-03,1.846043e-02,4.299948e-05,2.245880e-03,1.788447e-02,4.196326e-05
