# rmse alpha/u,rmse phic/h,rmse h/r,spread alpha/u,spread phic/h,spread h/r
8.286763e-03,7.455057e-03,7.818260e-02,2.029553e-01,2.401346e-01,2.180772e-01
4.477621e-03,3.051213e-02,4.157948e-05,2.638947e-03,2.100830e-02,4.271687e-05
