# rmse alpha/u,rmse phic/h,rmse h/r,spread alpha/u,spread phic/h,spread h/r
8.286763e-03,7.455057e-03,7.818260e-02,2.029553e-01,2.401346e-01,2.180772e-01
3.326871e-03,2.209833e-02,4.205554e-05,2.550488e-03,2.002895e-02,4.324934e-05
