# rmse alpha/u,rmse phic/h,rmse h/r,spread alpha/u,spread phic/h,spread h/r
8.286763e-03,7.455057e-03,7.818260e-02,2.029553e-01,2.401346e-01,2.180772e-01
3.276331e-03,2.580532e-02,3.852480e-05,2.152371e-03,1.554396e-02,3.874375e-05
