# rmse alpha/u,rmse phic/h,rmse h/r,spread alpha/u,spread phic/h,spread h/r
8.286763e-03,7.455057e-03,7.818260e-02,2.029553e-01,2.401346e-01,2.180772e-01
1.969061e-03,1.244294e-02,2.130370e-05,1.775704e-03,1.283327e-02,3.151725e-05
