# rmse alpha/u,rmse phic/h,rmse h/r,spread alpha/u,spread phic/h,spread h/r
1.726681e-01,2.191167e-01,5.106913e-01,1.252033e-01,2.157036e-01,2.323844e-01
4.033335e-03,2.150739e-02,3.969038e-05,2.370057e-03,1.484529e-02,2.219633e-05
