# rmse alpha/u,rmse phic/h,rmse h/r,spread alpha/u,spread phic/h,spread h/r
1.726681e-01,2.191167e-01,5.106913e-01,1.252033e-01,2.157036e-01,2.323844e-01
4.210705e-03,2.438228e-02,3.737745e-05,1.751987e-03,1.227634e-02,2.589459e-05
