# rmse alpha/u,rmse phic/h,rmse h/r,spread alpha/u,spread phic/h,spread h/r
1.726681e-01,2.191167e-01,5.106913e-01,1.252033e-01,2.157036e-01,2.323844e-01
1.694547e-03,1.074714e-02,2.591325e-05,9.271943e-04,6.387496e-03,1.878810e-05
