# rmse alpha/u,rmse phic/h,rmse h/r,spread alpha/u,spread phic/h,spread h/r
1.726681e-01,2.191167e-01,5.106913e-01,1.252033e-01,2.157036e-01,2.323844e-01
3.752126e-03,2.338514e-02,4.283437e-05,1.827244e-03,1.280283e-02,2.237970e-05
