# rmse alpha/u,rmse phic/h,rmse h/r,spread alpha/u,spread phic/h,spread h/r
1.726681e-01,2.191167e-01,5.106913e-01,1.252033e-01,2.157036e-01,2.323844e-01
3.339165e-03,2.356820e-02,3.284379e-05,1.405666e-03,1.087569e-02,2.011542e-05
