# rmse alpha/u,rmse phic/h,rmse h/r,spread alpha/u,spread phic/h,spread h/r
1.698746e-01,2.498840e-01,1.582038e-01,1.354666e-01,2.169042e-01,1.474046e-01
8.744087e-04,6.602034e-03,1.782751e-05,8.548397e-04,6.846074e-03,4.737366e-05
