# rmse alpha/u,rmse phic/h,rmse h/r,spread alpha/u,spread phic/h,spread h/r
1.698746e-01,2.498840e-01,1.582038e-01,1.354666e-01,2.169042e-01,1.474046e-01
8.853156e-04,7.069027e-03,2.122921e-05,8.858897e-04,7.065650e-03,5.174695e-05
