# rmse alpha/u,rmse phic/h,rmse h/r,spread alpha/u,spread phic/h,spread h/r
7.880058e-02,6.533038e-03,4.916201e-03,1.416793e-01,9.016907e-02,7.415402e-02
2.457060e-03,2.011405e-02,4.880946e-05,1.816098e-03,1.316375e-02,4.842478e-05
