# rmse alpha/u,rmse phic/h,rmse h/r,spread alpha/u,spread phic/h,spread h/r
2.363776e-01,4.780155e-01,5.833860e-01,1.872850e-01,2.322742e-01,2.037886e-01
1.045196e-03,6.188057e-03,1.604815e-05,1.011392e-03,7.309247e-03,3.081131e-05
