# rmse alpha/u,rmse phic/h,rmse h/r,spread alpha/u,spread phic/h,spread h/r
2.363776e-01,4.780155e-01,5.833860e-01,1.872850e-01,2.322742e-01,2.037886e-01
2.741849e-03,1.755260e-02,2.804644e-05,1.482213e-03,1.089089e-02,3.619274e-05
