# rmse alpha/u,rmse phic/h,rmse h/r,spread alpha/u,spread phic/h,spread h/r
2.363776e-01,4.780155e-01,5.833860e-01,1.872850e-01,2.322742e-01,2.037886e-01
2.775211e-03,1.707882e-02,3.117663e-05,1.490016e-03,1.075159e-02,3.328403e-05
