# rmse alpha/u,rmse phic/h,rmse h/r,spread alpha/u,spread phic/h,spread h/r
2.363776e-01,4.780155e-01,5.833860e-01,1.872850e-01,2.322742e-01,2.037886e-01
3.645946e-03,1.533648e-02,2.120078e-05,1.654969e-03,1.100382e-02,3.218976e-05
