# rmse alpha/u,rmse phic/h,rmse h/r,spread alpha/u,spread phic/h,spread h/r
2.363776e-01,4.780155e-01,5.833860e-01,1.872850e-01,2.322742e-01,2.037886e-01
2.480827e-03,1.490265e-02,2.772670e-05,1.522428e-03,1.103160e-02,3.479408e-05
