# rmse alpha/u,rmse phic/h,rmse h/r,spread alpha/u,spread phic/h,spread h/r
2.363776e-01,4.780155e-01,5.833860e-01,1.872850e-01,2.322742e-01,2.037886e-01
2.014477e-03,9.050733e-03,3.050171e-05,1.204386e-03,8.672880e-03,3.451276e-05
