# rmse alpha/u,rmse phic/h,rmse h/r,spread alpha/u,spread phic/h,spread h/r
2.158828e-01,8.004327e-02,1.275062e-03,1.906733e-01,1.720275e-01,1.565591e-01
1.537173e-03,9.202327e-03,2.230373e-05,8.907002e-04,6.479427e-03,2.686159e-05
