# rmse alpha/u,rmse phic/h,rmse h/r,spread alpha/u,spread phic/h,spread h/r
2.158828e-01,8.004327e-02,1.275062e-03,1.906733e-01,1.720275e-01,1.565591e-01
7.889154e-04,6.584989e-03,2.257745e-05,7.586717e-04,5.863734e-03,2.624397e-05
