# rmse alpha/u,rmse phic/h,rmse h/r,spread alpha/u,spread phic/h,spread h/r
2.158828e-01,8.004327e-02,1.275062e-03,1.906733e-01,1.720275e-01,1.565591e-01
8.397849e-04,6.603292e-03,2.239204e-05,7.485270e-04,5.884761e-03,2.587508e-05
