# rmse alpha/u,rmse phic/h,rmse h/r,spread alpha/u,spread phic/h,spread h/r
2.158828e-01,8.004327e-02,1.275062e-03,1.906733e-01,1.720275e-01,1.565591e-01
8.536798e-04,8.735140e-03,2.742542e-05,7.815208e-04,6.157605e-03,2.740222e-05
