# rmse alpha/u,rmse phic/h,rmse h/r,spread alpha/u,spread phic/h,spread h/r
2.158828e-01,8.004327e-02,1.275062e-03,1.906733e-01,1.720275e-01,1.565591e-01
8.383396e-04,6.622698e-03,2.533553e-05,7.691076e-04,5.724630e-03,2.640652e-05
