# rmse alpha/u,rmse phic/h,rmse h/r,spread alpha/u,spread phic/h,spread h/r
2.158828e-01,8.004327e-02,1.275062e-03,1.906733e-01,1.720275e-01,1.565591e-01
8.274888e-04,6.679954e-03,3.018807e-05,7.856623e-04,6.130093e-03,2.810884e-05
