# rmse alpha/u,rmse phic/h,rmse h/r,spread alpha/u,spread phic/h,spread h/r
5.402205e-04,1.306565e-01,2.535918e-02,1.465571e-01,2.355295e-01,1.696373e-01
1.144074e-03,8.707475e-03,2.495082e-05,1.087216e-03,8.393379e-03,4.846579e-05
