# rmse alpha/u,rmse phic/h,rmse h/r,spread alpha/u,spread phic/h,spread h/r
5.402205e-04,1.306565e-01,2.535918e-02,1.465571e-01,2.355295e-01,1.696373e-01
1.902261e-03,1.213598e-02,2.573719e-05,1.318674e-03,1.023335e-02,5.129531e-05
