# rmse alpha/u,rmse phic/h,rmse h/r,spread alpha/u,spread phic/h,spread h/r
5.402205e-04,1.306565e-01,2.535918e-02,1.465571e-01,2.355295e-01,1.696373e-01
1.004284e-03,6.632162e-03,2.430052e-05,8.942315e-04,7.084022e-03,5.099689e-05
