# rmse alpha/u,rmse phic/h,rmse h/r,spread alpha/u,spread phic/h,spread h/r
9.015103e-02,6.031922e-02,2.638223e-02,1.342992e-01,9.910733e-02,8.543245e-02
3.871160e-03,1.980940e-02,3.592522e-05,2.744082e-03,1.867133e-02,3.974836e-05
