# rmse alpha/u,rmse phic/h,rmse h/r,spread alpha/u,spread phic/h,spread h/r
9.015103e-02,6.031922e-02,2.638223e-02,1.342992e-01,9.910733e-02,8.543245e-02
3.871003e-03,1.770991e-02,4.193390e-05,2.541182e-03,1.818320e-02,4.440433e-05
