# rmse alpha/u,rmse phic/h,rmse h/r,spread alpha/u,spread phic/h,spread h/r
9.015103e-02,6.031922e-02,2.638223e-02,1.342992e-01,9.910733e-02,8.543245e-02
3.446699e-03,2.065289e-02,4.416871e-05,2.374464e-03,1.692977e-02,4.441174e-05
