# rmse alpha/u,rmse phic/h,rmse h/r,spread alpha/u,spread phic/h,spread h/r
9.015103e-02,6.031922e-02,2.638223e-02,1.342992e-01,9.910733e-02,8.543245e-02
3.149373e-03,1.943150e-02,3.870106e-05,1.608457e-03,1.107699e-02,3.778184e-05
