# rmse alpha/u,rmse phic/h,rmse h/r,spread alpha/u,spread phic/h,spread h/r
9.015103e-02,6.031922e-02,2.638223e-02,1.342992e-01,9.910733e-02,8.543245e-02
1.600110e-03,1.191781e-02,3.575546e-05,1.798383e-03,1.173155e-02,3.677152e-05
