# rmse alpha/u,rmse phic/h,rmse h/r,spread alpha/u,spread phic/h,spread h/r
9.015103e-02,6.031922e-02,2.638223e-02,1.342992e-01,9.910733e-02,8.543245e-02
2.289513e-03,1.104981e-02,3.154720e-05,1.842925e-03,1.211269e-02,3.350931e-05
