# rmse alpha/u,rmse phic/h,rmse h/r,spread alpha/u,spread phic/h,spread h/r
9.015103e-02,6.031922e-02,2.638223e-02,1.342992e-01,9.910733e-02,8.543245e-02
2.542931e-03,1.411503e-02,2.977673e-05,1.957509e-03,1.329426e-02,3.394377e-05
