# rmse alpha/u,rmse phic/h,rmse h/r,spread alpha/u,spread phic/h,spread h/r
9.015103e-02,6.031922e-02,2.638223e-02,1.342992e-01,9.910733e-02,8.543245e-02
3.040461e-03,2.175167e-02,4.527196e-05,2.734176e-03,2.029211e-02,4.724089e-05
