# rmse alpha/u,rmse phic/h,rmse h/r,spread alpha/u,spread phic/h,spread h/r
7.946273e-02,7.320006e-02,2.468135e-02,1.927996e-01,2.373932e-01,2.334187e-01
2.255854e-03,1.404677e-02,5.377079e-05,1.721701e-03,1.127472e-02,3.299948e-05
