# rmse alpha/u,rmse phic/h,rmse h/r,spread alpha/u,spread phic/h,spread h/r
7.946273e-02,7.320006e-02,2.468135e-02,1.927996e-01,2.373932e-01,2.334187e-01
3.488656e-03,1.636195e-02,3.169973e-05,1.478531e-03,1.014534e-02,2.807415e-05
