# rmse alpha/u,rmse phic/h,rmse h/r,spread alpha/u,spread phic/h,spread h/r
7.946273e-02,7.320006e-02,2.468135e-02,1.927996e-01,2.373932e-01,2.334187e-01
2.365136e-03,1.743104e-02,4.929513e-05,1.663220e-03,1.129786e-02,3.555336e-05
