# rmse alpha/u,rmse phic/h,rmse h/r,spread alpha/u,spread phic/h,spread h/r
8.902414e-05,3.470850e-01,1.015812e-01,1.969593e-01,1.699969e-01,1.470455e-01
3.712736e-03,2.128365e-02,3.072079e-05,2.094220e-03,1.524912e-02,2.312108e-05
