# rmse alpha/u,rmse phic/h,rmse h/r,spread alpha/u,spread phic/h,spread h/r
8.902414e-05,3.470850e-01,1.015812e-01,1.969593e-01,1.699969e-01,1.470455e-01
4.211210e-03,2.387642e-02,2.332886e-05,2.461841e-03,1.691030e-02,2.284802e-05
