# rmse alpha/u,rmse phic/h,rmse h/r,spread alpha/u,spread phic/h,spread h/r
8.902414e-05,3.470850e-01,1.015812e-01,1.969593e-01,1.699969e-01,1.470455e-01
5.286261e-03,3.301330e-02,3.419189e-05,3.036612e-03,2.116177e-02,2.477194e-05
