# rmse alpha/u,rmse phic/h,rmse h/r,spread alpha/u,spread phic/h,spread h/r
8.902414e-05,3.470850e-01,1.015812e-01,1.969593e-01,1.699969e-01,1.470455e-01
4.361120e-03,2.693890e-02,3.838939e-05,3.036279e-03,2.175543e-02,2.675415e-05
