# rmse alpha/u,rmse phic/h,rmse h/r,spread alpha/u,spread phic/h,spread h/r
8.902414e-05,3.470850e-01,1.015812e-01,1.969593e-01,1.699969e-01,1.470455e-01
3.811027e-03,2.308755e-02,3.338583e-05,2.831336e-03,2.009533e-02,2.553898e-05
