# rmse alpha/u,rmse phic/h,rmse h/r,spread alpha/u,spread phic/h,spread h/r
8.902414e-05,3.470850e-01,1.015812e-01,1.969593e-01,1.699969e-01,1.470455e-01
5.961249e-03,4.180856e-02,3.953021e-05,3.412013e-03,2.447247e-02,2.918603e-05
