# rmse alpha/u,rmse phic/h,rmse h/r,spread alpha/u,spread phic/h,spread h/r
1.523074e-02,1.261079e-01,4.556401e-01,1.647172e-01,2.045747e-01,1.678027e-01
3.266473e-03,1.586052e-02,3.368242e-05,1.356536e-03,9.647479e-03,3.722422e-05
