# rmse alpha/u,rmse phic/h,rmse h/r,spread alpha/u,spread phic/h,spread h/r
1.523074e-02,1.261079e-01,4.556401e-01,1.647172e-01,2.045747e-01,1.678027e-01
1.261142e-03,9.377469e-03,2.404373e-05,8.991104e-04,6.651069e-03,3.605640e-05
