# rmse alpha/u,rmse phic/h,rmse h/r,spread alpha/u,spread phic/h,spread h/r
1.523074e-02,1.261079e-01,4.556401e-01,1.647172e-01,2.045747e-01,1.678027e-01
2.929931e-03,1.695913e-02,2.488636e-05,1.380569e-03,9.921250e-03,3.763319e-05
