# rmse alpha/u,rmse phic/h,rmse h/r,spread alpha/u,spread phic/h,spread h/r
6.634781e-02,5.240303e-02,1.030455e-01,2.142406e-01,2.620376e-01,2.059574e-01
5.109951e-03,3.713972e-02,1.050172e-04,2.799799e-03,2.238657e-02,5.924603e-05
