# rmse alpha/u,rmse phic/h,rmse h/r,spread alpha/u,spread phic/h,spread h/r
6.634781e-02,5.240303e-02,1.030455e-01,2.142406e-01,2.620376e-01,2.059574e-01
5.161690e-03,2.896999e-02,6.212120e-05,2.691813e-03,1.801414e-02,4.780178e-05
