# rmse alpha/u,rmse phic/h,rmse h/r,spread alpha/u,spread phic/h,spread h/r
6.634781e-02,5.240303e-02,1.030455e-01,2.142406e-01,2.620376e-01,2.059574e-01
5.254676e-03,2.989542e-02,8.411724e-05,3.006478e-03,2.208537e-02,6.208453e-05
