# rmse alpha/u,rmse phic/h,rmse h/r,spread alpha/u,spread phic/h,spread h/r
6.634781e-02,5.240303e-02,1.030455e-01,2.142406e-01,2.620376e-01,2.059574e-01
4.062077e-03,1.958069e-02,5.366301e-05,2.407575e-03,1.559521e-02,4.867996e-05
