# rmse alpha/u,rmse phic/h,rmse h/r,spread alpha/u,spread phic/h,spread h/r
6.634781e-02,5.240303e-02,1.030455e-01,2.142406e-01,2.620376e-01,2.059574e-01
5.381255e-03,2.712354e-02,5.980409e-05,3.003032e-03,2.129390e-02,5.289960e-05
