# rmse alpha/u,rmse phic/h,rmse h/r,spread alpha/u,spread phic/h,spread h/r
6.634781e-02,5.240303e-02,1.030455e-01,2.142406e-01,2.620376e-01,2.059574e-01
3.443334e-03,2.345155e-02,5.976577e-05,2.507961e-03,1.839750e-02,5.394043e-05
