# rmse alpha/u,rmse phic/h,rmse h/r,spread alpha/u,spread phic/h,spread h/r
2.336563e-02,2.553718e-02,2.902759e-01,1.982756e-01,1.909562e-01,1.621428e-01
3.752854e-03,1.665165e-02,3.314051e-05,1.776613e-03,1.194364e-02,3.084914e-05
