# rmse alpha/u,rmse phic/h,rmse h/r,spread alpha/u,spread phic/h,spread h/r
2.336563e-02,2.553718e-02,2.902759e-01,1.982756e-01,1.909562e-01,1.621428e-01
3.584217e-03,2.484107e-02,5.512573e-05,2.862893e-03,2.007366e-02,4.448278e-05
