# rmse alpha/u,rmse phic/h,rmse h/r,spread alpha/u,spread phic/h,spread h/r
2.336563e-02,2.553718e-02,2.902759e-01,1.982756e-01,1.909562e-01,1.621428e-01
2.907421e-03,1.317748e-02,3.395085e-05,1.501414e-03,1.034855e-02,3.545253e-05
