# rmse alpha/u,rmse phic/h,rmse h/r,spread alpha/u,spread phic/h,spread h/r
2.336563e-02,2.553718e-02,2.902759e-01,1.982756e-01,1.909562e-01,1.621428e-01
1.705223e-03,1.715206e-02,3.779621e-05,1.663118e-03,1.236355e-02,3.693257e-05
