# rmse alpha/u,rmse phic/h,rmse h/r,spread alpha/u,spread phic/h,spread h/r
3.410719e-02,1.899933e-01,3.214592e-01,1.656333e-01,2.287768e-01,1.567509e-01
2.690610e-03,1.548565e-02,3.064010e-05,1.813847e-03,1.327572e-02,4.390506e-05
