# rmse alpha/u,rmse phic/h,rmse h/r,spread alpha/u,spread phic/h,spread h/r
1.146311e-01,2.709760e-01,5.002372e-03,1.982756e-01,1.909562e-01,1.621428e-01
5.385490e-03,3.587877e-02,3.465901e-05,4.240893e-03,3.520645e-02,2.570275e-05
