# rmse alpha/u,rmse phic/h,rmse h/r,spread alpha/u,spread phic/h,spread h/r
1.146311e-01,2.709760e-01,5.002372e-03,1.982756e-01,1.909562e-01,1.621428e-01
5.427236e-03,3.299375e-02,2.817829e-05,4.162133e-03,3.223009e-02,2.131348e-05
