# rmse alpha/u,rmse phic/h,rmse h/r,spread alpha/u,spread phic/h,spread h/r
1.146311e-01,2.709760e-01,5.002372e-03,1.982756e-01,1.909562e-01,1.621428e-01
4.458958e-03,3.634677e-02,4.381626e-05,3.798645e-03,2.994387e-02,2.180884e-05
