# rmse alpha/u,rmse phic/h,rmse h/r,spread alpha/u,spread phic/h,spread h/r
1.178506e-01,1.633837e-03,4.241940e-02,2.053476e-01,2.270159e-01,2.096990e-01
4.899826e-03,3.704727e-02,5.213340e-05,3.937688e-03,3.177301e-02,5.148958e-05
