# rmse alpha/u,rmse phic/h,rmse h/r,spread alpha/u,spread phic/h,spread h/r
1.178506e-01,1.633837e-03,4.241940e-02,2.053476e-01,2.270159e-01,2.096990e-01
5.828417e-03,3.163130e-02,5.704031e-05,4.155378e-03,3.178135e-02,4.941280e-05
