# rmse alpha/u,rmse phic/h,rmse h/r,spread alpha/u,spread phic/h,spread h/r
1.178506e-01,1.633837e-03,4.241940e-02,2.053476e-01,2.270159e-01,2.096990e-01
5.556525e-03,3.663364e-02,5.097571e-05,4.034678e-03,3.149383e-02,5.121534e-05
