# rmse alpha/u,rmse phic/h,rmse h/r,spread alpha/u,spread phic/h,spread h/r
1.178506e-01,1.633837e-03,4.241940e-02,2.053476e-01,2.270159e-01,2.096990e-01
5.207800e-03,2.990983e-02,4.082483e-05,3.711181e-03,2.764337e-02,4.203908e-05
