# rmse alpha/u,rmse phic/h,rmse h/r,spread alpha/u,spread phic/h,spread h/r
7.362688e-02,1.765297e-03,1.157256e-02,1.493031e-01,8.838882e-02,8.030936e-02
2.637152e-03,1.339543e-02,3.246035e-05,1.749081e-03,1.228676e-02,3.520392e-05
