# rmse alpha/u,rmse phic/h,rmse h/r,spread alpha/u,spread phic/h,spread h/r
7.362688e-02,1.765297e-03,1.157256e-02,1.493031e-01,8.838882e-02,8.030936e-02
3.853199e-03,2.780495e-02,6.424139e-05,2.722131e-03,2.035822e-02,5.102271e-05
