# rmse alpha/u,rmse phic/h,rmse h/r,spread alpha/u,spread phic/h,spread h/r
7.362688e-02,1.765297e-03,1.157256e-02,1.493031e-01,8.838882e-02,8.030936e-02
2.383289e-03,1.523418e-02,4.528605e-05,2.055948e-03,1.366107e-02,4.073601e-05
