# rmse alpha/u,rmse phic/h,rmse h/r,spread alpha/u,spread phic/h,spread h/r
7.362688e-02,1.765297e-03,1.157256e-02,1.493031e-01,8.838882e-02,8.030936e-02
2.172678e-03,1.835037e-02,5.209831e-05,1.642667e-03,1.186354e-02,4.181136e-05
