# rmse alpha/u,rmse phic/h,rmse h/r,spread alpha/u,spread phic/h,spread h/r
7.362688e-02,1.765297e-03,1.157256e-02,1.493031e-01,8.838882e-02,8.030936e-02
1.574261e-03,1.088730e-02,4.876125e-05,1.608285e-03,1.089466e-02,4.267083e-05
