# rmse alpha/u,rmse phic/h,rmse h/r,spread alpha/u,spread phic/h,spread h/r
3.405605e-02,2.410757e-03,3.832872e-04,1.347008e-01,4.600665e-02,8.874320e-02
5.279633e-03,3.068516e-02,3.858414e-05,2.943593e-03,2.119915e-02,3.536835e-05
