# rmse alpha/u,rmse phic/h,rmse h/r,spread alpha/u,spread phic/h,spread h/r
3.405605e-02,2.410757e-03,3.832872e-04,1.347008e-01,4.600665e-02,8.874320e-02
4.306018e-03,3.473386e-02,3.139195e-05,3.362855e-03,2.466118e-02,3.084746e-05
