# rmse alpha/u,rmse phic/h,rmse h/r,spread alpha/u,spread phic/h,spread h/r
3.405605e-02,2.410757e-03,3.832872e-04,1.347008e-01,4.600665e-02,8.874320e-02
3.157073e-03,1.889495e-02,3.207683e-05,2.759260e-03,1.976610e-02,3.331770e-05
