# rmse alpha/u,rmse phic/h,rmse h/r,spread alpha/u,spread phic/h,spread h/r
3.405605e-02,2.410757e-03,3.832872e-04,1.347008e-01,4.600665e-02,8.874320e-02
4.073314e-03,2.086499e-02,3.445948e-05,2.437252e-03,1.811274e-02,3.572791e-05
