# rmse alpha/u,rmse phic/h,rmse h/r,spread alpha/u,spread phic/h,spread h/r
1.293189e-01,1.538769e-01,8.668650e-02,2.064906e-01,1.899857e-01,1.562718e-01
2.916359e-03,2.091195e-02,3.158749e-05,1.455683e-03,1.088520e-02,3.996123e-05
