# rmse alpha/u,rmse phic/h,rmse h/r,spread alpha/u,spread phic/h,spread h/r
1.293189e-01,1.538769e-01,8.668650e-02,2.064906e-01,1.899857e-01,1.562718e-01
1.978789e-03,9.360264e-03,2.409703e-05,9.633246e-04,7.263775e-03,3.698676e-05
