# rmse alpha/u,rmse phic/h,rmse h/r,spread alpha/u,spread phic/h,spread h/r
1.293189e-01,1.538769e-01,8.668650e-02,2.064906e-01,1.899857e-01,1.562718e-01
2.703864e-03,1.770098e-02,2.798896e-05,1.259171e-03,9.092518e-03,3.858706e-05
