# rmse alpha/u,rmse phic/h,rmse h/r,spread alpha/u,spread phic/h,spread h/r
1.293189e-01,1.538769e-01,8.668650e-02,2.064906e-01,1.899857e-01,1.562718e-01
8.931092e-04,7.675242e-03,1.864711e-05,9.557819e-04,7.091293e-03,3.767093e-05
