# rmse alpha/u,rmse phic/h,rmse h/r,spread alpha/u,spread phic/h,spread h/r
6.767488e-03,6.880984e-04,4.000377e-02,1.278515e-01,5.761652e-02,8.590869e-02
8.669463e-04,6.857277e-03,3.333414e-05,8.430919e-04,6.882280e-03,4.924825e-05
