# rmse alpha/u,rmse phic/h,rmse h/r,spread alpha/u,spread phic/h,spread h/r
6.767488e-03,6.880984e-04,4.000377e-02,1.278515e-01,5.761652e-02,8.590869e-02
8.204861e-04,6.328219e-03,2.542312e-05,7.882201e-04,6.145774e-03,4.620913e-05
