# rmse alpha/u,rmse phic/h,rmse h/r,spread alpha/u,spread phic/h,spread h/r
6.767488e-03,6.880984e-04,4.000377e-02,1.278515e-01,5.761652e-02,8.590869e-02
8.557703e-04,6.577231e-03,3.270586e-05,8.221066e-04,6.571102e-03,4.825327e-05
