# rmse alpha/u,rmse phic/h,rmse h/r,spread alpha/u,spread phic/h,spread h/r
5.107197e-02,7.129982e-02,9.794628e-02,2.109663e-01,2.397241e-01,2.062625e-01
5.977327e-03,3.614248e-02,8.018785e-05,3.698791e-03,2.672846e-02,5.900715e-05
