# rmse alpha/u,rmse phic/h,rmse h/r,spread alpha/u,spread phic/h,spread h/r
5.107197e-02,7.129982e-02,9.794628e-02,2.109663e-01,2.397241e-01,2.062625e-01
5.555263e-03,3.925463e-02,7.820670e-05,3.226921e-03,2.614774e-02,5.985936e-05
