# rmse alpha/u,rmse phic/h,rmse h/r,spread alpha/u,spread phic/h,spread h/r
5.107197e-02,7.129982e-02,9.794628e-02,2.109663e-01,2.397241e-01,2.062625e-01
5.875385e-03,4.218067e-02,7.018462e-05,3.690261e-03,2.867420e-02,5.662128e-05
