# rmse alpha/u,rmse phic/h,rmse h/r,spread alpha/u,spread phic/h,spread h/r
1.216132e-02,3.257226e-02,9.908040e-02,1.280051e-01,9.276346e-02,8.028158e-02
4.876968e-03,3.507564e-02,6.029427e-05,5.229236e-03,4.347116e-02,5.893813e-05
