# rmse alpha/u,rmse phic/h,rmse h/r,spread alpha/u,spread phic/h,spread h/r
1.216132e-02,3.257226e-02,9.908040e-02,1.280051e-01,9.276346e-02,8.028158e-02
4.997157e-03,3.490817e-02,5.169677e-05,4.792755e-03,3.823514e-02,5.484897e-05
