# rmse alpha/u,rmse phic/h,rmse h/r,spread alpha/u,spread phic/h,spread h/r
1.905641e-01,1.064165e-02,2.467813e-01,2.178019e-01,1.997102e-01,1.533221e-01
8.340878e-04,7.001892e-03,2.804792e-05,8.462107e-04,6.777419e-03,4.593403e-05
