# rmse alpha/u,rmse phic/h,rmse h/r,spread alpha/u,spread phic/h,spread h/r
1.905641e-01,1.064165e-02,2.467813e-01,2.178019e-01,1.997102e-01,1.533221e-01
8.432906e-04,6.964149e-03,2.751357e-05,8.577605e-04,6.954170e-03,4.552400e-05
