# rmse alpha/u,rmse phic/h,rmse h/r,spread alpha/u,spread phic/h,spread h/r
1.905641e-01,1.064165e-02,2.467813e-01,2.178019e-01,1.997102e-01,1.533221e-01
7.812902e-04,6.101337e-03,2.099917e-05,7.895143e-04,6.205320e-03,4.178105e-05
