# rmse alpha/u,rmse phic/h,rmse h/r,spread alpha/u,spread phic/h,spread h/r
1.905641e-01,1.064165e-02,2.467813e-01,2.178019e-01,1.997102e-01,1.533221e-01
8.538304e-04,7.004633e-03,2.393410e-05,8.463895e-04,6.993015e-03,4.581761e-05
