# rmse alpha/u,rmse phic/h,rmse h/r,spread alpha/u,spread phic/h,spread h/r
1.905641e-01,1.064165e-02,2.467813e-01,2.178019e-01,1.997102e-01,1.533221e-01
8.770794e-04,6.905506e-03,2.742886e-05,8.518191e-04,6.755528e-03,4.484315e-05
