# rmse alpha/u,rmse phic/h,rmse h/r,spread alpha/u,spread phic/h,spread h/r
1.905641e-01,1.064165e-02,2.467813e-01,2.178019e-01,1.997102e-01,1.533221e-01
8.908632e-04,7.053441e-03,2.172498e-05,8.737157e-04,7.071449e-03,4.542627e-05
