# rmse alpha/u,rmse phic/h,rmse h/r,spread alpha/u,spread phic/h,spread h/r
1.905641e-01,1.064165e-02,2.467813e-01,2.178019e-01,1.997102e-01,1.533221e-01
8.321801e-04,6.480579e-03,2.283833e-05,8.256570e-04,6.639477e-03,4.142738e-05
