# rmse alpha/u,rmse phic/h,rmse h/r,spread alpha/u,spread phic/h,spread h/r
7.081525e-02,7.442384e-02,2.361100e-01,2.029553e-01,2.401346e-01,2.180772e-01
3.196481e-03,2.401639e-02,5.037163e-05,2.742000e-03,2.121279e-02,3.884727e-05
