# rmse alpha/u,rmse phic/h,rmse h/r,spread alpha/u,spread phic/h,spread h/r
7.081525e-02,7.442384e-02,2.361100e-01,2.029553e-01,2.401346e-01,2.180772e-01
5.415009e-03,2.903465e-02,4.061441e-05,3.413580e-03,2.451600e-02,3.791190e-05
