# rmse alpha/u,rmse phic/h,rmse h/r,spread alpha/u,spread phic/h,spread h/r
7.081525e-02,7.442384e-02,2.361100e-01,2.029553e-01,2.401346e-01,2.180772e-01
4.691972e-03,2.839794e-02,4.652290e-05,3.064607e-03,2.081355e-02,3.809880e-05
