# rmse alpha/u,rmse phic/h,rmse h/r,spread alpha/u,spread phic/h,spread h/r
4.866463e-02,9.784905e-03,3.966543e-02,1.955588e-01,2.350667e-01,1.422067e-01
2.157462e-03,1.429475e-02,4.591680e-05,1.218136e-03,8.356417e-03,3.696990e-05
