# rmse alpha/u,rmse phic/h,rmse h/r,spread alpha/u,spread phic/h,spread h/r
4.866463e-02,9.784905e-03,3.966543e-02,1.955588e-01,2.350667e-01,1.422067e-01
2.613249e-03,1.409752e-02,4.115499e-05,1.070057e-03,7.825722e-03,3.864354e-05
