# rmse alpha/u,rmse phic/h,rmse h/r,spread alpha/u,spread phic/h,spread h/r
4.866463e-02,9.784905e-03,3.966543e-02,1.955588e-01,2.350667e-01,1.422067e-01
3.692930e-03,2.229585e-02,4.334690e-05,2.157482e-03,1.409884e-02,4.005262e-05
