# rmse alpha/u,rmse phic/h,rmse h/r,spread alpha/u,spread phic/h,spread h/r
4.866463e-02,9.784905e-03,3.966543e-02,1.955588e-01,2.350667e-01,1.422067e-01
3.886662e-03,2.654666e-02,6.207679e-05,2.257827e-03,1.634877e-02,4.577222e-05
