# rmse alpha/u,rmse phic/h,rmse h/r,spread alpha/u,spread phic/h,spread h/r
4.866463e-02,9.784905e-03,3.966543e-02,1.955588e-01,2.350667e-01,1.422067e-01
3.632172e-03,1.480173e-02,3.371424e-05,1.518832e-03,9.832919e-03,3.393973e-05
