# rmse alpha/u,rmse phic/h,rmse h/r,spread alpha/u,spread phic/h,spread h/r
4.866463e-02,9.784905e-03,3.966543e-02,1.955588e-01,2.350667e-01,1.422067e-01
2.113907e-03,1.989953e-02,6.570426e-05,2.284937e-03,1.701604e-02,5.021354e-05
