# rmse alpha/u,rmse phic/h,rmse h/r,spread alpha/u,spread phic/h,spread h/r
6.507448e-03,3.653749e-02,8.857687e-03,9.866610e-02,1.047418e-01,9.641014e-02
1.774942e-03,1.438527e-02,3.095098e-05,9.140280e-04,6.822385e-03,4.213070e-05
