# rmse alpha/u,rmse phic/h,rmse h/r,spread alpha/u,spread phic/h,spread h/r
6.507448e-03,3.653749e-02,8.857687e-03,9.866610e-02,1.047418e-01,9.641014e-02
1.644937e-03,9.855427e-03,3.612984e-05,1.058514e-03,7.290606e-03,4.176044e-05
