# rmse alpha/u,rmse phic/h,rmse h/r,spread alpha/u,spread phic/h,spread h/r
6.507448e-03,3.653749e-02,8.857687e-03,9.866610e-02,1.047418e-01,9.641014e-02
2.974256e-03,1.443626e-02,4.667429e-05,1.325536e-03,9.296484e-03,4.729758e-05
