# rmse alpha/u,rmse phic/h,rmse h/r,spread alpha/u,spread phic/h,spread h/r
6.507448e-03,3.653749e-02,8.857687e-03,9.866610e-02,1.047418e-01,9.641014e-02
1.137202e-03,6.894987e-03,3.247623e-05,8.742259e-04,6.741237e-03,4.296698e-05
