# rmse alpha/u,rmse phic/h,rmse h/r,spread alpha/u,spread phic/h,spread h/r
6.507448e-03,3.653749e-02,8.857687e-03,9.866610e-02,1.047418e-01,9.641014e-02
1.435689e-03,9.012892e-03,3.444912e-05,1.079445e-03,7.646434e-03,4.504899e-05
