# rmse alpha/u,rmse phic/h,rmse h/r,spread alpha/u,spread phic/h,spread h/r
6.507448e-03,3.653749e-02,8.857687e-03,9.866610e-02,1.047418e-01,9.641014e-02
1.204101e-03,9.218961e-03,4.065601e-05,1.037871e-03,7.754094e-03,4.469297e-05
