# rmse alpha/u,rmse phic/h,rmse h/r,spread alpha/u,spread phic/h,spread h/r
1.974382e-01,3.452771e-01,2.102975e-01,1.792759e-01,2.551135e-01,1.888248e-01
2.830800e-03,1.560154e-02,4.601521e-05,2.077990e-03,1.482000e-02,5.140627e-05
