# rmse alpha/u,rmse phic/h,rmse h/r,spread alpha/u,spread phic/h,spread h/r
1.974382e-01,3.452771e-01,2.102975e-01,1.792759e-01,2.551135e-01,1.888248e-01
2.398622e-03,1.706463e-02,3.873210e-05,1.865263e-03,1.365095e-02,5.113588e-05
