# rmse alpha/u,rmse phic/h,rmse h/r,spread alpha/u,spread phic/h,spread h/r
1.974382e-01,3.452771e-01,2.102975e-01,1.792759e-01,2.551135e-01,1.888248e-01
4.351140e-03,2.949749e-02,5.252027e-05,1.705895e-03,1.345980e-02,5.245758e-05
