# rmse alpha/u,rmse phic/h,rmse h/r,spread alpha/u,spread phic/h,spread h/r
1.974382e-01,3.452771e-01,2.102975e-01,1.792759e-01,2.551135e-01,1.888248e-01
3.021015e-03,1.965516e-02,4.584764e-05,1.977328e-03,1.459736e-02,5.104602e-05
