# rmse alpha/u,rmse phic/h,rmse h/r,spread alpha/u,spread phic/h,spread h/r
1.974382e-01,3.452771e-01,2.102975e-01,1.792759e-01,2.551135e-01,1.888248e-01
2.019285e-03,9.961772e-03,3.887840e-05,1.159940e-03,8.467638e-03,4.700762e-05
