# rmse alpha/u,rmse phic/h,rmse h/r,spread alpha/u,spread phic/h,spread h/r
1.974382e-01,3.452771e-01,2.102975e-01,1.792759e-01,2.551135e-01,1.888248e-01
1.266436e-03,8.627889e-03,3.118700e-05,1.101104e-03,7.980118e-03,4.529555e-05
