# rmse alpha/u,rmse phic/h,rmse h/r,spread alpha/u,spread phic/h,spread h/r
1.974382e-01,3.452771e-01,2.102975e-01,1.792759e-01,2.551135e-01,1.888248e-01
2.764611e-03,1.776084e-02,4.053035e-05,2.030568e-03,1.485639e-02,4.891079e-05
