# rmse alpha/u,rmse phic/h,rmse h/r,spread alpha/u,spread phic/h,spread h/r
1.974382e-01,3.452771e-01,2.102975e-01,1.792759e-01,2.551135e-01,1.888248e-01
1.235832e-03,7.561448e-03,2.343814e-05,9.411440e-04,6.872609e-03,4.200377e-05
