# rmse alpha/u,rmse phic/h,rmse h/r,spread alpha/u,spread phic/h,spread h/r
8.780942e-02,1.472897e-03,8.576323e-02,2.007018e-01,2.348895e-01,2.071683e-01
8.669293e-04,6.597255e-03,4.280595e-05,8.516961e-04,6.616798e-03,4.216828e-05
