# rmse alpha/u,rmse phic/h,rmse h/r,spread alpha/u,spread phic/h,spread h/r
8.780942e-02,1.472897e-03,8.576323e-02,2.007018e-01,2.348895e-01,2.071683e-01
8.933769e-04,7.181718e-03,5.417019e-05,8.784509e-04,7.076674e-03,4.317725e-05
