# rmse alpha/u,rmse phic/h,rmse h/r,spread alpha/u,spread phic/h,spread h/r
8.780942e-02,1.472897e-03,8.576323e-02,2.007018e-01,2.348895e-01,2.071683e-01
8.745157e-04,7.743267e-03,5.782738e-05,8.596681e-04,6.696191e-03,4.258055e-05
