# rmse alpha/u,rmse phic/h,rmse h/r,spread alpha/u,spread phic/h,spread h/r
8.780942e-02,1.472897e-03,8.576323e-02,2.007018e-01,2.348895e-01,2.071683e-01
8.464200e-04,6.470662e-03,5.356785e-05,8.444913e-04,6.588447e-03,4.165732e-05
