# rmse alpha/u,rmse phic/h,rmse h/r,spread alpha/u,spread phic/h,spread h/r
8.780942e-02,1.472897e-03,8.576323e-02,2.007018e-01,2.348895e-01,2.071683e-01
8.435463e-04,6.197864e-03,4.123327e-05,8.277720e-04,6.331678e-03,4.096642e-05
