# rmse alpha/u,rmse phic/h,rmse h/r,spread alpha/u,spread phic/h,spread h/r
8.780942e-02,1.472897e-03,8.576323e-02,2.007018e-01,2.348895e-01,2.071683e-01
8.455027e-04,6.747334e-03,4.403501e-05,8.503286e-04,6.640583e-03,4.255457e-05
