# rmse alpha/u,rmse phic/h,rmse h/r,spread alpha/u,spread phic/h,spread h/r
1.909847e-01,3.402653e-01,2.456548e-01,1.847168e-01,2.479040e-01,2.153381e-01
2.506115e-03,1.789226e-02,4.145510e-05,1.658861e-03,1.221546e-02,4.038105e-05
