# rmse alpha/u,rmse phic/h,rmse h/r,spread alpha/u,spread phic/h,spread h/r
1.909847e-01,3.402653e-01,2.456548e-01,1.847168e-01,2.479040e-01,2.153381e-01
3.585774e-03,2.549403e-02,4.551474e-05,1.645632e-03,1.200435e-02,3.935487e-05
