# rmse alpha/u,rmse phic/h,rmse h/r,spread alpha/u,spread phic/h,spread h/r
1.909847e-01,3.402653e-01,2.456548e-01,1.847168e-01,2.479040e-01,2.153381e-01
2.972989e-03,1.740172e-02,4.790420e-05,1.723228e-03,1.256255e-02,4.084576e-05
