# rmse alpha/u,rmse phic/h,rmse h/r,spread alpha/u,spread phic/h,spread h/r
1.909847e-01,3.402653e-01,2.456548e-01,1.847168e-01,2.479040e-01,2.153381e-01
5.182689e-03,3.666536e-02,5.730985e-05,1.949644e-03,1.352138e-02,4.257653e-05
