# rmse alpha/u,rmse phic/h,rmse h/r,spread alpha/u,spread phic/h,spread h/r
1.909847e-01,3.402653e-01,2.456548e-01,1.847168e-01,2.479040e-01,2.153381e-01
1.052428e-03,7.361251e-03,3.607219e-05,9.845797e-04,6.944469e-03,3.743586e-05
