# rmse alpha/u,rmse phic/h,rmse h/r,spread alpha/u,spread phic/h,spread h/r
2.901246e-04,1.954616e-01,3.968186e-01,2.003257e-01,1.978003e-01,1.815101e-01
5.720563e-03,2.651718e-02,2.094445e-05,3.151415e-03,2.099109e-02,2.846693e-05
