# rmse alpha/u,rmse phic/h,rmse h/r,spread alpha/u,spread phic/h,spread h/r
2.901246e-04,1.954616e-01,3.968186e-01,2.003257e-01,1.978003e-01,1.815101e-01
2.355017e-03,1.394673e-02,2.502504e-05,1.715332e-03,1.132183e-02,2.637617e-05
