# rmse alpha/u,rmse phic/h,rmse h/r,spread alpha/u,spread phic/h,spread h/r
5.783978e-02,9.231170e-02,4.037524e-02,2.108986e-01,2.184920e-01,1.878878e-01
2.788748e-03,1.592955e-02,2.589425e-05,2.001435e-03,1.481472e-02,3.225340e-05
