# rmse alpha/u,rmse phic/h,rmse h/r,spread alpha/u,spread phic/h,spread h/r
5.783978e-02,9.231170e-02,4.037524e-02,2.108986e-01,2.184920e-01,1.878878e-01
3.404303e-03,2.060611e-02,2.862141e-05,2.581223e-03,1.850590e-02,3.086416e-05
