# rmse alpha/u,rmse phic/h,rmse h/r,spread alpha/u,spread phic/h,spread h/r
5.783978e-02,9.231170e-02,4.037524e-02,2.108986e-01,2.184920e-01,1.878878e-01
1.874146e-03,1.046231e-02,2.461919e-05,1.804138e-03,1.158405e-02,2.293280e-05
