# rmse alpha/u,rmse phic/h,rmse h/r,spread alpha/u,spread phic/h,spread h/r
5.783978e-02,9.231170e-02,4.037524e-02,2.108986e-01,2.184920e-01,1.878878e-01
4.634674e-03,3.471599e-02,4.022791e-05,2.444342e-03,1.829703e-02,3.526433e-05
