# rmse alpha/u,rmse phic/h,rmse h/r,spread alpha/u,spread phic/h,spread h/r
5.783978e-02,9.231170e-02,4.037524e-02,2.108986e-01,2.184920e-01,1.878878e-01
3.237385e-03,1.915979e-02,4.104552e-05,1.991973e-03,1.437069e-02,3.006323e-05
