# rmse alpha/u,rmse phic/h,rmse h/r,spread alpha/u,spread phic/h,spread h/r
8.235686e-02,2.477659e-04,3.912929e-03,2.288999e-01,1.865206e-01,1.788623e-01
4.261175e-03,2.353356e-02,4.926275e-05,2.571912e-03,1.707531e-02,3.803768e-05
