# rmse alpha/u,rmse phic/h,rmse h/r,spread alpha/u,spread phic/h,spread h/r
8.235686e-02,2.477659e-04,3.912929e-03,2.288999e-01,1.865206e-01,1.788623e-01
3.331080e-03,2.245039e-02,5.105957e-05,2.454025e-03,1.673215e-02,3.842301e-05
