# rmse alpha/u,rmse phic/h,rmse h/r,spread alpha/u,spread phic/h,spread h/r
8.235686e-02,2.477659e-04,3.912929e-03,2.288999e-01,1.865206e-01,1.788623e-01
3.273970e-03,2.237871e-02,5.048460e-05,2.019042e-03,1.501110e-02,3.790078e-05
