# rmse alpha/u,rmse phic/h,rmse h/r,spread alpha/u,spread phic/h,spread h/r
8.235686e-02,2.477659e-04,3.912929e-03,2.288999e-01,1.865206e-01,1.788623e-01
2.435199e-03,1.091953e-02,3.599441e-05,1.645497e-03,1.038602e-02,2.844261e-05
