# rmse alpha/u,rmse phic/h,rmse h/r,spread alpha/u,spread phic/h,spread h/r
2.459850e-01,4.318441e-01,5.914748e-01,1.792759e-01,2.551135e-01,1.888248e-01
2.626810e-03,1.144854e-02,3.295742e-05,1.581008e-03,1.082824e-02,3.004814e-05
