# rmse alpha/u,rmse phic/h,rmse h/r,spread alpha/u,spread phic/h,spread h/r
2.459850e-01,4.318441e-01,5.914748e-01,1.792759e-01,2.551135e-01,1.888248e-01
1.664029e-03,1.153114e-02,3.608783e-05,1.533649e-03,1.057480e-02,3.420287e-05
