# rmse alpha/u,rmse phic/h,rmse h/r,spread alpha/u,spread phic/h,spread h/r
2.459850e-01,4.318441e-01,5.914748e-01,1.792759e-01,2.551135e-01,1.888248e-01
2.520159e-03,1.051404e-02,3.562867e-05,1.030810e-03,7.501102e-03,2.995914e-05
