# rmse alpha/u,rmse phic/h,rmse h/r,spread alpha/u,spread phic/h,spread h/r
2.459850e-01,4.318441e-01,5.914748e-01,1.792759e-01,2.551135e-01,1.888248e-01
2.418690e-03,1.190560e-02,3.594993e-05,1.302884e-03,9.330686e-03,2.783152e-05
