# rmse alpha/u,rmse phic/h,rmse h/r,spread alpha/u,spread phic/h,spread h/r
2.459850e-01,4.318441e-01,5.914748e-01,1.792759e-01,2.551135e-01,1.888248e-01
2.535458e-03,1.793864e-02,3.098999e-05,1.616877e-03,1.284722e-02,3.115853e-05
