# rmse alpha/u,rmse phic/h,rmse h/r,spread alpha/u,spread phic/h,spread h/r
1.840720e-01,1.947123e-01,1.130118e-01,1.346817e-01,1.041593e-01,6.971457e-02
3.016220e-03,1.895956e-02,3.692520e-05,1.786709e-03,1.281833e-02,4.821862e-05
