# rmse alpha/u,rmse phic/h,rmse h/r,spread alpha/u,spread phic/h,spread h/r
1.840720e-01,1.947123e-01,1.130118e-01,1.346817e-01,1.041593e-01,6.971457e-02
3.170522e-03,2.165378e-02,3.556282e-05,2.411966e-03,1.740413e-02,4.218670e-05
