# rmse alpha/u,rmse phic/h,rmse h/r,spread alpha/u,spread phic/h,spread h/r
1.840720e-01,1.947123e-01,1.130118e-01,1.346817e-01,1.041593e-01,6.971457e-02
2.188805e-03,1.555489e-02,3.592388e-05,1.567948e-03,1.099582e-02,3.737431e-05
