# rmse alpha/u,rmse phic/h,rmse h/r,spread alpha/u,spread phic/h,spread h/r
1.840720e-01,1.947123e-01,1.130118e-01,1.346817e-01,1.041593e-01,6.971457e-02
3.718561e-03,2.226367e-02,4.440825e-05,2.385780e-03,1.768118e-02,4.850070e-05
