# rmse alpha/u,rmse phic/h,rmse h/r,spread alpha/u,spread phic/h,spread h/r
1.840720e-01,1.947123e-01,1.130118e-01,1.346817e-01,1.041593e-01,6.971457e-02
2.477028e-03,1.515443e-02,3.119176e-05,1.795199e-03,1.259433e-02,3.914406e-05
