# rmse alpha/u,rmse phic/h,rmse h/r,spread alpha/u,spread phic/h,spread h/r
1.840720e-01,1.947123e-01,1.130118e-01,1.346817e-01,1.041593e-01,6.971457e-02
3.982582e-03,2.197916e-02,3.682189e-05,2.679778e-03,1.762054e-02,4.383430e-05
