# rmse alpha/u,rmse phic/h,rmse h/r,spread alpha/u,spread phic/h,spread h/r
1.840720e-01,1.947123e-01,1.130118e-01,1.346817e-01,1.041593e-01,6.971457e-02
3.191043e-03,2.894404e-02,4.812778e-05,2.170607e-03,1.545137e-02,4.515451e-05
