# rmse alpha/u,rmse phic/h,rmse h/r,spread alpha/u,spread phic/h,spread h/r
1.992551e-02,1.195715e-03,4.397079e-02,1.331897e-01,9.964854e-02,7.477678e-02
4.732143e-03,2.939722e-02,5.714776e-05,3.372040e-03,2.585517e-02,5.569697e-05
