# rmse alpha/u,rmse phic/h,rmse h/r,spread alpha/u,spread phic/h,spread h/r
1.992551e-02,1.195715e-03,4.397079e-02,1.331897e-01,9.964854e-02,7.477678e-02
4.180126e-03,3.322237e-02,6.720790e-05,2.753674e-03,2.057757e-02,5.729764e-05
