# rmse alpha/u,rmse phic/h,rmse h/r,spread alpha/u,spread phic/h,spread h/r
1.992551e-02,1.195715e-03,4.397079e-02,1.331897e-01,9.964854e-02,7.477678e-02
3.798345e-03,2.948258e-02,4.149736e-05,3.534119e-03,2.509448e-02,5.056374e-05
