# rmse alpha/u,rmse phic/h,rmse h/r,spread alpha/u,spread phic/h,spread h/r
1.992551e-02,1.195715e-03,4.397079e-02,1.331897e-01,9.964854e-02,7.477678e-02
3.544973e-03,1.502700e-02,5.517242e-05,2.267099e-03,1.566890e-02,4.399826e-05
