# rmse alpha/u,rmse phic/h,rmse h/r,spread alpha/u,spread phic/h,spread h/r
2.459850e-01,4.318441e-01,5.914748e-01,1.792759e-01,2.551135e-01,1.888248e-01
1.479576e-03,7.429793e-03,2.028151e-05,9.339220e-04,7.032934e-03,2.901736e-05
