# rmse alpha/u,rmse phic/h,rmse h/r,spread alpha/u,spread phic/h,spread h/r
2.459850e-01,4.318441e-01,5.914748e-01,1.792759e-01,2.551135e-01,1.888248e-01
1.159038e-03,1.122019e-02,1.998518e-05,1.161883e-03,8.237059e-03,2.788361e-05
