# rmse alpha/u,rmse phic/h,rmse h/r,spread alpha/u,spread phic/h,spread h/r
2.459850e-01,4.318441e-01,5.914748e-01,1.792759e-01,2.551135e-01,1.888248e-01
8.599147e-04,6.851880e-03,2.063600e-05,8.721989e-04,6.717935e-03,2.986143e-05
