# rmse alpha/u,rmse phic/h,rmse h/r,spread alpha/u,spread phic/h,spread h/r
1.142576e-01,2.171078e-01,1.520113e-01,9.599638e-02,8.890383e-02,7.701097e-02
8.950125e-04,7.105209e-03,2.279699e-05,8.821100e-04,7.064982e-03,5.367039e-05
