# rmse alpha/u,rmse phic/h,rmse h/r,spread alpha/u,spread phic/h,spread h/r
1.142576e-01,2.171078e-01,1.520113e-01,9.599638e-02,8.890383e-02,7.701097e-02
8.309711e-04,6.379091e-03,2.083352e-05,8.346706e-04,6.632749e-03,5.106253e-05
