# rmse alpha/u,rmse phic/h,rmse h/r,spread alpha/u,spread phic/h,spread h/r
1.142576e-01,2.171078e-01,1.520113e-01,9.599638e-02,8.890383e-02,7.701097e-02
8.647859e-04,6.869159e-03,1.975597e-05,8.635333e-04,6.972203e-03,5.099847e-05
