# rmse alpha/u,rmse phic/h,rmse h/r,spread alpha/u,spread phic/h,spread h/r
1.142576e-01,2.171078e-01,1.520113e-01,9.599638e-02,8.890383e-02,7.701097e-02
8.345939e-04,6.897322e-03,2.104855e-05,8.569485e-04,6.881278e-03,5.074875e-05
