# rmse alpha/u,rmse phic/h,rmse h/r,spread alpha/u,spread phic/h,spread h/r
3.486054e-02,2.822969e-03,8.582006e-02,1.738920e-01,2.448466e-01,1.681315e-01
4.746224e-03,2.713832e-02,5.718252e-05,2.523990e-03,1.651068e-02,2.486166e-05
