# rmse alpha/u,rmse phic/h,rmse h/r,spread alpha/u,spread phic/h,spread h/r
3.486054e-02,2.822969e-03,8.582006e-02,1.738920e-01,2.448466e-01,1.681315e-01
2.457494e-03,2.595284e-02,4.971226e-05,2.056434e-03,1.334409e-02,2.375214e-05
