# rmse alpha/u,rmse phic/h,rmse h/r,spread alpha/u,spread phic/h,spread h/r
3.486054e-02,2.822969e-03,8.582006e-02,1.738920e-01,2.448466e-01,1.681315e-01
4.869216e-03,2.513425e-02,4.383158e-05,2.396299e-03,1.685785e-02,3.608249e-05
