# rmse alpha/u,rmse phic/h,rmse h/r,spread alpha/u,spread phic/h,spread h/r
3.486054e-02,2.822969e-03,8.582006e-02,1.738920e-01,2.448466e-01,1.681315e-01
3.479721e-03,1.679203e-02,3.698592e-05,1.211982e-03,8.930353e-03,2.550175e-05
