# rmse alpha/u,rmse phic/h,rmse h/r,spread alpha/u,spread phic/h,spread h/r
3.486054e-02,2.822969e-03,8.582006e-02,1.738920e-01,2.448466e-01,1.681315e-01
4.445964e-03,2.468252e-02,7.642571e-05,2.357965e-03,1.773574e-02,4.058253e-05
