# rmse alpha/u,rmse phic/h,rmse h/r,spread alpha/u,spread phic/h,spread h/r
2.306715e-03,4.387247e-02,2.916735e-03,1.633829e-01,2.359221e-01,1.343989e-01
2.825093e-03,1.770991e-02,6.096422e-05,1.901824e-03,1.374011e-02,3.840686e-05
