# rmse alpha/u,rmse phic/h,rmse h/r,spread alpha/u,spread phic/h,spread h/r
2.306715e-03,4.387247e-02,2.916735e-03,1.633829e-01,2.359221e-01,1.343989e-01
9.668390e-04,6.382738e-03,2.987366e-05,9.148231e-04,6.537115e-03,3.457038e-05
