# rmse alpha/u,rmse phic/h,rmse h/r,spread alpha/u,spread phic/h,spread h/r
2.306715e-03,4.387247e-02,2.916735e-03,1.633829e-01,2.359221e-01,1.343989e-01
2.228653e-03,1.210794e-02,4.354604e-05,1.591267e-03,1.146652e-02,3.903276e-05
