# rmse alpha/u,rmse phic/h,rmse h/r,spread alpha/u,spread phic/h,spread h/r
1.103864e-01,4.768910e-02,8.788047e-02,2.007018e-01,2.348895e-01,2.071683e-01
5.579442e-03,3.182107e-02,3.283019e-05,4.157917e-03,3.202073e-02,3.337012e-05
