# rmse alpha/u,rmse phic/h,rmse h/r,spread alpha/u,spread phic/h,spread h/r
1.103864e-01,4.768910e-02,8.788047e-02,2.007018e-01,2.348895e-01,2.071683e-01
5.293506e-03,3.522665e-02,3.200729e-05,4.015006e-03,3.185937e-02,3.138855e-05
