# rmse alpha/u,rmse phic/h,rmse h/r,spread alpha/u,spread phic/h,spread h/r
1.103864e-01,4.768910e-02,8.788047e-02,2.007018e-01,2.348895e-01,2.071683e-01
5.315343e-03,3.053127e-02,2.724131e-05,3.702823e-03,2.943373e-02,3.028999e-05
