# rmse alpha/u,rmse phic/h,rmse h/r,spread alpha/u,spread phic/h,spread h/r
1.103864e-01,4.768910e-02,8.788047e-02,2.007018e-01,2.348895e-01,2.071683e-01
4.937040e-03,2.683852e-02,2.428569e-05,3.085793e-03,2.349295e-02,2.343760e-05
