# rmse alpha/u,rmse phic/h,rmse h/r,spread alpha/u,spread phic/h,spread h/r
1.350727e-01,3.231250e-01,2.440703e-01,1.273473e-01,2.300883e-01,2.154004e-01
8.266616e-04,6.900625e-03,3.782813e-05,8.262545e-04,6.546140e-03,3.807350e-05
