# rmse alpha/u,rmse phic/h,rmse h/r,spread alpha/u,spread phic/h,spread h/r
1.350727e-01,3.231250e-01,2.440703e-01,1.273473e-01,2.300883e-01,2.154004e-01
8.246037e-04,6.510793e-03,3.147845e-05,8.097807e-04,6.340370e-03,3.807204e-05
