# rmse alpha/u,rmse phic/h,rmse h/r,spread alpha/u,spread phic/h,spread h/r
1.350727e-01,3.231250e-01,2.440703e-01,1.273473e-01,2.300883e-01,2.154004e-01
8.604718e-04,6.639433e-03,3.228681e-05,8.093645e-04,6.338937e-03,3.831870e-05
