# rmse alpha/u,rmse phic/h,rmse h/r,spread alpha/u,spread phic/h,spread h/r
1.909847e-01,3.402653e-01,2.456548e-01,1.847168e-01,2.479040e-01,2.153381e-01
3.280271e-03,1.914143e-02,8.145221e-05,1.725911e-03,1.122405e-02,1.267199e-05
