# rmse alpha/u,rmse phic/h,rmse h/r,spread alpha/u,spread phic/h,spread h/r
1.909847e-01,3.402653e-01,2.456548e-01,1.847168e-01,2.479040e-01,2.153381e-01
3.461489e-03,1.969263e-02,8.876203e-05,1.490269e-03,1.056923e-02,1.665158e-05
