# rmse alpha/u,rmse phic/h,rmse h/r,spread alpha/u,spread phic/h,spread h/r
1.613370e-02,2.936263e-04,4.735499e-02,1.390804e-01,9.954322e-02,9.562547e-02
5.037847e-03,3.502929e-02,4.646481e-05,3.759791e-03,2.967746e-02,4.078122e-05
