# rmse alpha/u,rmse phic/h,rmse h/r,spread alpha/u,spread phic/h,spread h/r
2.392454e-02,2.033302e-01,5.065535e-01,2.064906e-01,1.899857e-01,1.562718e-01
2.843260e-03,1.715092e-02,6.259061e-05,2.035021e-03,1.344582e-02,5.341320e-05
