# rmse alpha/u,rmse phic/h,rmse h/r,spread alpha/u,spread phic/h,spread h/r
2.392454e-02,2.033302e-01,5.065535e-01,2.064906e-01,1.899857e-01,1.562718e-01
2.848486e-03,1.438212e-02,6.145589e-05,2.780738e-03,1.905413e-02,5.614071e-05
