# rmse alpha/u,rmse phic/h,rmse h/r,spread alpha/u,spread phic/h,spread h/r
2.392454e-02,2.033302e-01,5.065535e-01,2.064906e-01,1.899857e-01,1.562718e-01
1.148678e-03,7.307192e-03,5.329700e-05,1.218094e-03,8.270765e-03,4.419465e-05
