# rmse alpha/u,rmse phic/h,rmse h/r,spread alpha/u,spread phic/h,spread h/r
2.392454e-02,2.033302e-01,5.065535e-01,2.064906e-01,1.899857e-01,1.562718e-01
2.681933e-03,1.850291e-02,5.920413e-05,2.473028e-03,1.722752e-02,5.744480e-05
