# rmse alpha/u,rmse phic/h,rmse h/r,spread alpha/u,spread phic/h,spread h/r
2.392454e-02,2.033302e-01,5.065535e-01,2.064906e-01,1.899857e-01,1.562718e-01
2.669825e-03,1.529716e-02,6.981248e-05,1.934117e-03,1.366704e-02,5.783762e-05
