# rmse alpha/u,rmse phic/h,rmse h/r,spread alpha/u,spread phic/h,spread h/r
2.392454e-02,2.033302e-01,5.065535e-01,2.064906e-01,1.899857e-01,1.562718e-01
4.101605e-03,2.167117e-02,7.648611e-05,3.165216e-03,2.293034e-02,6.899443e-05
