# rmse alpha/u,rmse phic/h,rmse h/r,spread alpha/u,spread phic/h,spread h/r
8.774005e-02,1.862091e-01,1.834772e-01,2.007666e-01,2.380345e-01,2.181955e-01
8.628753e-04,6.931479e-03,2.918167e-05,8.522045e-04,7.007870e-03,4.470122e-05
