# rmse alpha/u,rmse phic/h,rmse h/r,spread alpha/u,spread phic/h,spread h/r
8.774005e-02,1.862091e-01,1.834772e-01,2.007666e-01,2.380345e-01,2.181955e-01
7.660881e-04,6.063792e-03,1.960473e-05,7.672470e-04,5.982026e-03,3.911930e-05
