# rmse alpha/u,rmse phic/h,rmse h/r,spread alpha/u,spread phic/h,spread h/r
8.774005e-02,1.862091e-01,1.834772e-01,2.007666e-01,2.380345e-01,2.181955e-01
7.890015e-04,6.344390e-03,2.170498e-05,7.927957e-04,6.284209e-03,4.118990e-05
