# rmse alpha/u,rmse phic/h,rmse h/r,spread alpha/u,spread phic/h,spread h/r
8.774005e-02,1.862091e-01,1.834772e-01,2.007666e-01,2.380345e-01,2.181955e-01
8.889380e-04,7.425973e-03,2.917122e-05,8.564856e-04,6.851821e-03,4.395178e-05
