# rmse alpha/u,rmse phic/h,rmse h/r,spread alpha/u,spread phic/h,spread h/r
8.774005e-02,1.862091e-01,1.834772e-01,2.007666e-01,2.380345e-01,2.181955e-01
8.801099e-04,7.112546e-03,3.229403e-05,8.572562e-04,7.111049e-03,4.631688e-05
