# rmse alpha/u,rmse phic/h,rmse h/r,spread alpha/u,spread phic/h,spread h/r
8.774005e-02,1.862091e-01,1.834772e-01,2.007666e-01,2.380345e-01,2.181955e-01
8.529272e-04,6.729788e-03,2.376594e-05,7.948241e-04,6.226835e-03,4.149665e-05
