# rmse alpha/u,rmse phic/h,rmse h/r,spread alpha/u,spread phic/h,spread h/r
8.774005e-02,1.862091e-01,1.834772e-01,2.007666e-01,2.380345e-01,2.181955e-01
7.959382e-04,6.129858e-03,1.983532e-05,7.933072e-04,6.271059e-03,3.964308e-05
