# rmse alpha/u,rmse phic/h,rmse h/r,spread alpha/u,spread phic/h,spread h/r
7.387464e-02,5.252818e-03,4.755631e-04,1.291687e-01,1.007828e-01,6.186122e-02
2.860412e-03,2.120519e-02,5.577109e-05,1.933512e-03,1.432542e-02,4.596393e-05
