# rmse alpha/u,rmse phic/h,rmse h/r,spread alpha/u,spread phic/h,spread h/r
7.387464e-02,5.252818e-03,4.755631e-04,1.291687e-01,1.007828e-01,6.186122e-02
1.933577e-03,1.862503e-02,5.658697e-05,1.864332e-03,1.349382e-02,3.978391e-05
