# rmse alpha/u,rmse phic/h,rmse h/r,spread alpha/u,spread phic/h,spread h/r
7.387464e-02,5.252818e-03,4.755631e-04,1.291687e-01,1.007828e-01,6.186122e-02
3.055709e-03,1.566519e-02,3.446657e-05,2.600110e-03,1.845440e-02,4.437476e-05
