# rmse alpha/u,rmse phic/h,rmse h/r,spread alpha/u,spread phic/h,spread h/r
4.572021e-04,2.201230e-02,8.216687e-03,1.556179e-01,2.276190e-01,1.978398e-01
3.218065e-03,2.009644e-02,4.015886e-05,1.422260e-03,1.081848e-02,5.185715e-05
