# rmse alpha/u,rmse phic/h,rmse h/r,spread alpha/u,spread phic/h,spread h/r
4.572021e-04,2.201230e-02,8.216687e-03,1.556179e-01,2.276190e-01,1.978398e-01
1.076143e-03,8.098447e-03,2.700209e-05,9.154953e-04,7.077303e-03,5.047619e-05
