# rmse alpha/u,rmse phic/h,rmse h/r,spread alpha/u,spread phic/h,spread h/r
4.572021e-04,2.201230e-02,8.216687e-03,1.556179e-01,2.276190e-01,1.978398e-01
1.709721e-03,1.083728e-02,2.865790e-05,1.153593e-03,8.486658e-03,4.992544e-05
