# rmse alpha/u,rmse phic/h,rmse h/r,spread alpha/u,spread phic/h,spread h/r
4.572021e-04,2.201230e-02,8.216687e-03,1.556179e-01,2.276190e-01,1.978398e-01
2.279852e-03,1.344559e-02,2.776113e-05,1.341281e-03,9.472593e-03,5.123269e-05
