# rmse alpha/u,rmse phic/h,rmse h/r,spread alpha/u,spread phic/h,spread h/r
7.576347e-02,7.302573e-03,4.566896e-02,1.927996e-01,2.373932e-01,2.334187e-01
8.659302e-04,7.447876e-03,1.967811e-04,8.301357e-04,6.362273e-03,1.389748e-05
