# rmse alpha/u,rmse phic/h,rmse h/r,spread alpha/u,spread phic/h,spread h/r
7.576347e-02,7.302573e-03,4.566896e-02,1.927996e-01,2.373932e-01,2.334187e-01
8.296066e-04,6.999145e-03,1.942964e-04,7.956512e-04,6.021913e-03,9.919152e-06
