# rmse alpha/u,rmse phic/h,rmse h/r,spread alpha/u,spread phic/h,spread h/r
7.576347e-02,7.302573e-03,4.566896e-02,1.927996e-01,2.373932e-01,2.334187e-01
1.107158e-03,8.639378e-03,1.900657e-04,8.015339e-04,5.946317e-03,1.030170e-05
