# rmse alpha/u,rmse phic/h,rmse h/r,spread alpha/u,spread phic/h,spread h/r
1.307213e-01,3.924098e-03,1.670414e-02,1.659249e-01,7.544403e-02,7.513006e-02
5.599843e-03,3.304183e-02,7.840293e-05,3.508944e-03,2.621998e-02,4.550541e-05
