# rmse alpha/u,rmse phic/h,rmse h/r,spread alpha/u,spread phic/h,spread h/r
1.307213e-01,3.924098e-03,1.670414e-02,1.659249e-01,7.544403e-02,7.513006e-02
5.797023e-03,4.120890e-02,6.149661e-05,3.239885e-03,2.301761e-02,3.961940e-05
