# rmse alpha/u,rmse phic/h,rmse h/r,spread alpha/u,spread phic/h,spread h/r
1.307213e-01,3.924098e-03,1.670414e-02,1.659249e-01,7.544403e-02,7.513006e-02
4.663664e-03,3.242295e-02,6.361644e-05,2.716557e-03,1.930279e-02,3.782905e-05
