# rmse alpha/u,rmse phic/h,rmse h/r,spread alpha/u,spread phic/h,spread h/r
1.307213e-01,3.924098e-03,1.670414e-02,1.659249e-01,7.544403e-02,7.513006e-02
3.632975e-03,2.499558e-02,4.246106e-05,2.268825e-03,1.550623e-02,3.044998e-05
