# rmse alpha/u,rmse phic/h,rmse h/r,spread alpha/u,spread phic/h,spread h/r
1.114576e-01,1.311660e-01,1.039875e-01,1.070078e-01,8.939281e-02,7.304493e-02
8.344959e-04,6.169011e-03,1.950959e-05,8.922801e-04,6.683481e-03,4.855817e-05
