# rmse alpha/u,rmse phic/h,rmse h/r,spread alpha/u,spread phic/h,spread h/r
1.114576e-01,1.311660e-01,1.039875e-01,1.070078e-01,8.939281e-02,7.304493e-02
8.520374e-04,6.726937e-03,2.282471e-05,8.715372e-04,6.816334e-03,4.919012e-05
