# rmse alpha/u,rmse phic/h,rmse h/r,spread alpha/u,spread phic/h,spread h/r
1.114576e-01,1.311660e-01,1.039875e-01,1.070078e-01,8.939281e-02,7.304493e-02
8.464670e-04,6.459173e-03,2.268692e-05,8.480853e-04,6.778495e-03,4.884485e-05
