# rmse alpha/u,rmse phic/h,rmse h/r,spread alpha/u,spread phic/h,spread h/r
1.114576e-01,1.311660e-01,1.039875e-01,1.070078e-01,8.939281e-02,7.304493e-02
8.030195e-04,6.032678e-03,1.937964e-05,8.179591e-04,6.418408e-03,4.719869e-05
