# rmse alpha/u,rmse phic/h,rmse h/r,spread alpha/u,spread phic/h,spread h/r
1.114576e-01,1.311660e-01,1.039875e-01,1.070078e-01,8.939281e-02,7.304493e-02
8.524516e-04,6.550494e-03,2.715914e-05,8.525211e-04,6.761022e-03,4.971252e-05
