# rmse alpha/u,rmse phic/h,rmse h/r,spread alpha/u,spread phic/h,spread h/r
1.114576e-01,1.311660e-01,1.039875e-01,1.070078e-01,8.939281e-02,7.304493e-02
8.684207e-04,6.967855e-03,2.375398e-05,8.623561e-04,7.110807e-03,5.021131e-05
