# rmse alpha/u,rmse phic/h,rmse h/r,spread alpha/u,spread phic/h,spread h/r
1.089551e-02,3.362623e-03,1.357926e-03,1.357027e-01,2.229960e-01,1.475695e-01
8.693493e-04,7.114062e-03,3.151264e-05,8.151731e-04,6.379740e-03,4.477305e-05
