# rmse alpha/u,rmse phic/h,rmse h/r,spread alpha/u,spread phic/h,spread h/r
1.089551e-02,3.362623e-03,1.357926e-03,1.357027e-01,2.229960e-01,1.475695e-01
7.851926e-04,5.813570e-03,2.520522e-05,7.776891e-04,5.985998e-03,4.425871e-05
