# rmse alpha/u,rmse phic/h,rmse h/r,spread alpha/u,spread phic/h,spread h/r
1.089551e-02,3.362623e-03,1.357926e-03,1.357027e-01,2.229960e-01,1.475695e-01
7.842442e-04,6.004784e-03,2.214088e-05,7.830663e-04,5.866058e-03,4.486342e-05
