# rmse alpha/u,rmse phic/h,rmse h/r,spread alpha/u,spread phic/h,spread h/r
1.089551e-02,3.362623e-03,1.357926e-03,1.357027e-01,2.229960e-01,1.475695e-01
8.277174e-04,6.468648e-03,2.793547e-05,7.806436e-04,5.993038e-03,4.510709e-05
