# rmse alpha/u,rmse phic/h,rmse h/r,spread alpha/u,spread phic/h,spread h/r
1.089551e-02,3.362623e-03,1.357926e-03,1.357027e-01,2.229960e-01,1.475695e-01
8.925053e-04,6.966654e-03,2.341927e-05,8.531540e-04,6.826552e-03,4.731508e-05
