# rmse alpha/u,rmse phic/h,rmse h/r,spread alpha/u,spread phic/h,spread h/r
1.089551e-02,3.362623e-03,1.357926e-03,1.357027e-01,2.229960e-01,1.475695e-01
8.617685e-04,6.823480e-03,2.383692e-05,8.155634e-04,6.458226e-03,4.533585e-05
