# rmse alpha/u,rmse phic/h,rmse h/r,spread alpha/u,spread phic/h,spread h/r
1.089551e-02,3.362623e-03,1.357926e-03,1.357027e-01,2.229960e-01,1.475695e-01
8.761462e-04,6.698879e-03,2.686363e-05,8.524707e-04,6.622623e-03,4.757596e-05
