# rmse alpha/u,rmse phic/h,rmse h/r,spread alpha/u,spread phic/h,spread h/r
2.418432e-03,1.120600e-02,4.808856e-04,2.178019e-01,1.997102e-01,1.533221e-01
3.614926e-03,2.401242e-02,4.627530e-05,2.457065e-03,1.696644e-02,3.632989e-05
