# rmse alpha/u,rmse phic/h,rmse h/r,spread alpha/u,spread phic/h,spread h/r
2.418432e-03,1.120600e-02,4.808856e-04,2.178019e-01,1.997102e-01,1.533221e-01
3.519608e-03,1.866755e-02,3.571062e-05,2.194044e-03,1.515688e-02,3.414096e-05
