# rmse alpha/u,rmse phic/h,rmse h/r,spread alpha/u,spread phic/h,spread h/r
2.418432e-03,1.120600e-02,4.808856e-04,2.178019e-01,1.997102e-01,1.533221e-01
3.870318e-03,2.675121e-02,3.778737e-05,2.621681e-03,1.875837e-02,3.447299e-05
