# rmse alpha/u,rmse phic/h,rmse h/r,spread alpha/u,spread phic/h,spread h/r
1.167143e-01,5.353133e-02,1.535128e-01,2.040335e-01,2.216318e-01,2.169816e-01
5.567770e-03,4.241909e-02,9.839221e-05,3.051461e-03,2.336621e-02,5.440556e-05
