# rmse alpha/u,rmse phic/h,rmse h/r,spread alpha/u,spread phic/h,spread h/r
1.167143e-01,5.353133e-02,1.535128e-01,2.040335e-01,2.216318e-01,2.169816e-01
5.711239e-03,3.664666e-02,7.616999e-05,3.771931e-03,2.758454e-02,5.868417e-05
