# rmse alpha/u,rmse phic/h,rmse h/r,spread alpha/u,spread phic/h,spread h/r
1.167143e-01,5.353133e-02,1.535128e-01,2.040335e-01,2.216318e-01,2.169816e-01
5.888903e-03,3.009694e-02,7.940048e-05,3.749948e-03,2.757787e-02,5.740049e-05
