# rmse alpha/u,rmse phic/h,rmse h/r,spread alpha/u,spread phic/h,spread h/r
1.167143e-01,5.353133e-02,1.535128e-01,2.040335e-01,2.216318e-01,2.169816e-01
4.280248e-03,2.826436e-02,5.434119e-05,2.664762e-03,1.975700e-02,4.238288e-05
