# rmse alpha/u,rmse phic/h,rmse h/r,spread alpha/u,spread phic/h,spread h/r
1.167143e-01,5.353133e-02,1.535128e-01,2.040335e-01,2.216318e-01,2.169816e-01
4.513313e-03,3.045113e-02,6.288752e-05,3.624664e-03,2.460208e-02,4.615414e-05
