# rmse alpha/u,rmse phic/h,rmse h/r,spread alpha/u,spread phic/h,spread h/r
2.537207e-01,1.801888e-01,1.345334e-01,1.449257e-01,1.076831e-01,8.123693e-02
4.874092e-03,2.170531e-02,6.659322e-05,2.437645e-03,1.699858e-02,3.711363e-05
