# rmse alpha/u,rmse phic/h,rmse h/r,spread alpha/u,spread phic/h,spread h/r
2.537207e-01,1.801888e-01,1.345334e-01,1.449257e-01,1.076831e-01,8.123693e-02
4.413558e-03,2.776286e-02,6.596802e-05,2.680570e-03,1.897014e-02,4.209207e-05
