# rmse alpha/u,rmse phic/h,rmse h/r,spread alpha/u,spread phic/h,spread h/r
2.537207e-01,1.801888e-01,1.345334e-01,1.449257e-01,1.076831e-01,8.123693e-02
3.630166e-03,2.656144e-02,7.178062e-05,2.733085e-03,1.870761e-02,4.241247e-05
