# rmse alpha/u,rmse phic/h,rmse h/r,spread alpha/u,spread phic/h,spread h/r
2.537207e-01,1.801888e-01,1.345334e-01,1.449257e-01,1.076831e-01,8.123693e-02
3.896228e-03,2.089872e-02,6.591887e-05,1.957128e-03,1.336253e-02,3.805534e-05
