# rmse alpha/u,rmse phic/h,rmse h/r,spread alpha/u,spread phic/h,spread h/r
2.537207e-01,1.801888e-01,1.345334e-01,1.449257e-01,1.076831e-01,8.123693e-02
4.127965e-03,2.129329e-02,6.442739e-05,1.633654e-03,1.113488e-02,3.375676e-05
