# rmse alpha/u,rmse phic/h,rmse h/r,spread alpha/u,spread phic/h,spread h/r
2.537207e-01,1.801888e-01,1.345334e-01,1.449257e-01,1.076831e-01,8.123693e-02
4.603738e-03,3.054955e-02,4.952292e-05,2.199768e-03,1.509714e-02,2.903104e-05
