# rmse alpha/u,rmse phic/h,rmse h/r,spread alpha/u,spread phic/h,spread h/r
2.537207e-01,1.801888e-01,1.345334e-01,1.449257e-01,1.076831e-01,8.123693e-02
3.022522e-03,1.913960e-02,5.822938e-05,1.894312e-03,1.298268e-02,3.483069e-05
