# rmse alpha/u,rmse phic/h,rmse h/r,spread alpha/u,spread phic/h,spread h/r
1.537894e-01,2.898560e-01,4.172786e-01,1.247299e-01,2.016558e-01,1.417906e-01
4.380812e-03,2.388017e-02,3.096816e-05,3.041036e-03,2.189923e-02,2.046824e-05
