# rmse alpha/u,rmse phic/h,rmse h/r,spread alpha/u,spread phic/h,spread h/r
1.537894e-01,2.898560e-01,4.172786e-01,1.247299e-01,2.016558e-01,1.417906e-01
4.387727e-03,2.856575e-02,4.100856e-05,2.696589e-03,2.004431e-02,2.409126e-05
