# rmse alpha/u,rmse phic/h,rmse h/r,spread alpha/u,spread phic/h,spread h/r
1.537894e-01,2.898560e-01,4.172786e-01,1.247299e-01,2.016558e-01,1.417906e-01
3.952240e-03,2.483422e-02,2.697355e-05,1.776919e-03,1.198851e-02,2.042505e-05
