# rmse alpha/u,rmse phic/h,rmse h/r,spread alpha/u,spread phic/h,spread h/r
1.537894e-01,2.898560e-01,4.172786e-01,1.247299e-01,2.016558e-01,1.417906e-01
3.938535e-03,2.451805e-02,3.321682e-05,1.793206e-03,1.270410e-02,2.010599e-05
