# rmse alpha/u,rmse phic/h,rmse h/r,spread alpha/u,spread phic/h,spread h/r
1.537894e-01,2.898560e-01,4.172786e-01,1.247299e-01,2.016558e-01,1.417906e-01
4.664665e-03,3.168566e-02,4.429895e-05,1.977036e-03,1.324607e-02,1.987149e-05
