# rmse alpha/u,rmse phic/h,rmse h/r,spread alpha/u,spread phic/h,spread h/r
1.537894e-01,2.898560e-01,4.172786e-01,1.247299e-01,2.016558e-01,1.417906e-01
2.803570e-03,2.118153e-02,3.121262e-05,2.060494e-03,1.373084e-02,1.849021e-05
