# rmse alpha/u,rmse phic/h,rmse h/r,spread alpha/u,spread phic/h,spread h/r
2.998001e-01,2.154701e-01,2.576322e-01,1.813633e-01,2.153254e-01,1.756998e-01
3.408575e-03,2.825256e-02,9.413121e-05,3.132145e-03,2.339188e-02,5.889178e-05
