# rmse alpha/u,rmse phic/h,rmse h/r,spread alpha/u,spread phic/h,spread h/r
2.998001e-01,2.154701e-01,2.576322e-01,1.813633e-01,2.153254e-01,1.756998e-01
4.679418e-03,2.793431e-02,9.305279e-05,3.156234e-03,2.196128e-02,5.478302e-05
