# rmse alpha/u,rmse phic/h,rmse h/r,spread alpha/u,spread phic/h,spread h/r
2.998001e-01,2.154701e-01,2.576322e-01,1.813633e-01,2.153254e-01,1.756998e-01
2.931112e-03,2.194536e-02,6.925016e-05,2.509714e-03,1.675626e-02,4.327170e-05
