# rmse alpha/u,rmse phic/h,rmse h/r,spread alpha/u,spread phic/h,spread h/r
2.998001e-01,2.154701e-01,2.576322e-01,1.813633e-01,2.153254e-01,1.756998e-01
4.507522e-03,2.612418e-02,7.549268e-05,2.707276e-03,1.827635e-02,4.332342e-05
