# rmse alpha/u,rmse phic/h,rmse h/r,spread alpha/u,spread phic/h,spread h/r
2.998001e-01,2.154701e-01,2.576322e-01,1.813633e-01,2.153254e-01,1.756998e-01
6.010310e-03,3.609946e-02,9.296572e-05,2.967943e-03,2.174419e-02,5.315101e-05
