# rmse alpha/u,rmse phic/h,rmse h/r,spread alpha/u,spread phic/h,spread h/r
2.998001e-01,2.154701e-01,2.576322e-01,1.813633e-01,2.153254e-01,1.756998e-01
4.298749e-03,2.502943e-02,6.469624e-05,2.397248e-03,1.612973e-02,3.442551e-05
