# rmse alpha/u,rmse phic/h,rmse h/r,spread alpha/u,spread phic/h,spread h/r
9.401785e-02,2.310228e-02,7.156125e-02,2.011122e-01,2.284813e-01,1.938860e-01
1.048506e-03,8.380817e-03,2.917576e-05,8.092817e-04,6.335752e-03,2.939381e-05
