# rmse alpha/u,rmse phic/h,rmse h/r,spread alpha/u,spread phic/h,spread h/r
9.401785e-02,2.310228e-02,7.156125e-02,2.011122e-01,2.284813e-01,1.938860e-01
8.244273e-04,7.651676e-03,3.721729e-05,7.719706e-04,6.111212e-03,2.686939e-05
