# rmse alpha/u,rmse phic/h,rmse h/r,spread alpha/u,spread phic/h,spread h/r
2.017699e-01,2.033919e-01,2.005222e-01,1.845160e-01,1.999864e-01,1.808796e-01
1.404615e-03,9.209993e-03,2.908996e-05,1.434297e-03,9.937654e-03,5.218905e-05
