# rmse alpha/u,rmse phic/h,rmse h/r,spread alpha/u,spread phic/h,spread h/r
2.017699e-01,2.033919e-01,2.005222e-01,1.845160e-01,1.999864e-01,1.808796e-01
3.691242e-03,1.790387e-02,5.580296e-05,1.843645e-03,1.351355e-02,5.881346e-05
