# rmse alpha/u,rmse phic/h,rmse h/r,spread alpha/u,spread phic/h,spread h/r
2.017699e-01,2.033919e-01,2.005222e-01,1.845160e-01,1.999864e-01,1.808796e-01
1.313633e-03,8.501336e-03,3.669168e-05,1.136486e-03,8.675535e-03,5.352295e-05
