# rmse alpha/u,rmse phic/h,rmse h/r,spread alpha/u,spread phic/h,spread h/r
2.744117e-01,3.457195e-01,2.517632e-01,1.917143e-01,2.240353e-01,2.348088e-01
4.710072e-03,3.291532e-02,6.784491e-05,3.415932e-03,2.581448e-02,5.402681e-05
