# rmse alpha/u,rmse phic/h,rmse h/r,spread alpha/u,spread phic/h,spread h/r
2.744117e-01,3.457195e-01,2.517632e-01,1.917143e-01,2.240353e-01,2.348088e-01
3.272340e-03,2.265328e-02,6.742608e-05,3.383261e-03,2.550546e-02,5.397138e-05
