# rmse alpha/u,rmse phic/h,rmse h/r,spread alpha/u,spread phic/h,spread h/r
1.269773e-01,1.275772e-01,1.089459e-01,1.011974e-01,9.591742e-02,9.232050e-02
8.547763e-04,6.381603e-03,2.846071e-05,8.397119e-04,6.667840e-03,4.808393e-05
