# rmse alpha/u,rmse phic/h,rmse h/r,spread alpha/u,spread phic/h,spread h/r
1.290088e-01,5.549909e-02,4.865278e-02,2.034704e-01,2.099457e-01,1.760170e-01
2.663767e-03,1.678832e-02,2.902280e-05,2.346325e-03,1.582483e-02,3.564971e-05
