# rmse alpha/u,rmse phic/h,rmse h/r,spread alpha/u,spread phic/h,spread h/r
8.793763e-05,7.514087e-03,6.616092e-04,1.212592e-01,9.184521e-02,7.535689e-02
8.550736e-04,6.585639e-03,2.423257e-05,8.719109e-04,6.886936e-03,4.775997e-05
