# rmse alpha/u,rmse phic/h,rmse h/r,spread alpha/u,spread phic/h,spread h/r
8.793763e-05,7.514087e-03,6.616092e-04,1.212592e-01,9.184521e-02,7.535689e-02
8.685121e-04,6.623781e-03,2.432098e-05,8.695772e-04,6.736825e-03,4.701602e-05
