# rmse alpha/u,rmse phic/h,rmse h/r,spread alpha/u,spread phic/h,spread h/r
8.793763e-05,7.514087e-03,6.616092e-04,1.212592e-01,9.184521e-02,7.535689e-02
9.730879e-04,6.963664e-03,2.473477e-05,9.714357e-04,7.364367e-03,4.772077e-05
