# rmse alpha/u,rmse phic/h,rmse h/r,spread alpha/u,spread phic/h,spread h/r
8.793763e-05,7.514087e-03,6.616092e-04,1.212592e-01,9.184521e-02,7.535689e-02
1.666473e-03,9.074344e-03,3.597684e-05,1.026914e-03,7.605838e-03,4.836956e-05
