# rmse alpha/u,rmse phic/h,rmse h/r,spread alpha/u,spread phic/h,spread h/r
8.793763e-05,7.514087e-03,6.616092e-04,1.212592e-01,9.184521e-02,7.535689e-02
9.872158e-04,6.898068e-03,2.566936e-05,8.985755e-04,7.055274e-03,4.783070e-05
