# rmse alpha/u,rmse phic/h,rmse h/r,spread alpha/u,spread phic/h,spread h/r
8.793763e-05,7.514087e-03,6.616092e-04,1.212592e-01,9.184521e-02,7.535689e-02
1.703288e-03,8.194607e-03,2.976636e-05,9.157522e-04,7.045076e-03,4.742622e-05
