# rmse alpha/u,rmse phic/h,rmse h/r,spread alpha/u,spread phic/h,spread h/r
8.793763e-05,7.514087e-03,6.616092e-04,1.212592e-01,9.184521e-02,7.535689e-02
9.558320e-04,6.877306e-03,2.901321e-05,1.003610e-03,7.364865e-03,4.728457e-05
