# rmse alpha/u,rmse phic/h,rmse h/r,spread alpha/u,spread phic/h,spread h/r
3.121860e-02,3.219076e-02,4.021995e-02,2.007399e-01,2.404529e-01,2.078475e-01
4.172225e-03,3.130545e-02,5.265680e-05,3.009601e-03,2.305190e-02,5.663344e-05
