# rmse alpha/u,rmse phic/h,rmse h/r,spread alpha/u,spread phic/h,spread h/r
3.121860e-02,3.219076e-02,4.021995e-02,2.007399e-01,2.404529e-01,2.078475e-01
3.442650e-03,2.883761e-02,7.400188e-05,2.843579e-03,2.152396e-02,5.967699e-05
