# rmse alpha/u,rmse phic/h,rmse h/r,spread alpha/u,spread phic/h,spread h/r
3.121860e-02,3.219076e-02,4.021995e-02,2.007399e-01,2.404529e-01,2.078475e-01
3.312672e-03,2.049508e-02,4.983442e-05,2.322086e-03,1.604609e-02,5.608219e-05
