# rmse alpha/u,rmse phic/h,rmse h/r,spread alpha/u,spread phic/h,spread h/r
7.824317e-02,4.802834e-05,1.568989e-03,1.470911e-01,1.016105e-01,8.383060e-02
3.896149e-03,1.893592e-02,3.586947e-05,2.800335e-03,1.831548e-02,3.607132e-05
