# rmse alpha/u,rmse phic/h,rmse h/r,spread alpha/u,spread phic/h,spread h/r
7.824317e-02,4.802834e-05,1.568989e-03,1.470911e-01,1.016105e-01,8.383060e-02
3.522146e-03,2.078203e-02,4.204916e-05,2.564808e-03,1.912263e-02,4.469691e-05
