# rmse alpha/u,rmse phic/h,rmse h/r,spread alpha/u,spread phic/h,spread h/r
7.824317e-02,4.802834e-05,1.568989e-03,1.470911e-01,1.016105e-01,8.383060e-02
3.359061e-03,1.929077e-02,4.566060e-05,2.480892e-03,1.772663e-02,4.544162e-05
