# rmse alpha/u,rmse phic/h,rmse h/r,spread alpha/u,spread phic/h,spread h/r
7.824317e-02,4.802834e-05,1.568989e-03,1.470911e-01,1.016105e-01,8.383060e-02
2.527305e-03,2.101949e-02,5.573561e-05,1.847635e-03,1.299376e-02,3.853442e-05
