# rmse alpha/u,rmse phic/h,rmse h/r,spread alpha/u,spread phic/h,spread h/r
7.824317e-02,4.802834e-05,1.568989e-03,1.470911e-01,1.016105e-01,8.383060e-02
3.475521e-03,1.935319e-02,3.913138e-05,2.313996e-03,1.691713e-02,3.678896e-05
