# rmse alpha/u,rmse phic/h,rmse h/r,spread alpha/u,spread phic/h,spread h/r
7.824317e-02,4.802834e-05,1.568989e-03,1.470911e-01,1.016105e-01,8.383060e-02
3.681664e-03,2.155559e-02,5.659408e-05,2.858473e-03,2.027985e-02,4.781861e-05
