# rmse alpha/u,rmse phic/h,rmse h/r,spread alpha/u,spread phic/h,spread h/r
7.824317e-02,4.802834e-05,1.568989e-03,1.470911e-01,1.016105e-01,8.383060e-02
3.763428e-03,1.950433e-02,4.667089e-05,2.066923e-03,1.392796e-02,3.967467e-05
