# rmse alpha/u,rmse phic/h,rmse h/r,spread alpha/u,spread phic/h,spread h/r
3.276349e-02,2.579651e-04,1.189581e-02,1.225334e-01,9.826270e-02,5.362330e-02
1.290007e-03,7.694215e-03,3.956723e-05,9.079381e-04,6.875228e-03,4.392276e-05
