# rmse alpha/u,rmse phic/h,rmse h/r,spread alpha/u,spread phic/h,spread h/r
3.276349e-02,2.579651e-04,1.189581e-02,1.225334e-01,9.826270e-02,5.362330e-02
2.638864e-03,1.291168e-02,3.311160e-05,2.080430e-03,1.384127e-02,4.124008e-05
