# rmse alpha/u,rmse phic/h,rmse h/r,spread alpha/u,spread phic/h,spread h/r
3.276349e-02,2.579651e-04,1.189581e-02,1.225334e-01,9.826270e-02,5.362330e-02
2.739539e-03,1.508466e-02,7.265632e-05,1.389853e-03,1.050553e-02,4.995775e-05
