# rmse alpha/u,rmse phic/h,rmse h/r,spread alpha/u,spread phic/h,spread h/r
3.276349e-02,2.579651e-04,1.189581e-02,1.225334e-01,9.826270e-02,5.362330e-02
1.787246e-03,1.148339e-02,5.079075e-05,1.001983e-03,7.493838e-03,4.611452e-05
