# rmse alpha/u,rmse phic/h,rmse h/r,spread alpha/u,spread phic/h,spread h/r
3.276349e-02,2.579651e-04,1.189581e-02,1.225334e-01,9.826270e-02,5.362330e-02
2.401867e-03,1.365257e-02,6.167097e-05,1.691152e-03,1.189198e-02,5.063694e-05
