# rmse alpha/u,rmse phic/h,rmse h/r,spread alpha/u,spread phic/h,spread h/r
5.715278e-02,2.579862e-02,1.432186e-01,2.007666e-01,2.380345e-01,2.181955e-01
8.781341e-04,6.784766e-03,3.956171e-05,8.402140e-04,6.536382e-03,4.210871e-05
