# rmse alpha/u,rmse phic/h,rmse h/r,spread alpha/u,spread phic/h,spread h/r
5.715278e-02,2.579862e-02,1.432186e-01,2.007666e-01,2.380345e-01,2.181955e-01
8.728477e-04,6.898027e-03,4.477162e-05,8.654038e-04,6.971112e-03,4.002889e-05
