# rmse alpha/u,rmse phic/h,rmse h/r,spread alpha/u,spread phic/h,spread h/r
5.715278e-02,2.579862e-02,1.432186e-01,2.007666e-01,2.380345e-01,2.181955e-01
8.312412e-04,6.205508e-03,3.801589e-05,8.057668e-04,6.328289e-03,3.928895e-05
