# rmse alpha/u,rmse phic/h,rmse h/r,spread alpha/u,spread phic/h,spread h/r
5.715278e-02,2.579862e-02,1.432186e-01,2.007666e-01,2.380345e-01,2.181955e-01
8.276595e-04,6.192770e-03,3.756390e-05,8.098917e-04,6.304733e-03,3.886472e-05
