# rmse alpha/u,rmse phic/h,rmse h/r,spread alpha/u,spread phic/h,spread h/r
5.715278e-02,2.579862e-02,1.432186e-01,2.007666e-01,2.380345e-01,2.181955e-01
8.880497e-04,7.221989e-03,5.154549e-05,8.620052e-04,7.012881e-03,4.026665e-05
