# rmse alpha/u,rmse phic/h,rmse h/r,spread alpha/u,spread phic/h,spread h/r
5.715278e-02,2.579862e-02,1.432186e-01,2.007666e-01,2.380345e-01,2.181955e-01
8.234013e-04,6.519521e-03,4.390296e-05,8.016486e-04,6.418941e-03,3.846361e-05
