# rmse alpha/u,rmse phic/h,rmse h/r,spread alpha/u,spread phic/h,spread h/r
7.884330e-04,6.699557e-03,3.792034e-02,1.521926e-01,9.710924e-02,1.371619e-01
3.340842e-03,1.760412e-02,4.705544e-05,1.906007e-03,1.371208e-02,3.807350e-05
