# rmse alpha/u,rmse phic/h,rmse h/r,spread alpha/u,spread phic/h,spread h/r
1.896627e-01,9.597303e-02,2.173284e-01,1.253986e-01,9.576439e-02,5.586532e-02
4.274625e-03,2.830084e-02,7.033759e-05,3.008345e-03,1.966752e-02,4.443709e-05
