# rmse alpha/u,rmse phic/h,rmse h/r,spread alpha/u,spread phic/h,spread h/r
1.896627e-01,9.597303e-02,2.173284e-01,1.253986e-01,9.576439e-02,5.586532e-02
4.130863e-03,2.261723e-02,5.691986e-05,1.797251e-03,1.261978e-02,3.873248e-05
