# rmse alpha/u,rmse phic/h,rmse h/r,spread alpha/u,spread phic/h,spread h/r
1.896627e-01,9.597303e-02,2.173284e-01,1.253986e-01,9.576439e-02,5.586532e-02
3.454309e-03,2.869369e-02,5.802313e-05,1.622310e-03,1.227764e-02,4.160853e-05
