# rmse alpha/u,rmse phic/h,rmse h/r,spread alpha/u,spread phic/h,spread h/r
4.634440e-02,6.748730e-02,3.441707e-03,1.296108e-01,1.147094e-01,5.970736e-02
3.366462e-03,2.582154e-02,5.861741e-05,3.064491e-03,2.238544e-02,5.965102e-05
