# rmse alpha/u,rmse phic/h,rmse h/r,spread alpha/u,spread phic/h,spread h/r
4.634440e-02,6.748730e-02,3.441707e-03,1.296108e-01,1.147094e-01,5.970736e-02
2.358980e-03,1.369931e-02,4.400317e-05,2.166551e-03,1.380382e-02,4.616548e-05
