# rmse alpha/u,rmse phic/h,rmse h/r,spread alpha/u,spread phic/h,spread h/r
4.634440e-02,6.748730e-02,3.441707e-03,1.296108e-01,1.147094e-01,5.970736e-02
2.550489e-03,1.886000e-02,5.502009e-05,2.327744e-03,1.591647e-02,5.070165e-05
