# rmse alpha/u,rmse phic/h,rmse h/r,spread alpha/u,spread phic/h,spread h/r
4.634440e-02,6.748730e-02,3.441707e-03,1.296108e-01,1.147094e-01,5.970736e-02
4.217154e-03,2.205361e-02,5.201318e-05,2.586688e-03,1.810004e-02,5.101241e-05
