# rmse alpha/u,rmse phic/h,rmse h/r,spread alpha/u,spread phic/h,spread h/r
4.634440e-02,6.748730e-02,3.441707e-03,1.296108e-01,1.147094e-01,5.970736e-02
3.443254e-03,1.667891e-02,5.446174e-05,2.663154e-03,1.760409e-02,5.115441e-05
