# rmse alpha/u,rmse phic/h,rmse h/r,spread alpha/u,spread phic/h,spread h/r
4.148287e-02,4.299643e-03,1.481123e-01,2.007018e-01,2.348895e-01,2.071683e-01
3.238972e-03,1.632471e-02,4.047424e-05,1.502162e-03,1.058791e-02,4.334859e-05
