# rmse alpha/u,rmse phic/h,rmse h/r,spread alpha/u,spread phic/h,spread h/r
4.148287e-02,4.299643e-03,1.481123e-01,2.007018e-01,2.348895e-01,2.071683e-01
1.384398e-03,7.718908e-03,1.535776e-05,1.114921e-03,8.199559e-03,2.621081e-05
