# rmse alpha/u,rmse phic/h,rmse h/r,spread alpha/u,spread phic/h,spread h/r
4.148287e-02,4.299643e-03,1.481123e-01,2.007018e-01,2.348895e-01,2.071683e-01
1.899710e-03,1.910260e-02,5.565214e-05,1.471041e-03,1.103536e-02,4.182953e-05
