# rmse alpha/u,rmse phic/h,rmse h/r,spread alpha/u,spread phic/h,spread h/r
4.148287e-02,4.299643e-03,1.481123e-01,2.007018e-01,2.348895e-01,2.071683e-01
1.347469e-03,1.181042e-02,4.784427e-05,1.446194e-03,9.876357e-03,3.777845e-05
