# rmse alpha/u,rmse phic/h,rmse h/r,spread alpha/u,spread phic/h,spread h/r
4.148287e-02,4.299643e-03,1.481123e-01,2.007018e-01,2.348895e-01,2.071683e-01
1.890187e-03,9.992406e-03,3.936616e-05,1.010113e-03,7.503136e-03,3.551602e-05
