# rmse alpha/u,rmse phic/h,rmse h/r,spread alpha/u,spread phic/h,spread h/r
6.730816e-03,2.778572e-01,6.074450e-04,2.007018e-01,2.348895e-01,2.071683e-01
8.808060e-04,7.123764e-03,6.728095e-05,8.219919e-04,6.243675e-03,2.962694e-05
