# rmse alpha/u,rmse phic/h,rmse h/r,spread alpha/u,spread phic/h,spread h/r
6.730816e-03,2.778572e-01,6.074450e-04,2.007018e-01,2.348895e-01,2.071683e-01
9.107644e-04,7.856309e-03,6.640042e-05,8.580090e-04,6.712100e-03,3.025328e-05
