# rmse alpha/u,rmse phic/h,rmse h/r,spread alpha/u,spread phic/h,spread h/r
6.730816e-03,2.778572e-01,6.074450e-04,2.007018e-01,2.348895e-01,2.071683e-01
8.774785e-04,6.613998e-03,5.300717e-05,8.003820e-04,6.075352e-03,2.614675e-05
