# rmse alpha/u,rmse phic/h,rmse h/r,spread alpha/u,spread phic/h,spread h/r
6.730816e-03,2.778572e-01,6.074450e-04,2.007018e-01,2.348895e-01,2.071683e-01
8.672870e-04,6.647238e-03,5.913097e-05,8.673863e-04,6.871558e-03,2.818171e-05
