# rmse alpha/u,rmse phic/h,rmse h/r,spread alpha/u,spread phic/h,spread h/r
1.037599e-02,5.833025e-04,1.115324e-05,1.821713e-01,2.176989e-01,1.574418e-01
1.023944e-03,6.872563e-03,2.344424e-05,9.866559e-04,7.080258e-03,4.011464e-05
