# rmse alpha/u,rmse phic/h,rmse h/r,spread alpha/u,spread phic/h,spread h/r
1.037599e-02,5.833025e-04,1.115324e-05,1.821713e-01,2.176989e-01,1.574418e-01
1.439391e-03,9.395660e-03,2.356775e-05,1.132349e-03,8.237866e-03,4.044653e-05
