# rmse alpha/u,rmse phic/h,rmse h/r,spread alpha/u,spread phic/h,spread h/r
1.037599e-02,5.833025e-04,1.115324e-05,1.821713e-01,2.176989e-01,1.574418e-01
1.717429e-03,7.626227e-03,2.988090e-05,1.149760e-03,8.227427e-03,4.554930e-05
