# rmse alpha/u,rmse phic/h,rmse h/r,spread alpha/u,spread phic/h,spread h/r
1.037599e-02,5.833025e-04,1.115324e-05,1.821713e-01,2.176989e-01,1.574418e-01
1.393607e-03,7.207803e-03,3.242393e-05,8.953750e-04,6.755533e-03,4.159399e-05
